o 
v 41.42002868652344 258.38870820755585 82.59685687600671
v 42.32267761230469 258.3950153180609 82.23552275716999
v 39.89491271972656 427.8562424631765 86.40038937224458
v 82.73310852050781 401.00046140932375 -40.330286110857855
v 95.14717102050781 416.3324123083642 -31.275683081142947
v 92.15904235839844 375.3107394987501 -3.592542980533976
v 94.58589172363281 436.1060302274473 -0.16992908942315976
v 89.36329650878906 322.77484174709923 -29.24807044635355
v 92.08750915527344 354.53778938500136 -4.931359075746536
v 63.64833068847656 436.3521396786254 -63.17310741270194
v 93.87318420410156 417.3054828859572 -34.438442615433125
v 73.50999450683594 316.29139012694895 -54.50792035248891
v 6.113739013671875 295.924764386229 -91.0366245730524
v 10.185028076171875 312.42136483499246 -90.69787109460249
v 17.550064086914062 261.402018663815 -90.03558354464619
v 9.995101928710938 341.3053789186047 -89.8938941805641
v -3.407348394393921 346.5110281039842 -90.64008604513525
v 8.851425170898438 356.86656475136635 -89.74399531200342
v 8.69476318359375 316.55779282989545 -90.3373565209524
v -5.8737030029296875 316.82157511241155 -90.67186938503423
v -9.059844970703125 331.1734380049926 -96.3832327265794
v -8.898712158203125 316.2367245723534 -90.30035175961024
v -17.310012817382812 261.402018663815 -90.03558354464619
v -5.897491455078125 296.2971112218111 -91.39544576752623
v -12.001358032226562 261.41086576840877 -90.54243382736844
v 12.262786865234375 261.4108300838619 -90.54038946104839
v -5.000823974609375 415.3666345369187 96.97452297640996
v 26.059616088867188 427.64854631336016 91.66154292457276
v -25.770675659179688 427.2423043802885 91.47043343982911
v 0.1216585636138916 418.5674716546681 95.85705835317253
v -9.304428100585938 371.95530601844575 94.09587744429368
v -9.661331176757812 372.2549154693636 93.9418116450017
v -6.169219970703125 405.5876233524681 103.94596972986545
v 12.123519897460938 400.15371250091425 94.78543917885784
v 9.836959838867188 371.5411940005373 94.05663127621196
v 91.04039001464844 429.7802873983488 16.43383995286844
v 95.59840393066406 417.3376537486351 36.4032611613556
v 92.42759704589844 346.41036512495776 8.957691258589866
v 84.46604919433594 390.4475954778668 39.64209982767096
v 86.27705383300781 328.74956851787664 34.5187030643002
v 73.52583312988281 314.3836843763106 57.17832585487664
v 79.78120422363281 428.9326431715036 49.32948366624343
v 91.32527160644531 409.03425014189486 46.92379799246783
v -90.881103515625 427.72303091025253 17.50384225122828
v -92.35919189453125 415.0211138629514 43.848554543033465
v -81.45962524414062 413.2562617802272 46.088297387586486
v -79.42167663574219 427.434280007127 49.23660805212095
v -85.0196533203125 393.74088141590664 39.442831375637894
v -85.15202331542969 317.55378627602005 43.75055806362013
v -86.91424560546875 391.1248130697979 32.80555520148245
v -88.85169982910156 405.418365024105 27.470917117699255
v -91.58596801757812 344.72277216533195 11.613182939524823
v -90.96504211425781 427.73355000126776 16.420334199827586
v 10.503585815429688 309.21679026734733 92.89208292869505
v 8.69476318359375 352.9668037222311 93.7260044202724
v -5.897491455078125 313.23662388723454 93.73693402414415
v -5.8737030029296875 352.70302117341237 94.06053254081931
v -9.661331176757812 312.26405375998013 92.8946672587647
v -8.634628295898438 258.2236107222093 92.05528547684513
v -5.8737030029296875 292.7121594640289 93.0133881545823
v -12.001358032226562 258.2349355060861 91.40648904306491
v -25.827545166015625 258.2814420575295 88.74213049529389
v -10.263519287109375 297.118627053369 92.68090870428287
v -10.263519287109375 309.21679026734733 92.89208292869505
v -10.263519287109375 357.10948876275245 93.7280530905199
v 8.874679565429688 258.2236107222093 92.05528547684513
v 9.9013671875 294.07316019243297 92.57714403044086
v 0.1200258731842041 258.2163326724667 92.47224466734538
v 26.067611694335938 258.2814420575295 88.74213049529389
v 12.262786865234375 258.235007407785 91.40236979749466
v 9.544448852539062 375.15741648823985 -89.35290850766472
v 17.531387329101562 432.67509856464926 -86.9089560161535
v 10.503585815429688 360.30780655108174 -89.5034502858401
v -5.8737030029296875 376.812436821795 -89.6247249987972
v -17.263778686523438 432.9448365300278 -86.77855719245895
v -5.864990234375 377.3100273260932 -89.48232164859125
v -8.7440185546875 432.90320715351015 -88.27903923347932
v 5.432891845703125 432.7991219436442 -88.5550677332185
v -9.982406616210938 374.98993031466523 -89.16169536608687
v -5.929962158203125 356.6417500248541 -102.93974798296794
v -87.70484924316406 327.07163162294955 29.720955687230617
v -87.55552673339844 308.3963843409801 37.84380702150279
v -79.64091491699219 259.0200157758615 46.42927051056562
v -86.91455078125 259.297981385773 30.50463138406381
v -89.88197326660156 312.2248763638912 30.81100912403037
v -88.02999877929688 259.3782268773587 25.907370250078433
v -90.72998046875 259.57246211008027 14.779641220120894
v -91.04252624511719 259.5949471028342 13.49147684797681
v -91.946533203125 344.4662757474499 11.395645373663728
v -89.38381958007812 260.20265042525057 -21.323823176138966
v -91.61833190917969 313.7299790907933 -8.098686845083433
v -91.58634948730469 356.543320984523 -7.64390220426209
v -91.35498046875 327.1730225069586 -10.115814932180186
v -97.87997436523438 347.56072986670813 -2.9056460077770794
v -91.91899108886719 315.1106678128468 7.345944160814043
v -91.61833190917969 295.80375578523757 10.4401884511083
v -91.91899108886719 294.2138570866643 6.981188972795853
v -91.87565612792969 259.90018099930586 -3.9953613692884247
v -91.91899108886719 294.423067063184 -5.004442554789177
v -91.71136474609375 259.9201238675504 -5.137887525826386
v -82.78460693359375 325.27731835634467 -31.120252562642193
v -90.55891418457031 321.20144791748027 -27.649630376859488
v -82.54313659667969 310.2398445188658 -31.989499252661005
v -87.62614440917969 260.2912815190443 -26.40149513887159
v -83.65707397460938 260.4914235928365 -37.86762686712904
v -80.81361389160156 321.61846381079476 -43.39714459122238
v -74.90242004394531 260.75606338793364 -53.0288305742188
v 91.77738952636719 354.73008384097375 11.06298885011733
v 91.85838317871094 373.3918820060993 11.794494231952182
v 87.97691345214844 327.3367746117443 29.201822363290344
v 91.28248596191406 328.40882333881 14.692597003411288
v 89.50022888183594 313.5426722902762 24.010706490109886
v 91.28257751464844 259.5949471028342 13.49147684797681
v 88.29933166503906 306.4253375045013 28.221911089567502
v 91.04277038574219 313.4576256715484 29.827277303314904
v 88.27006530761719 259.3782268773587 25.907370250078433
v 87.15458679199219 259.297981385773 30.50463138406381
v 79.88096618652344 259.0200157758615 46.42927051056562
v 81.92039489746094 309.36249760747927 36.576447898351766
v 80.90626525878906 309.1250690758875 45.48018493959934
v 81.64884948730469 324.04791831798514 44.61558443966519
v 84.70243835449219 328.47928251419347 38.3698275949821
v 91.66429138183594 313.57774342198695 -8.779425919332933
v 98.12004089355469 321.29212499266373 -0.18034718820144846
v 89.62385559082031 260.20265042525057 -21.323823176138966
v 91.81999206542969 294.7259766524173 -7.580557319413282
v 92.11570739746094 259.90018099930586 -3.9953613692884247
v 91.66429138183594 295.95599118774135 11.120942781822876
v 81.19914245605469 310.9189979917665 -42.6650023015097
v 79.94090270996094 317.6169039831587 -44.557978552852376
v 75.14247131347656 260.75606338793364 -53.0288305742188
v 86.56013488769531 305.2349899324585 -32.03304465784018
v 83.89714050292969 260.4914235928365 -37.86762686712904
v 86.12791442871094 304.37020624151546 -31.78139051212611
v 90.80705261230469 313.43764686788734 -27.771184109505246
v -91.78530883789062 375.81051102124763 -3.5750900792924236
v -91.97996520996094 427.86061986341065 3.3193600054007506
v -92.0517578125 373.81882253551004 10.916939279202733
v -91.91899108886719 354.2047187960478 8.028333359032864
v -69.48451232910156 258.7710979529818 60.68976303255646
v -69.48451232910156 293.7657844469787 61.300597557451795
v -73.46014404296875 293.8516473253654 56.38151654917398
v -73.55194091796875 313.83482599136664 58.039086793560614
v -63.52870178222656 314.15026546198914 68.09757656483858
v -67.42437744140625 258.73681575555906 62.65378880752385
v -65.35498046875 258.702379102635 64.62666333223476
v -56.812408447265625 293.55491007928117 73.3815819917557
v -56.812408447265625 258.56022358528423 72.77074746686036
v -55.27284240722656 293.5342348789183 74.56606342724996
v -42.0826416015625 258.3950153180609 82.23552275716999
v -55.711151123046875 314.07696557660574 74.75023412140018
v -56.28904724121094 429.7353190572416 79.22545648217489
v -63.52870178222656 316.48026185113974 -65.38782716940786
v -73.64776611328125 315.8065880808134 -55.442426965035665
v -73.46014404296875 295.7851244863515 -54.38731581767189
v -69.05184936523438 260.8739006855115 -59.77972483112389
v -65.35498046875 260.9483599544551 -64.04549349195928
v -63.436248779296875 295.9816917474841 -65.64864666582042
v -63.436248779296875 260.98700525348715 -66.25948119071576
v 69.29191589355469 260.8739006855115 -59.77972483112389
v 65.59501647949219 260.9483599544551 -64.04549349195928
v 73.70018005371094 295.7851244863515 -54.38731581767189
v 63.67628479003906 295.9816917474841 -65.64864666582042
v 69.72456359863281 293.7657844469787 61.300597557451795
v 69.72456359863281 258.7710979529818 60.68976303255646
v 73.70018005371094 293.8516473253654 56.38151654917398
v 55.51289367675781 314.5310059642724 74.93256342982772
v 55.51289367675781 293.5342348789183 74.56606342724996
v 57.05244445800781 293.55491007928117 73.3815819917557
v 57.05244445800781 258.56022358528423 72.77074746686036
v 65.59501647949219 258.702379102635 64.62666333223476
v -49.52906799316406 441.428349485647 -73.70661829794346
v -74.90242004394531 441.7284828618335 -49.86994524208525
v -63.436248779296875 441.95942472738705 -63.10059585858221
v 83.89714050292969 441.46384306673633 -34.70874153499549
v 89.62385559082031 441.17506989915046 -18.164937844005415
v 91.28257751464844 440.5673665767341 16.65036218011036
v 77.09172058105469 437.2482304465119 54.065328305099285
v 57.05244445800781 439.5326430591841 75.92963279899391
v 68.34077453613281 436.9395386003842 65.36082506676394
v 25.987716674804688 436.0887112649693 91.57900366171705
v 42.32267761230469 439.3674347919608 85.39440808930354
v -8.634628295898438 439.1960301961092 95.21417080897868
v -25.827545166015625 439.2538615314294 91.90101582742744
v -70.45904541015625 435.76313586358515 62.63559427424898
v -56.812408447265625 439.5326430591841 75.92963279899391
v -79.64091491699219 439.9924352497614 49.58815584269917
v -86.91455078125 440.2704008596729 33.663516716197364
v -90.77413940429688 436.1705133245585 16.531707803706432
v -89.89361572265625 438.5466826327438 -25.38694304256157
v 63.31181335449219 428.35734846049604 70.33979424009809
v 63.76875305175781 314.15026546198914 68.09757656483858
v 69.53514099121094 428.5498273210072 63.48139111794989
v 72.94651794433594 428.6553422544806 59.721887311736694
v 63.67628479003906 316.97846283283815 -65.28214666324266
v 46.17002868652344 432.2521832804042 -76.37707415755706
v 56.00315856933594 316.5847541956194 -72.01942932315569
v 19.593704223632812 432.65393254222573 -86.62836837268172
v 34.35014343261719 261.3159270315048 -85.10339723286894
v -22.848541259765625 432.97210867618287 -85.79499075211884
v -36.40766906738281 433.0035116146046 -81.15040949738848
v -55.75129699707031 316.5971323950619 -72.02388316158235
v -48.96089172363281 432.99719273501194 -74.535346011068
v -60.412445068359375 432.9595517537832 -66.01567764005131
v -63.27342224121094 432.94076880885655 -63.09830953143267
v -74.67784118652344 432.8468482626878 -49.864565187692705
v -93.63314819335938 403.60755725714256 -34.67754079666598
v -83.46894836425781 432.71874370063813 -34.76684521469673
v -85.29911804199219 397.0025520401899 -34.7442554676142
v -61.560302734375 261.0127521866472 -67.73452200356375
v -55.27284240722656 296.10253666649595 -72.57184743928278
v -49.673004150390625 261.1759022011644 -77.08138007530856
v -41.17997741699219 261.25231693001507 -81.4591769591898
v -34.11009216308594 261.3159270315048 -85.10339723286894
v -35.081268310546875 261.3071888446697 -84.60278684436237
v -35.1082763671875 261.3069459767091 -84.58887294821396
v -35.1082763671875 258.34628567260904 85.02724227538727
v -41.17997741699219 258.38870820755585 82.59685687600671
v 35.36967468261719 258.3464353346638 85.0186681420151
v 63.67628479003906 260.98700525348715 -66.25948119071576
v 61.80036926269531 261.0127521866472 -67.73452200356375
v 55.51289367675781 296.10253666649595 -72.57184743928278
v 49.91304016113281 261.1759022011644 -77.08138007530856
v 47.89906311035156 439.54816051101363 75.04063857907259
v 48.73243713378906 437.32677736138237 76.24927707938069
v 60.93119812011719 439.7348173213167 64.34707707869086
v 72.87361145019531 439.9477155886866 52.15014350981683
v 79.57365417480469 440.22174681086835 36.45090530539147
v 85.93873596191406 440.49819928947227 20.612953413445915
v 86.12004089355469 440.79611890656633 3.545149981077929
v 84.46754455566406 441.0889313975847 -13.230066394374957
v 71.62641906738281 441.6299780669675 -44.226609323766176
v 47.89906311035156 442.04407726050914 -67.95033623309406
v 33.60481262207031 440.0073456626898 -77.32037805115283
v 0.1200258731842041 442.2970258393678 -82.44175061046039
v -79.33360290527344 441.37049122695703 -29.360618215878013
v -48.49238586425781 442.06584403518207 -69.19735391893083
v -61.75181579589844 441.8759314094325 -58.317266876541915
v -72.63357543945312 441.6445221828362 -45.05984116383829
v -84.22750854492188 441.0889313975847 -13.230066394374957
v -85.69868469238281 441.0940385486262 -13.522654881583657
v -87.37997436523438 440.79611890656633 3.545149981077929
v -79.33360290527344 440.22174681086835 36.45090530539147
v -85.69868469238281 438.2985831808164 20.574558971452173
v -32.79075622558594 439.4094616012611 82.98669379702447
v -60.691162109375 439.7348173213167 64.34707707869086
v -16.95037841796875 439.2983761395111 89.35077563841755
v 16.897781372070312 439.3240514372749 87.87983881467474
v 0.1200258731842041 439.2690333224991 91.0318244991735
v 33.60481262207031 439.3852760001772 84.37228595513761
v -16.742263793945312 429.6457681529332 90.85368587929021
v -8.349472045898438 429.6247084116327 92.0601976503528
v -8.337493896484375 272.7765952314083 89.14732815795298
v -12.012435913085938 275.8620340100543 -87.61734108473367
v -0.0289151668548584 330.2510234422497 -87.49662567842442
v -16.701904296875 275.8450268615449 -86.64300219918272
v 1.7260286808013916 330.5836773292661 -87.47519180310225
v -6.2283782958984375 335.41336146819054 -87.18140004917797
v -16.742263793945312 432.69958456441 -84.09933916159834
v -6.1990814208984375 335.8194940064068 -87.17637122966347
v -6.0836639404296875 337.4198868337077 -87.15658570351002
v -8.3131103515625 434.6316153980351 -84.89171476762549
v 0.1200258731842041 432.72768587875464 -85.70926238217456
v -0.0963895320892334 342.4240235347423 -87.28524397160385
v 0.0403749942779541 342.39617683496164 -87.28464649850488
v 0.1200106143951416 342.37996355064587 -87.28430379678574
v 1.6422884464263916 342.07007744350824 -87.27765659931703
v 16.982315063476562 432.69958456441 -84.09933916159834
v 16.941970825195312 275.8450268615449 -86.64300219918272
v 12.252471923828125 275.8620340100543 -87.61734108473367
v 0.1200106143951416 330.2792552472434 -87.49480517356906
v -84.06427001953125 310.49410888428383 30.45280661601962
v -87.11636352539062 274.00513165906233 18.764523355662746
v -84.07725524902344 310.51766428624916 30.416530060467142
v -78.99053955078125 273.6061027620164 41.62487355698842
v -82.29008483886719 309.1689744379775 35.12579751030898
v -76.88510131835938 273.54567763948455 45.086626508370344
v -79.815673828125 320.16914471997677 40.80411542108363
v -83.50581359863281 412.25666141106177 37.38703159355549
v -82.38638305664062 324.12054039006995 35.15151274054537
v -83.43826293945312 405.1616416872892 33.86041520028317
v -83.08697509765625 324.050017574074 33.377609964020166
v -84.07481384277344 322.88823240583224 30.63154346338916
v -72.45869445800781 430.2706823286952 55.05237672737016
v -85.00462341308594 435.58330963335015 15.695099356551037
v -88.07305908203125 430.9513751960694 16.05550847316803
v -84.18017578125 322.76432731439814 30.338656481627226
v -84.70787048339844 320.7985260026821 28.71343326418288
v -84.77491760253906 313.1747736488266 28.37082508481289
v -87.86898803710938 274.1006964567078 13.289619765300941
v -84.16889953613281 310.68374461287317 30.16072260892722
v -80.77540588378906 323.9195990399447 -35.84681634803789
v -84.07557678222656 413.4302960648834 -29.850452692415644
v -81.67730712890625 406.3180324163125 -32.38916529562718
v -80.05732727050781 313.917432321121 -37.53933620115232
v -81.68034362792969 310.5953387831879 -34.052975754818014
v -78.88917541503906 274.4620637088193 -40.30371151723692
v -86.32147216796875 274.6873970265775 -20.3224333712783
v -82.05380249023438 310.4414827150605 -33.159803443435734
v -84.8756103515625 321.3225681058325 -25.275466098612068
v -85.17633056640625 316.2240990772073 -24.38858830992307
v -85.10690307617188 319.5322464842834 -24.55971529986008
v -85.17869567871094 316.1114005309585 -24.382741780302315
v -86.4683837890625 431.53928371448035 -17.625747988991492
v -67.21726989746094 432.19099082668197 -54.962023441516074
v -80.05867004394531 321.95247606848216 -37.396321729314934
v -79.97776794433594 321.4706561051223 -37.56965878061601
v -79.79371643066406 320.3744974367778 -37.96404781883431
v -79.68597412109375 319.7328598055396 -38.19490085057159
v -72.43977355957031 275.2232332195145 -51.02046830501171
v 80.37620544433594 315.5211289727432 -38.15122679588899
v 65.23750305175781 275.38288455062445 -60.16688693860093
v 79.95875549316406 273.5545354395806 -36.60913324130192
v 80.57481384277344 323.05808764984033 -36.802076020995
v 84.47114562988281 410.3017572903441 -25.69163790890057
v 86.56153869628906 274.6873970265775 -20.3224333712783
v 88.31312561035156 431.39397728825907 -9.301148406069206
v 80.94923400878906 410.4551491458245 -34.47945142384336
v 72.38722229003906 433.98841395722104 -48.04272890253886
v 81.16764831542969 324.14428219291017 -35.509851211199326
v 81.20191955566406 324.2070455211213 -35.43521236773646
v 82.62641906738281 325.29466211132586 -32.11387562004798
v 84.94795227050781 321.7499854721623 -25.795643235560892
v 85.12925720214844 320.15256968082883 -25.249815195719773
v 85.20298767089844 319.5030284550678 -25.02787160049559
v 83.79154968261719 310.63373970761074 -29.35641699408006
v 87.35639953613281 274.00513165906233 18.764523355662746
v 84.27406311035156 273.8131370796762 29.76388544200815
v 84.31654357910156 310.61100760041955 30.417915196262136
v 84.68217468261719 311.35709445792435 29.35991325210993
v 84.71073913574219 311.4154325609346 29.27714803489786
v 88.10905456542969 274.1006964567078 13.289619765300941
v 85.41874694824219 315.21268575105637 27.10459347728813
v 85.41636657714844 315.32511160345456 27.114369567904195
v 88.31312561035156 430.9513751960694 16.05550847316803
v 85.34696960449219 318.6252712643899 27.400860247892354
v 85.28831481933594 320.3329889639771 29.257942723531087
v 77.28291320800781 430.3951718649327 47.92037597289111
v 84.31562805175781 412.2814765514648 35.965373152005
v 80.29872131347656 320.5960358723918 40.31408505912303
v 79.89219665527344 317.9644954706044 41.09603623048827
v 77.12516784667969 273.54567763948455 45.086626508370344
v 79.87171936035156 316.4287319636275 41.11043438495037
v 79.86039733886719 315.5821511264551 41.118365798215684
v 84.07548522949219 273.8007667918371 30.472578757672895
v 89.19548034667969 343.9010875230516 3.9452544201666373
v 89.10575866699219 342.9179268031402 6.061612439411853
v 89.05635070800781 342.3769203358831 7.226191329454864
v 88.96513366699219 340.8644084068589 8.536679130831997
v 88.95481872558594 340.6291481695313 8.657042289037362
v 88.90937805175781 339.58980185535535 9.188819392039902
v 88.88209533691406 330.9055288541828 9.381021944601757
v 89.18458557128906 326.3813716372557 4.06173691085796
v 89.01231384277344 274.21539085113665 6.718782309211211
v 89.12391662597656 327.29595607443395 -2.5734582081345234
v 89.01231384277344 274.3954984818817 -3.5995769455806075
v 89.11814880371094 327.3516030799639 -2.675163657021984
v 89.09092712402344 327.612693685911 -3.1527353982018917
v 89.01231384277344 274.42762549245606 -5.440132148695875
v 89.09721374511719 343.0106215193242 -2.8387754113204395
v 89.11491394042969 343.18585913618506 -2.3986688616767937
v 89.18391418457031 343.86894567514423 -0.68322399652215
v -88.72508239746094 341.0994859516112 -4.930904388279999
v -88.66932678222656 339.8484146902705 -5.627099997472051
v -88.62442016601562 338.8413793183237 -6.187515669054329
v -88.84455871582031 327.70783336649737 -3.3399462683877905
v -88.77226257324219 274.3954984818817 -3.5995769455806075
v -88.77226257324219 274.42762549245606 -5.440132148695875
v -87.11636352539062 274.637884185213 -17.485844589275395
v -88.87384033203125 327.3416224224764 -2.6751699977990113
v -88.9342041015625 326.5864426643554 -1.3043215733565061
v -88.85087585449219 327.44788886710916 6.288926347519083
v -88.77226257324219 274.21539085113665 6.718782309211211
v -88.52793884277344 337.4752198376136 10.706741981449518
v -88.9554443359375 343.974076801707 -0.23629855345464446
v -88.87905883789062 431.2466666854009 -0.8617296205214027
v 24.158920288085938 275.81885357794073 -85.14353578574962
v 33.09300231933594 434.5277161116346 -78.93932863628177
v 33.18867492675781 275.7628456164437 -81.93484182056703
v 40.94798278808594 432.5548238088363 -75.80600102914383
v 35.61753845214844 275.7477803464094 -81.0717530783431
v 46.41496276855469 275.65013837193 -75.47784810686709
v 48.21986389160156 275.62790343730654 -74.20400955542844
v 54.96159362792969 434.3073651000242 -66.31542763581828
v 56.34996032714844 275.52774650118175 -68.46602252778395
v 61.34214782714844 434.2108743516347 -60.78747636286157
v 61.46754455566406 275.44433280770113 -63.687255228801085
v 72.69874572753906 430.2706823286952 55.05237672737016
v 72.91203308105469 273.4247650796152 52.013702423961746
v 67.45732116699219 430.1543618906612 61.71637015920795
v 67.32948303222656 273.3050082729798 58.87456528112757
v 61.60606384277344 430.04726297866046 67.852062718428
v 65.23750305175781 273.2601314933778 61.44555426263948
v 56.34996032714844 273.1152698091231 69.74467459535742
v 55.19798278808594 429.9503565319304 73.40382933336682
v 55.14695739746094 273.10045007007534 70.59369687678218
v 48.29112243652344 429.86451921859225 78.32144572099743
v 46.41496276855469 272.99287767207227 76.75651543090562
v 40.94798278808594 429.7905291748095 82.56033249037063
v 40.85255432128906 272.94257630874336 79.63827860599565
v 33.23515319824219 429.7290553526843 86.08216540121798
v 35.61753845214844 272.89523569759285 82.35042040238163
v 25.222396850585938 429.68065592244216 88.85496690274223
v 8.577545166015625 272.7765952314083 89.14732815795298
v 8.589523315429688 429.6247084116327 92.0601976503528
v 12.252471923828125 272.78098176764536 88.89602366523728
v 24.158920288085938 272.8241627323641 86.42218785332308
v 25.199417114257812 272.83061630929285 86.0524626786951
v -6.1361236572265625 405.8127573305387 91.82793603682711
v -5.7455596923828125 404.8605293207431 91.83817439468069
v -5.3414459228515625 404.4059134778717 91.85493152711362
v -4.8854522705078125 403.89296201487014 91.87387524132441
v -4.053558349609375 403.43112680400736 91.9072935839647
v -3.754821538925171 403.26530320108174 91.9193244911181
v -2.479980230331421 403.0473031370101 91.9618825483667
v 0.1200258731842041 272.7664986350694 89.72576177480722
v 2.7200167179107666 403.0473031370101 91.9618825483667
v 3.9948580265045166 403.26530320108174 91.9193244911181
v 4.2935943603515625 403.43112680400736 91.9072935839647
v 5.125518798828125 403.89296201487014 91.87387524132441
v 5.5814971923828125 404.4059134778717 91.85493152711362
v 5.9856109619140625 404.8605293207431 91.83817439468069
v 6.376190185546875 405.8127573305387 91.82793603682711
v 6.4767913818359375 406.05804962566947 91.8252890842796
v -6.3038482666015625 407.3477627700787 91.84297859911837
v -6.23675537109375 406.05804962566947 91.8252890842796
v -12.012435913085938 272.78098176764536 88.89602366523728
v -23.918869018554688 272.8241627323641 86.42218785332308
v -24.982345581054688 429.68065592244216 88.85496690274223
v -24.959365844726562 272.83061630929285 86.0524626786951
v -32.99510192871094 429.7290553526843 86.08216540121798
v -35.37750244140625 272.89523569759285 82.35042040238163
v -40.61248779296875 272.94257630874336 79.63827860599565
v -54.95794677734375 429.9503565319304 73.40382933336682
v -46.17491149902344 272.99287767207227 76.75651543090562
v -54.90690612792969 273.10045007007534 70.59369687678218
v -56.10990905761719 273.1152698091231 69.74467459535742
v -61.36601257324219 430.04726297866046 67.852062718428
v -64.99745178222656 273.2601314933778 61.44555426263948
v -67.21726989746094 430.1543618906612 61.71637015920795
v -67.08943176269531 273.3050082729798 58.87456528112757
v -72.67198181152344 273.4247650796152 52.013702423961746
v -64.99745178222656 275.38288455062445 -60.16688693860093
v -61.36601257324219 432.2980894723802 -61.09770074427105
v -61.22749328613281 275.44433280770113 -63.687255228801085
v -54.95794677734375 432.3949961854128 -66.64948261567494
v -56.10990905761719 275.52774650118175 -68.46602252778395
v -47.84429931640625 434.3928338505799 -71.21192907578506
v -47.97981262207031 275.62790343730654 -74.20400955542844
v -46.17491149902344 275.65013837193 -75.47784810686709
v -32.99510192871094 432.6162970983563 -79.32780342706103
v -35.37750244140625 275.7477803464094 -81.0717530783431
v -32.9486083984375 275.7628456164437 -81.93484182056703
v -24.982345581054688 432.6646967949011 -82.10062018505036
v -23.918869018554688 275.81885357794073 -85.14353578574962
v -79.73960876464844 274.96000670568486 21.358457071038952
v -79.56884765625 278.1936288442795 -20.648909931048493
v -58.216278076171875 276.8028662057877 59.02782826564132
v -21.232559204101562 276.4302124829958 80.37714574594891
v 72.07771301269531 272.0183396647671 51.399463755098694
v 58.45631408691406 276.8028662057877 59.02782826564132
v 40.15742492675781 271.56283160346885 72.73576708358785
v 15.417098999023438 271.3907273111789 87.35535141115884
v 23.945816040039062 272.232805714995 79.5932002092863
v 79.80891418457031 278.1936288442795 -20.648909931048493
v 21.472610473632812 279.2117376934038 -78.97632683331445
v 55.78010559082031 274.0559689205642 -60.26961978236631
v 20.010421752929688 265.45363570023915 -35.65825130256531
v 7.4700775146484375 260.82500859548065 -56.97869886921086
v 34.74873352050781 265.8456131377574 -58.11462365811144
v 21.871566772460938 268.8102175127058 -56.06150336223414
v 43.03370666503906 265.91069530527824 -50.32853425834838
v 12.907073974609375 265.89384000392226 -60.87753897026708
v 20.915939331054688 260.57685452842463 -42.76196188905517
v -23.990386962890625 268.1784293009604 -41.80802961223493
v -28.999359130859375 260.595809414066 -43.84788656016482
v -34.67185974121094 265.52909493540244 -39.98130798975738
v -3.3412015438079834 266.48172785591566 -48.47105645941381
v -6.2603607177734375 268.86080381980435 -58.95959095495444
v -16.353775024414062 260.6910900834935 -49.306512455820645
v -23.511215209960938 268.8138299073182 -56.268457310976764
v -35.694000244140625 265.99315670070246 -55.05274443822298
v -69.89312744140625 413.5620286852033 -40.57639553059848
v -64.85722351074219 413.68760873054055 -47.77087150955973
v -65.92561340332031 413.70625497148194 -48.839113937647426
v -76.00860595703125 410.24945641133024 -32.49282474375144
v -68.68873596191406 413.64127820510816 -45.11659748520329
v 77.54954528808594 406.19847563620885 -25.53976195079083
v 77.48457336425781 406.2015474365667 -25.715745275431164
v -80.21047973632812 389.44592783738597 27.208812847607163
v -78.78082275390625 391.96143324244144 31.518232876421784
v -73.9488525390625 392.1693701334349 39.034422109149716
v 61.55162048339844 388.8746427088105 59.937715943917894
v 65.35902404785156 391.9221353429142 53.19849377186644
v 64.76594543457031 264.1505680805524 50.509086911449344
v 16.603713989257812 390.0531201291808 83.50825983758686
v 21.472610473632812 381.4142204744169 82.20964842186368
v 21.472610473632812 276.4302124829958 80.37714574594891
v 8.390533447265625 263.6044666884502 81.79521471148762
v -16.185150146484375 263.43824572716096 79.80336292610065
v -8.226364135742188 391.37102373391275 84.7716567058261
v 0.1200258731842041 264.8829011557673 82.98714159940292
v 8.466415405273438 391.37102373391275 84.7716567058261
v 11.6558837890625 391.3777814283975 84.38450864808244
v -18.778900146484375 388.446077159756 84.490219805516
v -31.822799682617188 263.5238726614542 74.89779914587929
v -65.11897277832031 265.4413999985726 50.99076432426225
v -61.64459228515625 390.5093779518041 57.36926668576776
v -58.216278076171875 381.7868741972088 60.86033094155609
v -39.18943786621094 263.5869373752429 71.28482411267379
v -73.9488525390625 265.6886347890932 36.82669266154553
v -69.89312744140625 265.56110940334725 44.13261711787978
v -65.11897277832031 391.9221353429142 53.19849377186644
v -64.85722351074219 391.9162649686542 53.53480728798014
v -79.56884765625 277.4483213986957 22.04972502956668
v -81.52505493164062 265.0961436109845 -3.662898945990969
v -77.24452209472656 266.8227829272937 -28.148610659555274
v -79.56884765625 403.6706394442775 -18.45870056402688
v -77.30947875976562 406.19847563620885 -25.53976195079083
v -77.24452209472656 406.2015474365667 -25.715745275431164
v -73.9488525390625 266.9568145845931 -35.82727916354424
v -75.54853820800781 406.2751718136077 -29.93368301119823
v -69.89312744140625 267.0843394377339 -43.13317310694834
v -74.57339477539062 410.41223954344343 -32.021161949840604
v -65.11897277832031 267.20404910881115 -49.991335569795886
v -63.21783447265625 413.3808703097858 -49.805083847876666
v -61.64459228515625 412.41539945435727 -51.652094707091194
v -59.675384521484375 409.91106840388125 -53.842375135130666
v -59.675384521484375 267.3147154102869 -56.33140373516089
v -59.26255798339844 408.7225038490453 -54.288357270495496
v -58.216278076171875 278.8390839706119 -57.62700935300687
v -46.58116149902344 266.19489209616927 -66.61015750408241
v -23.637557983398438 274.8703266132418 -78.3683475206464
v -16.487091064453125 267.7330749126387 -80.29920357275893
v -16.487091064453125 412.7973747226283 -77.76709680080913
v -19.935623168945312 409.19780630757396 -77.0437054608607
v -21.232559204101562 404.1926995879527 -76.79477602865401
v -21.232559204101562 279.2117376934038 -78.97632683331445
v -1.3297574520111084 330.7936198835695 -80.87477362329024
v -5.289031982421875 334.74936958786185 -80.64092099171235
v -8.226364135742188 267.7551607178126 -81.56449850375556
v 0.1200258731842041 330.60298386814236 -80.89084421700952
v -5.4799652099609375 336.1988162703261 -80.60286251495421
v -5.288726806640625 337.64977669587876 -80.59032471955045
v -2.6799771785736084 341.05030007246177 -80.66093200497066
v -1.328094244003296 341.6105762060832 -80.68599347058188
v -16.355865478515625 412.8540743727416 -77.7909674584701
v 0.1200258731842041 341.80129025906604 -80.69537705186987
v 1.5749666690826416 341.6087738127836 -80.68590284256672
v 16.726852416992188 412.77394520754956 -77.76601017540247
v 16.603713989257812 412.8716570106779 -77.79107260244523
v 14.23236083984375 413.8768740600392 -78.22111966860729
v 11.6558837890625 414.2260920044947 -78.62055761319697
v 0.1200258731842041 414.24023746538853 -79.43095052505178
v 4.9697723388671875 338.99920847566796 -80.60159616100594
v 5.529510498046875 337.6470294669549 -80.59031162815609
v 5.72003173828125 336.1988162703261 -80.60286251495421
v 5.529571533203125 334.75119983106566 -80.64085852247159
v 1.570801019668579 330.7938942336383 -80.87475357337857
v 16.686691284179688 266.9797383151126 -80.11546948795667
v 0.1200258731842041 267.76254821791906 -81.98772810140164
v 20.175674438476562 409.19780630757396 -77.0437054608607
v 21.472610473632812 404.1926995879527 -76.79477602865401
v 39.79344177246094 266.2713409117513 -70.98990721549325
v 59.91542053222656 267.3147154102869 -56.33140373516089
v 58.45631408691406 278.8390839706119 -57.62700935300687
v 58.45631408691406 403.8200458651608 -55.44545854834643
v 59.91542053222656 409.91106840388125 -53.842375135130666
v 61.88462829589844 412.41539945435727 -51.652094707091194
v 65.20011901855469 266.4520014158132 -49.881442775956714
v 63.46546936035156 413.3838549578537 -49.795966649288886
v 76.24867248535156 410.24945641133024 -32.49282474375144
v 70.13316345214844 413.5620286852033 -40.57639553059848
v 75.78858947753906 406.2751718136077 -29.93368301119823
v 81.00239562988281 407.72220506593067 -19.70106168143272
v 79.79182434082031 265.9328397594526 -20.138691402895567
v 74.00849914550781 266.2053690017476 -35.75188123723968
v 70.13316345214844 267.0843394377339 -43.13317310694834
v 65.09727478027344 413.68760873054055 -47.77087150955973
v 81.01606750488281 264.76657956996246 3.7031680391639825
v 79.80891418457031 277.4483213986957 22.04972502956668
v 78.36833190917969 391.00765462793777 28.823015028563717
v 79.80891418457031 382.4323293901168 23.882227705481448
v 74.18891906738281 265.6886347890932 36.82669266154553
v 70.13316345214844 265.56110940334725 44.13261711787978
v 74.18891906738281 392.1693701334349 39.034422109149716
v 76.63316345214844 392.26497652421585 33.557135649649
v -81.01774597167969 382.42555411966123 24.270382689920062
v -81.01774597167969 277.44154612824013 22.437880014005295
v -61.31306457519531 388.8768673352505 59.93616761912283
v -64.28263854980469 391.5200728028425 56.62189933730003
v -59.276947021484375 276.7843549802587 60.088335665935986
v -65.92561340332031 391.8976189940155 54.60303445960276
v -73.08151245117188 274.85166938045586 42.917957316418516
v -68.68873596191406 391.96259576038926 50.88051800715863
v -76.00982666015625 392.18390066787157 38.20196834879642
v -77.8525390625 392.25815172147884 33.948128336591566
v 59.51698303222656 381.7683629716798 61.92083834185076
v 59.51698303222656 276.7843549802587 60.088335665935986
v 79.05421447753906 277.3195726188584 29.42573768645557
v 81.25779724121094 277.44154612824013 22.437880014005295
v 81.25779724121094 382.42555411966123 24.270382689920062
v 80.44990539550781 389.4480874859944 27.210987100290406
v 79.02494812011719 391.95845323338506 31.50710129183892
v 78.09260559082031 392.25815172147884 33.948128336591566
v 76.24989318847656 392.18390066787157 38.20196834879642
v 68.92878723144531 276.98011081740424 48.87349126687102
v 68.92878723144531 391.96259576038926 50.88051800715863
v 66.16566467285156 391.8976189940155 54.60303445960276
v 64.53028869628906 391.52340433131565 56.61289238798387
v -21.620773315429688 381.3889334458271 83.65834131952711
v -21.620773315429688 276.40492545440605 81.82583864361234
v -7.2010498046875 276.360551454091 84.36802341906262
v 19.016799926757812 388.4482650364388 84.49077687290128
v 14.622268676757812 391.0172684833875 85.4275395066514
v 22.075210571289062 275.09145997377664 81.92652703693929
v 12.046951293945312 391.3523106510217 85.84372850664764
v 7.4869384765625 274.1196935750555 84.85282312244813
v 7.4411163330078125 391.34303639707605 86.37505015935022
v -7.2010498046875 391.34303639707605 86.37505015935022
v -11.806915283203125 391.3523106510217 85.84372850664764
v -14.370574951171875 391.0204066761815 85.4296087509797
v 72.95201110839844 297.72192129597636 63.84842326654569
v 72.95201110839844 313.7194844184786 64.12766176954223
v 62.91111755371094 297.5466830080612 73.8878180574408
v 62.91111755371094 313.5442461305635 74.16705656043733
v 75.85115051269531 297.5972794346582 70.98915071904764
v 31.325698852539062 260.74316928290307 -52.290127791751495
v -35.1082763671875 260.82500859548065 -56.97869886921086
v -12.001358032226562 261.0127521866472 -67.73452200356375
v 6.0663604736328125 260.8739006855115 -59.77972483112389
v -20.440383911132812 260.57912502429383 -42.89203851028478
v 0.1200258731842041 260.64795439021486 -46.835270242969194
v -89.45881652832031 441.0208969282463 -9.332374256410397
v -73.59909057617188 437.6803361233714 55.99390917081221
v -33.51542663574219 439.32981475789427 87.5496583975212
v -17.0072021484375 439.2452184146183 92.39617965790222
v 33.75547790527344 437.1301986492384 87.51126395552745
v 62.57218933105469 439.65302248127136 69.0331003264827
v 82.44169616699219 440.13999457923717 41.1344875187713
v 90.51750183105469 438.52134980656297 7.81226752982226
v 85.64259338378906 439.1130880224985 -26.088392156581097
v 49.91304016113281 442.1483216750642 -73.92249474317501
v 56.06340026855469 439.83802861282913 -67.62021076120075
v 34.35014343261719 442.2883465054047 -81.94451190073539
v 8.72259521484375 442.3684095797173 -86.53132235614439
v -15.832550048828125 441.37842722434505 -87.16641821636894
v -25.37677001953125 442.31158327036593 -83.27574527378626
v -41.34947204589844 442.199983312015 -76.88218794186824
v -68.27531433105469 441.8304338784968 -55.71071507494013
v 8.294845581054688 434.3028000113607 89.0554464681432
v -33.364776611328125 442.2069617713456 -77.28198360915908
v -16.657745361328125 442.26818633424796 -80.78953646869621
v 46.03895568847656 264.0687141213324 55.198497094487834
v 47.40043640136719 263.84389806889925 56.563555832487246
v -8.074600219726562 263.4165612399879 81.04566636422922
v 42.30928039550781 263.9327509927491 51.47317523434713
v 0.1200258731842041 263.4093082226886 81.46119144701241
v -24.128387451171875 263.4741390552439 77.7470355374294
v -53.12968444824219 263.9413346694049 62.496061007960975
v -80.77601623535156 264.7513531827011 4.575487181140564
v -79.94590759277344 264.60888795543997 12.737314584648413
v 53.36973571777344 266.1064269088882 -61.54199031909151
v 11.879730224609375 265.7862584969532 -43.19955428395418
v 8.390533447265625 266.4432948898429 -80.84114402261817
v -8.150482177734375 266.4432948898429 -80.84114402261817
v -104.87997436523438 295.2012087947304 9.005015495777393
v -104.87997436523438 295.48044756402953 -6.992562883189942
v -104.87997436523438 312.9301664003579 -8.115699850206193
v 105.12004089355469 296.93260327785566 -8.394938353202729
v 8.120025634765625 297.17333070549955 -103.97777310336575
v 9.547531127929688 314.5981361357698 -103.67362199321883
v -7.879974365234375 316.02540895646786 -103.64870885346326
v -7.879974365234375 297.17333070549955 -103.97777310336575
v -7.879974365234375 293.5083256199726 105.99022762301134
v -8.687698364257812 311.74074728545395 106.30847572698096
v 10.070022583007812 296.88528313846757 106.04917263575649
v -104.87997436523438 370.63315909729505 12.27197907343368
v -104.87997436523438 356.1050625864201 -6.742203329766145
v -104.87997436523438 372.9210281097414 -7.068555463969181
v 105.12004089355469 358.5349958833167 12.060804849021514
v 105.12004089355469 356.92346498723913 -7.3477939669657175
v 105.12004089355469 372.9210281097414 -7.068555463969181
v 8.120025634765625 357.16416190195287 -102.93062924973391
v -9.307479858398438 370.9239927596263 107.34152311939528
v 8.120025634765625 353.4991568164259 107.03737147664317
v 10.070022583007812 368.97430806182945 107.30749124640568
v -81.90435791015625 293.6583590480045 67.45499454285384
v -81.90435791015625 313.6553129511323 67.8040426715995
v -62.671051025390625 297.5466830080612 73.8878180574408
v -66.34800720214844 293.3868630264648 83.00899119976502
v -70.33047485351562 313.4780017638687 77.96219378663855
v -62.671051025390625 313.5442461305635 74.16705656043733
v -76.50767517089844 316.0448705772178 -69.0936220413255
v -81.90435791015625 295.9537315735114 -64.04680937173397
v -65.382080078125 296.2544258097575 -81.27357062886537
v -64.93379211425781 316.2468626883799 -80.66574233951725
v -72.71195983886719 299.9136320769917 -61.714603283545316
v 82.14439392089844 295.97841303001496 -65.4608090678168
v 82.14439392089844 315.9753669331428 -65.11176093907113
v 62.91111755371094 300.08887009860416 -71.75398281797536
v 66.58805847167969 296.24990878525205 -81.01479046826292
v 70.57051086425781 316.1526775878013 -75.26988154118004
v 62.91111755371094 316.08643322110646 -71.47474431497882
v 82.14439392089844 313.6553129511323 67.8040426715995
v 82.40324401855469 293.66618248544825 67.00679011187995
v 65.17384338378906 293.3868630264648 83.00899119976502
v 65.17384338378906 313.3838169295927 83.35803932851069
v 97.37507629394531 343.0703008412588 -0.5275829018070661
v 98.12004089355469 337.78603143971645 14.953917383216748
v -97.87997436523438 329.9872407907068 9.641356669463836
v -97.87997436523438 334.9241195345254 -7.575535430077668
v 21.860824584960938 404.21798608393726 -78.2434384133873
v 21.860824584960938 279.23702418938836 -80.42498921804773
v 19.018936157226562 411.2998332030495 -78.82856567970619
v -5.4799652099609375 336.22505399915667 -82.10602099293544
v -2.6799771785736084 331.3784777329887 -82.33085266741024
v -7.24688720703125 277.0588251789967 -83.52991369509338
v 5.72003173828125 336.22505399915667 -82.10602099293544
v 7.4411163330078125 414.2608373021188 -80.61111438092982
v 12.046951293945312 414.2515630481731 -80.07979272822723
v 14.610641479492188 413.9054089555218 -79.67752378126586
v 5.529541015625 337.6731416821312 -82.09327390251205
v 2.9200289249420166 341.07649386136524 -82.16157316621452
v 1.571014642715454 341.63602543474394 -82.18594561695654
v 0.1200258731842041 341.82746860241934 -82.19513333813939
v -7.2010498046875 414.2608373021188 -80.61111438092982
v -1.3298490047454834 341.6363310966507 -82.18597080383492
v -4.7297210693359375 339.02543155785617 -82.10391553340806
v -5.2890472412109375 337.67478991296446 -82.09327565476265
v -18.776748657226562 411.30206916863335 -78.82901500641067
v -14.382217407226562 413.9022304391695 -79.67553427327904
v -21.83514404296875 277.92787334329716 -80.57148607186622
v -11.806915283203125 414.2515630481731 -80.07979272822723
v 81.25779724121094 278.2004043810377 -21.03708017195218
v 81.25779724121094 403.6208134956074 -18.847858787533752
v 78.94245910644531 406.20821698489465 -26.097843443234993
v 77.18150329589844 406.28491289599094 -30.49174924717732
v 73.32157897949219 276.3268491072938 -41.59503263259871
v 68.92878723144531 413.64127820510816 -45.11659748520329
v 68.92878723144531 278.66183935899534 -47.47267235423657
v 66.16566467285156 413.70625497148194 -48.839113937647426
v 64.52268981933594 413.3994263860172 -50.86990936039274
v 61.55311584472656 410.87346686982164 -54.27440575263221
v 59.51698303222656 278.8575951961409 -58.68751675330153
v 59.51698303222656 403.8385570906898 -56.50596594864109
v -59.276947021484375 403.8385570906898 -56.50596594864109
v -59.276947021484375 278.8575951961409 -58.68751675330153
v -78.70242309570312 406.20821698489465 -26.097843443234993
v -80.92756652832031 406.2348538873275 -19.136082659596987
v -61.31156921386719 410.87126738769246 -54.276046561643014
v -64.29022216796875 413.4024113003877 -50.86080741827003
v -68.68873596191406 278.66183935899534 -47.47267235423657
v -76.00982666015625 278.4405341852104 -34.79410743940929
v -76.94146728515625 406.28491289599094 -30.49174924717732
v -81.01774597167969 278.2004043810377 -21.03708017195218
v 6.409271240234375 405.5876233524681 103.94596972986545
v -4.074188232421875 403.18451651264166 103.90402334394683
v -96.677001953125 404.75562360112565 32.89233581717788
v 27.248123168945312 439.6370920819362 -87.04859740096191
v 5.432891845703125 436.7360222433225 -88.4863488828717
v -1.694518804550171 439.92834307427756 -91.00267372415058
v 70.14497375488281 435.50491450915916 66.97235488932112
v 86.65168762207031 433.2458146037966 34.95676716417578
v 86.15953063964844 435.02528929871846 42.61930228695232
v -80.82794189453125 434.2297823620306 -45.40748458939996
v -8.97845458984375 434.3515541952886 -90.67850498390608
v 64.98301696777344 429.73245962742226 72.13600894995209
v -90.77413940429688 432.23361302488024 16.462988953359627
v -87.37405395507812 434.11185190774336 -32.37896348204668
v 34.21470642089844 433.61690415996554 91.60670019663051
v 39.89491271972656 431.79314276285476 86.46910822259137
v -1.694518804550171 429.8532853370009 97.88682111690423
v 53.54856872558594 430.5845532692093 81.36844218467049
v -87.37405395507812 433.4200884102005 39.22385768417634
v -69.40966796875 431.81933935223157 63.63692536642104
v -22.848541259765625 431.74775999913356 92.59080006114364
v -23.455963134765625 434.2374894036991 94.99335188176964
v 5.573394775390625 433.2843443061864 97.8067050196157
v 20.108718872070312 433.4303939768331 95.8289722507978
v -30.516921997070312 438.9381600999078 -85.93452713487414
v -76.82098388671875 438.78076997638067 -51.426311415771465
v -67.37550354003906 439.98995345150956 -62.67077582116774
v -80.82794189453125 434.42698714556934 52.271982235841406
v 27.248123168945312 430.14447530348184 93.9327437285052
v 94.02281188964844 436.8677821374403 14.399051276084103
v 59.43309020996094 435.21583537549077 77.07254680140613
v 47.38786315917969 434.9617362034482 85.32611360234674
v -8.97845458984375 434.30518453307855 97.54301735420744
v 72.28099060058594 272.02296374291313 51.134550495536075
v 76.41020202636719 272.13608162601827 44.654031312690456
v 72.07771301269531 273.79124595180537 -50.17026940425392
v 76.41020202636719 273.6735039905542 -43.424836961845685
v -82.65965270996094 272.3789634677158 30.739339921031842
v 24.096908569335938 272.51669968396465 83.03321856859795
v 59.88883972167969 274.54615000760947 60.421150464244164
v 10.72003173828125 336.4726490970795 -96.29073465289868
v 61.99186706542969 437.5166899871319 65.36919003699178
v 73.83915710449219 437.6803361233714 55.99390917081221
v 88.06898498535156 438.22413456397635 24.839717373684557
v 25.616806030273438 440.11196716171014 -83.31413971578
v -8.482559204101562 440.16879347106146 -86.56971679813813
v -48.80796813964844 437.2677908054334 79.62861460642736
v 72.87361145019531 439.44490607418044 -45.09823560583204
v -33.364776611328125 440.0073456626898 -77.32037805115283
v -61.75181579589844 439.6763153007767 -58.35566131853566
v -80.71943664550781 439.18089315537645 -29.972945617528868
v -33.364776611328125 437.18565989152137 84.33389151314387
v 0.1200258731842041 437.0694172138433 90.99343005717975
v 17.190414428710938 437.09876003085526 89.3123811964238
v 33.60481262207031 437.18565989152137 84.33389151314387
v 13.07000732421875 290.16342492444534 113.74186955981854
v 12.869049072265625 290.8626199393999 92.97051310939023
v 13.07000732421875 314.6094990873891 93.35656971137587
v 13.07000732421875 310.2453706648982 125.39295047998982
v 13.07000732421875 308.0801232141356 129.5372122651435
v 12.869049072265625 281.46808928754416 124.14852374248129
v 12.320037841796875 292.2838587184497 146.9309876752488
v 12.869049072265625 272.12858297831184 127.87540724899921
v 13.07000732421875 313.24327173781813 116.54798887888606
v 13.07000732421875 302.53187619194 137.0497415297237
v 12.320037841796875 244.60196081276212 110.64875592251244
v 12.869049072265625 250.41525932409155 120.23265919459057
v 13.07000732421875 283.1049516290516 149.60570420418532
v 13.07000732421875 278.59167772487996 150.8278735883857
v 12.630691528320312 263.6049333728839 149.69001638322874
v 12.869049072265625 165.14037670729275 134.70741966069258
v 13.07000732421875 170.77429685782795 123.77912494326536
v 12.320037841796875 165.9743250042307 148.43466659815704
v 12.630691528320312 164.4765673102653 161.1087301484824
v 11.570022583007812 141.9048392412427 160.87482824910344
v 10.070022583007812 149.15886387602148 146.84929838271844
v 13.07000732421875 142.33242319895618 136.37855971777185
v 13.07000732421875 153.10182752581062 149.21849173707218
v 13.07000732421875 168.0466361304013 164.60299563605227
v -11.465866088867188 141.9659226637732 157.37536131605606
v -12.490631103515625 163.12402771311966 160.80581258447643
v -12.72900390625 165.89794226199677 153.8632985260253
v -12.179977416992188 168.29951666097833 132.56810611288813
v -12.72900390625 165.14037670729275 134.70741966069258
v -12.929977416992188 152.24541301651377 150.0455291149319
v -12.72900390625 284.0687093325697 121.9904876587259
v -12.179977416992188 311.4261955598254 125.9343626112242
v -12.929977416992188 314.6094990873891 93.35656971137587
v -12.929977416992188 291.6130020987921 92.95516436331835
v -12.72900390625 292.009956394583 146.45512664384734
v -12.179977416992188 281.1515602081931 123.69990754027808
v -12.72900390625 283.3380289491549 150.31859025710273
v -12.72900390625 259.0044700060804 125.64919466044387
v -12.003997802734375 263.4063641974726 149.9474543401338
v -12.929977416992188 268.74804246064974 128.85057667514906
v -12.490631103515625 270.38201544402045 152.5664212940806
v 1.8885653018951416 294.2172052408282 215.376673609424
v 12.955841064453125 288.0462461431532 216.04672650122563
v 6.1322021484375 297.49504784293407 214.36249735945447
v 12.955841064453125 329.35601927195444 196.891534042641
v 3.828796625137329 306.9638508888979 210.80146987156198
v 5.1367645263671875 305.8803945000283 211.25836906365697
v 6.1322021484375 304.5407519000348 211.80520175632014
v 6.8321380615234375 302.8382484041027 212.47166591852138
v -1.7468717098236084 294.21674488385 215.37681818499706
v -5.992156982421875 297.49504784293407 214.36249735945447
v -12.929977416992188 287.91501790898093 215.48792414248786
v -12.8157958984375 309.6789135858969 208.57788570380126
v -6.6930389404296875 299.1994500366485 213.79184508686976
v 0.0700228214263916 308.0671654594032 210.32251399083972
v 1.8931124210357666 307.82368588888636 210.42939546693552
v -3.4299771785736084 307.1220108044338 210.73363265254983
v -1.754943609237671 307.82316290823235 210.4296305160887
v -12.8157958984375 319.8149828630702 203.23562978859815
v 3.554138422012329 307.08588488505177 210.7486599746339
v -12.8157958984375 353.45906668355894 172.55189138010124
v -5.992156982421875 358.33068580813756 167.0124424631857
v -12.8157958984375 364.95268901427954 152.7616451117626
v -12.8157958984375 329.35601927195444 196.891534042641
v 12.955841064453125 353.45906668355894 172.55189138010124
v 6.8560943603515625 360.1661390201707 164.00312365012
v 6.1322021484375 358.33068580813756 167.0124424631857
v 3.5700228214263916 355.69861621542543 170.99320533364576
v -6.714630126953125 360.1604141680165 164.0128518794861
v -6.9299774169921875 361.93822898368535 160.8818420996708
v -6.4225921630859375 364.6471800493963 155.60733259462427
v -5.992156982421875 365.56495926073165 153.65201342750083
v -12.8157958984375 374.14910707715757 119.76466094613224
v -4.9623870849609375 366.9873702151707 150.41276424599295
v -3.4299771785736084 368.238170318505 147.31250898504732
v -2.013091802597046 368.8890876262865 145.58660668346093
v -1.0625455379486084 369.12532131161356 144.93834808198275
v 0.0700228214263916 369.22229622687473 144.6687287113289
v 5.1015625 366.98832501585827 150.41052226731713
v 6.030517578125 365.4998299884571 153.71466804585324
v 6.5626373291015625 364.6471800493963 155.60733259462427
v 7.0700225830078125 361.93822898368535 160.8818420996708
v 12.144058227539062 375.7429784731753 108.34789843314337
v 13.07000732421875 276.69951885122657 217.52681119175188
v 12.955841064453125 253.89607857748985 218.71895315565604
v -12.8157958984375 253.89607857748985 218.71895315565604
v -12.8157958984375 231.36493730892172 214.70588713361388
v 12.955841064453125 220.52131474231942 211.00527298121304
v -12.003997802734375 199.79046704171304 201.0845247413122
v 12.144058227539062 190.49357933442593 194.24746327102113
v -12.490631103515625 190.69928420535098 193.99564386897
v -11.429977416992188 142.35860127600694 134.87881868796742
v -12.179977416992188 172.57403266044167 118.55729794817846
v 13.07000732421875 182.72625216288014 109.90817961710765
v -12.179977416992188 198.82486729277971 100.15600715981547
v 12.320037841796875 220.3898848135992 98.9994165771619
v -12.179977416992188 230.82896580712136 102.01369727252684
v -12.72900390625 238.92710838988896 108.77294113806698
v 11.570022583007812 316.10575703377157 93.58404212123159
v -12.179977416992188 315.3337130928754 112.09749667210642
v 6.1322021484375 305.8740442762285 135.420932681598
v -6.685699462890625 304.1711563992399 137.46809358628875
v -5.8796844482421875 305.81594112736076 135.43078440010564
v 0.0700228214263916 309.46678954954075 130.13810356937174
v 4.7000732421875 307.6669549792347 132.97785217146009
v 13.07000732421875 229.6374311384789 102.97064797108831
v -12.179977416992188 213.46308694983202 100.91632534354002
v 12.869049072265625 208.04771557008226 100.52964092949009
v -12.929977416992188 189.39063275382384 105.40957664188906
v -12.72900390625 174.7092316551342 177.5258381198462
v 12.320037841796875 181.41925670663667 181.59204983611392
v -12.72900390625 210.74646803218587 193.82754553091027
v 13.07000732421875 205.22488088198412 194.09038195599982
v 12.320037841796875 221.44418095086496 192.3564905776406
v -12.72900390625 231.85655979049653 189.4951427913611
v 12.869049072265625 226.80449255107837 191.49455685443397
v -12.929977416992188 239.5054785801851 186.3701937981262
v 13.07000732421875 239.5054785801851 186.3701937981262
v 6.1322021484375 305.1161236748449 178.84217485402633
v 12.320037841796875 306.45619547339186 178.38441351087744
v 1.8989717960357666 308.40376212367846 177.10592213824023
v 0.0700228214263916 308.64936416737106 176.96837234988274
v -12.72900390625 328.14290534165553 162.73625402069254
v -12.72900390625 312.5501231680146 175.51596510084192
v -6.8166046142578125 300.32229701445635 181.04226287486816
v -12.72900390625 294.3004047109524 184.0836561931277
v -5.992156982421875 298.0607698771488 181.952303725619
v -3.4299771785736084 295.48172539064035 182.89526029620177
v -1.748931646347046 294.78011200921276 183.13476091578667
v 0.0700228214263916 294.5381841511869 183.21569506211114
v 13.07000732421875 274.5578696549867 188.66478696860372
v 1.891876459121704 294.78087909330793 183.1345301274749
v 3.5700228214263916 295.48172539064035 182.89526029620177
v 5.032562255859375 296.6141850067662 182.493454455658
v 6.1322021484375 298.0607698771488 181.952303725619
v -12.72900390625 267.77406414307507 188.0927843903395
v 12.869049072265625 318.0938368279324 171.69044170453287
v 12.320037841796875 332.15212286777995 157.32422958262143
v -12.179977416992188 339.64891145207764 146.25486382024457
v 12.869049072265625 343.1866401919202 140.52352697916902
v -12.72900390625 345.74071757376 134.29099896705188
v 12.320037841796875 348.7273299347237 121.20188492478898
v 12.320037841796875 350.30323903320243 94.0834123530349
v -12.929977416992188 351.60386380817556 94.00230874955537
v 13.07000732421875 374.6003607967726 94.40371409761288
v -12.490631103515625 375.6597933998202 94.48380041618466
v 13.07000732421875 265.33492999746596 218.41610110772936
v 13.07000732421875 298.8653992772855 212.32039792231018
v 12.869049072265625 300.6127329073496 181.7337468109208
v 12.955841064453125 309.6789135858969 208.57788570380126
v 13.07000732421875 319.521854783648 202.74209654555827
v 12.955841064453125 338.2033285607698 189.61120778369533
v 13.07000732421875 232.172603283338 190.1752921301856
v 13.07000732421875 237.03535933418732 187.56194595850414
v -12.8157958984375 210.10962448236856 206.22246317154406
v -12.490631103515625 375.41789371535674 108.34222405758848
v -12.929977416992188 371.64985622818233 130.9312932362235
v -12.929977416992188 298.8653992772855 212.32039792231018
v -12.929977416992188 274.5578696549867 188.66478696860372
v -12.8157958984375 265.35056793137755 218.9899172328299
v -12.929977416992188 247.61272287640767 186.0253040672937
v -12.929977416992188 244.90559694376196 185.58568778275392
v -12.929977416992188 242.16547540374933 185.70222097472276
v -12.8157958984375 369.13385387113857 142.09413070212756
v -12.929977416992188 337.81653744367645 189.1870648680337
v -9.443405151367188 163.53955739729474 155.37110525336442
v 6.92718505859375 162.78413869998718 138.32871441243194
v 10.070022583007812 149.9457678945936 150.0053886600169
v 10.070022583007812 149.11872302165264 149.14896638933624
v 10.070022583007812 148.83070465941472 147.99373941509091
v 10.070022583007812 151.1704901030986 145.73424237631826
v 10.070022583007812 151.09020945957124 150.33351736369355
v 10.070022583007812 153.1419683801795 146.9188237304544
v 2.0618746280670166 361.7253817590154 107.18096076713019
v 1.220031976699829 304.87591774736865 106.18864968167253
v 6.1322021484375 306.2791218038296 112.21405666784905
v -6.562042236328125 301.0115826384341 111.62203526568318
v -3.4299771785736084 368.83175758981963 113.30591698692464
v 1.8817598819732666 369.53099189713794 113.31812216715893
v 6.1322021484375 366.2699835132131 113.26120105408606
v -4.8797149658203125 367.7195002599906 113.2865024630156
v -5.992156982421875 366.2699835132131 113.26120105408606
v -6.9299774169921875 362.7705165801657 113.20011763155557
v -6.69146728515625 360.9590554559485 113.16849846001742
v -5.992156982421875 359.27104964711833 113.13903420902507
v -1.7417142391204834 356.0100412631935 113.0821130959522
v 1.8817598819732666 356.0100412631935 113.0821130959522
v 5.019775390625 357.82153290034086 113.11373280009553
v 6.1322021484375 359.27104964711833 113.13903420902507
v 6.831512451171875 360.9590554559485 113.16849846001742
v 6.831512451171875 364.5819777043829 113.23173680309372
v 46.00193786621094 439.3347157032215 82.90783212420199
v 84.61650085449219 429.04769935995705 46.327830161536724
v 77.61024475097656 428.66729516663065 68.12117180138763
v 100.14942932128906 429.55410250923626 17.31601316963249
v 9.109039306640625 428.0421354598821 103.93654741410685
v 66.61003112792969 433.38429822977787 -60.64038067846886
v 30.249923706054688 435.56691169413136 -86.3765027466933
v 64.89787292480469 431.15021528459897 -74.12522648925784
v 92.56584167480469 431.7608865157697 10.43190855433824
v 84.30638122558594 432.780290742858 -34.891812442682195
v 100.71873474121094 429.95470442238445 -5.634455063833179
v -8.869003295898438 431.5535140440604 -97.23019694453822
v -15.567626953125 431.42950225466655 -90.12556628840376
v -31.142364501953125 431.35976160128786 -86.13012693223263
v -60.73675537109375 431.2045961372805 -77.24070345283208
v 18.189620971679688 431.4827329193888 -89.49081258180033
v -25.987594604492188 431.4942393563615 -87.6529905489946
v -67.61408996582031 431.13921219424896 -73.49485986528825
v -77.37019348144531 430.9283538047067 -61.41479081888884
v -100.47868347167969 429.6409448485433 12.340818882808762
v -93.194580078125 430.34640589337937 14.975938222987283
v -80.48614501953125 428.73572747539225 64.20068745813006
v -87.71711730957031 430.4201874826332 -32.301961725251985
v -99.90939331054688 430.04154649538884 -10.609634094191833
v -90.42027282714844 430.17842342382914 28.339939654768717
v -64.65782165527344 428.4454342193436 80.83157695882647
v -32.229400634765625 432.9784630700558 89.86726559517821
v -13.84490966796875 428.05207067685234 103.36735921508807
v 20.516891479492188 436.3771770836578 95.99599621417862
v 58.63093566894531 441.74253380032326 -67.45465364628431
v 69.59477233886719 437.4418311174267 -57.228806887652674
v 66.25971984863281 441.8945746091779 -59.38358645742498
v 94.60621643066406 437.7777840865962 -3.379843293242739
v 87.80897521972656 436.5969474750333 -25.34114491211596
v 29.682754516601562 441.7035281501639 -83.80957092733172
v 49.25416564941406 442.1391373195259 -73.39457474957898
v -25.088058471679688 442.2584337133426 -84.59186049479747
v 7.8464508056640625 442.31441105004194 -87.79879996649645
v -91.72743225097656 438.2051265463019 -5.63035729766278
v -54.73884582519531 442.0020551571446 -69.90394284726493
v -83.10365295410156 440.8724478364684 -36.19701164363409
v -89.6702880859375 441.04343724107184 -14.984759216897732
v -91.49502563476562 440.65857113539283 7.064205210431913
v -90.400634765625 440.4660719084406 18.092478536476744
v 25.648147583007812 439.18321349762095 91.58738767003058
v 3.791931390762329 439.2040338085378 94.75739277723781
v 14.835250854492188 439.1406801807974 94.02411975888234
v 35.93775939941406 439.33048173401085 87.51319597859708
v 67.12901306152344 441.909011671406 -60.21068519853694
v 82.47871398925781 440.1450594058602 -43.157498005332414
v 85.52677917480469 437.9258845760728 44.48817193902723
v -20.185836791992188 436.0006272232707 -89.08655498338737
v -1.254974126815796 434.4452288743296 -88.80759714990015
v 52.30595397949219 435.19252175561485 -75.63100343195806
v 78.22877502441406 435.8280188024278 -50.13231003262666
v 93.12608337402344 434.9137138550516 -14.580506637559056
v 88.95423889160156 439.7848393761359 -29.235196382218817
v 92.01756286621094 439.53330641953363 -19.29434851974191
v 92.43754577636719 439.49439248776673 -17.748680188174795
v 83.11048889160156 435.61618122372397 -42.10889093751934
v 94.85282897949219 434.48041793170336 2.692471104503766
v -35.54127502441406 442.1941008666277 -80.90623417490474
v -79.33927917480469 439.921787215953 49.27452768530232
v -66.06686401367188 439.6127872682754 66.97712283165845
v -57.92716979980469 439.4814841140095 74.49947550154693
v -29.12518310546875 438.65247569325277 90.98510726254321
v -7.2436370849609375 439.2079356740639 94.53385505095865
v 71.19178771972656 439.7092074464789 61.45321452194662
v 89.49565124511719 440.4707255384611 22.188672171929117
v 91.36207580566406 440.68387997227717 9.977062837181986
v 91.68428039550781 440.8099015514671 2.7572914007440925
v 90.77943420410156 440.59384413232937 15.13521265318533
v 90.39836120605469 440.55075297798874 17.390571933253984
v 44.15788269042969 440.53557872378997 18.47323567280886
v 46.45127868652344 440.7270806475484 7.502097808469971
v 63.41780090332031 439.6478547676748 69.33090705735222
v -1.535888433456421 441.6071715351218 -42.91827537218774
v -12.60888671875 441.57668841042596 -41.17189832798056
v -31.935089111328125 441.384044052724 -30.135310466852115
v 91.43281555175781 440.7115437514689 8.392205988724022
v 46.05210876464844 440.92259627559815 -3.6989850207150585
v -45.47325134277344 442.1082230752961 -75.98629880458273
v -39.06510925292969 441.23307848012706 -21.48649860520782
v -77.24343872070312 441.5786723890667 -45.64836030895684
v -42.74345397949219 440.48153529313186 21.56938174160398
v -84.27799987792969 440.0949680500696 39.353004343576785
v -45.81205749511719 440.6697025550728 10.789286524845803
v -37.18377685546875 440.3116523502707 31.301969019840477
v -73.23918151855469 439.7602736308419 58.52763477916113
v 37.42384338378906 441.28064651368805 -24.211669422767866
v 29.696182250976562 441.4223721853732 -32.331127715704255
v 20.249710083007812 441.5277041796995 -38.36559362915157
v 9.63336181640625 441.5905209657783 -41.96436489337223
v 39.77445983886719 442.1626950034629 -79.10699347921262
v -3.234496831893921 442.3190316662543 -88.06351489201309
v 18.814468383789062 442.2864865606161 -86.19900703873004
v -43.9178466796875 441.056720106881 -11.382934168678112
v -86.77783203125 441.23017873559803 -25.68317227317333
v -29.456146240234375 440.16992661200993 39.42143112689314
v -46.21125793457031 440.86521819144446 -0.4117967811037584
v -48.93907165527344 439.368283677102 80.98472418856579
v -20.009658813476562 440.06459435138095 45.45591229680553
v -39.23390197753906 439.27483969662705 86.33812624459922
v -18.248260498046875 439.15237725569284 93.35399478692723
v 12.84893798828125 440.01561012065457 48.26221699563452
v 23.182174682617188 440.09145522826856 43.91705369054874
v 55.24537658691406 439.4414700196728 76.791881430789
v 32.17515563964844 440.20825447835654 37.22562913450607
v 99.78565979003906 444.67820905807287 -5.0177508915142734
v 79.79310607910156 445.5834261316335 -56.87760230331237
v 64.49238586425781 445.86404354943306 -72.95416340197308
v 13.67950439453125 446.2574065593191 -95.48991514530452
v -1.227966070175171 445.5788229264777 -98.5579656980715
v -67.456298828125 445.13330056010307 -73.0340064228216
v -75.31918334960938 444.9844374131542 -64.50564244588645
v -100.47755432128906 444.8390838689662 1.1203450220858677
v -79.55305480957031 443.4717861477058 64.09817135388246
v -71.17263793945312 442.51819369588037 76.78536548883125
v -13.439437866210938 442.797805187415 102.71051470880478
v 9.012664794921875 442.0443662936809 103.93091918043973
v 67.69636535644531 442.45808440821844 80.22902427263419
v 77.36531066894531 442.66705950585515 68.25684894724533
v 100.71760559082031 444.7519965312778 6.109575256778612
v 1.468017816543579 442.01256230814636 105.75296829141901
v -42.190826416015625 445.2766829469094 -23.949689362933803
v 66.67634582519531 443.4823627028401 78.84684857308932
v 98.32121276855469 444.5659713865536 16.766948660384678
v 49.30833435058594 444.5959703731436 15.04830786968388
v 99.58412170410156 444.62597202275947 13.329514514332331
v 38.22605895996094 443.29076125907693 -24.77368906241846
v -100.32870483398438 444.7752157202682 4.779348810422702
v -41.95262145996094 444.3080765200608 31.541735666525312
v -14.571060180664062 445.6387681518878 -44.69353686321608
v 75.36335754394531 445.9571078639479 -62.93120675268326
v 73.01747131347656 446.00619621898636 -65.74347672935659
v -14.155746459960938 443.95014237325563 52.047769203334475
v 1.8115389347076416 441.967381164543 51.04270577633951
v 100.56877136230469 444.81586441367324 2.450586724906853
v 9.83795166015625 443.6072994008382 -42.908147058595006
v 70.32453918457031 446.0495204544977 -68.22552051948114
v 20.320877075195312 443.98777945068775 49.89154248135201
v -50.01287841796875 444.6894654837155 9.691976572356047
v -47.40815734863281 445.09342096200396 -13.450617279328393
v -98.08116149902344 445.0251087390659 -9.537012648290588
v -47.2598876953125 444.4905497166992 21.087853232472106
v 60.61714172363281 443.13711889134214 83.27124563002917
v -47.40815734863281 443.0937255716912 -13.48552209220296
v -41.95262145996094 442.30838112974806 31.506830853650747
v 32.86451721191406 442.1953068869796 37.9848498832822
v 39.30516052246094 444.3586111644573 28.646607828029563
v 46.05210876464844 444.92198705622377 -3.6291753949659245
v -23.438095092773438 443.51569344082884 -37.66004512450935
v -39.907806396484375 443.2421703572736 -21.989918162505266
v -46.21125793457031 444.8646089720701 -0.3419871553546243
v -37.18377685546875 444.3110431308963 31.37177864558961
v -20.442550659179688 442.04855764997797 46.392108040451866
v -39.06510925292969 445.2324692607526 -21.416688979458687
v -9.597885131835938 443.9840853011807 50.10318016487266
v 1.8115389347076416 443.9670765548558 51.077610589214075
v 20.682601928710938 445.54282731834354 -39.19709019063929
v -1.535888433456421 445.6065623157473 -42.84846574643861
v 23.182174682617188 444.0908460088941 43.98686331629787
v 29.696182250976562 445.42176296599877 -32.261318089955125
v -12.929977416992188 292.82429992369913 -115.09664263827767
v -12.179977416992188 293.5272121094598 -91.14324216899875
v -12.929977416992188 317.8207416055467 -90.61539094093504
v -12.179977416992188 263.6134725475668 -124.33363301014708
v -12.179977416992188 254.165523669476 -120.04648400236016
v -11.429977416992188 285.3206263213241 -121.94785103565441
v -12.929977416992188 296.6915331918277 -143.83376647763492
v -12.929977416992188 292.6006712445866 -146.09831682359703
v -12.72900390625 279.8378655932071 -125.73318658449209
v -12.72900390625 316.87008083029514 -118.59762409369567
v -12.72900390625 315.26954045961986 -123.07317658412126
v -12.929977416992188 304.0680337664699 -138.10592032882514
v -12.490631103515625 266.0973406316949 -146.16510668189977
v -12.929977416992188 288.2984528826519 -147.9297833438784
v -12.929977416992188 283.83058117308934 -149.3087039467829
v -12.929977416992188 275.80397230591973 -150.27855566148773
v -12.72900390625 167.05399429941184 -138.52603287093228
v -12.72900390625 179.63745462809513 -120.21106430461784
v -12.929977416992188 169.87054378091432 -145.40970367513725
v -12.72900390625 172.5937434841258 -161.5550659914895
v -12.929977416992188 147.54211112279083 -162.08426154694666
v -12.929977416992188 156.38953084014256 -153.2644011983
v -12.929977416992188 147.1500585879426 -139.6235868682494
v 12.869049072265625 169.8857961603407 -137.15747872628523
v 13.07000732421875 147.15941140115189 -140.1594091781491
v 13.07000732421875 158.32086879545975 -149.7801823504762
v 13.07000732421875 147.55146393600012 -162.62008385684638
v 10.070022583007812 156.38953084014256 -153.2644011983
v 12.630691528320312 171.29457235699772 -164.33841747819463
v 13.07000732421875 176.6641393293032 -172.48814961546944
v 11.570022583007812 173.16119940289147 -134.96570389597747
v 12.320037841796875 293.768374934661 -104.95945117154
v 12.869049072265625 288.29786606594723 -120.29773932693928
v 12.869049072265625 310.73386146038683 -131.4132183633532
v 11.570022583007812 319.3240267446334 -90.7905061314789
v 12.869049072265625 318.0014144984652 -113.98109188375979
v 13.07000732421875 300.5275364630343 -141.16014957761598
v 11.570022583007812 282.57612585418997 -123.71116666056588
v 12.320037841796875 252.44722126796478 -114.04215653684007
v 12.320037841796875 261.4663979941133 -134.32414142848123
v 13.07000732421875 273.2259463169477 -127.68836343839388
v 12.869049072265625 288.55626731649977 -148.63408558824446
v 12.869049072265625 276.57039351328297 -126.59574787060113
v 13.07000732421875 283.83058117308934 -149.3087039467829
v 13.07000732421875 279.2445065555783 -150.22042381306107
v 12.955841064453125 272.2548063697104 -150.00088576565287
v 11.570022583007812 263.71118142872314 -143.21736456880288
v -12.8157958984375 295.555494999606 -214.15785236078057
v -6.694244384765625 306.62772810206684 -211.51337630035465
v -12.929977416992188 306.238010672323 -210.0562260178899
v -3.6887662410736084 314.2785188352255 -208.25557611529027
v -4.9967193603515625 313.21166827686443 -208.7500243158782
v -5.992156982421875 311.89192567039873 -209.34326148887587
v -6.6920928955078125 310.21371855742734 -210.068736174259
v 3.5700228214263916 302.3928128293678 -213.04067389532074
v 12.144058227539062 273.02674607783996 -218.70155132065094
v 6.1322021484375 304.93976199530994 -212.14489078213214
v 12.955841064453125 316.9143256210575 -205.93859217328435
v 6.8330841064453125 306.62321043615407 -211.5151033567541
v 7.0700225830078125 308.41699985239086 -210.81030445039465
v 3.5700228214263916 314.4342154518181 -208.18229103235848
v 1.8950045108795166 315.124330644838 -207.85398897378548
v 12.955841064453125 326.857778235998 -200.2458468997268
v -3.4141080379486084 314.3986359853476 -208.19856997660835
v 0.0700228214263916 315.36444624342766 -207.7384221347995
v 12.955841064453125 352.5325352600328 -177.57030798711955
v 4.7138671875 362.3966491915438 -165.5014503728123
v 6.1322021484375 364.085847715176 -162.7005623698544
v -6.7160491943359375 365.81515910671135 -159.62902035917963
v -12.8157958984375 359.41052049485353 -168.40666911619982
v -5.992156982421875 364.085847715176 -162.7005623698544
v -3.4299771785736084 361.59430812881465 -166.770758171202
v 6.8546905517578125 365.8097769859884 -159.63892720036506
v 7.0700225830078125 367.47723840572297 -156.44779516127852
v 6.5626373291015625 370.0004615245594 -151.08195771612498
v 6.1322021484375 370.8494419947714 -149.0957996440476
v 5.102447509765625 372.15793828876065 -145.80888229920544
v 3.5700228214263916 373.2997793565138 -142.66687859238198
v 2.153137445449829 373.89006702137556 -140.91931097740883
v 1.202606439590454 374.1035329005997 -140.26320284083326
v 0.0700228214263916 374.1910394273282 -139.99037859574483
v -1.0624234676361084 374.1035623483195 -140.26314128236777
v -2.413573980331421 373.7587021828292 -141.3164089629562
v -3.4299771785736084 373.2997793565138 -142.66687859238198
v -4.9615325927734375 372.15881426388205 -145.80660836421904
v -5.8904876708984375 370.786539278439 -149.16070433018743
v -6.4225921630859375 370.0004615245594 -151.08195771612498
v -6.9299774169921875 367.47723840572297 -156.44779516127852
v -12.8157958984375 378.24570903410347 -114.9295079837919
v 12.955841064453125 378.24570903410347 -114.9295079837919
v -12.8157958984375 336.1715967547258 -193.57263843679607
v -12.8157958984375 250.10857657907576 -216.98493407260793
v 12.955841064453125 261.51939015863167 -218.02027482728198
v 12.955841064453125 238.86192053445268 -214.79599420350206
v -12.8157958984375 227.89575430462673 -211.476086591727
v 12.144058227539062 206.83130562322086 -202.28484744164152
v -12.003997802734375 197.30147132449432 -195.7764076263509
v 12.320037841796875 180.52940010280378 -179.97673318406035
v -12.490631103515625 170.1437835863727 -163.5658728629281
v -11.429977416992188 147.57764254565603 -164.11985539958098
v 8.137008666992188 147.68348889350335 -141.53444435723463
v 8.898452758789062 148.50468630875866 -159.93146851921466
v 11.570022583007812 147.12387997828665 -138.1238153255148
v 12.869049072265625 167.05399429941184 -138.52603287093228
v 12.320037841796875 176.75129221222886 -120.75774149543464
v -12.929977416992188 195.75221972175893 -105.65329840532672
v 12.320037841796875 212.99279789377374 -99.29232747234369
v -12.929977416992188 228.88174796549555 -101.83275101277313
v -12.179977416992188 239.37594374904228 -104.37772708166622
v 12.320037841796875 244.0841168571502 -107.1054218143136
v -11.429977416992188 273.19088857776944 -126.18875451199831
v -12.179977416992188 276.4721756603168 -126.05557828540958
v 11.570022583007812 293.3279866705672 -91.24426869884827
v -11.429977416992188 319.3240267446334 -90.7905061314789
v 1.9098055362701416 300.47976705790074 -143.07651256681282
v 3.5700228214263916 313.05497975415557 -129.16593083349898
v -6.6862945556640625 308.9260460158876 -135.06699916575226
v -6.9299774169921875 307.13086886570557 -137.127909571063
v 0.0700228214263916 313.96482188698747 -127.55399645686644
v 12.144058227539062 262.6580042521871 -139.5553166918403
v 12.869049072265625 251.08151911073307 -115.57829498943558
v 12.869049072265625 232.9947833588893 -103.8618483674629
v -12.72900390625 222.4222665152473 -101.4313547703094
v 12.869049072265625 222.4222665152473 -101.4313547703094
v -12.179977416992188 211.6415145616409 -102.04795873222483
v 12.869049072265625 201.0347422422367 -104.07313307485795
v 12.869049072265625 176.67918809070073 -124.76846083550744
v -12.929977416992188 181.50837548728393 -179.1228477349935
v -11.429977416992188 217.52381464294228 -193.89993888183312
v 12.320037841796875 233.30406538149762 -191.2428900061216
v -12.929977416992188 233.7538996401636 -192.46154328198153
v -12.72900390625 248.5100076123486 -184.69506409218732
v 13.07000732421875 246.00860110549615 -186.19344615707143
v -1.7589261531829834 314.54159579058404 -174.5303331347645
v -11.429977416992188 300.4331712456172 -181.2914590856014
v -6.8166046142578125 306.60242973580785 -178.74629976743765
v -5.992156982421875 311.31655389558864 -176.38023458658205
v 12.320037841796875 312.63983425072286 -175.87601478089073
v 0.0700228214263916 314.7822472691572 -174.38426523737743
v 1.900665521621704 314.5411426237758 -174.53060048374843
v 7.0700225830078125 307.84706437862155 -178.15872302614227
v 13.07000732421875 313.27974777617635 -177.0064831591678
v 6.9566650390625 306.60242973580785 -178.74629976743765
v 6.1322021484375 304.3740404937005 -179.73472766122683
v 5.0343170166015625 302.9489799655811 -180.3252858758175
v 0.0700228214263916 300.897692087265 -181.12027058631486
v -3.4299771785736084 301.8294755348328 -180.76710190623206
v 12.320037841796875 267.6205131364622 -186.23591997018454
v -12.179977416992188 287.60832757360697 -185.0134394568264
v -12.72900390625 324.03677002160657 -168.77997293522787
v 12.869049072265625 329.0940227194026 -164.3311708503341
v -12.72900390625 333.76722000445955 -159.4805172106675
v 12.869049072265625 345.1785684884033 -142.86011392034032
v -12.72900390625 341.83697861805075 -148.70829435837706
v -12.72900390625 348.0265776237823 -136.75630278748977
v 12.869049072265625 350.36158703988286 -130.43843544787487
v -12.72900390625 352.167713369626 -123.94955078645725
v -12.179977416992188 353.5999084961845 -110.60064590626202
v 12.869049072265625 354.30819477037375 -103.90272468556503
v -11.429977416992188 353.31884837995074 -90.19712431261127
v 13.07000732421875 354.81510632633314 -89.96965190275554
v -11.429977416992188 379.3148884540169 -89.7433617452419
v 12.630691528320312 378.8731855124718 -89.6113104222118
v -12.929977416992188 377.81160331493015 -89.56824655469804
v -12.929977416992188 261.5421290063679 -217.44671628310468
v -12.929977416992188 272.9407039553422 -217.31839711122822
v -12.929977416992188 284.2673345707489 -216.0330610083428
v -12.72900390625 312.9102989837907 -176.3538044239082
v -12.8157958984375 344.75943677950147 -185.98798051454852
v 12.630691528320312 197.498262781481 -195.51757788587608
v 12.630691528320312 379.1150849306327 -103.46971880715054
v 13.07000732421875 306.238010672323 -210.0562260178899
v 13.07000732421875 281.119719091223 -187.26331546019247
v 13.07000732421875 295.40484451874966 -213.6039549522021
v 12.955841064453125 284.3609882909804 -216.5993991341317
v 13.07000732421875 254.09887047582254 -185.56584303462705
v 13.07000732421875 251.3780509977757 -185.22095662854431
v 13.07000732421875 248.64366588182105 -185.43306295075644
v 13.07000732421875 344.35807891081936 -185.57759479060667
v 12.955841064453125 336.1715967547258 -193.57263843679607
v 9.583465576171875 169.00710425341663 -157.8644443482387
v -8.036087036132812 167.61453980951478 -141.36606304637917
v 10.070022583007812 372.31903144802925 -90.04180178777965
v -8.321884155273438 374.929536397243 -102.54441105078543
v -7.269378662109375 357.3057535230465 -102.79418044422081
v 7.5494842529296875 376.1017686572386 -102.10001119132681
v 0.0700228214263916 364.2405986106287 -102.80710958752356
v -9.163543701171875 299.2087683622155 -103.8082670923368
v 2.0618746280670166 305.39955564808906 -103.83418381287872
v 0.0700228214263916 299.6551552337644 -109.9353819244613
v -5.992156982421875 310.1535560329065 -109.75213165686982
v 3.5700228214263916 372.7061918188966 -108.66027133779423
v -3.4299771785736084 372.7061918188966 -108.66027133779423
v -5.992156982421875 370.14441774229 -108.70498727063281
v 5.019775390625 371.59393448906746 -108.67968586170328
v 6.831512451171875 368.4564119334599 -108.73445152162515
v 6.831512451171875 364.8334896850254 -108.79768986470145
v 6.1322021484375 363.14548387619527 -108.8271541156938
v 5.019775390625 361.6959671294178 -108.85245552462334
v 1.8817598819732666 359.88447549227044 -108.88407522876668
v -1.7417142391204834 359.88447549227044 -108.88407522876668
v -4.8797149658203125 361.6959671294178 -108.85245552462334
v -5.992156982421875 363.14548387619527 -108.8271541156938
v -6.69146728515625 364.8334896850254 -108.79768986470145
v -6.9299774169921875 366.64495080924263 -108.7660706931633
v -105.80206298828125 292.24449125042435 13.803158722154185
v -91.90840148925781 292.24449125042435 13.803158722154185
v -91.87997436523438 315.9873668052986 14.418581020077658
v -115.92123413085938 290.5713470204545 13.974942744516342
v -115.2452621459961 315.7637662712819 14.213689194707861
v -128.8095245361328 311.23442742687615 13.585534430821289
v -112.45787048339844 291.1945413239616 13.784831778016402
v -125.88488006591797 264.27295113966187 12.765818813103014
v -143.35040283203125 261.38514052880276 13.026128160295315
v -115.04710388183594 249.27404698285176 13.254095690999904
v -122.80260467529297 283.0821911437577 13.094135318624934
v -144.72146606445312 293.9359468022387 14.033672052164851
v -146.91427612304688 289.8068150426152 13.961597789203458
v -139.12322998046875 301.4101500683504 14.164134755461527
v -148.67037963867188 285.4739484483799 13.885967321475775
v -149.9711151123047 280.98337577466407 13.807584083891188
v -151.85267639160156 272.81421811750926 13.225623451675823
v -162.40206909179688 144.53966516302827 9.925752286279097
v -155.40206909179688 144.6910774936619 8.928212348070527
v -160.90206909179688 165.72500817372753 11.79574179389647
v -148.2520751953125 155.556021733357 8.617799752307318
v -149.54371643066406 168.3716526907349 11.091855421976621
v -136.60302734375 144.52657585820032 10.675638057646392
v -136.1255340576172 165.71457073459825 10.29536163787973
v -135.8331298828125 167.73558745601906 -13.972104557572044
v -136.40206909179688 144.94107077738838 -13.070759958782975
v -148.2520751953125 155.95742708141455 -14.37869723628968
v -162.20111083984375 144.95416008221633 -13.82064573015027
v -151.70205688476562 153.91352142413996 -11.413916758112837
v -163.03451538085938 168.66547383826997 -13.71746421679685
v -170.0175018310547 174.66226593015026 -13.302088813680221
v -133.6988525390625 171.0255678359595 -12.615453369005715
v -92.08128356933594 317.9147220394441 -10.051493645132927
v -91.87997436523438 293.4446321177684 -11.978849145580961
v -115.2452621459961 316.2105138958661 -11.380465076352184
v -112.45787048339844 291.64128894854576 -11.809322493043643
v -119.84134674072266 314.99896749132876 -11.401612697506932
v -121.04254913330078 286.40578885461207 -11.900708487114946
v -125.02243041992188 280.96943739796575 -11.995600354763317
v -143.1519317626953 262.2734962425978 -12.408744434566296
v -126.40824127197266 264.54420313942245 -12.282303885207375
v -123.39544677734375 258.518051999441 -12.387490744623003
v -112.32173156738281 245.00382916999098 -12.074272260176478
v -149.3790740966797 286.16964928818095 -11.904830318579123
v -149.094970703125 266.42743551128115 -12.011022828284522
v -214.23756408691406 297.98863679217095 -0.714724518079169
v -215.01502990722656 291.57510950617717 13.878279833388484
v -212.56419372558594 302.79695140283457 7.951673814669199
v -201.1630859375 322.8069761809016 14.53761774451389
v -209.44041442871094 310.55471269430734 5.0811348182974125
v -209.91616821289062 309.45673162549696 6.370152366896318
v -210.4862823486328 308.1096666397579 7.342213254130424
v -211.18235778808594 306.40709603557355 8.012522045530547
v -215.01502990722656 292.0248865890077 -11.889431984364967
v -207.16976928710938 313.52063562110527 -11.514222289329032
v -209.36985778808594 310.83832376472765 -2.1737942505796646
v -208.94227600097656 311.71493319863794 1.342040172159604
v -209.05340576171875 311.44157554290626 3.160636003812135
v -209.0536346435547 311.50472417964005 -0.4868734641461441
v -201.6514434814453 323.56039656716223 -11.338977610151826
v -209.385498046875 310.680581447735 4.8086318242891
v -161.720703125 362.8713433900343 9.022069097269863
v -167.53256225585938 359.38878876755274 6.818757908318782
v -168.7876739501953 358.58450609681205 5.660684758408737
v -170.38522338867188 356.2090322577012 15.006469151581737
v -179.42742919921875 349.6230158548158 -10.884052898286416
v -167.53256225585938 359.5508815607937 -2.467531997078208
v -164.7615966796875 361.31319372639 -3.8553217369316424
v -150.3974151611328 367.8035960519722 -10.566709690512385
v -164.7615966796875 361.10159448304665 8.267190795306451
v -161.73049926757812 363.1026315698453 -4.546670180641253
v -158.5689697265625 364.82902788282667 -4.731915914376842
v -153.2479705810547 367.4362598814289 -4.178943967648829
v -151.2769317626953 368.3121275924847 -3.7331548918706576
v -117.24494171142578 376.4214239401073 -10.416284945184781
v -148.0133514404297 369.6596092539115 -2.679707751685778
v -144.89175415039062 370.8291854741111 -1.126649864342654
v -143.15475463867188 371.4250599009762 0.3008523698216652
v -142.50247192382812 371.6333203635037 1.255178629218639
v -142.23121643066406 371.7057949080214 2.3891845583966145
v -142.50241088867188 371.5938209202029 3.5198488375595143
v -139.65850830078125 371.3475648576895 15.270713221032471
v -143.54949951171875 371.2071057105818 4.864455029276785
v -144.89175415039062 370.70701862905014 5.872284001752085
v -148.01109313964844 369.4848845032949 7.382725023162843
v -158.5689697265625 364.5846941927047 9.265951817812635
v -105.80206298828125 376.5541692067711 15.361594838001231
v -195.1417999267578 332.53804694813766 14.59329056608842
v -217.78041076660156 269.3638257363016 -12.3991811844933
v -217.0485076904297 246.09270173859068 13.084381452713595
v -214.66363525390625 235.33744480616397 -12.878914961299058
v -211.15284729003906 223.98277319196808 12.698451214374046
v -200.91009521484375 203.97000147756944 -13.42643572123186
v -177.9949493408203 178.17208674397156 12.013006358506704
v -143.40206909179688 144.93234457416975 -12.57083611120478
v -143.40206909179688 145.91473986288884 -11.553536009611104
v -155.40206909179688 145.91473986288884 -11.553536009611104
v -129.1133575439453 169.28048031525373 11.107719067171155
v -119.55571746826172 174.87558182482917 -13.29836537088838
v -104.78520202636719 193.6936176432031 12.283935688138127
v -100.69908142089844 200.79732291398 -12.845899697124807
v -98.64309692382812 216.49281484358025 11.931813431775824
v -99.16632080078125 222.33558980718354 -12.46994785006266
v -100.28927612304688 227.65889085762396 -12.377029284594775
v -126.63195037841797 267.90776470821334 -11.674482578245097
v -126.86996459960938 270.76463996200056 12.87913166299072
v -126.66901397705078 271.17794487691276 -10.867287125040548
v -126.3947982788086 274.026669786879 12.185956359348824
v -92.08128356933594 291.9186819653779 -10.505256212502298
v -92.08128356933594 317.513316425084 12.945018599929146
v -138.19882202148438 304.8381661734432 -5.779060300613853
v -140.2249298095703 302.7715693027159 -5.504645530968667
v -140.2249298095703 302.53807146491835 7.872436637318321
v -128.7456512451172 311.71493319863794 1.342040172159604
v -138.19882202148438 304.59383248332125 8.218807431575625
v -136.16693115234375 306.6667231106268 -5.50282755606589
v -134.1012420654297 308.26138915899435 -4.668839502200427
v -132.98284912109375 309.12473424946967 -4.217317175350004
v -131.6205596923828 310.04331341589705 -3.3210070341027422
v -130.34144592285156 310.83832376472765 -2.1737942505796646
v -102.97555541992188 231.20894344661264 12.938768135839876
v -106.11653137207031 191.4707246856484 -13.758810320792664
v -119.05950164794922 177.33323874287458 11.7973753486521
v -123.56456756591797 174.74309545548596 -13.849788050456345
v -128.6148681640625 172.7412786431595 -13.335619771500927
v -182.42648315429688 184.39046806908664 11.37146488447888
v -190.61595153808594 198.60315336335594 -12.884199069094468
v -194.50746154785156 208.39384535099308 12.540529117237183
v -192.22027587890625 203.2990257537627 11.701514986563849
v -189.4481201171875 235.3874816725293 -12.79123635150595
v -188.95433044433594 234.71033141944787 12.249801366438472
v -184.1938018798828 245.40836959792017 -12.067210980740885
v -175.72488403320312 311.4398866103445 3.166466790931742
v -186.2777099609375 284.2319178447454 13.663298733115951
v -179.80166625976562 303.3413022350623 8.083569623289465
v -177.51821899414062 308.1096666397579 7.342213254130424
v -177.03717041015625 309.76093405082435 -10.943932789918136
v -175.58303833007812 311.71493319863794 1.342040172159604
v -175.7251434326172 311.50329733139284 -0.4925602429478215
v -182.42872619628906 297.52909368985866 -11.157440357610385
v -181.73886108398438 298.71581123248956 -2.3853934939230124
v -181.99058532714844 297.98925248869324 -0.716774021365935
v -181.73886108398438 298.5936443874286 4.613540372171727
v -187.15707397460938 264.54014491971253 -12.282374721695904
v -186.3409423828125 257.4085025061378 13.195094276784006
v -185.60865783691406 291.4560739469604 -12.013559557565952
v -170.14111328125 320.84105682238766 14.302313630936837
v -165.78125 326.42114725076317 -11.20223780818423
v -161.0128936767578 330.730816203827 14.47494002306431
v -150.08326721191406 338.9634253897071 -10.434201407532226
v -138.3207550048828 344.8890909168809 14.172978767176636
v -125.67391204833984 349.2231170024619 14.24862947390104
v -112.59373474121094 353.1550494861429 -10.936599933525013
v -105.80206298828125 351.6960069135414 14.291793927859269
v -105.80206298828125 352.682100584392 -10.743851162668848
v -92.08128356933594 351.5081380604013 13.538400418796785
v -91.87997436523438 353.43549382715184 -10.93170475934395
v -92.08128356933594 377.50417813446745 13.992162986166157
v -91.94154357910156 377.484830565614 -10.072508786852431
v -117.24494171142578 375.9716468572768 15.35142687256867
v -128.45346069335938 373.6660196937726 15.425365651218097
v -217.7097625732422 257.51272120094245 13.397902284399109
v -218.35386657714844 268.93770202899276 13.483142416067713
v -187.7081756591797 341.25562160493325 14.745456397739371
v -211.15284729003906 224.43255027479856 -13.069260603379405
v -105.80206298828125 377.484830565614 -10.072508786852431
v -139.65850830078125 371.79734194052 -10.49699859672098
v -211.63970947265625 302.97246823288845 -11.698341235964064
v -217.26083374023438 280.79118519911 -12.085516971509838
v -144.59417724609375 342.87545842468137 -10.915026738294394
v -187.2908477783203 341.31331693714543 -11.14329814403035
v -216.48171997070312 246.6352322744219 -12.795910259097472
v -195.1417999267578 332.98782403096817 -11.17442125166503
v -174.06280517578125 315.81253374791913 -11.38741184567474
v -159.31968688964844 166.06706825335522 -8.00895249051173
v -156.1601104736328 166.04533812292908 8.416586093200632
v -139.4949951171875 165.10021001027985 5.641077911661664
v -141.25784301757812 165.2164263373856 -10.593253119761872
v -104.87997436523438 365.8914731752956 0.2955247123948497
v -109.87997436523438 305.90058095298195 -0.7516202064473378
v -110.87997436523438 299.8534004800174 -3.8154949458039917
v -110.87997436523438 304.59383248332125 8.218807431575625
v -110.37997436523438 306.6085127417643 -5.380167558807943
v -110.87997436523438 370.8291854741111 -1.126649864342654
v -110.87997436523438 370.70701862905014 5.872284001752085
v -110.87997436523438 369.74222954905053 -2.595580896646917
v -110.87997436523438 368.3121275924847 -3.7331548918706576
v -110.87997436523438 364.82902788282667 -4.731915914376842
v -110.87997436523438 361.31319372639 -3.8553217369316424
v -110.87997436523438 359.84426218940087 -2.768350559566981
v -110.87997436523438 357.9147665534163 3.960474301949476
v -110.87997436523438 358.58450609681205 5.660684758408737
v -110.87997436523438 359.67149226017824 7.129632056547787
v -110.87997436523438 361.10159448304665 8.267190795306451
v -110.87997436523438 362.7773959105503 8.995843584221799
v -110.87997436523438 364.5846941927047 9.265951817812635
v -110.87997436523438 366.40031815898476 9.059081927298106
v -143.40206909179688 145.4171541520373 -11.696213976188405
v 106.04209899902344 292.69298422217327 -11.89098642100753
v 92.14845275878906 292.69298422217327 -11.89098642100753
v 92.12001037597656 316.4428741872276 -11.677419413160035
v 115.48530578613281 316.21225924303087 -11.480455948453853
v 115.57359313964844 289.8554335095024 -11.391405931545334
v 128.4091339111328 310.5468301814059 -11.78033524410128
v 125.26249694824219 280.97118274513053 -12.095591226864986
v 148.91041564941406 285.9294558303088 -12.210033111761918
v 104.39793395996094 231.20529326415283 -12.415147937576977
v 124.88706970214844 261.6506520536074 -11.883722223144169
v 152.52845764160156 273.17964470799404 -10.932353400658572
v 136.0731964111328 167.73733280318382 -14.072095429673713
v 128.6316680908203 172.2510953038136 -13.993307412154666
v 144.3762664794922 168.32614081628907 -14.061817747574706
v 160.5143280029297 170.01872356464173 -14.032273605805829
v 162.64210510253906 144.94281585825055 -13.17073557441957
v 136.6421356201172 144.94281585825055 -13.17073557441957
v 148.4921112060547 151.97606765811872 -14.54819819966223
v 136.6421356201172 144.54141104279822 9.82573090124728
v 151.94212341308594 153.56621837625647 8.483061529378393
v 161.1421356201172 144.51523190053712 11.325532956912015
v 161.1421356201172 165.7267529882871 11.69578143472495
v 155.21290588378906 168.38218472211202 11.54114330452076
v 92.32133483886719 317.5150623048539 12.844997214897328
v 92.12001037597656 292.9926146312612 13.917215312848617
v 115.48530578613281 315.76551108584147 14.11372883553634
v 116.16127014160156 290.57309183501405 13.874982385344822
v 142.3552703857422 297.8191804353241 14.00146333233885
v 126.87199401855469 267.48192583136205 12.721810337449895
v 125.93336486816406 264.34852231172346 11.91697180730856
v 149.61912536621094 285.72464647815633 13.589363593309402
v 128.11509704589844 274.2447227802902 13.589969643322718
v 149.59593200683594 265.8052300477277 12.516521821680064
v 214.4776153564453 297.926963509407 2.818535485109366
v 215.2550811767578 292.0266319361724 -11.989422856466636
v 212.8042449951172 303.0348022227431 -5.674790531734036
v 207.84767150878906 313.72907605395426 -11.285390958650707
v 209.6804656982422 310.68765733772847 -2.535258702313462
v 211.4224090576172 306.6448712255469 -5.609609464791383
v 217.5009002685547 280.3431529308391 13.582234487072094
v 213.4062042236328 301.1124781208279 7.120055536967771
v 207.4098358154297 313.0726033528344 14.1535291692529
v 212.80589294433594 302.7941713613115 7.850398323655243
v 209.6099090576172 310.71790200052885 4.72516399987848
v 209.18235778808594 311.7166782795001 1.24206455652301
v 209.29344177246094 311.50695549139897 -0.5849787367555781
v 209.29368591308594 311.4427691487375 3.0625278790917596
v 201.89149475097656 323.1123642988913 14.328773848430107
v 209.6255645751953 310.80393919797154 -2.25852895362112
v 170.6252899169922 356.21077707226084 14.906508792410218
v 170.41297912597656 357.7096722566941 2.0448752526380516
v 150.63746643066406 367.805341399137 -10.666700562614054
v 170.6252899169922 356.6605546876965 -10.861233538273384
v 158.8090362548828 364.5864395398695 9.165960945710966
v 150.63746643066406 367.3555637837013 15.101041768069548
v 153.48802185058594 367.2113817258146 8.70431693908997
v 151.51698303222656 368.10227369630616 8.289366768265767
v 117.48497009277344 375.9733916718364 15.251466513397151
v 148.25340270996094 369.48569928330767 7.283587791415143
v 145.13182067871094 370.7087637099123 5.7723083861154905
v 143.3948211669922 371.3540945219931 4.366456208872809
v 142.74253845214844 371.5955333577142 3.4199947410383436
v 142.4712677001953 371.7075399888836 2.2892089427600206
v 142.7424774169922 371.6350940931779 1.155310341442747
v 117.48497009277344 376.423169287272 -10.516275817286452
v 143.78956604003906 371.29554053936783 -0.20197291869555123
v 145.13182067871094 370.8309305549733 -1.2266254799792482
v 148.2511444091797 369.6622548097332 -2.778813027122864
v 151.5807647705078 368.24808190544263 -3.7325788299085065
v 153.48802185058594 367.4380049622911 -4.278919583285424
v 158.8090362548828 364.83077296368884 -4.831891530013436
v 187.94822692871094 341.7071440349285 -11.122246292115749
v 179.66749572753906 349.17498358654484 14.783698560295516
v 218.5229034423828 257.48371811741794 13.18322156818147
v 217.28858947753906 246.54422416858594 -12.783321237141525
v 217.7690887451172 246.02318364054221 12.657932345909686
v 214.90367126464844 235.33919015332873 -12.978905833400727
v 206.7925262451172 213.49254017918213 12.415352701000792
v 211.3928985595703 224.43429562196332 -13.169251475481074
v 194.9063262939453 193.88043255038713 11.747777240095141
v 178.2350311279297 178.62759412590052 -14.082994074730989
v 178.7180633544922 177.6036956768005 11.702105376971117
v 163.49839782714844 168.001465660411 10.809350764075356
v 162.48207092285156 167.0918343721388 11.280180519557886
v 141.64210510253906 145.57678962821464 7.807619967980413
v 155.64210510253906 144.9340899213345 -12.67082698330645
v 155.64210510253906 145.4188994992021 -11.796204848290074
v 143.6421356201172 145.4188994992021 -11.796204848290074
v 136.6421356201172 164.458436325398 10.17338387073201
v 107.72892761230469 189.3460999466799 -13.895901859695806
v 102.80455017089844 195.26078182750868 11.461185579672483
v 100.46849060058594 209.9677431617113 -13.535949738450896
v 107.32066345214844 242.0002884669948 12.277026702777569
v 108.39402770996094 241.7093532033288 -12.981897874248299
v 92.32133483886719 291.5190222307877 12.391234647527957
v 92.32133483886719 317.91646712030627 -10.151469260769522
v 144.27049255371094 297.93275844664737 2.8415130451077326
v 134.34129333496094 308.05546136187746 7.128756093335005
v 138.4388885498047 304.8399112543054 -5.879035916250446
v 140.46498107910156 302.77331464988066 -5.604636403070336
v 133.22291564941406 308.93403869411003 6.707623874359462
v 131.86061096191406 309.8833390597473 5.843917691622478
v 130.5814971923828 310.71790200052885 4.72516399987848
v 129.4663543701172 311.40930943197066 3.174860815639239
v 128.98570251464844 311.7166782795001 1.24206455652301
v 101.26939392089844 220.43446497437225 12.449719235985741
v 106.12745666503906 194.2460895918343 11.443474060816628
v 123.80461120605469 174.29809264546137 11.64440586143218
v 182.66651916503906 184.81979764026744 -13.22480977541945
v 185.9258270263672 188.65872964387546 11.345946330147683
v 194.74754333496094 208.84935273292203 -13.55547131600051
v 191.3695526123047 197.97354809929192 12.057662473583916
v 193.26661682128906 225.14968218671527 -13.06995914350266
v 191.25718688964844 230.1829270265457 -12.432993406634827
v 189.6881561279297 234.94247886250471 12.702957560382576
v 186.4302215576172 242.53103111623093 13.03640509621309
v 180.22560119628906 303.7580703866936 -11.14873450218053
v 186.5177764892578 284.6804108164943 -12.030846410045763
v 180.04173278808594 303.58342428218714 -5.787593166451987
v 177.7582550048828 308.32301096396344 -4.880274893744263
v 175.96495056152344 311.5054710792251 -0.5908649148135849
v 176.99424743652344 309.734764162738 -3.7616549967453947
v 176.3639373779297 310.8400688455898 -2.2737698662162593
v 174.30287170410156 315.36753093789457 14.106782066213785
v 184.59007263183594 290.69578358494095 13.127009731773022
v 180.99110412597656 301.1124781208279 7.120055536967771
v 181.97889709472656 298.59538946829076 4.513564756535133
v 182.2306365966797 297.927507570533 2.82058997092778
v 181.97889709472656 298.71755631335174 -2.485369109559606
v 184.25367736816406 248.4107407628099 -12.11482573436888
v 185.9438934326172 250.6297878163541 13.177769420251577
v 186.5810089111328 257.8569954778867 -12.499050866377708
v 170.3811798095703 321.2895497941366 -11.391831512224877
v 160.74559020996094 330.20297943277217 13.066465632168985
v 150.62318420410156 339.43458242766826 -11.075108789481956
v 144.83424377441406 342.43045561465675 14.579167173594131
v 132.32688903808594 347.7465479306111 -10.380912770558009
v 125.91395568847656 349.2248623496266 14.148638601799371
v 126.04853820800781 350.19420442182485 -10.887298888970873
v 106.04209899902344 352.2370977743674 14.750342749219676
v 112.72663879394531 351.849316518585 -10.309298678469473
v 92.12727355957031 353.04831466053247 -10.987390126409338
v 92.12001037597656 352.98347634064464 14.964359699085628
v 92.32133483886719 377.90732882968973 -9.104324874532512
v 92.18159484863281 377.04814864626843 14.944981617302075
v 194.8875274658203 219.86911271307272 -13.363120690053606
v 92.12001037597656 376.43373589661104 -10.630275026923023
v 139.89857482910156 371.79908728768476 -10.596989468822649
v 217.94984436035156 257.9682285828714 -12.698098148838584
v 218.5939178466797 269.389224458988 -12.384560273787407
v 195.38185119628906 332.98956937813296 -11.2744121237667
v 186.9829864501953 185.5511654069236 11.927634190167359
v 214.90367126464844 234.8894125378931 12.788836497282874
v 106.04209899902344 377.04814864626843 14.944981617302075
v 139.89857482910156 371.3493096722491 15.170752861860953
v 211.3404998779297 302.3256961150433 14.080124856128378
v 214.69862365722656 291.4339226204069 13.890008242596062
v 185.5515899658203 247.91581524415915 13.130396852790513
v 185.71592712402344 245.1785617830242 13.082617915901414
v 160.6355438232422 361.78865361990097 15.118054640199514
v 170.97239685058594 321.3007109615861 14.411334972288676
v 195.38185119628906 332.5397917626973 14.493330206916902
v 156.7616729736328 166.10817117499863 8.215320484467235
v 156.40016174316406 166.38271926897175 -10.91196681852557
v 155.64210510253906 145.91648521005362 -11.653526881712773
v 140.2415008544922 165.31142655016177 -9.420792786752344
v 140.5055389404297 164.9961357270749 7.164624834133196
v 147.34214782714844 153.91526677130474 -11.513907630214504
v 105.12004089355469 362.4089686291012 2.126901775935355
v 110.12001037597656 306.7293630122499 0.004841571910535025
v 110.62001037597656 308.046461070126 7.12504315323498
v 111.12004089355469 297.7188105473106 0.9977308664010407
v 111.12004089355469 304.8399112543054 -5.879035916250446
v 111.12004089355469 370.7087637099123 5.7723083861154905
v 111.12004089355469 370.8309305549733 -1.2266254799792482
v 111.12004089355469 368.3138726733469 -3.8331305075072515
v 111.12004089355469 366.40206323984694 8.959106311661511
v 111.12004089355469 357.9165119005811 3.860483429847807
v 111.12004089355469 357.7096722566941 2.0448752526380516
v 111.12004089355469 357.9797502436574 0.23756118141339044
v 111.12004089355469 364.83077296368884 -4.831891530013436
v -142.18939208984375 271.84380426198487 124.68104684994243
v -129.4973907470703 282.2004856035083 148.94302861601577
v -118.96199035644531 262.9112286112698 138.06932815524087
v -134.64625549316406 256.07073569826565 116.8614565472365
v -116.261474609375 255.7498779620804 135.24338394222053
v -123.71358489990234 261.9467814148925 142.09760438566994
v -142.0852813720703 270.7665146523057 160.83064651558396
v -154.00726318359375 272.81351994770705 136.62531937275736
v -159.85227966308594 270.87015172994563 143.20727354832752
v -139.27786254882812 246.526468068532 121.43484047043937
v -125.6584701538086 235.12323225390628 142.86734859056455
v -70.12527465820312 313.45981276447174 79.00424086419244
v -65.49948120117188 313.37147646764345 84.06502392008703
v -69.76008605957031 298.6916196744739 89.48448570824972
v -144.51226806640625 283.57481119894913 130.74509554301824
v -145.68441772460938 272.47219274581914 161.42666758919455
v -82.43006896972656 307.2016814068149 102.30494229220018
v -97.62019348144531 305.00258235849674 113.92293424904237
v -95.82717895507812 299.5968370454867 112.03527369974228
v -81.63737487792969 307.06606349441046 101.50976023139643
v -69.03501892089844 304.2864618471707 88.85696645490647
v -89.45579528808594 258.4987700629692 107.77439582863889
v -78.73388671875 259.3273334987296 97.58304991274234
v -84.72468566894531 265.9404187772887 103.87969050767362
v -119.80030059814453 241.89539925622074 138.3514285534926
v -115.28059387207031 255.58783975569582 134.25954066297192
v -81.51554870605469 286.26398567109953 101.02481388293126
v -63.81440734863281 192.02583419041906 80.26161257995234
v -61.678375244140625 208.50201285831142 79.63778113365622
v -74.81320190429688 173.1892133686287 91.64053389948498
v -70.70689392089844 244.6394385415045 88.78075346863865
v -61.99285888671875 228.40979776691432 79.07485583058443
v -76.68208312988281 174.92158560610676 92.8326926994962
v -125.71331024169922 226.37923637182902 143.99451854476948
v -127.24540710449219 213.34604113191259 145.2993306280756
v -128.17893981933594 198.94026491579865 144.75663378068023
v -61.60748291015625 217.30961738366952 79.72061530963347
v -112.46943664550781 305.261737385482 99.07595269663769
v -88.48045349121094 307.1864973515818 71.58082061525612
v -110.84205627441406 300.9711931538577 93.83734115934995
v -101.59034729003906 307.23286376074805 84.69352074724493
v -87.4197998046875 301.2833331773579 70.41698050860174
v -72.570556640625 297.7194526709813 63.989850697791105
v -145.150146484375 222.52348149828154 126.781362814278
v -133.6653594970703 255.9086985570914 115.8775522421276
v -104.52310180664062 264.37934480985274 86.8787263100282
v -99.90032958984375 286.5848440730412 82.64284834678455
v -98.11874389648438 265.4553573910384 81.19937470116808
v -92.99551391601562 250.68445438004895 75.8175372379927
v -93.80601501464844 288.1995084083561 76.76528675251858
v -80.78497314453125 192.32201113585717 63.29364673988848
v -91.24308776855469 178.16330404324574 72.28128000908313
v -86.90629577636719 184.5602331871898 68.05548621540338
v -122.40602111816406 263.1444267644477 104.74282937811954
v -122.41413879394531 256.8565943890046 105.34839376322027
v -93.92034912109375 175.16881479159395 75.42438292929619
v -78.97120666503906 222.58538054820477 60.701120215718866
v -83.12124633789062 234.28126079891825 65.65544672301374
v -144.6740264892578 198.85657000844333 127.306478067423
v -146.60157775878906 211.91285280899694 129.4622135905168
v -81.65498352050781 230.62907908857292 63.41802674977287
v -86.25526428222656 244.48573983288395 68.36852907019346
v -126.14236450195312 200.37746649120362 143.4520804610578
v -92.08299255371094 173.38278461804197 74.26281698681952
v 124.18608093261719 271.5254140855843 142.92160783954134
v 148.2636260986328 282.5238120978398 130.41966616155378
v 121.45539855957031 267.5694237298284 140.12145743847492
v 135.02772521972656 256.07320432326065 116.72002911599108
v 139.58885192871094 247.4865089288807 121.32148179310808
v 158.77439880371094 272.611540165398 140.75899007968428
v 123.29893493652344 258.4754231705069 140.39207723276255
v 142.7265167236328 270.5670759496509 160.5704733726248
v 129.0613250732422 223.70516369527473 145.54845852861473
v 77.78996276855469 313.58939027796436 71.5807500879901
v 88.52632141113281 299.0149461688054 70.96112325378776
v 63.05253601074219 297.54915110045107 73.74642113912553
v 65.97068786621094 293.8662857724038 83.67288542007843
v 70.47715759277344 306.86810650942476 89.8214197460177
v 129.37522888183594 283.15743310576426 146.54658390090793
v 145.26744079589844 272.54539969694963 161.84112480557934
v 130.0444793701172 283.3181242643537 145.45068017710764
v 160.9151153564453 272.7338158651943 146.4382891184746
v 144.8937225341797 283.577279291339 130.60369862470296
v 88.86192321777344 307.18896544397165 71.43942369694084
v 100.19941711425781 315.0541711975872 82.91593228879643
v 113.58079528808594 305.8330833233632 96.61212961651985
v 111.05790710449219 299.85846016486187 97.04689522902231
v 96.55912780761719 283.20497841467295 79.4263892534371
v 103.49092102050781 266.26374580422544 85.3562975402815
v 104.03974914550781 265.08509502695523 85.88463584135128
v 88.08546447753906 306.1045997322242 70.64394952858771
v 87.80128479003906 304.60978887410744 70.33357348751436
v 95.95372009277344 253.06152051996798 78.29473330330731
v 103.40385437011719 274.2364645736436 85.40841247319975
v 93.57933044433594 295.6970884619763 75.95692753582385
v 126.04988098144531 255.59664345395197 107.92198088336642
v 141.8520965576172 234.84602443140264 123.36443070001393
v 79.82273864746094 198.13789763927304 61.36851807859765
v 82.52934265136719 196.1321702539696 63.874574925303676
v 87.23094177246094 184.7834601481382 68.37882828227278
v 117.21131896972656 264.76760209064525 99.0526396829922
v 111.53569030761719 265.15768673140417 93.38301646065634
v 78.97386169433594 222.6482444408895 60.488470354711026
v 84.84754943847656 238.5473532270854 66.22632514014218
v 146.43275451660156 203.85468252687963 128.62971038998333
v 145.8221893310547 213.66606054754934 126.96543058514777
v 80.25367736816406 208.85183690289307 61.82061612390843
v 98.00166320800781 305.00505045088653 113.7815373307271
v 81.81465148925781 314.7333122630404 101.29792833787327
v 69.41648864746094 300.96494286780603 88.65754912643317
v 84.99342346191406 267.33897483529216 103.64991328961496
v 79.15504455566406 282.8321692459256 96.66661871417425
v 85.10615539550781 265.94288686967855 103.73829358935835
v 85.65495300292969 264.7642366250135 104.26660137749798
v 76.45768737792969 254.7704583277463 94.18626218459129
v 81.89701843261719 286.2664537634894 100.88341696461598
v 69.09562683105469 241.33155316375803 86.58850322723248
v 92.63557434082031 259.2971028711783 110.96337490111387
v 86.51979064941406 264.0609545003009 105.11929492785963
v 118.09297180175781 245.20704638228273 136.17869975619695
v 68.67738342285156 181.93649856136764 85.73303019774534
v 76.97111511230469 173.4315860783159 92.57279283696604
v 62.09587097167969 204.04421027201968 79.64405863493131
v 104.40272521972656 262.8260364548958 122.98339799595097
v 63.65168762207031 230.31068877902106 81.6585953676043
v 127.18186950683594 204.64205966019972 144.04316894489375
v 123.65681457519531 234.52847204294537 141.5569948504868
v 126.78590393066406 199.6460395608018 142.85273720170161
v 109.74647521972656 260.0133102583746 128.27886568055004
v 65.86766052246094 239.5460034741473 83.16292897592544
v 93.94169616699219 173.72776355635915 75.60479648397202
v 112.85090637207031 305.2642054778718 98.9345557783224
v 143.6421356201172 165.13148521915429 8.484906599647237
v 158.3998565673828 145.59086318740952 7.001346301695852
v 155.64210510253906 165.62533699363263 8.493526814435672
v 140.48695373535156 145.5989848837524 6.536054629837947
v 158.59730529785156 166.456613825048 -9.939749688376152
v 155.64210510253906 165.97089496065394 -11.303475857418965
v 140.84608459472656 165.75646287757343 -10.125886516975747
v 139.60813903808594 145.34849681758845 -7.762837919942445
v 157.1421356201172 142.03315284235885 -18.372318531194946
v 163.32127380371094 144.92927824750205 -20.07203304828475
v 163.2353973388672 144.4411273632852 15.570979052738407
v 138.96461486816406 144.61730078266828 -23.171333633353708
v 142.91712951660156 141.98267437116465 -15.48040885330096
v 142.1421356201172 141.9790502592383 -15.272783620095037
v 157.1421356201172 141.509580898899 11.623098020560784
v 134.72608947753906 143.9812761799693 13.266491451490248
v 141.3671417236328 141.50595652067008 11.83073851023178
v 158.4844512939453 141.49605485782598 12.398004394651107
v 134.59214782714844 137.48226616145277 13.153050809647905
v 157.69212341308594 137.3600993330357 20.15198372221358
v 134.59214782714844 138.00758316913084 -16.94234040421535
v 164.69212341308594 138.00758316913084 -16.94234040421535
v 160.81065368652344 141.9007536230909 -18.463601859308977
v 161.69212341308594 138.00758316913084 -16.94234040421535
v 160.81065368652344 141.31997350901176 14.80926859219339
v 161.69212341308594 137.48226616145277 13.153050809647905
v 139.1172637939453 141.91621488507428 -19.349376965099456
v 137.5921173095703 138.00758316913084 -16.94234040421535
v 140.6326446533203 141.1263153505683 16.798012975767154
v 141.59214782714844 137.41245655234755 17.152440636744405
v -139.3680877685547 145.1373225931763 4.33532529403592
v -143.40206909179688 165.62359217907306 8.59348717360719
v -157.2334442138672 145.0745934206491 7.929077181246901
v -158.51058959960938 165.41259703474844 7.044799640870298
v -140.8391876220703 166.44691238642093 -10.23465691078855
v -143.40206909179688 165.96914961348918 -11.203484985317296
v -157.69442749023438 165.7044186451983 -10.463149891854941
v -158.55723571777344 145.88668275477391 -9.94614536223734
v -140.50364685058594 144.98328281462614 -23.165952626707988
v -141.90206909179688 142.03140749519406 -18.27232765909328
v -135.00869750976562 144.5507046302541 -19.356042616788386
v -157.4520721435547 144.98425322125848 -23.221547185441352
v -134.85206604003906 144.34549475618638 13.372900769862738
v -159.13438415527344 144.980387839187 -23.000099594877465
v -155.35208129882812 142.00435619531186 -16.72255972677879
v -161.6318359375 143.88446402099947 18.81285632426344
v -156.1270751953125 141.50421117350533 11.93072938233345
v -141.35208129882812 144.23205466359312 19.871879321920066
v -142.6770782470703 141.50421117350533 11.93072938233345
v -164.45205688476562 137.48052028168283 13.253072194679724
v -141.35208129882812 137.35835345326575 20.252005107245395
v -164.45205688476562 138.00583835457127 -16.842380045043832
v -134.35208129882812 138.00583835457127 -16.842380045043832
v -137.85208129882812 141.87127737183818 -16.774908556021373
v -137.35206604003906 138.00583835457127 -16.842380045043832
v -159.04103088378906 141.9257029799985 -19.89294955925728
v -161.4520721435547 138.00583835457127 -16.842380045043832
v -157.4520721435547 137.4107112051828 17.252431508846072
v 235.06263732910156 266.2417225960653 94.59956951255005
v 215.64317321777344 280.85776769701295 71.18897975094502
v 236.7555694580078 272.08471730118185 92.15145783692313
v 194.0863800048828 295.4476560443244 49.88357028230912
v 154.08509826660156 328.03697389279057 10.445042932218595
v 172.52955627441406 310.0375297010638 28.578128127382357
v 152.59092712402344 323.5321857768788 8.872012816421956
v 45.10612487792969 322.99108470837496 112.51797395614904
v 7.8327789306640625 322.3405747261719 149.785665876987
v 9.32696533203125 326.8453933550138 151.3586965253888
v 111.27366638183594 324.14586700305176 46.36054060223366
v 150.0411834716797 329.30119549758933 10.665886004500987
v 80.74430847167969 323.6130567731396 76.88521823037779
v 75.63548278808594 323.52389493828707 81.99329632800492
v 70.68626403808594 278.32792093526797 216.12380366301738
v 94.34837341308594 263.7859207364363 235.29236382344376
v 91.79869079589844 269.55487107204203 237.08625123606532
v 27.572647094726562 307.50768290603094 173.51295394651285
v 9.128204345703125 325.5071276470069 155.37983728488987
v 49.12947082519531 292.91780981518457 194.81836368145133
v 56.96199035644531 314.9669416985197 124.2355834782315
v 73.78230285644531 315.26049662867183 107.41783279329627
v 37.71983337402344 314.63112041988893 143.4747716457808
v 38.31748962402344 316.4330658596207 144.10400253246272
v 102.87187194824219 305.0900473132555 108.91207034687325
v 142.3716583251953 316.45754593758375 38.83892381560416
v 142.9693145751953 318.2594913773155 39.46815470228609
v 106.30918884277344 315.82816959564957 74.89587029632122
v 123.72715759277344 317.92366996553346 58.70735049806791
v 100.71580505371094 314.72035936901176 89.73847711868264
v 146.1631317138672 317.9765364749582 37.24470765055562
v 149.24864196777344 315.27441459594297 35.694810623049335
v 181.60255432128906 297.021237651294 63.59225915138423
v 206.4357452392578 280.2138838704961 88.13582888700734
v 202.5184783935547 282.8651223062056 84.26430391519726
v 205.7732391357422 275.75309373620803 101.53969413112083
v 205.1755828857422 273.9511940658715 100.91046404334668
v 165.57728576660156 273.6883465663272 139.27630590196264
v 169.7107696533203 275.12371752742513 137.59663298360536
v 185.9334259033203 273.6153726540894 120.14965983912849
v 186.5310821533203 275.41727232442594 120.77888992690265
v 137.18385314941406 274.5560445604474 170.1185954805804
v 136.5862274169922 272.75414489011087 169.48936539280626
v 120.36360168457031 274.2624901629004 186.93631565258548
v 100.52375793457031 272.1247685481767 205.5463118735233
v 41.89268493652344 309.10414342658163 161.69605971118136
v 197.7892608642578 265.59121314646745 131.86723092045787
v 236.5568084716797 270.74649736257015 96.17259939533193
v 131.6217498779297 264.4364303191855 198.02469478730342
v 95.84257507324219 268.29069497033595 236.86542421915576
v 162.1510772705078 264.9692410817028 167.49998664622913
v 167.2599334716797 265.0584023839501 162.39193906153216
v 234.68101501464844 269.08780283560685 93.2896964792143
v 151.13694763183594 325.69200156406936 10.638003111995447
v 96.76564025878906 313.6594771907311 90.17159674145725
v 99.41505432128906 309.96833883802645 98.22537800155801
v 83.65122985839844 324.34299328091305 78.39092352160002
v 97.81489562988281 314.47730026662003 86.83288319258278
v 87.26191711425781 311.04653684849006 106.68167082995386
v 98.09861755371094 309.65222562336504 100.38110858291772
v 9.362060546875 323.21768792966225 152.39133628964302
v 88.69508361816406 275.42764635903336 207.32340294516257
v 92.99037170410156 266.6660014767638 234.69162724417725
v 139.48606872558594 275.02446064003055 166.59037494900988
v 139.4020233154297 274.9334521974847 166.9308489865733
v 146.18641662597656 276.9544720111603 154.69893784224672
v 149.6221466064453 279.0443753129993 145.45046427840592
v 96.83506774902344 311.8817970492446 97.88326258245367
v 166.51698303222656 275.40667296238763 139.8200495224057
v 146.6333465576172 277.24524231184165 147.08456664528728
v 96.58247375488281 311.12020882380745 97.61733653924044
v 151.28294372558594 326.1936261437641 10.439131553742323
v 152.03001403808594 328.44601993541744 11.225661868105718
v 9.154464721679688 323.713142544685 152.545941770713
v 9.90155029296875 325.96553686894345 153.33244157214622
v 235.23512268066406 269.37392954405703 93.41232350160595
v 235.98219299316406 271.62630861185045 94.1988230367366
v 93.10664367675781 266.8934462279244 235.51911750858247
v 93.85374450683594 269.14582476311267 236.3056475566433
v 93.07814025878906 266.80984348413386 235.4755375442664
v 93.05198669433594 266.7380296953347 235.40792870883965
v 9.138763427734375 323.5893748197537 152.5039804132807
v 93.03636169433594 266.69808298432605 235.35070427235692
v 9.1700439453125 323.4597101102258 152.46237395700152
v 93.01509094238281 266.65645451611226 235.19922836653677
v 92.99382019042969 266.6148402391531 235.04781375287953
v 151.1703643798828 325.81527090030124 10.544147121838531
v 151.2037811279297 325.93854076913834 10.450260618751463
v 151.22349548339844 326.00366333532105 10.438700091020356
v 151.25315856933594 326.101485025386 10.42133118321684
v 234.9320526123047 269.11711376696724 93.31187888445795
v 235.1266326904297 269.2175740285404 93.35492899771762
v 235.19300842285156 269.2900897909628 93.38232179120665
v -123.80461883544922 276.49516577394024 -141.7952757007715
v -145.34715270996094 279.3192941094969 -126.51663296086886
v -135.9382781982422 262.1755394695897 -117.40558582516677
v -142.721435546875 277.23894415008647 -144.76428403783655
v -143.58685302734375 275.7860422276618 -159.54457732983357
v -135.7301483154297 277.8792609366784 -153.59078751677592
v -144.1830596923828 271.3341384326634 -126.1989669168905
v -121.81278991699219 255.28873382890606 -138.7588648743426
v -161.26351928710938 278.3130716111617 -142.92674610000154
v -139.20738220214844 251.71707054156366 -121.04723067406036
v -126.94793701171875 232.5335534932195 -145.51692061356528
v -62.671051025390625 300.08887036490677 -71.75399807444043
v -87.60955810546875 302.46541028861077 -68.36622634078813
v -65.58921813964844 296.7546768800476 -81.80293031146435
v -62.671051025390625 316.086433487409 -71.4747595714439
v -144.51226806640625 288.10980021071447 -129.06425093693576
v -161.20291137695312 277.9479236061787 -144.1667824063753
v -160.53367614746094 277.8255613019287 -145.26761158563423
v -129.6630096435547 288.36895523769977 -143.91123248934045
v -145.68441772460938 278.08471632891394 -160.1145931380389
v -100.02214050292969 310.2455848471385 -80.64489607057355
v -83.88426208496094 315.963026204891 -64.40476109102973
v -112.63507080078125 309.6758531231979 -93.26969237565838
v -87.4197998046875 307.0261005897425 -68.09683198917236
v -97.21371459960938 283.27032756497834 -79.01412774991212
v -103.10945129394531 269.2277021354628 -84.44864695155321
v -103.65827941894531 268.068208101196 -85.01779772211995
v -88.14488220214844 301.4565670161451 -68.91924140716361
v -88.92997741699219 300.8561045588666 -69.71493732520447
v -99.90032958984375 289.43925497039766 -80.88624244118591
v -134.64625549316406 260.1379469037336 -116.14891735821817
v -137.99560546875 246.40368357756668 -119.92800723697107
v -122.40602111816406 266.78439487951545 -103.79080427129956
v -95.57225036621094 255.78707425233355 -77.85213544648873
v -86.44502258300781 244.25931840628556 -68.40700178507012
v -77.36305236816406 218.64560278645362 -60.99568572915047
v -83.27238464355469 194.03181721412844 -65.92110761323954
v -77.39480590820312 212.4270725648201 -61.135988954920876
v -141.47064208984375 239.15558444064948 -123.53009687519358
v -145.4407196044922 218.1141955026938 -127.86805032351917
v -145.14950561523438 203.71962969349497 -129.05299095294507
v -143.82003784179688 205.0980862493987 -126.99204435934386
v -143.9086151123047 231.09391358776264 -126.10915825748319
v -81.65498352050781 232.84663986185004 -63.625944865150146
v -97.62019348144531 308.93743292212 -111.50450356371094
v -80.81805419921875 318.94224558410644 -97.0255510099742
v -92.457275390625 304.5283811093028 -109.95382032149976
v -70.09567260742188 309.9631580126064 -87.4939621164819
v -71.15634155273438 310.38352452821135 -88.54745510659654
v -69.03501892089844 304.02297191992966 -86.53681793547709
v -69.76008605957031 301.7774254180868 -87.3012069433103
v -117.71150970458984 249.95750614442247 -135.97495774525572
v -114.3488540649414 260.7154206290221 -132.61350702816782
v -79.51266479492188 283.73953223321377 -97.18061136036314
v -84.72468566894531 269.54856107000967 -102.83064300063006
v -85.27351379394531 268.38906676944026 -103.39977851473172
v -72.15351867675781 251.48053365791424 -90.57292439765455
v -80.621826171875 258.20677845261355 -98.2179148187322
v -92.76947021484375 268.72330369637916 -110.89104265274784
v -78.53720092773438 294.76022117350493 -96.20214456791713
v -65.65536499023438 189.65298946095797 -84.73872173504982
v -76.77742004394531 177.43675607343832 -95.07555380856485
v -65.78273010253906 194.76014652579758 -84.48400815756456
v -75.04679870605469 176.56259590113316 -94.5848606384476
v -60.42424011230469 212.72324951025817 -78.10395479498473
v -63.22032165527344 228.69189279919408 -81.32894381041592
v -127.24547576904297 218.4143693546519 -145.54324558969827
v -127.7034683227539 203.6193381430704 -145.55232562156448
v -123.27533721923828 239.47313642965287 -141.72263814096885
v -62.01275634765625 215.700884993816 -80.34795344146339
v -122.41413879394531 260.5215270402275 -104.61545720465641
v -71.21788024902344 184.2686489212047 -90.1031312628349
v -75.92127990722656 178.68367457586334 -94.90471820941464
v -93.56021118164062 176.40776809508685 -77.93256070999767
v -92.49087524414062 176.11819857764698 -76.16091634223328
v -77.37893676757812 215.53635279895065 -61.06582944750055
v 94.20695495605469 271.9840800088941 -234.37986633852043
v 70.54487609863281 285.8482479794007 -214.7154441461096
v 91.65724182128906 277.8121218236687 -235.9713275001851
v 48.98805236816406 299.6857002271379 -192.91381834053715
v 8.986770629882812 330.8787810714452 -152.3619812949198
v 27.431228637695312 313.52313721840994 -171.1121928012673
v 7.4925994873046875 326.3218389250966 -150.94710900809952
v 111.13221740722656 325.71363081930645 -43.45658827708975
v 149.36375427246094 324.9550251132763 -5.525224080731114
v 149.89976501464844 329.6200933798748 -7.603761435763431
v 7.69134521484375 327.5189230961863 -146.8817135518431
v 44.96473693847656 326.86841311398325 -109.61402163100512
v 9.185516357421875 332.07589575546507 -148.2965853060582
v 75.49403381347656 326.3356028840711 -79.089344002861
v 80.60292053222656 326.2464410492186 -73.98126590523387
v 215.5017547607422 283.31840148395827 -69.78063549050233
v 235.69422912597656 270.25591055996074 -90.5271938282565
v 236.61412048339844 275.28227532822626 -91.03651884457783
v 193.94493103027344 297.15585373169546 -47.9790096849299
v 153.9436798095703 328.3489343263441 -7.4271583363765235
v 106.16777038574219 318.3968687066892 -72.26480321610343
v 145.4240264892578 317.4071431607591 -33.99563859860089
v 142.82789611816406 319.5902996829641 -36.7738020662163
v 94.49034118652344 309.9967117914422 -111.65167316827015
v 85.59962463378906 317.67413581474193 -96.31370269916965
v 95.52824401855469 309.47834952842834 -112.22503140556675
v 37.57838439941406 319.59391814875244 -140.84371982202808
v 38.17607116699219 321.4167257332641 -141.40968040932307
v 73.64085388183594 318.96454167366693 -104.78676571307848
v 57.41822814941406 321.08090378887687 -122.17045410061111
v 35.95793151855469 321.1507979521103 -144.60861058148515
v 34.45542907714844 318.4763039014374 -147.74130483466428
v 62.66719055175781 301.2801431799796 -180.40027517604375
v 100.97999572753906 281.1024870604283 -204.9268441613006
v 87.50038146972656 285.33958674864664 -205.51549233290984
v 100.38233947753906 279.27972551161446 -204.3608980315629
v 138.74696350097656 278.99534704833934 -164.7615480869341
v 137.04246520996094 280.4731107184941 -168.86989768058353
v 119.62449645996094 278.9439038335298 -185.121686979316
v 120.22215270996094 280.76666538234366 -185.6876331090537
v 129.17320251464844 287.88144492846675 -146.2520979749731
v 139.26060485839844 280.7390384996479 -165.67096750842146
v 129.90306091308594 288.36895523769977 -143.91123248934045
v 145.85084533691406 287.95660147545135 -128.3975878580211
v 169.56935119628906 279.9054377515164 -136.34793518360848
v 168.9717254638672 278.08267620270254 -135.78198905387077
v 186.38966369628906 279.6118829545155 -119.53019212690579
v 185.79200744628906 277.7891214057017 -118.96424599716809
v 205.63182067871094 279.2760612764309 -100.29098107465889
v 207.25230407714844 277.7192122523058 -96.52610503906173
v 206.7533416748047 280.57974195412095 -87.83995601540956
v 152.71913146972656 315.1140332728833 -33.67707459892773
v 160.54518127441406 312.63298147421585 -40.4709366389446
v 180.8634490966797 297.38415680489993 -61.0584839889985
v 131.48033142089844 271.33356989353985 -197.11216678944993
v 95.70115661621094 276.5410088058358 -235.79473885835552
v 197.64784240722656 270.178787598863 -130.95473343553456
v 236.41542053222656 274.08520641360167 -95.10191403453167
v 167.11851501464844 270.71159809507776 -161.47942632014374
v 162.00965881347656 270.8007596636277 -166.58748916130583
v 147.0843048095703 287.568853091476 -128.34372362768514
v 143.6593475341797 283.4867275027344 -145.10820894181592
v 92.84764099121094 274.7997761883028 -233.94903773265693
v 9.220657348632812 328.4864383056836 -149.45517059466857
v 76.98674011230469 327.14232401499066 -81.98262682550921
v 97.06910705566406 313.39327054224157 -97.98882792089975
v 112.70948791503906 308.6782778951348 -96.65752201130626
v 105.50529479980469 314.40659883997205 -85.81615173901992
v 106.36640930175781 312.838203022478 -97.02589538103365
v 150.9955596923828 326.0121247045643 -7.701839324079129
v 234.2703094482422 272.37329775709867 -92.27915767158143
v 166.03355407714844 280.3523232668226 -138.64267051386378
v 166.3755645751953 280.26581746844244 -138.56015278778878
v 137.7619171142578 287.6489042806106 -144.99880911483854
v 146.70155334472656 283.5896933521593 -148.63162203475673
v 96.69364929199219 315.2551491377062 -95.37594913255396
v 99.22999572753906 313.0918955780359 -96.67745114265185
v 9.013046264648438 328.9869872892236 -149.59242129048368
v 9.7601318359375 331.2654582292466 -150.29984980566132
v 151.1415252685547 326.50650345712967 -7.485597724106085
v 151.8885955810547 328.7849743971527 -8.193026239283695
v 92.96522521972656 275.0976260693022 -234.49803081579773
v 93.71232604980469 277.3760817528601 -235.20545959727792
v 235.0937042236328 272.61714248686695 -92.39122155235613
v 235.84080505371094 274.8955981704249 -93.09865033383633
v 235.0515899658203 272.5323067620918 -92.36416408337485
v 234.9851837158203 272.4588791796066 -92.33931874044701
v 151.10169982910156 326.3817671896841 -7.472071318060545
v 234.92869567871094 272.4176733899597 -92.32441061005504
v 151.06236267089844 326.25196187238953 -7.505622360780129
v 234.7779998779297 272.3730431589688 -92.30391564154958
v 234.62730407714844 272.3284276518377 -92.2833898938114
v 9.1246337890625 328.60861526869763 -149.48644456508774
v 9.028640747070312 328.73079249801424 -149.517733791972
v 9.015945434570312 328.7960375633877 -149.53631229363765
v 8.996841430664062 328.89404380114644 -149.56425393173814
v 92.86927795410156 274.83384674582675 -234.19953412769908
v 92.91056823730469 274.9384232465097 -234.39230319510395
v 92.93672180175781 275.0125533352233 -234.4573950928997
v 142.42942810058594 276.17430710569596 -123.41329490815973
v 116.50154113769531 260.4588057051292 -134.53090577906246
v 134.8863067626953 260.1379469037336 -116.14891735821817
v 161.32826232910156 277.8920435800954 -144.46789811317507
v 151.2821502685547 276.885961212377 -132.36259551929277
v 123.95362854003906 266.8911424829517 -141.1646514920653
v 139.2401580810547 254.97474254703852 -120.70124600425137
v 142.32533264160156 276.3592767192187 -159.57847770782763
v 145.38328552246094 232.2160016373674 -127.32438697602252
v 70.36534118652344 316.1708668535008 -76.311943875199
v 65.73954772949219 316.2838848731353 -82.7867418836415
v 70.41270446777344 299.8656823388847 -75.62489210024955
v 65.48069763183594 297.2574430793591 -82.67047814869558
v 83.44947814941406 296.20780973164364 -64.78186693209068
v 88.72050476074219 309.6422993443621 -69.11198132387013
v 145.9244842529297 278.08471632891394 -160.1145931380389
v 143.47279357910156 283.5300070509983 -145.16585777548795
v 81.87742614746094 310.5664435153828 -99.02687686318532
v 70.33573913574219 309.9631580126064 -87.4939621164819
v 70.49830627441406 247.98360264242754 -88.5489291978726
v 80.24922180175781 265.70414525149135 -96.7670835739292
v 86.37840270996094 267.7159713746425 -104.27648156294876
v 84.87767028808594 277.5182410605909 -102.60443654474078
v 78.77723693847656 294.76022117350493 -96.20214456791713
v 123.51539611816406 239.47313642965287 -141.72263814096885
v 115.52064514160156 260.2625300401567 -133.5532863694763
v 109.60502624511719 264.47905007818827 -127.56319724952876
v 68.21818542480469 247.1866097120226 -86.36420267533407
v 68.53596496582031 184.96497228701367 -87.76811334427912
v 75.05326843261719 176.42671625133687 -93.83588203033855
v 92.37663269042969 263.65910370686316 -110.34646865283044
v 60.41508483886719 218.92607862109733 -79.05318760233251
v 63.66886901855469 202.79789732418604 -81.98943777512189
v 127.48545837402344 218.4317473585459 -146.06058396106192
v 98.40736389160156 318.6394595410279 -79.67895021967853
v 111.08210754394531 304.20752270736114 -91.57185478535307
v 89.78114318847656 310.06266559366446 -70.16545905751968
v 125.54649353027344 259.0216734941794 -107.53439655252527
v 133.90541076660156 259.94167123876116 -115.17129794863199
v 100.14036560058594 289.43925497039766 -80.88624244118591
v 98.69776916503906 277.42173233317016 -80.36042341302272
v 95.85163879394531 256.5186390145869 -77.17150909127898
v 104.76313781738281 267.3951127063982 -85.89450077033699
v 93.43791198730469 298.31508177995534 -74.02780920077711
v 145.4621124267578 222.50794864921966 -127.57266532198884
v 143.6150360107422 204.36099706020974 -127.26699703004246
v 86.81309509277344 184.64599264983354 -69.49378216923667
v 91.48313903808594 180.72214889330198 -74.31484326970556
v 82.07099914550781 194.82349403348084 -64.57329965919938
v 93.83897399902344 178.37515690217342 -77.22975252130935
v 78.72358703613281 212.46690352027403 -60.917380264711696
v 81.89503479003906 232.84663986185004 -63.625944865150146
v 98.17848205566406 314.1342644027476 -94.43072192009286
v 127.03684997558594 209.6398559971553 -145.76538552265293
v 89.52684020996094 180.04748106693492 -72.59481901356176
v 80.05601501464844 200.3738821300026 -62.76770671232001
v 78.45231628417969 224.81176754847013 -61.19610049693093
v 76.31623840332031 258.04957711486077 -93.67432731190056
v 62.91111755371094 316.086433487409 -71.4747595714439
v 72.81062316894531 299.91610043568414 -61.856015458325665
v -7.7717437744140625 327.3132744351152 -147.20578654405827
v -27.191177368164062 313.52313721840994 -171.1121928012673
v -9.067153930664062 330.673101897444 -152.68605481974018
v -48.74800109863281 299.6857002271379 -192.91381834053715
v -91.73764038085938 277.60644238336494 -236.2953857685404
v -70.3048095703125 285.8482479794007 -214.7154441461096
v -90.24345397949219 273.0495138527258 -234.8805285051704
v -197.72821044921875 269.9730931683967 -131.27880722665753
v -235.0015869140625 269.3225831861937 -94.01111530581956
v -236.4957733154297 273.8795117168328 -95.42597256918955
v -94.28733825683594 271.7783853121253 -234.70392487317832
v -131.56069946289062 271.12787546307356 -197.4362405805729
v -95.78152465820312 276.335314109067 -236.11879739301338
v -162.0900421142578 270.5950652331614 -166.9115629524288
v -167.19888305664062 270.5059033983089 -161.80348485480164
v -172.1480712890625 310.99329075625536 -26.177386052718184
v -151.6326446533203 324.06141605083565 -5.753729878035529
v -154.0240478515625 328.1432551523429 -7.751231861196893
v -235.6670379638672 269.4023739121237 -93.05144672065443
v -193.70489501953125 297.15585373169546 -47.9790096849299
v -236.69451904296875 275.0765958879225 -91.36057711293313
v -169.0520782470703 277.87698177223626 -136.10606284499374
v -186.4700469970703 279.40620364736304 -119.85425802349361
v -207.33267211914062 277.5135178218395 -96.85017883018469
v -205.71218872070312 279.0703818361271 -100.61503934301417
v -100.46272277832031 279.0740310811482 -204.68497182268587
v -101.06039428710938 280.8968078864271 -205.25091768612097
v -136.52516174316406 278.444654739214 -168.6280253419688
v -120.30253601074219 280.56098620834246 -186.01170663387407
v -139.3409881591797 280.53335905934415 -165.99502577677677
v -97.86659240722656 281.2571873370506 -207.46312003383622
v -93.585693359375 280.36616939283607 -207.7858637616136
v -62.427154541015625 301.2801434462822 -180.40029043250883
v -38.25645446777344 321.21101578003015 -141.73373921028355
v -37.593963623046875 317.22071513408025 -155.28507300934015
v -37.658782958984375 319.38823897475123 -141.16779334684844
v -74.31890869140625 320.5816393049447 -105.67678510133396
v -57.49861145019531 320.8751939687942 -122.49452052980412
v -106.8458251953125 320.0139663379669 -73.15482260435891
v -123.06845092773438 317.89763460253585 -55.77112605598857
v -142.90826416015625 319.3845897297301 -37.09786086717677
v -145.50439453125 317.20143347382776 -34.31971265602643
v -154.13929748535156 314.1989122970563 -34.87117552753921
v -207.69122314453125 279.6730679845324 -89.5162369901118
v -202.1370391845703 285.78085523321175 -82.77792359852779
v -180.6234130859375 297.38415680489993 -61.0584839889985
v -45.04510498046875 326.6627641866096 -109.93807936675523
v -9.265899658203125 331.87021631516126 -148.6206435744135
v -111.21261596679688 325.5079818919328 -43.78064601283987
v -149.9801483154297 329.4144142058736 -7.927834960583802
v -80.68328857421875 326.04079212184496 -74.30532364098399
v -75.57443237304688 326.1299539566974 -79.41340173861111
v -9.371429443359375 328.22952261174385 -149.76759382105308
v -92.93276977539062 274.5970465728321 -234.36078065258778
v -143.9956817626953 279.69991841188903 -156.69583811584388
v -142.24351501464844 286.2972566284819 -144.3657317637062
v -145.0194549560547 279.37810541293675 -156.65113949174238
v -145.5871124267578 287.5081158063139 -136.93479144153181
v -234.70767211914062 272.12273322137145 -92.60746368493436
v -151.03933715820312 325.6456514519854 -8.345738628722236
v -104.54365539550781 319.6689681930053 -76.69721081180558
v -95.91586303710938 317.18595746381953 -86.73793944400757
v -92.48501586914062 315.27492761211863 -96.51605164156571
v -146.2518768310547 282.3567945361979 -145.75606416170615
v -94.49971008300781 316.94426326845405 -96.07970099033872
v -77.51271057128906 320.22129036725136 -103.46458222101354
v -93.04559326171875 274.8919313725333 -234.82208935045563
v -93.79269409179688 277.1703873223938 -235.5295333884009
v -235.174072265625 272.4114477900981 -92.71528008701402
v -235.92115783691406 274.68990347365605 -93.42270886849421
v -9.093429565429688 328.78130784891977 -149.91647955883897
v -9.84051513671875 331.0598095681755 -150.62392279787647
v -151.2218780517578 326.3008240168259 -7.809655992461378
v -151.96897888183594 328.5793257360816 -8.517099231498886
v -151.19210815429688 326.20808729142493 -7.795082676702849
v -151.1621856689453 326.11126670702777 -7.8070891989509885
v -235.1124267578125 272.3007172902142 -92.67967055610521
v -151.1427459716797 326.0462824320857 -7.8296806291354235
v -235.00906372070312 272.21199394965595 -92.64846887841034
v -151.1093292236328 325.9263334683943 -7.927797271622637
v -151.07591247558594 325.8064455305631 -8.025912848899498
v -92.95405578613281 274.64393558237833 -234.51068095785953
v -92.975341796875 274.6908245919246 -234.6605812631313
v -92.99203491210938 274.73717633250794 -234.70888245342394
v -93.01708984375 274.80687416122214 -234.78146861772007
v -9.185165405273438 328.3970591253615 -149.8078126279231
v -9.087554931640625 328.59081102358954 -149.86008795654394
v -9.077224731445312 328.6883338479125 -149.88831273269864
v -0.8755185604095459 71.3788501482997 141.31415757645553
v 0.0057985782623291016 93.72637406788687 137.3323228561621
v -1.312743902206421 109.93479206617852 156.39828447784234
v -1.004058599472046 114.92698312940672 138.27482522763236
v -0.9887082576751709 59.84623883951113 144.84383105782265
v -0.6978452205657959 79.58430423696399 154.75338518575074
v -0.9850614070892334 60.140438116839704 144.72867822946003
v -1.552001714706421 27.873801521286396 162.85242065581426
v 2.1862337589263916 33.4356964088459 172.88613691844586
v 1.738586664199829 139.68074579329505 172.46946173474447
v 1.677612543106079 120.13974045956627 157.3944387153187
v -1.278991460800171 141.3139213490452 157.76403541754638
v 2.059997797012329 37.31970472501493 172.96342494832362
v 1.5127413272857666 92.56475219749748 153.85103414475242
v -1.192077398300171 138.88117603007368 172.8372161610734
v 0.011902093887329102 100.49951172328949 137.2486133611433
v 0.3466036319732666 88.70886374808518 137.65535740499973
v 1.2310335636138916 69.51937161512384 141.79172666788767
v 9.762222290039062 142.00713277984693 140.35490302843533
v -5.829986572265625 136.44372818356726 137.87602199325136
v -8.185195922851562 163.10698848685377 139.13302488530817
v -9.488922119140625 163.30052670540377 155.59731472506428
v -9.72998046875 149.9457678945936 150.0053886600169
v -9.72998046875 148.83070465941472 147.99373941509091
v -9.72998046875 151.1704901030986 145.73424237631826
v 8.920745849609375 163.53489026871063 157.0024062889917
v 9.109695434570312 163.53105787563925 156.8145361327723
v 9.8289794921875 163.30052670540377 155.59731472506428
v 10.070022583007812 163.08126353206043 154.2433978137398
v 1.660248041152954 62.463263120975654 158.18212429481073
v 1.7816317081451416 32.54950817369158 159.29447352775327
v -148.48597717285156 324.5770754065712 9.550950815350008
v -172.1480712890625 310.0350616086739 28.719525045697623
v -154.0240478515625 327.81764218398683 10.903122602399183
v -193.70489501953125 295.44518848453976 50.02493668769424
v -236.69451904296875 271.8653853260755 92.60955276356879
v -215.26168823242188 280.8552996046231 71.33037666926029
v -235.20033264160156 267.3606110921759 91.03649236785677
v -131.56069946289062 264.21708308761407 198.48278944764647
v -94.28733825683594 263.56657297225973 235.75048899671697
v -95.78152465820312 268.07134773876453 237.32351887949886
v -235.0015869140625 266.0223753644939 95.05766417289313
v -197.72821044921875 265.37186591489603 132.32532558080095
v -236.4957733154297 270.52715013099873 96.63069405567501
v -167.19888305664062 264.8390551523787 162.8500337218752
v -162.0900421142578 264.7498938501314 167.9580813065722
v -27.191177368164062 307.50521481364115 173.6543508648281
v -7.7717437744140625 322.1212732639957 150.24376133623784
v -9.067153930664062 325.28779567190054 155.8379322115355
v -70.3048095703125 278.3254528428781 216.26520058133266
v -91.73764038085938 269.3355390969357 237.54434616271098
v -48.74800109863281 292.9153417227947 194.95976059976658
v -137.12283325195312 274.3367131179462 170.57665989429591
v -120.30253601074219 274.0431587203993 187.394380066301
v -100.46272277832031 271.90542131660527 206.0044065338664
v -101.06039428710938 273.70733624340687 206.63363688794314
v -205.11451721191406 273.73184736690524 101.3685281907596
v -205.71218872070312 275.53376229370684 101.99775854483634
v -169.0520782470703 273.1024706255172 137.42549755617426
v -186.4700469970703 275.1979403493196 121.23698485354832
v -166.45594787597656 275.1873409872813 140.27814444905133
v -207.9303436279297 275.911169398139 98.81004256375938
v -208.2375030517578 275.0895027729189 94.51416443175053
v -181.22108459472656 297.0187695589041 63.7336560696995
v -156.3878936767578 313.8261391287723 39.19005608744882
v -160.30514526367188 311.1749148843175 43.0616423514218
v -142.90826416015625 318.0401294218842 39.92621858339643
v -142.3105926513672 316.2382144950826 39.29698822931968
v -103.94598388671875 315.1404220735652 78.88215524160725
v -106.8458251953125 317.4107525473448 75.98319557704363
v -123.06845092773438 315.90239255069537 58.53621453803165
v -123.66612243652344 317.70430747749697 59.1654448921084
v -83.34309387207031 280.78941466369 203.18151511158737
v -111.21261596679688 323.9265655408756 46.8186360614845
v -149.9801483154297 329.081863522483 11.123980931146647
v -45.04510498046875 322.7717832461987 112.97606941539988
v -9.265899658203125 326.62606137990747 151.8167914520345
v -75.57443237304688 323.3045934761109 82.45139178725576
v -80.68328857421875 323.3937553109634 77.34331368962863
v -151.0634002685547 325.4204229833064 11.16561610910651
v -234.70767211914062 268.8698066253449 93.75257618910409
v -157.0933074951172 274.0963853019497 145.93840301111783
v -145.62384033203125 278.433103281538 144.41372878680406
v -137.1876678466797 276.99560251668737 156.54362558826858
v -143.4629364013672 278.6885282667102 145.7348245443204
v -92.93276977539062 266.3954930075817 235.50590841322258
v -35.93959045410156 310.8724527656401 155.70156339357115
v -9.617996215820312 322.8326690985204 152.80991246928926
v -37.658782958984375 314.4117884447826 143.93286657242646
v -77.85475158691406 316.47655193633886 106.19619404202695
v -74.31890869140625 316.84308011297225 108.50512756108853
v -96.20098876953125 311.11774019881244 97.75876397048586
v -99.06159973144531 313.0036162343688 95.99795183408166
v -146.73373413085938 277.3584914671283 146.43690834126483
v -104.62765502929688 317.033376488448 79.17088157779564
v -235.174072265625 269.15458284509083 93.87038764901887
v -235.92115783691406 271.40696138027903 94.65691769707966
v -93.04559326171875 266.674098996353 235.97721216892555
v -93.79269409179688 268.9264780641464 236.7637117040562
v -151.2218780517578 325.97429443496037 10.897211223922909
v -151.96897888183594 328.2267184732412 11.683757327356556
v -9.093429565429688 323.49381056957867 153.00403669735866
v -9.84051513671875 325.7462348741621 153.79056754432725
v -9.077224731445312 323.4018762138767 152.97264228384614
v -9.087554931640625 323.3053975620031 152.9410464604417
v -93.008056640625 266.56509946329413 235.91365467684676
v -9.1090087890625 323.24037813511944 152.92046888364715
v -92.975341796875 266.4787515418249 235.80876868607243
v -9.205001831054688 323.11933679821016 152.88493426089767
v -9.301010131835938 322.9983564871611 152.84940070335855
v -234.85836791992188 268.9136944047192 93.77461624522778
v -235.00906372070312 268.95758165148834 93.79668681428163
v -235.0581817626953 269.0027850953103 93.8141715013925
v -235.13197326660156 269.0707572832512 93.84044723078246
v -151.1065216064453 325.59045741520384 10.982291659832804
v -151.1621856689453 325.78494217815535 10.888030539325536
v -151.19210815429688 325.8821225373495 10.879425577257324
f 1 2 3
f 4 5 6
f 6 5 7
f 8 4 9
f 4 6 9
f 10 7 11
f 10 11 4
f 12 4 8
f 13 14 15
f 16 17 18
f 19 16 18
f 16 19 20
f 14 19 18
f 20 21 16
f 22 17 20
f 20 17 21
f 23 22 24
f 23 24 25
f 25 24 26
f 26 24 13
f 26 13 15
f 27 28 29
f 27 30 28
f 31 32 29
f 32 33 29
f 29 33 27
f 33 32 31
f 33 31 34
f 35 34 31
f 28 30 34
f 35 28 34
f 36 37 38
f 38 37 39
f 38 39 40
f 40 39 41
f 42 39 43
f 42 43 37
f 37 36 42
f 44 45 46
f 44 46 47
f 47 46 48
f 49 48 50
f 50 51 52
f 52 51 53
f 45 44 51
f 51 44 53
f 54 55 56
f 56 55 57
f 56 57 58
f 59 60 61
f 61 60 62
f 62 60 63
f 63 64 65
f 65 64 58
f 65 58 57
f 66 67 68
f 68 67 60
f 68 60 59
f 54 67 69
f 67 66 70
f 67 70 69
f 71 72 73
f 74 75 76
f 76 75 77
f 76 77 74
f 74 77 78
f 74 78 72
f 74 72 71
f 74 79 75
f 79 80 17
f 17 80 18
f 50 81 49
f 49 82 83
f 83 82 84
f 82 85 84
f 84 85 86
f 86 85 87
f 87 85 88
f 88 85 81
f 88 81 89
f 89 50 52
f 50 89 81
f 90 99 91
f 90 91 92
f 91 93 92
f 92 93 94
f 93 91 95
f 88 89 96
f 96 97 88
f 88 97 98
f 98 97 99
f 98 99 100
f 100 99 90
f 92 101 102
f 92 102 90
f 102 103 90
f 90 103 104
f 104 103 105
f 103 106 105
f 105 106 107
f 38 9 108
f 38 108 36
f 36 108 109
f 36 109 6
f 36 6 7
f 110 111 38
f 111 112 113
f 113 112 114
f 114 115 113
f 113 115 116
f 116 115 117
f 117 115 118
f 118 115 119
f 119 120 118
f 118 120 121
f 40 110 38
f 41 121 122
f 41 122 40
f 123 9 124
f 9 123 125
f 125 123 126
f 125 126 127
f 127 126 113
f 113 126 128
f 113 128 111
f 123 124 111
f 123 111 128
f 8 129 12
f 12 129 130
f 130 129 131
f 131 129 132
f 132 133 131
f 133 132 134
f 133 134 125
f 125 134 132
f 132 135 125
f 125 135 9
f 9 135 8
f 137 209 136
f 138 52 53
f 52 139 94
f 94 139 92
f 140 141 83
f 83 141 142
f 83 142 49
f 49 142 143
f 49 143 144
f 140 145 141
f 141 145 146
f 141 146 147
f 147 146 148
f 147 148 149
f 149 148 150
f 149 150 151
f 151 150 152
f 151 152 144
f 153 154 106
f 106 154 155
f 156 155 157
f 157 155 158
f 157 158 159
f 155 156 107
f 155 107 106
f 160 161 162
f 162 161 163
f 12 130 131
f 12 131 162
f 162 131 160
f 164 165 166
f 166 165 118
f 166 118 41
f 41 118 121
f 167 3 168
f 168 3 2
f 168 2 169
f 169 2 170
f 169 170 164
f 164 170 171
f 164 171 165
f 172 173 174
f 7 175 176
f 177 7 176
f 7 177 178
f 179 180 178
f 180 179 181
f 181 179 182
f 183 181 182
f 184 181 183
f 185 186 187
f 188 185 187
f 188 189 185
f 138 53 136
f 136 53 137
f 190 189 188
f 47 48 49
f 47 49 144
f 47 144 152
f 29 152 65
f 29 65 31
f 28 35 55
f 28 55 3
f 191 3 167
f 191 167 192
f 191 192 193
f 193 192 194
f 194 192 41
f 194 41 42
f 42 41 39
f 10 4 12
f 10 12 195
f 196 10 197
f 197 10 195
f 73 72 18
f 18 72 198
f 18 198 199
f 199 198 196
f 75 79 17
f 75 17 200
f 200 17 201
f 202 203 201
f 203 202 204
f 204 202 153
f 204 153 205
f 205 153 206
f 206 153 106
f 106 207 206
f 206 207 208
f 208 209 137
f 209 92 136
f 92 209 101
f 101 209 207
f 101 207 106
f 159 158 210
f 210 158 211
f 210 211 212
f 212 211 202
f 212 202 213
f 22 23 17
f 17 23 214
f 17 214 201
f 201 214 215
f 201 215 202
f 202 215 216
f 202 216 213
f 62 63 65
f 62 65 217
f 217 65 152
f 217 152 218
f 218 152 150
f 55 54 69
f 55 69 3
f 3 69 219
f 3 219 1
f 161 220 163
f 163 220 221
f 163 221 222
f 222 221 223
f 222 223 197
f 197 223 199
f 197 199 196
f 199 15 18
f 18 15 14
f 224 225 226
f 226 225 227
f 226 227 228
f 228 227 229
f 228 229 230
f 230 229 231
f 232 231 233
f 233 234 235
f 236 237 238
f 236 238 239
f 236 239 240
f 240 239 241
f 240 241 242
f 243 242 244
f 245 246 247
f 248 247 249
f 248 249 250
f 224 250 225
f 251 252 253
f 254 255 256
f 256 255 257
f 256 257 258
f 259 258 260
f 260 261 259
f 259 261 262
f 262 261 263
f 263 261 264
f 263 264 265
f 265 266 263
f 263 266 267
f 263 267 268
f 268 267 257
f 269 257 270
f 270 257 271
f 270 271 254
f 254 271 255
f 272 273 274
f 273 272 275
f 275 272 276
f 275 276 277
f 277 278 279
f 279 278 280
f 279 280 281
f 281 280 282
f 281 282 283
f 284 279 285
f 285 279 281
f 285 281 286
f 281 283 287
f 281 287 286
f 286 287 288
f 286 288 289
f 290 289 291
f 274 273 291
f 291 273 290
f 292 293 294
f 295 296 297
f 103 298 297
f 103 297 299
f 299 297 296
f 103 300 298
f 301 302 293
f 298 300 303
f 298 303 301
f 302 300 293
f 293 300 101
f 293 101 294
f 294 101 292
f 301 293 298
f 298 293 304
f 304 293 305
f 293 292 305
f 305 292 306
f 306 307 305
f 305 307 308
f 305 308 309
f 310 309 295
f 310 295 297
f 311 312 313
f 311 314 312
f 315 316 317
f 315 317 318
f 317 319 318
f 318 319 314
f 318 314 320
f 318 320 321
f 318 321 322
f 318 322 315
f 315 322 323
f 315 323 324
f 324 325 315
f 315 325 316
f 325 326 316
f 316 326 313
f 313 326 311
f 327 328 329
f 329 330 327
f 327 330 331
f 327 331 332
f 331 333 332
f 332 333 334
f 332 334 335
f 334 336 335
f 335 336 337
f 338 335 339
f 339 335 337
f 337 340 339
f 339 340 341
f 339 341 342
f 342 341 343
f 342 343 344
f 342 344 119
f 342 119 345
f 345 119 328
f 119 329 328
f 317 346 335
f 335 346 347
f 347 348 335
f 335 348 349
f 335 349 350
f 350 351 335
f 351 352 335
f 335 352 332
f 352 353 332
f 332 353 354
f 354 353 355
f 354 355 356
f 355 357 356
f 356 357 358
f 356 358 359
f 359 358 360
f 359 360 316
f 316 360 317
f 317 360 361
f 317 361 362
f 317 362 346
f 363 364 304
f 364 365 304
f 304 365 298
f 298 365 366
f 367 368 366
f 298 366 369
f 369 366 368
f 366 370 367
f 367 370 371
f 367 371 372
f 367 372 373
f 373 372 290
f 290 372 374
f 286 289 290
f 286 290 374
f 375 376 374
f 374 376 286
f 375 363 376
f 376 363 304
f 268 257 269
f 268 269 377
f 268 377 378
f 378 377 379
f 378 379 380
f 379 381 380
f 380 381 382
f 380 382 383
f 380 383 384
f 384 383 385
f 384 385 386
f 386 385 387
f 386 387 312
f 386 312 319
f 319 312 314
f 338 339 342
f 338 342 388
f 388 342 389
f 388 389 390
f 390 389 391
f 390 391 392
f 391 393 392
f 392 393 394
f 392 394 395
f 395 394 396
f 395 396 397
f 397 396 398
f 397 398 399
f 399 398 400
f 399 400 401
f 401 400 402
f 401 402 403
f 404 405 406
f 406 405 403
f 406 403 407
f 407 403 408
f 408 403 402
f 409 410 253
f 410 411 253
f 253 411 412
f 253 412 413
f 413 414 253
f 253 414 415
f 253 415 416
f 416 415 417
f 416 417 404
f 404 417 418
f 404 418 419
f 419 420 404
f 404 420 421
f 404 421 422
f 422 423 404
f 404 423 424
f 404 424 405
f 405 424 33
f 405 33 252
f 252 33 425
f 252 425 253
f 253 425 426
f 253 426 409
f 253 427 251
f 251 427 428
f 251 428 429
f 429 428 430
f 429 430 431
f 431 430 432
f 431 432 433
f 431 433 434
f 434 433 435
f 435 436 434
f 434 436 437
f 434 437 438
f 438 437 439
f 438 439 440
f 440 439 441
f 440 441 284
f 284 441 442
f 284 442 277
f 284 277 279
f 305 309 310
f 305 310 443
f 305 443 444
f 444 443 445
f 444 445 446
f 446 445 447
f 446 447 448
f 447 449 448
f 448 449 450
f 448 450 451
f 451 450 452
f 451 452 453
f 451 453 454
f 454 453 455
f 454 455 259
f 259 455 256
f 259 256 258
f 273 456 373
f 373 456 457
f 373 457 369
f 458 437 459
f 459 437 432
f 459 432 428
f 460 461 462
f 460 462 463
f 463 462 464
f 465 327 316
f 377 466 381
f 381 466 467
f 468 479 469
f 470 471 472
f 479 468 473
f 473 468 471
f 471 468 472
f 474 468 471
f 468 474 471
f 475 476 477
f 468 469 478
f 478 479 480
f 479 481 480
f 473 471 470
f 478 480 475
f 479 482 481
f 483 484 485
f 486 483 487
f 487 483 485
f 465 488 489
f 490 491 492
f 461 493 494
f 461 495 462
f 462 495 464
f 496 497 498
f 496 498 499
f 499 498 464
f 499 464 495
f 500 501 502
f 502 501 503
f 502 503 499
f 499 503 504
f 499 504 496
f 500 459 501
f 501 459 505
f 459 500 506
f 458 507 508
f 458 508 509
f 507 458 510
f 459 506 510
f 459 510 458
f 511 492 512
f 512 492 513
f 512 513 507
f 507 513 514
f 507 514 508
f 511 515 492
f 492 515 490
f 511 456 515
f 456 511 516
f 456 516 457
f 516 517 457
f 518 457 519
f 519 457 517
f 519 517 520
f 520 517 521
f 520 521 522
f 522 521 523
f 522 523 524
f 486 524 483
f 483 524 523
f 483 523 484
f 484 523 525
f 484 525 526
f 526 525 527
f 527 525 528
f 528 525 529
f 528 529 530
f 530 529 531
f 531 529 532
f 531 532 533
f 534 535 536
f 536 537 538
f 536 538 534
f 534 538 533
f 534 533 532
f 539 540 534
f 539 534 541
f 539 541 542
f 534 540 543
f 534 543 535
f 535 543 544
f 544 545 535
f 535 545 546
f 535 546 547
f 547 546 548
f 549 550 551
f 551 552 549
f 549 552 553
f 549 553 548
f 548 553 554
f 548 554 547
f 549 555 550
f 550 555 556
f 550 556 557
f 558 559 560
f 560 559 561
f 561 559 542
f 561 542 541
f 562 550 560
f 560 550 557
f 560 557 558
f 560 466 563
f 560 563 562
f 466 560 564
f 466 564 467
f 467 564 565
f 467 565 566
f 567 566 568
f 568 566 565
f 568 565 569
f 569 565 570
f 569 570 571
f 572 573 574
f 465 575 488
f 576 465 577
f 577 465 489
f 577 489 574
f 577 574 578
f 578 574 573
f 578 573 570
f 570 573 579
f 570 579 571
f 465 576 327
f 327 576 580
f 327 580 581
f 582 583 581
f 582 581 584
f 584 581 580
f 495 461 494
f 495 494 585
f 585 494 586
f 585 586 584
f 584 586 587
f 584 587 582
f 490 515 588
f 588 515 589
f 490 588 589
f 590 591 592
f 592 591 593
f 592 593 594
f 594 593 595
f 594 595 596
f 594 596 597
f 594 597 589
f 589 597 491
f 589 491 490
f 590 592 509
f 509 592 458
f 493 461 598
f 598 461 599
f 493 598 599
f 600 601 602
f 600 602 603
f 603 604 600
f 600 604 605
f 600 605 606
f 600 606 607
f 607 606 608
f 607 608 609
f 607 609 599
f 599 609 610
f 599 610 493
f 602 601 583
f 583 601 581
f 505 459 611
f 611 459 612
f 505 611 612
f 505 612 613
f 614 615 616
f 616 615 617
f 616 617 618
f 618 617 619
f 618 619 613
f 613 619 620
f 613 620 621
f 613 621 622
f 613 622 505
f 614 616 497
f 497 616 498
f 531 533 447
f 623 624 625
f 625 624 626
f 627 624 623
f 220 161 160
f 2 70 66
f 66 68 150
f 150 68 59
f 2 219 69
f 2 1 219
f 170 2 171
f 117 118 165
f 117 165 171
f 117 127 116
f 116 127 113
f 125 127 133
f 160 131 133
f 628 223 221
f 212 216 215
f 213 216 212
f 156 157 629
f 629 157 159
f 629 159 212
f 212 159 210
f 90 104 105
f 87 88 100
f 100 88 98
f 87 100 86
f 86 100 84
f 145 140 84
f 84 140 83
f 146 150 148
f 59 61 150
f 150 61 62
f 150 62 217
f 150 217 218
f 630 631 479
f 632 633 474
f 474 633 469
f 145 84 146
f 146 84 476
f 146 476 150
f 105 107 156
f 105 156 629
f 629 212 630
f 630 212 215
f 630 215 25
f 25 215 214
f 25 214 23
f 474 150 476
f 632 480 633
f 633 480 629
f 629 481 476
f 100 90 105
f 100 105 476
f 476 105 629
f 633 629 630
f 633 630 479
f 476 84 100
f 25 26 630
f 630 26 631
f 476 632 474
f 628 471 469
f 469 471 474
f 15 199 26
f 26 199 631
f 631 199 223
f 631 223 469
f 469 223 628
f 2 69 70
f 66 150 2
f 2 150 474
f 221 220 628
f 628 220 160
f 628 160 474
f 474 160 133
f 474 133 127
f 474 127 117
f 474 117 2
f 2 117 171
f 188 187 635
f 635 187 186
f 635 186 636
f 636 186 184
f 636 184 637
f 637 184 183
f 637 183 638
f 638 183 182
f 182 179 639
f 639 179 178
f 639 178 640
f 640 178 177
f 640 177 641
f 641 177 176
f 641 176 642
f 642 176 175
f 642 175 643
f 642 643 644
f 644 643 645
f 644 645 646
f 646 645 647
f 646 647 648
f 648 647 172
f 648 172 649
f 649 172 174
f 649 174 650
f 650 174 173
f 650 173 634
f 634 173 190
f 634 190 188
f 378 235 451
f 235 378 233
f 233 378 384
f 232 233 317
f 232 317 231
f 231 317 230
f 230 317 228
f 250 224 248
f 248 224 651
f 248 651 247
f 247 651 245
f 244 246 243
f 243 246 285
f 243 285 242
f 242 285 240
f 285 304 240
f 240 304 236
f 236 305 237
f 237 305 652
f 652 305 451
f 652 451 653
f 653 451 235
f 654 499 655
f 655 499 495
f 656 657 500
f 495 584 655
f 656 658 657
f 657 658 654
f 654 658 499
f 510 506 657
f 657 506 659
f 657 659 500
f 510 657 660
f 584 580 655
f 660 657 580
f 580 657 655
f 661 662 660
f 507 660 662
f 516 661 532
f 660 532 661
f 517 516 532
f 580 472 660
f 663 472 577
f 472 468 660
f 660 468 664
f 472 580 576
f 472 576 577
f 472 663 564
f 472 564 665
f 472 665 470
f 664 478 660
f 478 475 660
f 473 470 665
f 660 475 477
f 473 665 666
f 473 666 479
f 660 477 482
f 660 482 532
f 532 482 666
f 666 482 479
f 89 95 96
f 96 95 667
f 99 668 91
f 91 668 669
f 667 669 668
f 95 669 667
f 91 669 95
f 97 667 99
f 99 667 668
f 123 670 126
f 123 128 670
f 126 670 128
f 13 671 14
f 14 671 672
f 673 672 674
f 674 672 671
f 22 673 24
f 24 673 674
f 20 672 673
f 24 674 13
f 13 674 671
f 60 675 64
f 64 675 676
f 677 54 676
f 676 675 677
f 56 676 54
f 67 677 60
f 60 677 675
f 138 678 139
f 92 679 136
f 136 679 680
f 139 678 679
f 679 678 680
f 136 680 138
f 138 680 678
f 92 139 679
f 108 681 109
f 682 683 681
f 683 109 681
f 9 683 682
f 6 109 683
f 9 682 108
f 108 682 681
f 73 684 71
f 74 71 80
f 80 71 684
f 18 80 684
f 65 57 31
f 31 57 685
f 686 687 685
f 686 685 57
f 35 687 55
f 55 687 686
f 31 685 35
f 35 685 687
f 55 686 57
f 688 689 142
f 142 689 143
f 690 688 691
f 690 691 692
f 690 693 688
f 688 693 689
f 690 692 693
f 692 691 151
f 151 691 149
f 692 151 693
f 693 151 689
f 689 151 143
f 691 688 141
f 141 688 142
f 149 691 141
f 149 141 147
f 694 695 154
f 154 695 155
f 696 697 211
f 211 697 202
f 698 696 695
f 698 695 694
f 154 697 698
f 698 697 696
f 694 154 698
f 697 154 153
f 697 153 202
f 211 695 696
f 695 211 158
f 695 158 155
f 699 700 162
f 162 700 12
f 701 699 702
f 701 702 703
f 701 704 699
f 699 704 700
f 701 703 704
f 703 702 197
f 197 702 222
f 703 197 704
f 704 197 12
f 704 12 700
f 163 222 702
f 163 702 162
f 162 702 699
f 705 706 41
f 41 706 166
f 707 708 168
f 168 708 167
f 626 708 627
f 627 708 707
f 627 707 706
f 627 706 705
f 192 167 708
f 708 626 192
f 705 41 624
f 624 41 626
f 626 41 192
f 706 707 164
f 164 707 168
f 164 168 169
f 166 706 164
f 623 625 627
f 709 124 9
f 710 111 124
f 710 38 111
f 709 38 710
f 709 9 38
f 711 95 89
f 712 93 95
f 712 95 711
f 93 712 94
f 89 94 711
f 129 8 311
f 129 311 132
f 132 311 135
f 111 114 112
f 111 115 114
f 120 122 121
f 40 122 110
f 111 110 122
f 120 340 122
f 340 120 119
f 115 111 340
f 340 111 122
f 106 103 295
f 106 295 101
f 468 478 664
f 655 657 654
f 563 466 713
f 713 466 714
f 715 713 714
f 716 717 718
f 718 717 559
f 559 719 718
f 719 720 718
f 718 720 721
f 718 721 714
f 714 721 722
f 714 722 715
f 719 723 720
f 720 723 724
f 724 725 720
f 720 725 726
f 720 726 727
f 727 726 728
f 727 728 729
f 727 729 730
f 731 732 733
f 733 732 734
f 733 734 718
f 718 734 727
f 718 727 716
f 716 727 730
f 731 733 537
f 537 733 538
f 734 547 727
f 727 547 554
f 727 554 720
f 720 554 553
f 720 553 721
f 735 736 465
f 465 736 575
f 488 575 737
f 737 575 736
f 736 735 737
f 737 735 738
f 738 735 739
f 738 739 572
f 572 739 740
f 740 739 741
f 740 741 742
f 742 741 743
f 743 741 744
f 741 745 746
f 741 746 744
f 746 745 567
f 567 745 566
f 742 579 740
f 740 579 573
f 740 573 572
f 530 531 747
f 747 531 748
f 749 750 519
f 751 747 748
f 752 751 748
f 752 748 485
f 485 748 753
f 485 753 487
f 487 753 486
f 486 753 754
f 486 754 755
f 755 754 749
f 749 754 756
f 749 756 750
f 457 518 756
f 756 518 750
f 27 33 30
f 30 33 757
f 409 426 33
f 33 426 425
f 409 33 410
f 410 33 411
f 411 33 412
f 412 33 758
f 412 758 413
f 758 415 414
f 758 414 413
f 424 757 33
f 417 757 418
f 757 420 419
f 757 419 418
f 424 423 757
f 757 423 422
f 757 422 421
f 757 421 420
f 415 758 417
f 417 758 757
f 501 621 620
f 501 620 503
f 503 620 619
f 503 619 504
f 504 619 617
f 605 587 606
f 606 587 586
f 606 586 608
f 608 586 494
f 608 494 609
f 593 514 513
f 491 597 492
f 492 597 596
f 492 596 513
f 513 596 595
f 513 595 593
f 45 279 281
f 279 45 759
f 279 759 281
f 45 51 759
f 48 46 45
f 281 48 45
f 738 574 737
f 737 574 489
f 737 489 488
f 572 574 738
f 339 37 43
f 755 522 486
f 486 522 524
f 522 755 520
f 520 755 749
f 520 749 519
f 760 761 762
f 763 764 765
f 198 78 767
f 42 36 7
f 768 194 42
f 769 137 44
f 203 200 201
f 766 206 770
f 771 772 763
f 44 137 53
f 47 769 44
f 769 47 152
f 152 29 773
f 773 29 28
f 191 774 3
f 3 774 28
f 774 191 768
f 768 191 193
f 768 193 194
f 72 78 198
f 78 77 767
f 767 77 75
f 767 75 200
f 204 205 203
f 203 205 766
f 205 206 766
f 770 206 208
f 770 208 137
f 137 769 775
f 775 769 776
f 775 776 784
f 784 776 778
f 776 777 778
f 777 779 778
f 779 777 780
f 772 780 777
f 780 772 771
f 764 763 772
f 765 764 7
f 10 761 760
f 762 761 781
f 781 766 782
f 782 766 190
f 766 189 190
f 782 190 783
f 10 643 175
f 770 189 766
f 203 766 767
f 28 785 773
f 782 783 781
f 760 643 10
f 10 175 7
f 7 786 765
f 765 178 763
f 771 763 787
f 771 787 788
f 771 788 780
f 779 780 789
f 779 789 778
f 137 775 189
f 137 189 770
f 203 767 200
f 774 785 28
f 785 774 772
f 152 777 776
f 785 772 777
f 768 772 774
f 768 764 772
f 767 781 761
f 784 189 775
f 784 185 189
f 186 778 184
f 184 778 181
f 181 778 789
f 788 181 780
f 788 180 181
f 786 7 178
f 762 647 645
f 781 172 647
f 783 172 781
f 190 173 783
f 783 173 172
f 762 781 647
f 762 645 760
f 643 760 645
f 765 786 178
f 763 178 180
f 763 180 787
f 787 180 788
f 789 780 181
f 778 186 784
f 784 186 185
f 767 766 781
f 767 761 198
f 198 761 196
f 196 761 10
f 42 7 764
f 42 764 768
f 773 785 777
f 152 773 777
f 769 152 776
f 363 94 712
f 366 365 363
f 364 363 365
f 366 371 370
f 371 366 372
f 372 711 374
f 375 374 94
f 375 94 363
f 374 711 94
f 366 712 372
f 712 366 363
f 372 712 711
f 124 358 353
f 352 351 349
f 349 351 350
f 353 358 355
f 362 709 348
f 710 348 709
f 348 710 352
f 710 124 353
f 362 361 360
f 346 348 347
f 349 348 352
f 352 710 353
f 355 358 357
f 124 709 358
f 362 348 346
f 358 362 360
f 358 709 362
f 479 631 469
f 478 633 479
f 478 469 633
f 474 471 628
f 475 632 476
f 632 475 480
f 477 476 481
f 481 629 480
f 481 482 477
f 344 343 341
f 344 341 119
f 331 329 119
f 119 115 337
f 341 340 119
f 115 340 337
f 333 336 334
f 331 330 329
f 331 119 337
f 333 331 336
f 336 331 337
f 314 321 320
f 325 324 323
f 325 323 322
f 326 135 311
f 311 8 314
f 314 8 322
f 325 322 8
f 326 325 135
f 321 314 322
f 325 8 135
f 303 302 301
f 306 308 307
f 103 299 296
f 102 101 300
f 306 292 101
f 309 308 306
f 295 309 306
f 295 103 296
f 303 300 302
f 102 300 103
f 306 101 295
f 288 280 81
f 274 291 272
f 272 291 289
f 276 49 278
f 278 49 280
f 289 82 276
f 81 85 289
f 283 282 287
f 49 81 280
f 276 278 277
f 85 82 289
f 272 289 276
f 81 289 288
f 282 280 287
f 287 280 288
f 276 82 49
f 672 19 14
f 673 22 20
f 18 684 73
f 54 677 67
f 64 676 58
f 58 676 56
f 667 97 96
f 342 460 389
f 790 460 791
f 447 533 452
f 312 467 792
f 792 793 312
f 342 791 460
f 437 435 432
f 368 373 369
f 452 533 455
f 342 345 327
f 407 402 463
f 428 427 416
f 416 427 253
f 428 432 430
f 432 435 433
f 437 436 435
f 437 442 439
f 439 442 441
f 794 275 442
f 442 275 277
f 794 273 275
f 273 373 290
f 368 367 373
f 310 447 443
f 443 447 445
f 452 450 447
f 447 450 449
f 452 455 453
f 254 256 455
f 270 377 269
f 270 254 377
f 377 381 379
f 385 383 381
f 381 383 382
f 312 387 385
f 312 385 467
f 467 385 381
f 793 313 312
f 316 327 359
f 359 327 354
f 359 354 356
f 354 327 332
f 345 328 327
f 327 791 342
f 460 393 389
f 389 393 391
f 460 394 393
f 394 460 398
f 394 398 396
f 460 463 402
f 460 402 398
f 398 402 400
f 407 408 402
f 407 463 406
f 406 463 416
f 406 416 404
f 560 665 564
f 570 663 577
f 511 507 662
f 516 662 661
f 577 578 570
f 570 565 564
f 560 561 666
f 666 561 534
f 534 561 541
f 529 525 523
f 517 523 521
f 507 511 512
f 495 585 584
f 663 570 564
f 665 560 666
f 666 534 532
f 517 532 529
f 517 529 523
f 662 516 511
f 660 507 510
f 656 500 502
f 656 502 499
f 499 658 656
f 506 500 659
f 651 224 397
f 224 226 395
f 338 226 228
f 335 228 317
f 319 317 233
f 319 233 384
f 378 451 262
f 451 305 448
f 305 236 304
f 397 224 395
f 390 395 226
f 390 226 338
f 338 228 335
f 386 319 384
f 285 246 438
f 438 246 245
f 431 245 651
f 431 651 251
f 251 651 405
f 405 651 403
f 403 651 401
f 401 651 399
f 399 651 397
f 392 395 390
f 388 390 338
f 380 384 378
f 268 378 263
f 263 378 262
f 259 262 451
f 259 451 454
f 446 448 305
f 446 305 444
f 376 304 285
f 376 285 286
f 284 285 440
f 440 285 438
f 434 438 245
f 434 245 431
f 429 431 251
f 252 251 405
f 794 594 589
f 794 589 273
f 794 442 437
f 594 794 458
f 458 794 437
f 458 592 594
f 589 515 456
f 273 589 456
f 464 616 795
f 464 795 463
f 498 616 464
f 613 612 428
f 613 428 416
f 795 416 463
f 613 416 618
f 618 416 795
f 618 795 616
f 612 459 428
f 581 601 327
f 796 460 790
f 796 790 600
f 600 790 791
f 600 791 327
f 600 327 601
f 600 607 796
f 796 607 599
f 599 461 796
f 796 461 460
f 566 745 467
f 467 745 792
f 313 465 316
f 313 793 745
f 793 792 745
f 465 313 739
f 739 313 741
f 741 313 745
f 465 739 735
f 538 733 533
f 533 254 455
f 377 254 714
f 714 254 718
f 718 254 533
f 718 533 733
f 714 466 377
f 457 756 754
f 298 369 297
f 297 369 457
f 447 310 531
f 531 310 297
f 754 297 457
f 754 753 297
f 297 753 531
f 531 753 748
f 587 605 604
f 587 604 582
f 582 604 603
f 582 603 583
f 583 603 602
f 514 593 591
f 514 591 508
f 508 591 590
f 508 590 509
f 505 622 501
f 501 622 621
f 504 617 615
f 504 615 496
f 496 615 614
f 496 614 497
f 530 747 528
f 528 747 751
f 528 751 527
f 527 751 526
f 526 751 752
f 526 752 484
f 484 752 485
f 750 518 519
f 731 537 536
f 731 536 535
f 547 734 732
f 547 732 731
f 547 731 535
f 721 553 722
f 722 553 552
f 722 552 715
f 563 713 562
f 562 713 550
f 550 713 715
f 550 715 551
f 551 715 552
f 579 742 571
f 571 742 743
f 571 743 569
f 569 743 744
f 569 744 568
f 568 744 746
f 568 746 567
f 493 610 494
f 494 610 609
f 64 63 60
f 672 20 19
f 74 80 79
f 683 9 6
f 138 139 52
f 195 12 197
f 144 143 151
f 89 52 94
f 626 627 625
f 624 627 705
f 43 39 339
f 339 39 37
f 51 50 759
f 759 50 48
f 281 759 48
f 30 757 34
f 33 34 758
f 758 34 757
f 264 17 797
f 264 797 257
f 257 797 16
f 257 16 21
f 21 17 264
f 17 16 797
f 549 724 723
f 724 549 725
f 725 549 726
f 726 549 548
f 726 548 728
f 728 548 546
f 546 545 728
f 728 545 544
f 728 544 729
f 729 544 730
f 730 544 716
f 716 544 543
f 716 543 540
f 716 540 539
f 716 539 717
f 717 539 542
f 717 542 559
f 559 558 719
f 719 558 557
f 719 557 723
f 723 557 556
f 723 556 555
f 723 555 549
f 260 258 261
f 264 267 266
f 264 266 265
f 267 264 257
f 21 261 257
f 21 264 261
f 271 257 255
f 258 257 261
f 638 182 798
f 798 182 639
f 798 639 799
f 799 639 640
f 799 640 800
f 800 640 641
f 801 644 646
f 801 646 802
f 802 646 648
f 802 648 649
f 803 635 636
f 803 636 637
f 804 642 644
f 804 644 234
f 234 644 801
f 234 801 235
f 235 801 802
f 235 802 805
f 805 802 649
f 805 649 806
f 806 649 650
f 806 650 807
f 807 650 241
f 241 650 634
f 241 634 244
f 244 634 188
f 244 188 635
f 244 635 246
f 246 635 803
f 246 803 808
f 808 803 637
f 808 637 809
f 809 637 810
f 810 637 811
f 811 637 638
f 811 638 225
f 225 638 798
f 227 798 799
f 227 799 229
f 229 799 800
f 229 800 641
f 229 641 231
f 231 641 642
f 231 642 804
f 249 810 811
f 249 811 250
f 250 811 225
f 225 798 227
f 231 804 233
f 233 804 234
f 653 235 805
f 653 805 652
f 652 805 806
f 652 806 237
f 237 806 238
f 238 806 807
f 238 807 239
f 239 807 241
f 241 244 242
f 246 808 247
f 247 808 809
f 247 809 249
f 249 809 810
f 11 315 318
f 315 11 5
f 315 5 4
f 4 318 315
f 4 11 318
f 5 11 7
f 208 293 207
f 208 207 209
f 293 208 207
f 812 813 814
f 812 815 816
f 812 816 817
f 817 818 819
f 814 820 812
f 812 820 815
f 816 821 817
f 817 821 818
f 819 826 823
f 818 824 819
f 819 824 825
f 825 826 819
f 827 828 829
f 830 831 832
f 833 827 829
f 832 834 830
f 830 834 835
f 835 834 829
f 829 834 832
f 829 832 833
f 833 832 831
f 836 837 838
f 839 840 841
f 839 841 838
f 838 841 836
f 836 841 840
f 845 842 843
f 844 845 843
f 843 842 846
f 846 842 847
f 846 847 848
f 849 850 851
f 850 849 909
f 848 847 851
f 848 851 852
f 851 850 852
f 853 854 855
f 856 857 858
f 858 859 856
f 856 859 860
f 856 860 854
f 860 855 854
f 861 862 863
f 863 862 864
f 862 865 864
f 864 865 868
f 866 867 856
f 868 869 870
f 864 868 870
f 857 856 871
f 871 856 867
f 872 873 874
f 873 872 875
f 876 877 878
f 876 878 879
f 873 880 874
f 874 880 881
f 874 881 882
f 874 882 883
f 874 883 884
f 883 885 884
f 884 885 886
f 884 886 887
f 884 887 888
f 889 890 876
f 876 890 891
f 876 891 892
f 876 892 893
f 876 893 877
f 894 884 876
f 876 884 889
f 889 884 888
f 879 873 876
f 876 873 875
f 876 875 856
f 856 875 870
f 856 870 866
f 866 870 869
f 853 861 854
f 854 861 863
f 854 863 895
f 895 863 896
f 896 863 897
f 896 897 898
f 896 898 899
f 899 898 900
f 899 900 901
f 901 900 902
f 901 902 830
f 830 902 837
f 836 831 837
f 837 831 830
f 840 827 903
f 903 827 833
f 827 840 904
f 827 904 905
f 905 904 906
f 905 906 907
f 907 906 908
f 907 908 822
f 822 908 909
f 822 909 849
f 822 849 823
f 823 849 819
f 819 849 851
f 819 851 817
f 817 851 847
f 817 847 812
f 812 847 842
f 812 842 845
f 812 845 813
f 820 910 911
f 911 910 844
f 821 912 818
f 846 913 914
f 846 914 843
f 843 914 915
f 915 916 821
f 821 916 912
f 820 911 821
f 821 911 843
f 821 843 915
f 912 913 818
f 818 913 846
f 818 846 824
f 824 846 852
f 826 850 823
f 823 850 909
f 823 909 917
f 917 909 918
f 917 918 919
f 919 918 920
f 919 920 905
f 905 920 839
f 905 839 828
f 828 839 829
f 829 839 838
f 829 838 835
f 835 838 921
f 835 921 922
f 922 921 923
f 922 923 924
f 924 923 925
f 925 923 926
f 925 926 927
f 927 926 928
f 927 928 929
f 946 930 931
f 931 930 932
f 933 936 934
f 934 936 935
f 935 936 937
f 937 936 938
f 937 938 939
f 940 941 942
f 942 941 943
f 943 944 942
f 942 944 945
f 942 945 946
f 942 946 931
f 929 928 947
f 929 947 942
f 942 947 937
f 942 937 940
f 940 937 939
f 932 933 931
f 931 933 934
f 931 934 948
f 948 934 949
f 949 934 950
f 949 950 951
f 951 950 952
f 951 952 953
f 953 952 954
f 955 954 952
f 894 956 884
f 884 956 957
f 835 922 901
f 922 924 901
f 901 924 925
f 901 925 899
f 954 956 953
f 953 956 894
f 953 894 876
f 896 929 958
f 958 929 942
f 958 942 895
f 895 942 854
f 854 942 959
f 942 960 959
f 959 960 961
f 961 960 962
f 962 960 948
f 962 948 856
f 856 948 963
f 899 925 964
f 899 964 896
f 896 964 965
f 896 965 929
f 876 951 953
f 963 948 876
f 876 948 949
f 876 949 951
f 898 926 966
f 966 926 923
f 966 923 900
f 957 955 967
f 967 955 884
f 884 955 968
f 969 937 863
f 863 937 970
f 863 970 971
f 971 970 897
f 897 970 972
f 897 972 973
f 897 973 974
f 955 952 968
f 968 952 975
f 975 952 950
f 975 950 874
f 950 934 874
f 874 934 872
f 872 934 976
f 974 928 897
f 897 928 898
f 898 928 926
f 934 935 976
f 976 935 875
f 875 935 870
f 870 935 937
f 870 937 864
f 864 937 969
f 836 977 831
f 831 977 984
f 833 978 903
f 841 836 903
f 836 841 977
f 841 903 978
f 977 841 978
f 979 980 831
f 831 980 981
f 831 981 833
f 833 981 832
f 833 832 982
f 833 982 978
f 979 831 983
f 983 831 984
f 982 984 978
f 984 977 978
f 813 910 814
f 985 956 954
f 985 955 957
f 955 985 954
f 985 957 956
f 986 910 813
f 910 986 844
f 986 845 844
f 986 813 845
f 987 916 915
f 987 915 986
f 912 916 987
f 915 914 986
f 986 914 988
f 988 914 913
f 988 913 986
f 986 913 912
f 986 912 987
f 868 936 869
f 869 936 933
f 869 933 866
f 930 857 932
f 932 857 871
f 932 871 867
f 932 867 866
f 932 866 933
f 941 853 943
f 943 853 944
f 944 853 855
f 944 855 945
f 945 855 946
f 946 855 860
f 946 860 930
f 930 860 859
f 930 859 858
f 930 858 857
f 936 868 865
f 936 865 938
f 938 865 862
f 938 862 939
f 939 862 861
f 939 861 940
f 940 861 941
f 941 861 853
f 888 989 889
f 990 890 889
f 990 889 989
f 890 990 991
f 888 887 989
f 989 887 886
f 989 886 992
f 992 886 885
f 992 885 993
f 993 885 883
f 993 883 882
f 993 882 994
f 994 882 881
f 994 881 995
f 995 881 880
f 995 880 996
f 996 880 873
f 996 873 997
f 997 873 998
f 998 873 879
f 998 879 999
f 999 879 1000
f 1000 879 878
f 1000 878 1001
f 1001 878 877
f 1001 877 1002
f 1002 877 893
f 1002 893 892
f 1002 892 991
f 991 892 891
f 991 891 890
f 985 1002 991
f 985 991 989
f 985 1000 1002
f 985 996 998
f 985 998 1000
f 985 995 996
f 985 993 995
f 985 989 993
f 982 832 984
f 984 832 834
f 984 834 983
f 983 834 832
f 983 832 979
f 979 832 980
f 980 832 981
f 840 839 904
f 839 920 904
f 904 920 906
f 906 920 918
f 918 909 908
f 906 918 908
f 827 905 828
f 907 919 905
f 907 917 919
f 822 917 907
f 823 917 822
f 872 976 875
f 975 884 968
f 975 874 884
f 863 864 969
f 897 863 971
f 966 900 898
f 900 923 902
f 921 902 923
f 902 921 837
f 957 967 884
f 854 961 856
f 856 963 876
f 896 958 895
f 854 959 961
f 961 962 856
f 901 830 835
f 824 852 826
f 826 852 850
f 844 843 911
f 846 848 852
f 838 837 921
f 928 974 973
f 973 972 928
f 972 947 928
f 937 947 970
f 970 947 972
f 931 948 960
f 931 960 942
f 929 965 964
f 929 964 927
f 927 964 925
f 820 821 815
f 815 821 816
f 824 826 825
f 910 820 814
f 992 993 989
f 990 989 991
f 1001 1002 1000
f 999 1000 998
f 997 998 996
f 994 995 993
f 903 836 840
f 1003 1004 1005
f 1005 1004 1006
f 1005 1007 1003
f 1008 1009 1010
f 1011 1012 1013
f 1013 1012 1010
f 1010 1012 1008
f 1006 1004 1011
f 1006 1011 1013
f 1014 1015 1016
f 1014 1016 1017
f 1010 1018 1014
f 1014 1018 1015
f 1016 1019 1017
f 1017 1019 1020
f 1020 1019 1021
f 1022 1023 1024
f 1021 1025 1026
f 1026 1025 1023
f 1026 1023 1022
f 1024 1027 1028
f 1028 1027 1029
f 1028 1029 1030
f 1030 1029 1031
f 1030 1031 1007
f 1032 1033 1034
f 1035 1036 1011
f 1037 1033 1038
f 1038 1033 1032
f 1039 1037 1040
f 1041 1042 1043
f 1043 1044 1041
f 1044 1045 1041
f 1045 1046 1041
f 1047 1048 1049
f 1050 1003 1047
f 1033 1051 1034
f 1033 1052 1051
f 1036 1052 1033
f 1036 1035 1052
f 1004 1053 1035
f 1004 1035 1011
f 1003 1053 1004
f 1031 1003 1007
f 1025 1041 1027
f 1025 1021 1041
f 1041 1021 1042
f 1054 1042 1055
f 1055 1009 1054
f 1056 1009 1008
f 1056 1008 1057
f 1012 1057 1008
f 1057 1012 1058
f 1012 1011 1058
f 1059 1052 1060
f 1060 1052 1035
f 1060 1035 1061
f 1054 1009 1056
f 1062 1057 1058
f 1063 1058 1011
f 1027 1023 1025
f 1015 1018 1019
f 1010 1009 1018
f 1018 1009 1055
f 1018 1055 1019
f 1019 1055 1042
f 1019 1042 1021
f 1063 1011 1036
f 1063 1036 1058
f 1058 1036 1062
f 1033 1062 1036
f 1062 1033 1057
f 1033 1056 1057
f 1037 1056 1033
f 1037 1054 1056
f 1054 1037 1039
f 1054 1039 1064
f 1054 1064 1042
f 1027 1041 1046
f 1027 1046 1065
f 1027 1065 1066
f 1067 1029 1066
f 1066 1029 1027
f 1068 1029 1067
f 1068 1031 1029
f 1069 1031 1068
f 1048 1031 1069
f 1047 1031 1048
f 1003 1031 1047
f 1053 1003 1070
f 1053 1071 1035
f 1072 1035 1071
f 1072 1073 1035
f 1073 1061 1035
f 1051 1059 1060
f 1051 1060 1061
f 1051 1061 1073
f 1051 1052 1059
f 1074 1072 1075
f 1076 1077 1078
f 1079 1080 1039
f 1081 1064 1080
f 1080 1064 1039
f 1078 1073 1082
f 1051 1078 1034
f 1034 1078 1077
f 1034 1077 1083
f 1081 1042 1084
f 1081 1084 1064
f 1051 1073 1078
f 1085 1086 1081
f 1081 1086 1042
f 1087 1088 1089
f 1088 1087 1065
f 1065 1087 1090
f 1065 1090 1091
f 1082 1072 1078
f 1078 1072 1074
f 1078 1074 1075
f 1083 1092 1034
f 1034 1092 1032
f 1032 1092 1093
f 1032 1093 1038
f 1038 1093 1094
f 1095 1096 1094
f 1094 1096 1038
f 1039 1097 1079
f 1079 1097 1040
f 1079 1040 1095
f 1095 1040 1098
f 1095 1098 1096
f 1099 1100 1085
f 1085 1100 1086
f 1091 1090 1066
f 1066 1090 1101
f 1066 1101 1067
f 1102 1044 1099
f 1099 1044 1100
f 1088 1046 1089
f 1089 1046 1045
f 1089 1045 1102
f 1102 1045 1044
f 1067 1101 1103
f 1103 1101 1104
f 1103 1104 1105
f 1105 1104 1107
f 1105 1107 1106
f 1106 1107 1069
f 1069 1107 1048
f 1048 1107 1049
f 1049 1107 1047
f 1047 1107 1050
f 1050 1107 1108
f 1050 1108 1003
f 1003 1108 1109
f 1109 1108 1110
f 1109 1110 1078
f 1078 1110 1076
f 1075 1071 1078
f 1078 1071 1070
f 1015 1019 1016
f 1023 1027 1024
f 1111 1013 1112
f 1112 1013 1010
f 1113 1010 1114
f 1114 1010 1014
f 1115 1014 1116
f 1116 1014 1017
f 1117 1021 1118
f 1118 1021 1026
f 1133 1022 1119
f 1119 1022 1024
f 1120 1028 1121
f 1121 1028 1030
f 1122 1007 1123
f 1123 1007 1005
f 1124 1005 1125
f 1125 1005 1006
f 1010 1113 1112
f 1114 1014 1115
f 1021 1117 1020
f 1117 1116 1020
f 1116 1017 1020
f 1022 1133 1118
f 1022 1118 1026
f 1028 1120 1024
f 1119 1024 1120
f 1122 1126 1007
f 1007 1126 1121
f 1007 1121 1030
f 1005 1124 1123
f 1013 1111 1125
f 1125 1006 1013
f 1116 1117 1127
f 1128 1129 1130
f 1130 1129 1131
f 1130 1131 1132
f 1132 1131 1125
f 1133 1119 1134
f 1135 1114 1115
f 1135 1115 1127
f 1127 1115 1116
f 1136 1137 1132
f 1138 1121 1139
f 1139 1121 1126
f 1125 1140 1132
f 1132 1140 1136
f 1135 1141 1114
f 1114 1141 1142
f 1142 1141 1132
f 1142 1132 1137
f 1128 1130 1143
f 1128 1143 1126
f 1126 1143 1139
f 1134 1119 1120
f 1134 1120 1138
f 1138 1120 1121
f 1118 1133 1144
f 1127 1117 1145
f 1145 1117 1146
f 1145 1146 1144
f 1144 1146 1118
f 1134 1147 1133
f 1133 1147 1144
f 1072 1082 1073
f 1071 1075 1072
f 1037 1038 1096
f 1040 1037 1098
f 1039 1040 1097
f 1064 1084 1042
f 1042 1086 1043
f 1043 1086 1100
f 1043 1100 1044
f 1046 1088 1065
f 1065 1091 1066
f 1067 1103 1068
f 1068 1103 1105
f 1068 1105 1106
f 1068 1106 1069
f 1109 1070 1003
f 1053 1070 1071
f 1037 1096 1098
f 1070 1109 1078
f 1113 1142 1137
f 1137 1136 1112
f 1113 1137 1112
f 1113 1114 1142
f 1111 1112 1136
f 1111 1136 1140
f 1111 1140 1125
f 1125 1131 1129
f 1124 1125 1129
f 1124 1129 1128
f 1124 1128 1148
f 1123 1124 1148
f 1117 1118 1146
f 1122 1123 1148
f 1122 1148 1126
f 1126 1148 1128
f 1149 1127 1145
f 1149 1145 1144
f 1150 1144 1147
f 1150 1147 1134
f 1150 1134 1138
f 1143 1130 1151
f 1151 1130 1152
f 1152 1130 1153
f 1153 1130 1132
f 1141 1135 1154
f 1154 1135 1155
f 1155 1135 1127
f 1155 1127 1156
f 1156 1127 1149
f 1149 1144 1150
f 1157 1150 1158
f 1158 1150 1138
f 1158 1138 1139
f 1139 1143 1151
f 1159 1155 1156
f 1156 1149 1150
f 1156 1150 1157
f 1157 1158 1160
f 1160 1158 1139
f 1160 1139 1161
f 1161 1139 1151
f 1162 1132 1141
f 1162 1141 1163
f 1163 1141 1154
f 1163 1154 1159
f 1159 1154 1155
f 1104 1160 1107
f 1107 1160 1161
f 1107 1161 1164
f 1164 1161 1151
f 1164 1151 1152
f 1165 1153 1132
f 1165 1132 1162
f 1165 1162 1163
f 1104 1157 1160
f 1081 1159 1085
f 1085 1159 1099
f 1099 1159 1156
f 1099 1156 1102
f 1102 1156 1089
f 1089 1156 1087
f 1087 1156 1157
f 1087 1157 1090
f 1090 1157 1101
f 1101 1157 1104
f 1108 1107 1164
f 1108 1164 1110
f 1110 1164 1152
f 1110 1152 1076
f 1076 1152 1077
f 1077 1152 1153
f 1077 1153 1083
f 1083 1153 1092
f 1092 1153 1165
f 1092 1165 1093
f 1093 1165 1094
f 1094 1165 1095
f 1095 1165 1163
f 1095 1163 1079
f 1079 1163 1080
f 1080 1163 1081
f 1081 1163 1159
f 1166 1167 1168
f 1171 1172 1173
f 1171 1173 1174
f 1168 1175 1166
f 1166 1175 1176
f 1166 1176 1177
f 1166 1177 1171
f 1171 1177 1172
f 1170 1169 1174
f 1174 1178 1170
f 1173 1179 1174
f 1174 1179 1180
f 1180 1181 1174
f 1174 1181 1178
f 1182 1183 1184
f 1185 1186 1187
f 1188 1182 1184
f 1185 1187 1184
f 1184 1187 1188
f 1188 1187 1186
f 1189 1190 1191
f 1192 1193 1190
f 1190 1193 1191
f 1192 1194 1195
f 1189 1191 1196
f 1196 1191 1195
f 1195 1191 1192
f 1192 1191 1193
f 1197 1198 1199
f 1200 1278 1201
f 1201 1278 1197
f 1201 1197 1199
f 1199 1198 1202
f 1202 1198 1203
f 1204 1205 1206
f 1202 1203 1207
f 1207 1203 1208
f 1207 1208 1209
f 1209 1208 1210
f 1210 1208 1206
f 1210 1206 1211
f 1205 1212 1206
f 1206 1212 1211
f 1220 1213 1214
f 1215 1216 1217
f 1217 1218 1215
f 1215 1218 1219
f 1215 1219 1213
f 1219 1214 1213
f 1220 1222 1221
f 1221 1222 1223
f 1222 1224 1223
f 1223 1224 1225
f 1223 1225 1226
f 1226 1227 1228
f 1223 1226 1228
f 1216 1215 1229
f 1229 1215 1230
f 1231 1232 1233
f 1254 1234 1235
f 1235 1234 1236
f 1235 1236 1237
f 1233 1238 1231
f 1231 1238 1239
f 1231 1239 1240
f 1231 1240 1241
f 1231 1241 1255
f 1241 1242 1255
f 1255 1242 1243
f 1255 1243 1244
f 1255 1244 1245
f 1246 1247 1254
f 1254 1247 1248
f 1248 1249 1254
f 1254 1249 1250
f 1254 1250 1251
f 1254 1251 1252
f 1254 1252 1253
f 1254 1253 1234
f 1254 1255 1246
f 1246 1255 1245
f 1237 1232 1235
f 1235 1232 1231
f 1235 1231 1256
f 1256 1231 1228
f 1256 1228 1215
f 1215 1228 1230
f 1230 1228 1227
f 1213 1220 1221
f 1213 1221 1257
f 1257 1221 1258
f 1257 1258 1259
f 1257 1259 1260
f 1260 1259 1261
f 1260 1261 1262
f 1262 1261 1263
f 1262 1263 1264
f 1264 1263 1194
f 1192 1265 1194
f 1194 1265 1264
f 1190 1266 1192
f 1192 1266 1267
f 1190 1268 1266
f 1192 1267 1265
f 1265 1267 1186
f 1188 1187 1268
f 1268 1187 1266
f 1188 1186 1187
f 1269 1182 1268
f 1268 1182 1188
f 1182 1269 1270
f 1182 1270 1271
f 1271 1270 1272
f 1271 1272 1273
f 1273 1272 1274
f 1274 1272 1275
f 1274 1275 1204
f 1274 1204 1169
f 1169 1204 1206
f 1169 1206 1276
f 1276 1206 1208
f 1276 1208 1277
f 1277 1208 1203
f 1277 1203 1171
f 1171 1203 1198
f 1166 1198 1197
f 1197 1278 1166
f 1166 1278 1167
f 1175 1279 1201
f 1201 1279 1200
f 1281 1202 1280
f 1176 1282 1283
f 1176 1283 1179
f 1179 1283 1280
f 1202 1281 1199
f 1176 1284 1282
f 1175 1201 1199
f 1175 1199 1176
f 1176 1199 1284
f 1284 1199 1281
f 1179 1280 1202
f 1179 1202 1207
f 1178 1285 1205
f 1178 1205 1170
f 1170 1205 1286
f 1170 1286 1273
f 1273 1286 1287
f 1273 1287 1288
f 1288 1287 1289
f 1288 1289 1290
f 1290 1289 1291
f 1290 1291 1271
f 1271 1291 1183
f 1183 1291 1292
f 1183 1292 1184
f 1184 1292 1196
f 1184 1196 1185
f 1185 1196 1195
f 1185 1195 1293
f 1293 1195 1335
f 1293 1335 1294
f 1294 1335 1295
f 1294 1295 1296
f 1296 1295 1297
f 1297 1295 1298
f 1299 1300 1301
f 1301 1302 1299
f 1303 1304 1305
f 1303 1305 1306
f 1303 1306 1307
f 1307 1306 1308
f 1307 1308 1309
f 1307 1309 1310
f 1300 1311 1312
f 1300 1312 1301
f 1297 1298 1313
f 1297 1313 1314
f 1314 1313 1307
f 1314 1307 1300
f 1300 1307 1311
f 1311 1307 1310
f 1299 1304 1303
f 1299 1303 1315
f 1315 1303 1316
f 1315 1316 1317
f 1317 1316 1318
f 1317 1318 1319
f 1319 1318 1320
f 1320 1318 1321
f 1320 1321 1322
f 1322 1321 1324
f 1322 1324 1323
f 1325 1323 1324
f 1325 1324 1326
f 1254 1327 1255
f 1255 1327 1328
f 1293 1294 1262
f 1262 1294 1260
f 1260 1294 1296
f 1325 1329 1323
f 1323 1329 1254
f 1323 1254 1322
f 1330 1297 1331
f 1331 1297 1332
f 1332 1297 1314
f 1332 1314 1213
f 1213 1314 1215
f 1314 1333 1215
f 1215 1333 1256
f 1256 1333 1315
f 1256 1315 1334
f 1260 1296 1257
f 1257 1296 1330
f 1330 1296 1297
f 1235 1319 1254
f 1254 1319 1320
f 1254 1320 1322
f 1334 1315 1317
f 1334 1317 1235
f 1235 1317 1319
f 1259 1295 1261
f 1295 1335 1261
f 1328 1326 1336
f 1336 1326 1324
f 1336 1324 1255
f 1337 1338 1339
f 1339 1338 1340
f 1340 1338 1258
f 1258 1338 1341
f 1258 1341 1342
f 1258 1342 1343
f 1324 1321 1255
f 1255 1321 1318
f 1255 1318 1231
f 1231 1318 1344
f 1343 1298 1258
f 1258 1298 1259
f 1259 1298 1295
f 1318 1316 1344
f 1344 1316 1345
f 1345 1316 1307
f 1345 1307 1228
f 1228 1307 1223
f 1223 1307 1337
f 1337 1307 1338
f 1267 1346 1186
f 1186 1346 1187
f 1187 1347 1266
f 1266 1347 1346
f 1193 1267 1266
f 1267 1193 1346
f 1193 1266 1346
f 1187 1346 1347
f 1327 1329 1348
f 1327 1348 1328
f 1328 1348 1326
f 1167 1279 1168
f 1349 1329 1350
f 1350 1329 1325
f 1329 1349 1348
f 1348 1349 1351
f 1352 1326 1351
f 1351 1326 1348
f 1326 1352 1350
f 1326 1350 1325
f 1350 1352 1349
f 1352 1351 1349
f 1354 1279 1353
f 1353 1279 1167
f 1279 1354 1200
f 1354 1278 1200
f 1353 1167 1354
f 1354 1167 1278
f 1354 1355 1356
f 1281 1354 1284
f 1356 1284 1354
f 1284 1356 1282
f 1354 1281 1280
f 1354 1280 1355
f 1355 1280 1283
f 1355 1283 1356
f 1356 1283 1282
f 1226 1306 1305
f 1226 1305 1227
f 1227 1305 1230
f 1302 1216 1229
f 1302 1229 1299
f 1299 1229 1230
f 1299 1230 1304
f 1304 1230 1305
f 1311 1220 1312
f 1312 1220 1214
f 1312 1214 1301
f 1301 1214 1219
f 1301 1219 1302
f 1302 1219 1218
f 1302 1218 1217
f 1302 1217 1216
f 1306 1226 1225
f 1306 1225 1308
f 1308 1225 1224
f 1308 1224 1309
f 1309 1224 1222
f 1309 1222 1310
f 1310 1222 1220
f 1310 1220 1311
f 1245 1357 1246
f 1249 1248 1358
f 1358 1248 1247
f 1358 1247 1246
f 1358 1246 1357
f 1249 1358 1250
f 1250 1358 1359
f 1245 1244 1357
f 1357 1244 1243
f 1357 1243 1360
f 1360 1243 1242
f 1360 1242 1241
f 1360 1241 1361
f 1361 1241 1240
f 1361 1240 1362
f 1362 1240 1239
f 1362 1239 1238
f 1362 1238 1363
f 1363 1238 1233
f 1363 1233 1364
f 1364 1233 1232
f 1364 1232 1365
f 1365 1232 1366
f 1366 1232 1237
f 1366 1237 1367
f 1367 1237 1368
f 1368 1237 1236
f 1368 1236 1369
f 1369 1236 1234
f 1369 1234 1370
f 1370 1234 1253
f 1370 1253 1359
f 1359 1253 1252
f 1359 1252 1251
f 1359 1251 1250
f 1352 1359 1357
f 1352 1368 1359
f 1352 1366 1368
f 1352 1364 1366
f 1352 1362 1364
f 1352 1357 1362
f 1269 1268 1190
f 1269 1190 1189
f 1269 1189 1270
f 1189 1196 1270
f 1196 1292 1270
f 1292 1291 1270
f 1270 1291 1272
f 1291 1289 1272
f 1272 1289 1275
f 1289 1287 1275
f 1275 1287 1286
f 1286 1205 1275
f 1204 1275 1205
f 1182 1271 1183
f 1273 1290 1271
f 1274 1170 1273
f 1170 1274 1169
f 1171 1174 1277
f 1277 1174 1276
f 1276 1174 1169
f 1198 1166 1171
f 1195 1194 1263
f 1231 1344 1345
f 1340 1258 1221
f 1231 1345 1228
f 1339 1221 1223
f 1339 1223 1337
f 1339 1340 1221
f 1261 1335 1263
f 1195 1263 1335
f 1328 1336 1255
f 1264 1265 1186
f 1264 1186 1185
f 1264 1185 1293
f 1256 1334 1235
f 1213 1257 1331
f 1257 1330 1331
f 1331 1332 1213
f 1262 1264 1293
f 1327 1254 1329
f 1179 1207 1181
f 1181 1207 1211
f 1181 1211 1212
f 1181 1212 1178
f 1178 1212 1285
f 1209 1210 1211
f 1211 1207 1209
f 1205 1285 1212
f 1298 1343 1342
f 1342 1341 1298
f 1307 1316 1303
f 1338 1313 1341
f 1341 1313 1298
f 1338 1307 1313
f 1300 1333 1314
f 1299 1315 1333
f 1299 1333 1300
f 1290 1273 1288
f 1176 1179 1177
f 1177 1179 1173
f 1172 1177 1173
f 1179 1181 1180
f 1279 1175 1168
f 1360 1362 1357
f 1363 1364 1362
f 1361 1362 1360
f 1358 1357 1359
f 1370 1359 1369
f 1369 1359 1368
f 1367 1368 1366
f 1365 1366 1364
f 1371 1372 1373
f 1374 1375 1376
f 1374 1376 1377
f 1378 1379 1380
f 1381 1382 1383
f 1373 1375 1371
f 1371 1375 1374
f 1377 1376 1384
f 1377 1384 1381
f 1381 1384 1382
f 1383 1385 1381
f 1381 1385 1386
f 1381 1386 1378
f 1386 1387 1378
f 1378 1387 1379
f 1388 1389 1390
f 1390 1389 1391
f 1392 1390 1391
f 1393 1394 1392
f 1392 1391 1393
f 1393 1391 1389
f 1395 1396 1397
f 1398 1399 1396
f 1396 1399 1397
f 1398 1400 1401
f 1395 1397 1402
f 1402 1397 1401
f 1401 1397 1398
f 1397 1399 1398
f 1403 1404 1405
f 1405 1404 1406
f 1405 1406 1407
f 1407 1406 1408
f 1407 1408 1409
f 1410 1411 1412
f 1410 1412 1413
f 1407 1409 1414
f 1414 1409 1411
f 1414 1411 1415
f 1411 1410 1415
f 1416 1417 1418
f 1419 1420 1421
f 1421 1422 1419
f 1419 1422 1423
f 1419 1423 1417
f 1423 1418 1417
f 1424 1416 1425
f 1425 1416 1426
f 1427 1428 1419
f 1426 1429 1430
f 1425 1426 1430
f 1420 1419 1431
f 1431 1419 1428
f 1432 1433 1434
f 1432 1434 1435
f 1436 1437 1438
f 1436 1438 1439
f 1432 1440 1433
f 1438 1441 1439
f 1439 1441 1442
f 1439 1442 1443
f 1439 1443 1444
f 1439 1444 1445
f 1444 1446 1445
f 1445 1446 1447
f 1445 1447 1448
f 1445 1448 1449
f 1450 1451 1452
f 1452 1451 1453
f 1453 1454 1452
f 1452 1454 1455
f 1452 1455 1432
f 1432 1455 1456
f 1457 1445 1452
f 1452 1445 1450
f 1450 1445 1449
f 1434 1437 1435
f 1435 1437 1436
f 1435 1436 1458
f 1458 1436 1430
f 1458 1430 1419
f 1419 1430 1427
f 1427 1430 1429
f 1417 1416 1424
f 1417 1424 1459
f 1417 1459 1460
f 1460 1459 1461
f 1460 1461 1462
f 1462 1461 1463
f 1462 1463 1464
f 1464 1463 1400
f 1464 1400 1390
f 1398 1388 1400
f 1400 1388 1390
f 1398 1396 1465
f 1466 1465 1396
f 1398 1465 1467
f 1398 1467 1388
f 1388 1467 1389
f 1396 1393 1466
f 1395 1394 1396
f 1396 1394 1393
f 1394 1395 1468
f 1468 1395 1469
f 1468 1469 1470
f 1470 1469 1471
f 1470 1471 1472
f 1472 1471 1473
f 1472 1473 1380
f 1380 1473 1474
f 1380 1474 1412
f 1378 1412 1475
f 1378 1475 1476
f 1476 1475 1477
f 1476 1477 1478
f 1478 1477 1409
f 1478 1409 1381
f 1381 1409 1408
f 1381 1408 1377
f 1377 1408 1406
f 1406 1479 1371
f 1371 1479 1372
f 1375 1480 1405
f 1405 1480 1403
f 1481 1407 1482
f 1482 1407 1414
f 1482 1414 1483
f 1484 1485 1376
f 1376 1485 1385
f 1385 1485 1483
f 1481 1486 1407
f 1407 1486 1487
f 1407 1487 1488
f 1407 1488 1489
f 1407 1489 1490
f 1407 1490 1484
f 1375 1405 1407
f 1375 1407 1376
f 1376 1407 1484
f 1385 1483 1414
f 1385 1414 1387
f 1387 1414 1415
f 1379 1410 1380
f 1380 1410 1413
f 1380 1413 1491
f 1491 1413 1474
f 1491 1474 1470
f 1470 1474 1492
f 1470 1492 1493
f 1493 1492 1494
f 1493 1494 1495
f 1493 1495 1392
f 1392 1495 1402
f 1392 1402 1401
f 1392 1401 1496
f 1496 1401 1497
f 1496 1497 1498
f 1498 1497 1499
f 1499 1497 1501
f 1501 1497 1500
f 1501 1500 1515
f 1515 1500 1502
f 1503 1504 1505
f 1505 1506 1503
f 1507 1508 1509
f 1507 1509 1511
f 1507 1511 1510
f 1504 1512 1513
f 1504 1513 1505
f 1515 1502 1514
f 1515 1514 1516
f 1515 1516 1510
f 1515 1510 1504
f 1504 1510 1512
f 1512 1510 1511
f 1503 1508 1507
f 1503 1507 1517
f 1517 1507 1518
f 1517 1518 1519
f 1519 1518 1520
f 1519 1520 1521
f 1521 1520 1522
f 1522 1520 1523
f 1522 1523 1524
f 1524 1523 1525
f 1526 1524 1525
f 1526 1525 1527
f 1457 1528 1445
f 1445 1528 1529
f 1464 1498 1462
f 1462 1498 1501
f 1526 1528 1524
f 1524 1528 1457
f 1524 1457 1530
f 1524 1530 1531
f 1501 1515 1532
f 1532 1515 1533
f 1533 1515 1504
f 1533 1504 1417
f 1417 1504 1419
f 1419 1504 1517
f 1419 1517 1458
f 1458 1517 1534
f 1462 1501 1460
f 1460 1501 1532
f 1435 1521 1452
f 1452 1521 1531
f 1531 1521 1524
f 1534 1517 1435
f 1435 1517 1519
f 1435 1519 1521
f 1461 1500 1535
f 1535 1500 1497
f 1535 1497 1463
f 1529 1527 1536
f 1536 1527 1525
f 1536 1525 1445
f 1445 1525 1523
f 1445 1523 1537
f 1538 1516 1424
f 1424 1516 1514
f 1424 1514 1539
f 1539 1514 1459
f 1459 1514 1502
f 1537 1523 1540
f 1537 1540 1439
f 1439 1540 1436
f 1436 1540 1541
f 1459 1502 1542
f 1542 1502 1461
f 1461 1502 1500
f 1540 1518 1541
f 1541 1518 1543
f 1543 1518 1544
f 1543 1544 1430
f 1430 1544 1510
f 1430 1510 1425
f 1425 1510 1538
f 1538 1510 1516
f 1467 1545 1389
f 1389 1545 1546
f 1393 1547 1466
f 1466 1547 1548
f 1399 1467 1466
f 1467 1399 1545
f 1399 1466 1548
f 1545 1399 1548
f 1389 1391 1393
f 1393 1391 1547
f 1391 1389 1546
f 1547 1391 1546
f 1546 1548 1547
f 1546 1545 1548
f 1528 1549 1529
f 1529 1549 1527
f 1403 1479 1404
f 1372 1480 1373
f 1549 1528 1526
f 1527 1549 1526
f 1480 1550 1403
f 1550 1479 1403
f 1372 1550 1480
f 1479 1550 1372
f 1550 1551 1552
f 1550 1553 1551
f 1550 1552 1553
f 1489 1553 1490
f 1490 1553 1552
f 1490 1552 1484
f 1489 1488 1553
f 1553 1488 1487
f 1553 1487 1486
f 1553 1486 1481
f 1553 1481 1482
f 1553 1482 1551
f 1551 1482 1483
f 1551 1483 1552
f 1552 1483 1485
f 1552 1485 1484
f 1426 1511 1509
f 1426 1509 1429
f 1429 1509 1427
f 1506 1420 1431
f 1506 1431 1503
f 1503 1431 1428
f 1503 1428 1427
f 1503 1427 1508
f 1508 1427 1509
f 1512 1416 1513
f 1513 1416 1418
f 1513 1418 1505
f 1505 1418 1423
f 1505 1423 1506
f 1506 1423 1422
f 1506 1422 1421
f 1506 1421 1420
f 1511 1426 1416
f 1511 1416 1512
f 1449 1554 1450
f 1454 1453 1555
f 1555 1453 1451
f 1555 1451 1450
f 1555 1450 1554
f 1454 1555 1455
f 1455 1555 1567
f 1449 1448 1554
f 1554 1448 1447
f 1554 1447 1556
f 1556 1447 1446
f 1556 1446 1557
f 1557 1446 1444
f 1557 1444 1443
f 1557 1443 1558
f 1558 1443 1442
f 1558 1442 1559
f 1559 1442 1441
f 1559 1441 1438
f 1559 1438 1560
f 1560 1438 1437
f 1560 1437 1561
f 1561 1437 1434
f 1561 1434 1562
f 1562 1434 1563
f 1563 1434 1433
f 1563 1433 1564
f 1564 1433 1440
f 1564 1440 1565
f 1565 1440 1432
f 1565 1432 1566
f 1566 1432 1456
f 1566 1456 1567
f 1567 1456 1455
f 1549 1565 1567
f 1549 1567 1555
f 1549 1563 1565
f 1549 1560 1563
f 1549 1559 1560
f 1549 1557 1559
f 1549 1555 1557
f 1395 1402 1469
f 1402 1494 1469
f 1494 1492 1469
f 1469 1492 1471
f 1471 1492 1473
f 1492 1474 1473
f 1412 1474 1413
f 1477 1475 1411
f 1411 1475 1412
f 1411 1409 1477
f 1479 1406 1404
f 1493 1392 1468
f 1468 1392 1394
f 1470 1493 1468
f 1472 1491 1470
f 1380 1491 1472
f 1371 1374 1377
f 1381 1378 1478
f 1478 1378 1476
f 1406 1371 1377
f 1412 1378 1380
f 1401 1400 1497
f 1497 1400 1463
f 1436 1541 1543
f 1537 1439 1445
f 1436 1543 1430
f 1425 1538 1424
f 1424 1539 1459
f 1542 1461 1459
f 1461 1535 1463
f 1529 1536 1445
f 1458 1534 1435
f 1432 1435 1452
f 1452 1530 1457
f 1417 1460 1533
f 1460 1532 1533
f 1452 1531 1530
f 1387 1415 1379
f 1379 1415 1410
f 1494 1402 1495
f 1523 1520 1540
f 1540 1520 1518
f 1544 1518 1507
f 1544 1507 1510
f 1522 1524 1521
f 1503 1517 1504
f 1499 1501 1498
f 1498 1464 1496
f 1464 1390 1496
f 1496 1390 1392
f 1376 1385 1384
f 1384 1385 1383
f 1382 1384 1383
f 1385 1387 1386
f 1480 1375 1373
f 1556 1557 1555
f 1556 1555 1554
f 1562 1563 1560
f 1567 1565 1566
f 1564 1565 1563
f 1561 1562 1560
f 1558 1559 1557
f 1466 1467 1568
f 1568 1467 1465
f 1466 1568 1465
f 1569 1570 1571
f 1571 1572 1569
f 1569 1572 1573
f 1573 1572 1574
f 1573 1574 1575
f 1575 1574 1576
f 1577 1578 1579
f 1575 1579 1578
f 1576 1579 1575
f 1580 1581 1582
f 1583 1584 1586
f 1585 1580 1582
f 1583 1586 1582
f 1582 1586 1585
f 1585 1586 1584
f 1676 1587 1588
f 1589 1588 1587
f 1589 1590 1591
f 1676 1588 1591
f 1591 1588 1589
f 1592 1593 1594
f 1594 1593 1595
f 1594 1595 1596
f 1596 1595 1597
f 1601 1598 1661
f 1596 1597 1599
f 1599 1597 1600
f 1599 1600 1601
f 1598 1601 1600
f 1602 1603 1604
f 1605 1606 1607
f 1605 1607 1603
f 1607 1604 1603
f 1602 1609 1608
f 1608 1609 1610
f 1609 1611 1610
f 1610 1611 1612
f 1613 1614 1605
f 1612 1615 1616
f 1610 1612 1616
f 1606 1605 1617
f 1617 1605 1614
f 1622 1618 1619
f 1620 1639 1621
f 1618 1622 1623
f 1623 1622 1624
f 1623 1624 1625
f 1623 1625 1626
f 1625 1627 1626
f 1626 1627 1628
f 1626 1628 1629
f 1626 1629 1630
f 1631 1632 1633
f 1633 1632 1634
f 1634 1635 1633
f 1633 1635 1636
f 1633 1636 1620
f 1620 1636 1637
f 1620 1637 1638
f 1620 1638 1639
f 1633 1626 1631
f 1631 1626 1630
f 1639 1619 1621
f 1621 1619 1618
f 1621 1618 1640
f 1640 1618 1641
f 1640 1641 1616
f 1640 1616 1605
f 1605 1616 1613
f 1613 1616 1615
f 1603 1602 1608
f 1603 1608 1642
f 1603 1642 1643
f 1643 1642 1644
f 1643 1644 1645
f 1645 1644 1646
f 1645 1646 1647
f 1647 1646 1648
f 1647 1648 1649
f 1649 1648 1650
f 1649 1650 1651
f 1649 1651 1583
f 1589 1584 1652
f 1652 1584 1583
f 1587 1653 1589
f 1585 1584 1654
f 1584 1589 1655
f 1585 1656 1587
f 1587 1656 1653
f 1584 1655 1654
f 1585 1654 1656
f 1657 1580 1587
f 1587 1580 1585
f 1580 1657 1658
f 1658 1657 1659
f 1658 1659 1660
f 1660 1659 1674
f 1660 1674 1661
f 1660 1661 1662
f 1662 1661 1578
f 1578 1661 1598
f 1578 1598 1597
f 1575 1597 1595
f 1575 1595 1573
f 1595 1663 1569
f 1569 1663 1570
f 1572 1664 1594
f 1594 1664 1592
f 1666 1596 1665
f 1673 1667 1574
f 1574 1667 1576
f 1576 1667 1668
f 1596 1666 1594
f 1594 1666 1669
f 1594 1669 1670
f 1594 1670 1671
f 1594 1671 1672
f 1572 1594 1574
f 1574 1594 1673
f 1673 1594 1672
f 1668 1665 1576
f 1576 1665 1596
f 1576 1596 1599
f 1576 1599 1579
f 1579 1599 1601
f 1579 1601 1577
f 1577 1601 1661
f 1577 1661 1674
f 1577 1674 1660
f 1660 1674 1675
f 1660 1675 1658
f 1658 1675 1581
f 1581 1675 1676
f 1581 1676 1582
f 1582 1676 1591
f 1582 1591 1583
f 1583 1591 1677
f 1677 1591 1678
f 1677 1678 1679
f 1679 1678 1680
f 1679 1680 1681
f 1681 1680 1683
f 1681 1683 1682
f 1682 1683 1684
f 1685 1686 1687
f 1687 1688 1685
f 1685 1688 1689
f 1689 1688 1690
f 1689 1690 1691
f 1692 1689 1694
f 1692 1694 1693
f 1693 1694 1695
f 1686 1696 1697
f 1686 1697 1687
f 1698 1684 1699
f 1698 1699 1700
f 1700 1699 1693
f 1700 1693 1686
f 1686 1693 1696
f 1696 1693 1695
f 1689 1692 1701
f 1701 1692 1702
f 1701 1702 1703
f 1703 1702 1704
f 1703 1704 1705
f 1705 1704 1706
f 1705 1706 1707
f 1707 1706 1708
f 1707 1708 1709
f 1710 1709 1708
f 1710 1708 1711
f 1633 1712 1626
f 1626 1712 1713
f 1649 1679 1647
f 1647 1679 1714
f 1647 1714 1645
f 1710 1715 1709
f 1709 1715 1633
f 1709 1633 1707
f 1707 1633 1716
f 1698 1700 1717
f 1717 1700 1718
f 1718 1700 1686
f 1718 1686 1603
f 1686 1685 1603
f 1603 1685 1605
f 1605 1685 1719
f 1719 1685 1701
f 1719 1701 1640
f 1645 1714 1698
f 1645 1698 1643
f 1643 1698 1717
f 1621 1703 1620
f 1620 1703 1705
f 1620 1705 1716
f 1716 1705 1707
f 1640 1701 1621
f 1621 1701 1703
f 1720 1646 1678
f 1721 1683 1646
f 1646 1683 1680
f 1646 1680 1678
f 1713 1711 1722
f 1722 1711 1708
f 1722 1708 1626
f 1626 1708 1706
f 1626 1706 1723
f 1724 1693 1725
f 1725 1693 1608
f 1608 1693 1642
f 1642 1693 1699
f 1642 1699 1726
f 1642 1726 1727
f 1720 1678 1591
f 1723 1706 1623
f 1623 1706 1728
f 1706 1704 1728
f 1728 1704 1618
f 1618 1704 1702
f 1618 1702 1641
f 1727 1684 1642
f 1642 1684 1721
f 1721 1684 1683
f 1702 1729 1641
f 1641 1729 1730
f 1730 1729 1616
f 1616 1729 1610
f 1610 1729 1693
f 1610 1693 1724
f 1589 1731 1655
f 1655 1731 1732
f 1655 1732 1733
f 1656 1734 1653
f 1653 1734 1735
f 1588 1589 1653
f 1589 1588 1731
f 1588 1653 1735
f 1731 1588 1735
f 1733 1586 1656
f 1656 1586 1736
f 1656 1736 1734
f 1586 1733 1732
f 1734 1736 1732
f 1732 1736 1586
f 1731 1735 1734
f 1732 1731 1734
f 1712 1715 1713
f 1592 1663 1593
f 1570 1664 1571
f 1737 1715 1710
f 1715 1737 1713
f 1737 1711 1713
f 1711 1737 1710
f 1738 1664 1570
f 1664 1738 1592
f 1738 1663 1592
f 1663 1738 1570
f 1738 1739 1740
f 1738 1741 1739
f 1738 1740 1741
f 1670 1739 1671
f 1671 1739 1672
f 1672 1739 1673
f 1741 1673 1739
f 1670 1669 1739
f 1739 1669 1666
f 1739 1666 1665
f 1739 1665 1740
f 1740 1665 1668
f 1740 1668 1741
f 1741 1668 1667
f 1741 1667 1673
f 1612 1694 1689
f 1612 1689 1615
f 1615 1689 1613
f 1688 1606 1690
f 1690 1606 1617
f 1690 1617 1691
f 1691 1617 1614
f 1691 1614 1689
f 1689 1614 1613
f 1696 1602 1697
f 1697 1602 1604
f 1697 1604 1687
f 1687 1604 1607
f 1687 1607 1688
f 1688 1607 1606
f 1694 1612 1611
f 1694 1611 1609
f 1694 1609 1695
f 1695 1609 1602
f 1695 1602 1696
f 1630 1742 1631
f 1635 1634 1743
f 1743 1634 1632
f 1743 1632 1631
f 1743 1631 1742
f 1635 1743 1636
f 1636 1743 1744
f 1630 1629 1742
f 1742 1629 1628
f 1742 1628 1627
f 1742 1627 1625
f 1742 1625 1745
f 1745 1625 1624
f 1745 1624 1622
f 1745 1622 1746
f 1746 1622 1619
f 1746 1619 1747
f 1747 1619 1748
f 1748 1619 1639
f 1748 1639 1749
f 1749 1639 1744
f 1744 1639 1638
f 1744 1638 1637
f 1744 1637 1636
f 1737 1744 1742
f 1737 1748 1744
f 1737 1745 1748
f 1737 1742 1745
f 1583 1651 1652
f 1657 1587 1676
f 1657 1676 1659
f 1676 1675 1659
f 1675 1674 1659
f 1600 1597 1598
f 1663 1595 1593
f 1580 1658 1581
f 1577 1662 1578
f 1595 1569 1573
f 1575 1578 1597
f 1590 1589 1652
f 1652 1651 1590
f 1591 1590 1650
f 1650 1590 1651
f 1591 1650 1720
f 1723 1623 1626
f 1618 1623 1728
f 1641 1730 1616
f 1608 1610 1725
f 1725 1610 1724
f 1642 1721 1644
f 1644 1721 1646
f 1650 1648 1720
f 1720 1648 1646
f 1713 1722 1626
f 1605 1719 1640
f 1620 1716 1633
f 1603 1643 1718
f 1643 1717 1718
f 1712 1633 1715
f 1682 1684 1698
f 1684 1727 1726
f 1726 1699 1684
f 1729 1702 1692
f 1729 1692 1693
f 1689 1701 1685
f 1682 1698 1714
f 1682 1714 1681
f 1681 1714 1679
f 1679 1649 1677
f 1677 1649 1583
f 1660 1662 1577
f 1664 1572 1571
f 1747 1748 1745
f 1744 1743 1742
f 1749 1744 1748
f 1746 1747 1745
f 1733 1656 1655
f 1655 1656 1654
f 1750 1751 1752
f 1750 1752 1753
f 1753 1752 1754
f 1755 1756 1757
f 1758 1757 1756
f 1755 1757 1759
f 1755 1759 1760
f 1761 1762 1763
f 1764 1765 1751
f 1764 1758 1765
f 1766 1762 1767
f 1766 1767 1768
f 1756 1751 1765
f 1762 1766 1769
f 1762 1769 1770
f 1762 1770 1763
f 1771 1772 1773
f 1774 1775 1754
f 1776 1773 1763
f 1777 1778 1779
f 1774 1771 1775
f 1752 1760 1754
f 1772 1771 1780
f 1772 1780 1781
f 1778 1782 1779
f 1756 1755 1751
f 1751 1755 1752
f 1752 1755 1760
f 1775 1771 1773
f 1760 1783 1774
f 1760 1774 1754
f 1783 1760 1784
f 1784 1760 1785
f 1781 1780 1786
f 1781 1786 1777
f 1777 1786 1778
f 1787 1788 1789
f 1789 1788 1790
f 1757 1758 1764
f 1791 1788 1792
f 1793 1753 1794
f 1795 1796 1797
f 1795 1798 1804
f 1791 1792 1799
f 1791 1799 1796
f 1757 1764 1750
f 1753 1793 1759
f 1800 1801 1802
f 1799 1797 1796
f 1757 1750 1759
f 1759 1750 1753
f 1795 1804 1803
f 1801 1800 1805
f 1800 1807 1806
f 1793 1808 1809
f 1793 1809 1759
f 1803 1804 1794
f 1794 1804 1793
f 1800 1802 1807
f 1807 1810 1806
f 1806 1810 1811
f 1811 1810 1798
f 1798 1795 1797
f 1798 1797 1811
f 1768 1790 1766
f 1768 1789 1790
f 1770 1769 1788
f 1788 1769 1790
f 1763 1770 1791
f 1791 1770 1788
f 1763 1791 1796
f 1763 1796 1776
f 1776 1796 1795
f 1776 1795 1773
f 1773 1795 1803
f 1773 1803 1775
f 1775 1803 1794
f 1812 1808 1793
f 1812 1793 1784
f 1784 1793 1783
f 1783 1793 1774
f 1774 1793 1804
f 1774 1804 1771
f 1771 1804 1798
f 1771 1798 1780
f 1780 1798 1807
f 1780 1807 1786
f 1786 1807 1778
f 1778 1807 1802
f 1778 1802 1782
f 1782 1802 1801
f 1782 1801 1805
f 1782 1805 1813
f 1782 1813 1779
f 1779 1813 1800
f 1779 1800 1777
f 1777 1800 1806
f 1777 1806 1781
f 1781 1806 1811
f 1781 1811 1772
f 1772 1811 1797
f 1772 1797 1773
f 1773 1797 1799
f 1773 1799 1763
f 1763 1799 1792
f 1761 693 1788
f 1761 1788 1762
f 1788 1787 1767
f 1762 1788 1767
f 1756 1765 1758
f 1760 1759 1809
f 1760 1809 1785
f 1785 1809 1808
f 1785 1808 1812
f 1767 1787 1768
f 1768 1787 1789
f 1751 1750 1764
f 1753 1754 1794
f 1794 1754 1775
f 1766 1790 1769
f 690 1792 693
f 693 1792 1788
f 1763 690 1761
f 1761 690 693
f 690 1763 1792
f 1810 1807 1798
f 1805 1800 1813
f 1812 1784 1785
f 1814 1815 1816
f 1816 1815 1817
f 1816 1817 1878
f 1818 1819 1820
f 1819 1821 1820
f 1818 1820 1822
f 623 1823 1824
f 623 1824 1825
f 1825 1824 1826
f 1825 1826 1827
f 1828 1829 1830
f 1831 1815 1830
f 1830 1815 1832
f 1829 1831 1830
f 1833 1834 1835
f 1833 1835 1836
f 1819 1815 1831
f 1834 1833 1823
f 1837 1838 1839
f 1833 1840 1823
f 1823 1840 1841
f 1823 1841 1824
f 1842 1837 1839
f 1838 1837 1843
f 1837 1824 1844
f 1845 1817 1846
f 1843 1837 1844
f 1847 1848 1849
f 1817 1845 1850
f 1851 1842 1839
f 1819 1818 1815
f 1815 1818 1817
f 1852 1842 1853
f 1847 1852 1848
f 1850 1845 1842
f 1850 1842 1851
f 1818 1846 1817
f 1846 1818 1854
f 1846 1854 1855
f 1852 1853 1856
f 1857 1858 1827
f 1821 1829 1828
f 1859 1827 1826
f 1860 1861 1862
f 1862 1861 1863
f 1863 1861 1864
f 1865 1859 1826
f 1866 1867 1863
f 1863 1867 1868
f 1821 1828 1814
f 1821 1814 1820
f 1820 1814 1816
f 1878 1869 1820
f 1878 1820 1816
f 1870 1871 1872
f 1865 1826 1861
f 1865 1861 1860
f 1868 1867 1873
f 1875 1822 1876
f 1876 1822 1869
f 1869 1822 1820
f 1822 1875 1877
f 1867 1869 1873
f 1873 1869 1878
f 1872 1874 1879
f 1879 1874 1866
f 1866 1863 1864
f 1866 1864 1879
f 1836 1827 1833
f 1836 1857 1827
f 1824 1841 1859
f 1859 1841 1827
f 1824 1859 1844
f 1844 1859 1865
f 1844 1865 1843
f 1843 1865 1860
f 1843 1860 1838
f 1839 1868 1851
f 1851 1868 1873
f 1851 1873 1850
f 1850 1873 1878
f 1850 1878 1817
f 1854 1877 1855
f 1855 1877 1875
f 1855 1875 1876
f 1855 1876 1846
f 1846 1876 1869
f 1846 1869 1845
f 1845 1869 1867
f 1845 1867 1842
f 1842 1867 1866
f 1842 1866 1853
f 1853 1866 1856
f 1856 1866 1874
f 1856 1874 1872
f 1856 1872 1848
f 1848 1872 1849
f 1849 1872 1871
f 1849 1871 1880
f 1880 1871 1870
f 1880 1870 1847
f 1847 1870 1872
f 1847 1872 1852
f 1852 1872 1879
f 1852 1879 1842
f 1842 1879 1864
f 1842 1864 1837
f 1837 1864 1861
f 1837 1861 1826
f 1837 1826 1824
f 1823 624 1827
f 1823 1827 1858
f 1823 1858 1834
f 1858 1857 1834
f 1834 1857 1881
f 1835 1834 1881
f 1819 1831 1821
f 1821 1831 1829
f 1818 1822 1854
f 1854 1822 1877
f 1881 1857 1836
f 1815 1814 1832
f 1832 1814 1830
f 1881 1836 1835
f 1830 1814 1828
f 1868 1839 1863
f 1863 1839 1862
f 1862 1839 1838
f 1862 1838 1860
f 1833 1827 1840
f 1840 1827 1841
f 623 1825 624
f 624 1825 1827
f 1823 623 624
f 1848 1852 1856
f 1849 1880 1847
f 1882 1883 1884
f 1883 1882 1885
f 1884 1883 1886
f 1886 1883 1655
f 1733 1887 1655
f 1655 1887 1886
f 1888 1736 1656
f 1733 1736 1887
f 1656 1736 1733
f 1887 1736 1888
f 1888 1656 1889
f 1888 1889 1882
f 1882 1889 1885
f 1884 1886 1887
f 1884 1887 1882
f 1882 1887 1888
f 1893 1890 1891
f 1654 1655 1891
f 1891 1655 1883
f 1891 1883 1892
f 1654 1891 1890
f 1654 1890 1893
f 1654 1894 1656
f 1656 1894 1895
f 1656 1895 1889
f 1895 1893 1889
f 1894 1893 1895
f 1893 1894 1654
f 1896 1885 1897
f 1897 1885 1893
f 1893 1885 1889
f 1896 1898 1892
f 1892 1898 1897
f 1897 1898 1896
f 1899 1896 1892
f 1892 1883 1896
f 1892 1896 1899
f 1897 1900 1892
f 1892 1900 1901
f 1893 1902 1897
f 1897 1902 1900
f 1891 1903 1893
f 1893 1903 1902
f 1892 1901 1891
f 1891 1901 1903
f 1904 1905 1906
f 1906 1905 1907
f 1908 1909 1904
f 1904 1909 1905
f 1910 1911 1908
f 1908 1911 1909
f 1906 1907 1910
f 1910 1907 1911
f 1909 1902 1905
f 1905 1902 1903
f 1905 1903 1907
f 1907 1903 1901
f 1911 1900 1909
f 1909 1900 1902
f 1907 1901 1911
f 1911 1901 1900
f 1899 1904 1906
f 1895 1908 1894
f 1910 1908 1898
f 1898 1908 1895
f 1894 1908 1890
f 1899 1890 1904
f 1898 1906 1910
f 1908 1904 1890
f 1899 1896 1890
f 1890 1896 1898
f 1898 1895 1894
f 1898 1894 1890
f 1899 1906 1896
f 1896 1906 1898
f 1654 1656 1655
f 1655 1656 1733
f 1885 1896 1883
f 1912 1913 1914
f 1914 1913 1915
f 1913 1912 1916
f 1916 1912 1568
f 1466 1917 1568
f 1568 1917 1916
f 1918 1399 1467
f 1466 1399 1917
f 1467 1399 1466
f 1917 1399 1918
f 1919 1918 1467
f 1918 1919 1915
f 1915 1919 1914
f 1916 1917 1913
f 1913 1917 1915
f 1915 1917 1918
f 1920 1921 1922
f 1923 1921 1920
f 1922 1568 1924
f 1924 1568 1912
f 1568 1922 1921
f 1568 1921 1465
f 1465 1921 1923
f 1925 1926 1923
f 1465 1926 1467
f 1467 1926 1919
f 1926 1925 1919
f 1923 1926 1465
f 1927 1914 1925
f 1925 1914 1919
f 1914 1928 1929
f 1929 1928 1927
f 1927 1928 1914
f 1930 1929 1924
f 1929 1930 1914
f 1924 1912 1914
f 1924 1914 1930
f 1927 1931 1929
f 1929 1931 1932
f 1925 1933 1927
f 1927 1933 1931
f 1920 1934 1925
f 1925 1934 1933
f 1924 1932 1922
f 1922 1932 1934
f 1935 1936 1932
f 1937 1938 1935
f 1935 1938 1936
f 1937 1939 1938
f 1938 1933 1936
f 1936 1933 1934
f 1936 1934 1932
f 1939 1931 1938
f 1938 1931 1933
f 1939 1932 1931
f 1930 1935 1932
f 1939 1937 1928
f 1926 1937 1921
f 1930 1921 1935
f 1928 1932 1939
f 1937 1935 1921
f 1921 1930 1928
f 1937 1926 1928
f 1928 1926 1921
f 1930 1932 1928
f 1920 1922 1934
f 1929 1932 1924
f 1923 1920 1925
f 1568 1465 1467
f 1568 1467 1466
f 1940 1941 1942
f 1942 1941 1943
f 1942 1943 1944
f 1944 1943 1945
f 1944 1945 1946
f 1947 1948 1949
f 1946 1950 1951
f 1951 1950 1952
f 1951 1952 1949
f 1949 1952 1953
f 1949 1953 1947
f 1954 1955 1956
f 1948 1957 1958
f 1958 1957 1959
f 1958 1959 1956
f 1956 1959 1954
f 1960 1961 1962
f 1962 1961 1963
f 1881 1835 1964
f 1964 1835 1857
f 1965 1966 1967
f 1967 1966 1968
f 1967 1968 1969
f 1966 1965 1970
f 1970 1965 1971
f 1970 1971 1972
f 1973 1974 1972
f 1975 1973 1976
f 1977 1978 1979
f 1979 1978 1980
f 1979 1980 1976
f 1976 1980 1975
f 1828 1832 1830
f 1981 1982 1983
f 1983 1982 1984
f 1962 1963 1985
f 1986 1940 1987
f 1955 1988 1989
f 1989 1988 1990
f 1989 1990 1987
f 1987 1990 1991
f 1987 1991 1986
f 1974 1973 1992
f 1992 1973 1975
f 1974 1992 1972
f 1972 1992 1993
f 1972 1993 1970
f 1969 1994 1995
f 1994 1996 1995
f 1996 1994 1997
f 1969 1995 1835
f 1996 1997 1969
f 1996 1969 1968
f 1996 1968 1993
f 1993 1968 1966
f 1993 1966 1970
f 1835 1995 1857
f 1996 1961 1998
f 1996 1998 1999
f 1999 1998 1857
f 2000 1963 1996
f 1996 1963 1961
f 1963 2000 1985
f 1985 2000 2001
f 2002 1984 2001
f 2003 2004 2002
f 2002 2004 1981
f 2002 1981 1983
f 2002 1983 1984
f 2006 1828 2005
f 1828 2006 1832
f 1992 1975 2002
f 2002 1975 1980
f 2002 1980 1978
f 1995 1996 2007
f 2007 1996 1999
f 1995 1999 1857
f 1832 2006 2008
f 1978 2008 2002
f 2002 2008 2006
f 2002 2006 2003
f 2003 2006 2005
f 1995 1881 1964
f 1954 1984 1955
f 1940 1976 1941
f 1946 1971 1965
f 1946 1965 1950
f 1945 1972 1946
f 1946 1972 1971
f 1957 1948 1962
f 1828 1830 2005
f 2005 2006 2009
f 1982 2005 1990
f 1955 1984 1988
f 1988 1984 1982
f 1988 1982 1990
f 1954 2001 1984
f 1957 1962 1985
f 1957 1985 1959
f 1959 1985 1954
f 1954 1985 2001
f 1998 1961 1953
f 1953 1961 1947
f 1947 1961 1960
f 1947 1960 1948
f 1948 1960 1962
f 1999 1857 1998
f 1999 1998 1953
f 1835 1881 1995
f 1965 1967 1950
f 1997 1994 1952
f 1952 1994 1995
f 1994 1969 1995
f 1995 1969 1835
f 1997 1952 1950
f 1997 1950 1967
f 1997 1967 1969
f 1941 1973 1943
f 1943 1973 1972
f 1943 1972 1945
f 1941 1976 1973
f 1991 1977 1986
f 1986 1977 1979
f 1986 1979 1940
f 1940 1979 1976
f 1832 1977 2009
f 2009 1977 1991
f 1832 2009 2006
f 2005 1830 2006
f 2006 1830 1832
f 1964 1857 1999
f 1964 1999 1995
f 2010 1952 2007
f 2007 1952 1995
f 1952 2010 1953
f 1953 2010 2007
f 1953 2007 1999
f 1991 1990 2009
f 2009 1990 2005
f 1977 1832 2008
f 1977 2008 1978
f 1982 1981 2004
f 1982 2004 2003
f 1982 2003 2005
f 2011 2012 2013
f 2013 2012 2014
f 2015 2016 2011
f 2011 2016 2012
f 2017 2018 2015
f 2015 2018 2016
f 2013 2014 2017
f 2017 2014 2018
f 2018 1989 2016
f 2016 1989 1987
f 1944 2012 1942
f 1942 2012 2016
f 1942 2016 1987
f 1956 1989 2018
f 1956 2018 1958
f 1958 2018 2014
f 1949 1958 2014
f 1949 2014 1951
f 1951 2014 2012
f 1951 2012 1944
f 1949 1948 1958
f 1946 1951 1944
f 1987 1940 1942
f 1955 1989 1956
f 2017 2019 2013
f 2013 2019 2020
f 2013 2020 2021
f 2021 2020 2022
f 2021 2022 2023
f 2023 2022 2000
f 2000 2022 2024
f 2000 2024 2025
f 2001 2025 2002
f 2025 2001 2000
f 2023 2000 1993
f 1993 2026 2023
f 2023 2026 2027
f 2023 2027 2021
f 2021 2027 2028
f 2021 2028 2013
f 2013 2028 2029
f 2013 2029 2011
f 2000 1996 1993
f 1992 2002 2025
f 1992 2025 2030
f 2030 2025 2024
f 2030 2024 2031
f 2031 2024 2022
f 2022 2020 2031
f 2031 2020 2019
f 2031 2019 2032
f 2032 2019 2017
f 2032 2017 2015
f 2015 2011 2032
f 2032 2011 2029
f 2032 2029 2031
f 2029 2028 2031
f 2031 2028 2027
f 2031 2027 2030
f 1993 1992 2030
f 1993 2030 2026
f 2026 2030 2027
f 2033 2034 2035
f 2033 2035 2085
f 2036 2037 2038
f 2036 2038 2039
f 2039 2038 2040
f 2041 2036 2039
f 2037 2036 2041
f 2039 2040 2042
f 2042 2040 2043
f 2044 2045 2046
f 2044 2046 2047
f 2041 2048 2049
f 2049 2048 2050
f 2036 2050 2048
f 2036 2048 2051
f 2036 2052 2050
f 2052 2036 2051
f 2041 2039 2048
f 2053 2054 2055
f 2048 2039 2034
f 2054 2053 2056
f 2057 2058 2059
f 2054 2056 2045
f 2066 2057 2059
f 2057 2045 2060
f 2057 2060 2061
f 2058 2057 2062
f 2062 2057 2061
f 2063 2064 2065
f 2035 2039 2063
f 2063 2039 2042
f 2065 2066 2059
f 2034 2039 2035
f 2068 2069 2070
f 2064 2103 2065
f 2065 2103 2066
f 2042 2071 2063
f 2063 2071 2064
f 2072 2073 2074
f 2042 2073 2071
f 2071 2073 2075
f 2075 2073 2072
f 2067 2076 2068
f 2068 2076 2069
f 2077 2078 2079
f 2047 2080 2078
f 2078 2080 2081
f 2078 2081 2079
f 2037 2052 2038
f 2038 2052 2051
f 2080 2047 2082
f 2082 2047 2046
f 2082 2046 2083
f 2087 2086 2088
f 2088 2086 2089
f 2088 2089 2090
f 2088 2090 2091
f 2083 2046 2086
f 2083 2086 2092
f 2038 2051 2033
f 2038 2033 2040
f 2040 2033 2085
f 2085 2084 2040
f 2093 2094 2095
f 2092 2086 2087
f 2091 2090 2085
f 2094 2093 2096
f 2097 2093 2098
f 2099 2100 2043
f 2099 2043 2101
f 2101 2043 2084
f 2084 2043 2040
f 2093 2095 2102
f 2097 2098 2089
f 2055 2079 2053
f 2056 2053 2081
f 2081 2053 2079
f 2045 2056 2082
f 2082 2056 2080
f 2061 2083 2092
f 2061 2092 2062
f 2062 2092 2087
f 2062 2087 2058
f 2059 2088 2091
f 2059 2091 2065
f 2065 2091 2085
f 2065 2085 2063
f 2074 2100 2099
f 2074 2099 2072
f 2072 2099 2075
f 2075 2099 2071
f 2071 2099 2101
f 2071 2101 2064
f 2064 2101 2084
f 2064 2084 2085
f 2064 2085 2103
f 2103 2085 2090
f 2103 2090 2066
f 2066 2090 2089
f 2066 2089 2067
f 2067 2089 2098
f 2067 2098 2076
f 2076 2098 2102
f 2076 2102 2069
f 2069 2102 2095
f 2069 2095 2104
f 2069 2104 2105
f 2069 2105 2106
f 2106 2105 2094
f 2106 2094 2096
f 2106 2096 2107
f 2107 2096 2093
f 2107 2093 2069
f 2069 2093 2097
f 2069 2097 2070
f 2070 2097 2108
f 2108 2097 2068
f 2068 2097 2067
f 2067 2097 2089
f 2067 2089 2066
f 2066 2089 2086
f 2066 2086 2057
f 2057 2086 2046
f 2057 2046 2045
f 2054 2047 2078
f 2078 2077 2054
f 2054 2077 2055
f 2041 2050 2037
f 2037 2050 2052
f 2042 2043 2073
f 2073 2043 2100
f 2073 2100 2074
f 2055 2077 2079
f 2034 2033 2048
f 2048 2033 2051
f 2050 2041 2049
f 2085 2035 2063
f 2088 2059 2087
f 2087 2059 2058
f 2045 2082 2083
f 2045 2083 2060
f 2060 2083 2061
f 2056 2081 2080
f 2045 2044 2047
f 2054 2045 2047
f 2094 2105 2104
f 2094 2104 2095
f 2093 2102 2098
f 2070 2108 2068
f 2069 2106 2107
f 2109 2110 2111
f 2111 2110 2112
f 2111 2112 2113
f 2113 2112 2114
f 2113 2114 2115
f 2116 2117 2118
f 2119 2120 2121
f 2121 2120 2122
f 2121 2122 2118
f 2118 2122 2123
f 2118 2123 2116
f 2124 2125 2126
f 2117 2127 2128
f 2128 2127 2126
f 2126 2127 2124
f 2116 2129 2130
f 2130 2129 2131
f 2132 2133 2134
f 2135 2136 2137
f 2137 2136 2138
f 2136 2135 2139
f 2139 2135 2140
f 2139 2140 2141
f 2142 2143 2144
f 2145 2146 2147
f 2147 2146 2148
f 2147 2148 2144
f 2144 2148 2142
f 2149 2151 2152
f 2153 2154 2155
f 2155 2154 2156
f 2155 2156 2157
f 2157 2156 2158
f 2158 2159 2157
f 2160 2161 2162
f 2162 2161 2159
f 2163 2109 2164
f 2125 2165 2166
f 2166 2165 2167
f 2166 2167 2164
f 2164 2167 2168
f 2164 2168 2163
f 2131 2160 2130
f 2152 2169 2170
f 2171 2143 2142
f 2143 2171 2141
f 2141 2171 2172
f 2141 2172 2139
f 2133 2173 2174
f 2133 2174 2134
f 2173 2133 2137
f 2173 2137 2138
f 2173 2138 2172
f 2172 2138 2136
f 2172 2136 2139
f 2134 2174 2175
f 2129 2176 2173
f 2173 2176 2177
f 2160 2131 2178
f 2178 2131 2173
f 2173 2131 2129
f 2160 2178 2161
f 2161 2178 2159
f 2179 2157 2159
f 2180 2181 2179
f 2179 2181 2153
f 2179 2153 2155
f 2179 2155 2157
f 2170 2169 2183
f 2183 2169 2180
f 2152 2170 2149
f 2149 2182 2150
f 2150 2182 2183
f 2171 2142 2179
f 2179 2142 2148
f 2179 2148 2146
f 2184 2173 2185
f 2174 2185 2177
f 2174 2177 2175
f 2177 2185 2173
f 2184 2174 2173
f 2170 2182 2149
f 2170 2183 2182
f 2146 2150 2179
f 2179 2150 2183
f 2179 2183 2180
f 2174 2134 2175
f 2124 2158 2125
f 2109 2144 2110
f 2119 2135 2120
f 2114 2141 2115
f 2115 2141 2140
f 2135 2119 2140
f 2140 2119 2115
f 2127 2117 2160
f 2117 2130 2160
f 2169 2170 2183
f 2169 2183 2154
f 2154 2183 2167
f 2125 2158 2165
f 2165 2158 2156
f 2165 2156 2167
f 2167 2156 2154
f 2124 2159 2158
f 2127 2160 2162
f 2127 2162 2124
f 2124 2162 2159
f 2176 2129 2123
f 2123 2129 2116
f 2117 2116 2130
f 2185 2177 2176
f 2185 2176 2123
f 2132 2134 2174
f 2135 2137 2120
f 2122 2133 2174
f 2174 2133 2132
f 2133 2122 2120
f 2133 2120 2137
f 2110 2143 2112
f 2112 2143 2141
f 2112 2141 2114
f 2110 2144 2143
f 2168 2145 2163
f 2163 2145 2147
f 2163 2147 2109
f 2109 2147 2144
f 2149 2145 2170
f 2170 2145 2168
f 2149 2170 2182
f 2149 2182 2151
f 2169 2152 2170
f 2170 2152 2151
f 2175 2177 2185
f 2175 2185 2174
f 2122 2174 2123
f 2123 2174 2184
f 2123 2184 2185
f 2151 2182 2170
f 2168 2167 2170
f 2170 2167 2183
f 2149 2150 2145
f 2145 2150 2146
f 2154 2153 2181
f 2154 2181 2180
f 2154 2180 2169
f 2186 2187 2188
f 2188 2187 2189
f 2190 2191 2186
f 2186 2191 2187
f 2192 2193 2190
f 2190 2193 2191
f 2188 2189 2192
f 2192 2189 2193
f 2193 2166 2191
f 2191 2166 2164
f 2113 2187 2111
f 2111 2187 2191
f 2111 2191 2164
f 2126 2166 2193
f 2126 2193 2128
f 2128 2193 2189
f 2118 2128 2189
f 2118 2189 2121
f 2121 2189 2187
f 2121 2187 2113
f 2118 2117 2128
f 2119 2121 2115
f 2115 2121 2113
f 2164 2109 2111
f 2125 2166 2126
f 2192 2194 2188
f 2188 2194 2195
f 2188 2195 2196
f 2196 2195 2197
f 2196 2197 2198
f 2198 2197 2178
f 2178 2197 2199
f 2178 2199 2200
f 2159 2200 2179
f 2200 2159 2178
f 2198 2178 2172
f 2172 2201 2198
f 2198 2201 2202
f 2198 2202 2196
f 2196 2202 2203
f 2196 2203 2188
f 2188 2203 2204
f 2188 2204 2186
f 2178 2173 2172
f 2171 2179 2200
f 2171 2200 2205
f 2205 2200 2199
f 2205 2199 2206
f 2206 2199 2197
f 2197 2195 2206
f 2206 2195 2194
f 2206 2194 2207
f 2207 2194 2192
f 2207 2192 2190
f 2190 2186 2207
f 2207 2186 2204
f 2207 2204 2206
f 2204 2203 2206
f 2206 2203 2202
f 2206 2202 2205
f 2172 2171 2205
f 2172 2205 2201
f 2201 2205 2202
f 2208 2149 2209
f 2208 2209 2210
f 2224 2211 2212
f 2213 2212 2214
f 2215 2224 2213
f 2213 2224 2212
f 2211 2224 2215
f 2213 2214 2216
f 2217 2218 2219
f 2219 2218 2220
f 2219 2220 2221
f 2219 2221 2222
f 2223 2149 2224
f 2149 2151 2224
f 2211 2224 2169
f 2169 2224 2152
f 2152 2224 2151
f 2224 2211 2223
f 2215 2213 2149
f 2225 2218 2132
f 2225 2132 2134
f 2215 2149 2223
f 2218 2225 2226
f 2218 2226 2220
f 2227 2228 2229
f 2229 2228 2230
f 2220 2226 2231
f 2232 2233 2209
f 2230 2228 2231
f 2231 2228 2220
f 2232 2238 2233
f 2233 2238 2234
f 2228 2227 2235
f 2234 2238 2229
f 2229 2238 2227
f 2149 2213 2209
f 2239 2240 2236
f 2213 2232 2209
f 2213 2241 2232
f 2235 2227 2239
f 2239 2227 2240
f 2175 2242 2243
f 2242 2222 2244
f 2242 2244 2243
f 2212 2211 2169
f 2245 2210 2246
f 2247 2248 2250
f 2250 2249 2245
f 2222 2221 2251
f 2212 2169 2208
f 2212 2208 2214
f 2252 2253 2216
f 2210 2245 2214
f 2254 2255 2258
f 2254 2258 2256
f 2221 2248 2251
f 2251 2248 2247
f 2214 2208 2210
f 2250 2245 2246
f 2255 2254 2257
f 2252 2216 2245
f 2245 2216 2214
f 2249 2250 2248
f 2249 2248 2259
f 2225 2260 2243
f 2134 2260 2225
f 2134 2243 2260
f 2226 2225 2244
f 2244 2225 2243
f 2226 2222 2251
f 2226 2251 2231
f 2231 2251 2247
f 2231 2247 2230
f 2230 2247 2250
f 2230 2250 2229
f 2229 2250 2234
f 2234 2250 2246
f 2234 2246 2233
f 2261 2253 2252
f 2261 2252 2241
f 2241 2252 2232
f 2232 2252 2245
f 2232 2245 2238
f 2238 2245 2249
f 2238 2249 2227
f 2227 2249 2259
f 2227 2259 2240
f 2240 2259 2258
f 2240 2258 2236
f 2236 2258 2255
f 2236 2255 2257
f 2236 2257 2237
f 2237 2257 2262
f 2237 2262 2236
f 2236 2262 2263
f 2236 2263 2239
f 2239 2263 2264
f 2239 2264 2235
f 2235 2264 2259
f 2235 2259 2265
f 2265 2259 2248
f 2265 2248 2228
f 2228 2248 2220
f 2220 2248 2221
f 2217 2222 2242
f 2217 2242 2218
f 2266 2222 2217
f 2242 2132 2218
f 2242 2175 2260
f 2242 2260 2132
f 2132 2260 2134
f 2260 2175 2134
f 2215 2223 2211
f 2213 2216 2241
f 2241 2216 2253
f 2241 2253 2261
f 2134 2175 2243
f 2149 2208 2151
f 2151 2208 2152
f 2152 2208 2169
f 2210 2209 2246
f 2246 2209 2233
f 2226 2244 2222
f 2266 2267 2222
f 2219 2267 2266
f 2217 2219 2266
f 2222 2267 2219
f 2257 2254 2262
f 2263 2256 2258
f 2263 2258 2264
f 2262 2254 2256
f 2262 2256 2263
f 2258 2259 2264
f 2228 2235 2265
f 2268 2269 2270
f 2270 2269 2271
f 2270 2271 2272
f 2272 2271 2273
f 2272 2273 2274
f 2275 2276 2277
f 2278 2279 2280
f 2280 2279 2281
f 2280 2281 2277
f 2277 2281 2282
f 2277 2282 2275
f 2283 2284 2285
f 2286 2287 2288
f 2288 2287 2285
f 2285 2287 2283
f 2289 2290 2291
f 2291 2290 2292
f 2293 2294 2295
f 2295 2294 2296
f 2295 2296 2297
f 2294 2293 2298
f 2298 2293 2299
f 2298 2299 2300
f 2301 2302 2303
f 2304 2305 2303
f 2303 2305 2301
f 2306 2307 2308
f 2308 2307 2309
f 2309 2310 2308
f 2311 2312 2313
f 2313 2312 2310
f 2314 2268 2315
f 2284 2316 2317
f 2317 2316 2318
f 2317 2318 2315
f 2315 2318 2319
f 2315 2319 2314
f 2292 2311 2291
f 2320 2302 2301
f 2302 2320 2300
f 2300 2320 2321
f 2300 2321 2298
f 2322 2323 2297
f 2324 2322 2297
f 2324 2297 2296
f 2324 2296 2321
f 2321 2296 2294
f 2321 2294 2298
f 2290 2289 2324
f 2324 2289 2325
f 2311 2292 2326
f 2326 2292 2324
f 2324 2292 2290
f 2311 2326 2312
f 2312 2326 2310
f 2327 2308 2310
f 2327 2328 2306
f 2327 2306 2308
f 2329 2330 2328
f 2320 2301 2327
f 2327 2301 2305
f 2327 2305 2304
f 2324 2325 2331
f 2324 2331 2323
f 2329 2332 2330
f 2330 2332 2333
f 2304 2333 2327
f 2327 2333 2332
f 2327 2332 2328
f 2328 2332 2329
f 2283 2309 2284
f 2268 2303 2269
f 2278 2293 2279
f 2273 2300 2274
f 2274 2300 2299
f 2293 2278 2299
f 2299 2278 2274
f 2287 2286 2311
f 2276 2291 2286
f 2286 2291 2311
f 2328 2330 2329
f 2328 2329 2306
f 2306 2329 2318
f 2284 2309 2316
f 2316 2309 2307
f 2316 2307 2318
f 2318 2307 2306
f 2283 2310 2309
f 2287 2311 2313
f 2287 2313 2283
f 2283 2313 2310
f 2282 2289 2275
f 2275 2289 2276
f 2276 2289 2291
f 2282 2325 2289
f 2293 2295 2279
f 2281 2324 2323
f 2324 2281 2279
f 2324 2279 2322
f 2322 2279 2295
f 2322 2295 2323
f 2269 2302 2271
f 2271 2302 2300
f 2271 2300 2273
f 2269 2303 2302
f 2319 2304 2314
f 2314 2304 2268
f 2268 2304 2303
f 2330 2304 2319
f 2281 2323 2331
f 2281 2331 2282
f 2282 2331 2325
f 2319 2318 2330
f 2330 2318 2329
f 2297 2323 2295
f 2304 2330 2333
f 2334 2335 2336
f 2336 2335 2337
f 2338 2339 2334
f 2334 2339 2335
f 2340 2341 2338
f 2338 2341 2339
f 2336 2337 2340
f 2340 2337 2341
f 2341 2317 2339
f 2339 2317 2315
f 2272 2280 2335
f 2272 2335 2270
f 2270 2335 2339
f 2270 2339 2315
f 2285 2317 2341
f 2285 2341 2288
f 2288 2341 2337
f 2277 2288 2337
f 2277 2337 2280
f 2280 2337 2335
f 2277 2276 2286
f 2277 2286 2288
f 2278 2280 2274
f 2274 2280 2272
f 2315 2268 2270
f 2284 2317 2285
f 2340 2342 2336
f 2336 2342 2343
f 2336 2343 2344
f 2344 2343 2345
f 2344 2345 2346
f 2346 2345 2326
f 2326 2345 2347
f 2326 2347 2348
f 2310 2348 2327
f 2348 2310 2326
f 2346 2326 2321
f 2321 2349 2346
f 2346 2349 2350
f 2346 2350 2344
f 2344 2350 2351
f 2344 2351 2336
f 2336 2351 2352
f 2336 2352 2334
f 2326 2324 2321
f 2320 2327 2348
f 2320 2348 2353
f 2353 2348 2347
f 2353 2347 2354
f 2354 2347 2345
f 2345 2343 2354
f 2354 2343 2342
f 2354 2342 2355
f 2355 2342 2340
f 2355 2340 2338
f 2338 2334 2355
f 2355 2334 2352
f 2355 2352 2354
f 2352 2351 2354
f 2354 2351 2350
f 2354 2350 2353
f 2321 2320 2353
f 2321 2353 2349
f 2349 2353 2350
f 2356 2361 2357
f 2357 2361 2358
f 2357 2358 2359
f 2360 2361 2362
f 2362 2361 2356
f 2361 2360 2363
f 2361 2363 2364
f 2365 2358 2366
f 2367 2365 2366
f 2364 2368 2361
f 2361 2369 2358
f 2358 2365 2370
f 2365 2367 2370
f 2357 2371 2372
f 2372 2373 2360
f 2364 2363 2373
f 2374 2375 2376
f 2374 2376 984
f 2374 2371 2359
f 2374 2359 2375
f 2377 2378 2367
f 2367 2378 2379
f 2367 2379 2375
f 2375 2379 2380
f 2375 2380 2376
f 2378 2377 2380
f 2380 2377 2376
f 2377 2367 2381
f 2381 2367 2366
f 2381 2366 2382
f 2382 2366 2383
f 2366 2384 2383
f 982 2374 984
f 982 832 2374
f 2374 832 2366
f 2366 832 981
f 2366 981 980
f 980 979 2366
f 2366 979 983
f 2366 983 2384
f 2384 983 984
f 2377 2382 2383
f 2377 2383 2384
f 984 2376 2384
f 2384 2376 2377
f 2380 982 984
f 2380 984 2378
f 2378 984 983
f 2378 983 979
f 2378 979 980
f 2378 980 2379
f 2379 980 981
f 2379 981 2380
f 2380 981 832
f 2380 832 982
f 2382 2377 2381
f 2372 2371 2358
f 2369 2373 2372
f 2369 2372 2358
f 2385 2373 2369
f 2368 2386 2385
f 2385 2386 2373
f 2386 2368 2364
f 2367 2358 2370
f 2367 2375 2359
f 2359 2358 2367
f 2358 2371 2366
f 2366 2371 2374
f 2373 2386 2364
f 2373 2363 2360
f 2360 2362 2372
f 2372 2362 2356
f 2372 2356 2357
f 2359 2371 2357
f 2369 2361 2385
f 2385 2361 2368
f 2387 2388 2389
f 2389 2388 2390
f 2389 2390 2391
f 2391 2390 2392
f 2391 2392 2393
f 2394 2395 2396
f 2397 2398 2399
f 2399 2398 2400
f 2399 2400 2396
f 2396 2400 2401
f 2396 2401 2394
f 2402 2403 2404
f 2395 2405 2406
f 2406 2405 2407
f 2406 2407 2404
f 2404 2407 2402
f 2408 2409 2410
f 2410 2409 2411
f 2412 2413 2414
f 2414 2413 2415
f 2414 2415 2416
f 2413 2412 2417
f 2417 2412 2418
f 2417 2418 2419
f 2420 2421 2419
f 2422 2420 2423
f 2424 2425 2426
f 2426 2425 2427
f 2426 2427 2423
f 2423 2427 2422
f 2410 2411 2428
f 2429 2387 2430
f 2403 2431 2432
f 2432 2431 2433
f 2432 2433 2430
f 2430 2433 2434
f 2430 2434 2429
f 2421 2420 2435
f 2435 2420 2422
f 2421 2435 2419
f 2419 2435 2436
f 2419 2436 2417
f 2437 2438 2416
f 2437 2416 2415
f 2437 2415 2436
f 2436 2415 2413
f 2436 2413 2417
f 2408 2439 2437
f 2437 2439 2440
f 2441 2411 2437
f 2437 2411 2409
f 2437 2409 2408
f 2411 2441 2428
f 2428 2441 2442
f 2443 2444 2442
f 2443 2445 2446
f 2443 2446 2444
f 2435 2422 2443
f 2443 2422 2427
f 2443 2427 2425
f 2449 2437 2440
f 2437 2449 2438
f 2447 2448 2450
f 2425 2450 2443
f 2443 2450 2448
f 2443 2448 2445
f 2445 2448 2447
f 2402 2444 2403
f 2387 2423 2388
f 2397 2412 2398
f 2392 2419 2393
f 2393 2419 2418
f 2412 2397 2418
f 2418 2397 2393
f 2405 2395 2410
f 2446 2447 2433
f 2403 2444 2431
f 2431 2444 2446
f 2431 2446 2433
f 2402 2442 2444
f 2405 2410 2428
f 2405 2428 2407
f 2407 2428 2402
f 2402 2428 2442
f 2439 2408 2401
f 2401 2408 2394
f 2394 2408 2395
f 2395 2408 2410
f 2440 2439 2401
f 2412 2414 2398
f 2400 2437 2438
f 2438 2437 2414
f 2437 2400 2398
f 2437 2398 2414
f 2388 2420 2390
f 2390 2420 2419
f 2390 2419 2392
f 2388 2423 2420
f 2434 2424 2429
f 2429 2424 2426
f 2429 2426 2387
f 2387 2426 2423
f 2447 2424 2434
f 2449 2400 2438
f 2400 2449 2401
f 2401 2449 2440
f 2434 2433 2447
f 2438 2414 2416
f 2424 2447 2450
f 2424 2450 2425
f 2446 2445 2447
f 2451 2452 2453
f 2453 2452 2454
f 2455 2456 2451
f 2451 2456 2452
f 2457 2458 2455
f 2455 2458 2456
f 2453 2454 2457
f 2457 2454 2458
f 2458 2432 2456
f 2456 2432 2430
f 2391 2399 2452
f 2391 2452 2389
f 2389 2452 2456
f 2389 2456 2430
f 2404 2432 2458
f 2404 2458 2406
f 2406 2458 2454
f 2396 2406 2454
f 2396 2454 2399
f 2399 2454 2452
f 2396 2395 2406
f 2397 2399 2393
f 2393 2399 2391
f 2430 2387 2389
f 2403 2432 2404
f 2457 2459 2453
f 2453 2459 2460
f 2453 2460 2461
f 2461 2460 2462
f 2461 2462 2463
f 2463 2462 2441
f 2441 2462 2464
f 2441 2464 2465
f 2442 2465 2443
f 2465 2442 2441
f 2463 2441 2436
f 2436 2466 2463
f 2463 2466 2467
f 2463 2467 2461
f 2461 2467 2468
f 2461 2468 2453
f 2453 2468 2469
f 2453 2469 2451
f 2441 2437 2436
f 2435 2443 2465
f 2435 2465 2470
f 2470 2465 2464
f 2470 2464 2471
f 2471 2464 2462
f 2462 2460 2471
f 2471 2460 2459
f 2471 2459 2472
f 2472 2459 2457
f 2472 2457 2455
f 2455 2451 2472
f 2472 2451 2469
f 2472 2469 2471
f 2469 2468 2471
f 2471 2468 2467
f 2471 2467 2470
f 2436 2435 2470
f 2436 2470 2466
f 2466 2470 2467
