o 
v -2.356802701950072 63.15027902420334 17.52471735372384
v -2.5975635051727286 63.11481868393523 17.23953967065128
v -2.5964000225067103 62.921356867998796 27.966678927613867
v 0.19661065936088531 63.43500393750555 11.88508593778678
v -6.332114219665527 62.06127851466435 10.127513663654565
v -14.257115364074702 43.72437950050452 15.82310191987029
v -14.476595878601065 44.27747263032498 27.641248717731102
v -14.284384727478022 43.815542190417716 15.452589072968962
v -14.93576145172119 47.16159755615655 9.867438765114086
v -14.29964160919189 43.87372255560777 14.878100397999727
v -14.292862892150874 43.845539574304695 15.263096556259304
v -14.215601921081538 43.592401060438974 16.179838812128796
v -14.159819602966303 43.4231855472902 16.514934067371716
v -14.082262992858878 43.030285216314255 27.619478980441887
v -13.844412803649897 42.67246686730376 12.135068648548858
v -9.634654045104975 36.979817752450295 9.689715137555577
v -11.34535884857177 38.54898121190612 16.43049548098715
v -11.231234550476067 38.42431443223954 16.088568877097348
v -10.59561252593993 37.556432891749026 27.523932532709125
v -11.14354228973388 38.332239153463036 15.729622726773586
v -11.083790779113762 38.272730235597024 15.356518049959146
v -11.064837455749505 38.25528804944962 15.165518352927892
v -11.184124946594231 38.41410503434828 13.634586769393486
v -11.90364742279052 39.2182598927077 17.41656935243359
v -11.723683357238762 38.99207478806717 17.172754726819075
v -11.478703498840321 38.5214748688949 27.540777403078664
v -12.094265937805169 39.46921513508015 17.625334253746217
v -11.558218955993645 38.792907628172564 16.8968063323967
v -11.483504295349114 38.70569874749785 16.750753721229717
v -12.278307914733878 39.55656881249085 27.558845035070934
v -12.279946327209467 39.726073663983414 17.786389129013827
v -12.492060661315913 40.03442843865284 17.92823635768509
v -12.977059364318839 40.662405077581525 27.57814747887807
v -13.578928947448725 41.971548003902676 17.835465600340846
v -13.424170494079585 41.64864635414768 17.956412636208345
v -13.256201744079583 41.31954008241465 18.035886122114842
v -12.982188224792473 40.825405852452704 18.070114183486005
v -12.88770389556884 40.66177645040686 18.06725802164913
v -12.691843986511223 40.34219567324391 18.018826511995535
v -14.047862052917475 43.1044442539394 16.97206448413985
v -13.953969001770014 42.854453453792935 17.240172797206682
v -14.088227272033686 43.21652485536525 16.829490483822443
v -13.844412803649897 42.57925390432433 17.47523572112971
v -13.719267845153803 42.28336928519024 17.6744554971544
v 8.610806465148931 36.183321573220695 9.675812245032043
v 11.29956531524659 38.53304277202297 13.379711468944024
v 11.157734870910652 38.33033870311044 15.830412099992747
v 10.609932899475108 37.55643289174903 27.52393253270912
v 11.098031044006355 38.27087639215618 15.457697395096774
v 11.063961982727058 38.24362262741308 14.882472886955968
v 11.079159736633308 38.25350621883024 15.267599360744832
v 11.245865821838386 38.42288611607151 16.190724730542307
v 11.359433174133308 38.546946610390144 16.530664437496185
v 11.493023872375499 38.521474868894906 27.540777403078657
v 13.858735084533697 42.670579447708064 12.243198844768044
v 11.738003730773933 39.07472519175359 12.437716270857472
v 11.497490882873542 38.773458273205506 12.884987802445313
v 11.425255775451667 38.684634755559905 13.039741705661324
v 14.779278755187992 45.864405409186595 9.844796191964345
v 14.174015998840337 43.421050253821996 16.616390830378815
v 14.230069160461431 43.591093670888654 16.279875481592565
v 14.490918159484872 44.277472630324986 27.641248717731095
v 14.271374702453619 43.7224128183974 15.925172070535808
v 14.298668861389165 43.81363413311635 15.555125710893094
v 14.307187080383306 43.843757743685316 15.365177564076243
v 13.858735084533697 42.57750269850263 17.57556223546302
v 13.968289375305181 42.85270091645829 17.340575593865367
v 14.301289558410653 43.61110837701088 27.629617286423652
v 13.733590126037603 42.281619011427594 17.77472861385995
v 14.06218051910401 43.10268945303275 17.072596960751675
v 14.102547645568853 43.21476872294566 16.930099242759642
v 13.222344398498544 41.062383822453285 27.585129133839708
v 13.60158252716065 41.988314419563224 17.92616509502005
v 13.438492774963386 41.646896479838915 18.056662868216282
v 12.760415077209482 40.262424425651645 27.571165790628598
v 12.3059892654419 39.74053857614604 17.896811592658207
v 12.991379737854013 40.66240507758154 27.578147478878066
v 12.506382942199714 40.03267856434408 18.028486589693028
v 12.706166267395027 40.34044579893515 18.119076744003475
v 12.996510505676277 40.82365597814394 18.170364415493946
v 13.090992927551277 40.98728347313165 18.173220544042998
v 13.27052021026612 41.31779020810588 18.13613635412278
v 11.572541236877449 38.79115282726592 16.99733880900853
v 11.738003730773933 38.990322250732525 17.273157523477764
v 11.497826576232917 38.70394261507826 16.85136248016692
v 11.917969703674324 39.216508686885994 17.5168958667669
v 12.10858631134034 39.4674648613175 17.725607370451765
v -1.104407072067261 63.39140505700043 12.088022627656525
v -0.7423427104949953 63.41593004566202 11.972592155241234
v -2.3568027019500732 63.22995256440467 12.960223292603334
v -2.0819003582000732 63.2760031262535 12.686555983579622
v -1.4514338970184328 63.3587799028122 12.247187412193092
v -2.7081935405731192 63.09762508170829 17.082057717703663
v -3.8738238811492884 62.639211431133944 27.96175406069419
v -2.8969142436981192 63.06734739560758 16.754826933530975
v -3.0470912456512442 63.04301795092409 16.404632803388303
v -3.1552608013153067 63.02647992707602 16.03932119015491
v -3.193464994430541 63.02146156287638 15.851636357763422
v -3.2373416423797603 63.01848401279902 15.469438474240876
v -2.977041959762573 63.10029824129303 13.94773875418274
v -2.8074214458465576 63.13987342594596 13.595432358009406
v -2.597559690475464 63.1842289590067 13.261934789274607
v -1.4514338970184313 63.25502801489449 18.191129090117787
v -1.7787425518035875 63.22266320996816 18.00488982411676
v -2.081900358200072 63.1870642532432 17.781860605822697
v -1.3000400066375695 63.09618070129343 27.969730488975024
v -1.300089597702025 63.266925039698776 18.255334232517832
v -0.7423427104949938 63.302958229526666 18.44474316699321
v -0.3701389133930193 63.31582940452375 18.509095032712054
v 0.007161349058152572 63.32019961057141 18.530636070945075
v 1.1187260150909437 63.28230548022822 18.33833319486893
v 0.7566616535186781 63.302958229526666 18.444743166993206
v 1.3143627643585243 63.09618070129343 27.969730488975024
v 0.38446161150932445 63.31582940452375 18.509095032712054
v 2.611882448196412 63.11481868393523 17.23953967065128
v 2.371125459671022 63.15027902420334 17.52471735372384
v 2.6107227802276647 62.921356867998796 27.966678927613867
v 2.096223115921022 63.1870642532432 17.781860605822697
v 1.3144085407257093 63.266925039698776 18.255334232517832
v 1.7930653095245375 63.22266320996816 18.00488982411676
v 5.137463569641113 62.56197281372884 10.13625331515392
v 3.207783937454224 63.041622399789595 14.696622784561557
v 3.16964077949524 63.02646919775495 16.039061563946046
v 3.06136441230774 63.0430269965496 16.40477031130092
v 3.888146638870243 62.639211431133944 27.96175406069419
v 3.251660585403443 63.02523478341647 15.082687084589164
v 3.251660585403443 63.01848401279902 15.469438474240874
v 3.2077839374542245 63.02146156287638 15.85163635776342
v 2.9113438129425058 63.06732823914621 16.754612943566045
v 2.7226879596710214 63.09759922907344 17.081790196959673
v -14.992840766906737 48.46873334262142 9.890254905136828
v -14.9643907546997 47.23443086927124 27.692862615781934
v -14.879147529602042 46.31466054517735 27.67680796505583
v -14.928874015808098 46.85120753716813 27.686173427638067
v -10.434847831726064 37.39066758459269 27.521039088509866
v -9.75211238861083 36.7683678165315 27.510176805653543
v -9.632176399230946 36.67186686081574 27.50849237520589
v -9.03235912322997 36.18926863638836 27.500068591864267
v -8.596486091613764 36.18332157322069 9.675812245032049
v -8.592490196228017 35.87793948889314 27.49463432138069
v -8.278313636779774 35.65557460336662 27.49075292786607
v -7.492838859558099 35.4803284543196 9.663541454497539
v -7.492838859558095 35.169301477914296 27.482264998888454
v -6.332114219665521 34.876187693813954 9.65299613829713
v -6.329222679138173 34.57144065984515 27.471829299491016
v -5.839627265930165 34.34622662946587 27.467898173968003
v -5.123141288757318 34.375491487691335 9.644256453509946
v -5.12171459197997 34.068147040543515 27.463044276688148
v -3.875124692916864 33.98205204516236 9.637388942495281
v -3.8738238811492813 33.67619891747563 27.456202796751505
v -2.5975635051727233 33.69886535455615 9.632445900423942
v -2.596400022506703 33.394055387668914 27.451277963119654
v -3.2018344402313126 33.50721258913032 27.453253129418258
v 0.007161349058157867 33.47101576983515 9.62846877112877
v -0.4547641575336347 33.16710402732921 27.447316512389374
v -1.3001735210418635 33.52808639156453 9.62946494253655
v -1.3000400066375621 33.219231554374275 27.448226401758497
v -1.3768680095672496 33.22396868678007 27.44830908871221
v 1.314496278762824 33.52808639156453 9.629464942536549
v 0.46908685564995906 33.16710402732921 27.447316512389374
v 0.00716134905816223 33.16710402732921 27.447316512389374
v 2.6118824481964174 33.69886535455615 9.632445900423942
v 1.3911869525909535 33.22396868678007 27.44830908871221
v 1.3143627643585316 33.219231554374275 27.448226401758493
v 3.216157197952281 33.50721258913032 27.453253129418258
v 3.8894474506378236 33.98205204516236 9.63738894249528
v 3.88814663887025 33.67619891747563 27.456202796751505
v 4.1121072769165155 33.73251815830005 27.4571858527568
v 5.1374635696411195 34.375491487691335 9.644256453509945
v 4.99248218536378 34.01254485357761 27.462073736904507
v 6.346436500549323 34.876187693813954 9.652996138297127
v 5.853947639465343 34.346226629465875 27.467898173968
v 7.507161140441901 35.480328454319604 9.663541454497535
v 6.343544960021983 34.57144065984516 27.471829299491013
v 8.292634010314952 35.65557460336662 27.490752927866065
v 7.507161140441905 35.169301477914296 27.482264998888446
v 14.775372505187997 45.55398869138429 27.663530388458796
v 14.893467903137216 46.31466054517736 27.676807965055822
v 14.95008182525635 47.16159755615656 9.867438765114079
v 14.943192481994636 46.851207537168136 27.68617342763806
v 14.97871112823487 47.23443086927125 27.692862615781927
v 15.007161140441896 48.46873334262143 9.890254905136821
v 14.97871112823487 49.08097804904473 27.72509421669789
v 14.95008182525635 49.775869129086296 9.913071045159562
v 14.943192481994636 49.464205195264114 27.731783471417405
v 14.893467903137214 50.00075218725489 27.741148933999646
v 14.77927875518799 51.07305770032225 9.935713555894626
v 14.775372505187995 50.761424279430216 27.75442651475765
v 14.751755714416511 50.91352742211188 27.757081484988944
v 14.49604892730713 52.350428123425765 9.958010139567284
v 14.554112434387214 51.81585197839249 27.772831618705148
v 14.10254764556885 53.5982544019115 9.979791028277388
v 14.301289558410652 52.704304593803634 27.788339616792793
v 12.294442176818848 57.07106852885508 10.04040922434682
v 13.22234439849854 55.253027002920824 27.832827731927935
v 13.601777076721191 54.8070434387688 10.00089051940025
v 13.599831581115728 54.495047676831234 27.819597153576797
v 13.634137153625494 54.42615710878499 27.818394664238607
v 11.49782657623291 58.10908027139663 10.058527786709135
v 11.693371772766119 57.560132536262685 27.87309840880867
v 12.25011539459229 56.82299354146557 27.860231599793366
v 12.292630195617681 56.758843919941384 27.859111863984538
v 11.092293739318853 58.26160191571441 27.885342602372155
v 10.613762855529785 59.07371938251161 10.075365625025945
v 10.449170112609869 58.924742764016884 27.89691776893583
v 9.64897632598877 59.95764845602801 10.090794664396114
v 8.610806465148926 60.75414272819949 10.10469752363182
v 8.292634010314947 60.65983383818482 27.9272038962918
v 8.606812477111822 60.43746704560016 27.923322469489356
v 5.8539476394653365 61.969185626201835 27.95005871676552
v -5.839627265930171 61.969185626201835 27.95005871676552
v -6.329222679138179 61.74396587464814 27.946127491379034
v -6.67891407012939 61.58311314924596 27.943319796613256
v -7.4928388595581055 61.45713394004244 10.11696828087851
v -8.27831363677978 60.65983383818482 27.927203896291804
v -8.59648609161377 60.75414272819948 10.104697523631824
v -8.592490196228022 60.43746704560016 27.92332246948936
v -9.032359123229975 60.126139805163064 27.91788823229361
v -9.63465404510498 59.95764845602801 10.09079466439612
v -9.632176399230952 59.64354348779382 27.90946448223981
v -9.752112388610835 59.547042532078066 27.907780051792155
v -10.599440574645996 59.07371938251161 10.07536562502595
v -11.077973365783686 58.2616019157144 27.885342602372162
v -11.483504295349121 58.10908027139662 10.05852778670914
v -11.679049491882319 57.56013253626268 27.873098408808676
v -12.983222007751465 55.96759129467662 10.021147957577432
v -12.746094703674311 56.05298449266432 27.84679104185123
v -13.587454795837402 54.807043438768794 10.000890519400256
v -13.208024024963374 55.25302700292082 27.832827731927942
v -12.977059364318842 55.65300574779257 27.839809386889588
v -14.08822727203369 53.59825440191149 9.979791028277395
v -14.08226299285888 53.2851258474421 27.798477889486747
v -13.585511207580561 54.49504767683123 27.8195971535768
v -14.286969184875481 52.70430459380363 27.7883396167928
v -14.481726646423338 52.35042812342576 9.95801013956729
v -14.476595878601067 52.03794034048952 27.776708185485358
v -14.539792060852044 51.81585197839248 27.772831618705155
v -14.764956474304197 51.073057700322245 9.935713555894633
v -14.93576145172119 49.77586912908629 9.913071045159569
v -14.9643907546997 49.080978049044724 27.725094216697897
v -14.928874015808098 49.4642051952641 27.731783471417412
v -32.36818313598632 60.94694348138301 18.43076829733823
v -32.04922866821288 61.73272771507182 18.444484212156837
v -32.9729232788086 62.756110528057505 -18.043212547998706
v -31.627992630004883 62.70115090628994 18.461388101837542
v -31.239797592163086 63.52487796862032 18.47576631119365
v -32.13949966430665 64.5995797160021 -18.01103467362997
v -13.662632942199709 80.26702524087631 18.768001578868653
v -12.948840141296388 80.56088001468623 18.77313083302497
v -13.322459220886243 82.1274997795981 -17.705083690863297
v 19.794363021850597 19.76162780448905 17.711875938108896
v 19.056474685668956 19.26540937086595 17.703214413131427
v 19.605115890502933 19.065530721194815 -18.80583445527898
v 18.199907302856456 18.720806965315568 17.693708342782482
v 17.38185691833497 18.233528820226432 17.68520287112185
v 17.882162094116214 18.004821172737905 -18.824349209317276
v 11.007161140441882 82.97095345127047 -17.690361152260316
v 11.007161140441893 81.28152677073726 18.785709768942148
v 12.3927125930786 82.49137409986983 -17.698732240977247
v 11.713780403137205 81.03728602135129 18.781446530803496
v -10.992838859558107 81.28152677073726 18.78570976894215
v -10.992838859558118 82.97095345127047 -17.690361152260312
v -11.10416889190674 81.24268381065626 18.785031762551935
v -11.42439937591554 82.82838941337697 -17.69284961679817
v -11.892127037048342 80.96771654060922 18.780232191000128
v -34.74042129516601 47.913341792060976 18.203265933602587
v -35.74283981323243 48.96051706233115 -18.284015527666256
v -34.716133117675774 46.96158628893731 18.186652979499776
v -35.6855812072754 46.93826904090349 -18.319313998181233
v -34.68416213989257 46.35797974309156 18.176116988050943
v -34.48702239990234 44.115359473505535 18.13697190563598
v -34.5176658630371 44.39872542757638 18.14191807676273
v -35.51398468017579 44.92249524345977 -18.354499460696214
v -34.58937454223632 45.06180191266682 18.15349211986236
v -34.66578292846679 46.01090279086743 18.170058737314783
v -34.3587303161621 43.17181766976663 18.120502322189232
v -35.22861099243165 42.919656544577 -18.38945914022596
v -34.2406883239746 42.451998576945925 18.107937833187474
v -34.8303565979004 40.93617114840643 -18.42408100660029
v -33.85409927368163 40.5240080957212 18.07428463415671
v -34.024917602539055 41.297453663280585 18.087785176756903
v -34.20468139648437 42.232438497170534 18.10410539773935
v -34.320514678955085 38.97838908177099 -18.458254219688712
v -33.35914230346679 38.620918549321566 18.041066082560093
v -33.58891296386718 39.444163125943945 18.05543587009684
v -33.81961441040038 40.36785436156212 18.07155896058818
v -33.7007064819336 37.052582658874655 -18.491869295839546
v -33.052017211914055 37.61749702722135 18.023551294741463
v -33.33296585083007 38.52711608086595 18.039428754382772
v -32.4158363342285 35.82293434513286 17.99222708660785
v -32.74617767333984 36.71573886720665 18.007811047508856
v -32.757392883300774 36.74880725525676 18.008388258369344
v -31.279685974121087 33.203109418915815 17.94649787242017
v -31.68229675292968 34.06591591653586 17.961558215856616
v -32.972923278808594 35.16492121278213 -18.524818548943582
v -32.050067901611314 34.91394652773074 17.976360645236138
v -32.06105804443358 34.93928179504594 17.9768028739721
v -31.23929023742675 33.12239509043643 17.945088998575926
v -32.13949966430664 33.32145202483754 -18.556996423312324
v -30.853610992431634 32.35173382775323 17.931637056198127
v -30.16671371459961 29.790545331386824 -18.618628628901984
v -29.3207721710205 29.690994876321255 17.885193685043845
v -29.43769454956054 29.87195943680858 17.888352433196857
v -31.203094482421875 31.528077439966765 -18.58829989313186
v -29.932231903076165 30.685466574596834 17.90255225310652
v -30.328554153442376 31.379555639068517 17.914667622792837
v -30.404357910156243 31.51231358403506 17.916984921341967
v -29.033678054809567 28.114420494733835 -18.647885496753563
v -28.219165802001942 28.06210024142425 17.856761223430492
v -28.382585525512685 28.28697290839748 17.86068639043309
v -28.92091751098632 29.072118277611274 17.874391153830807
v -26.64115524291991 26.023762132134582 17.82118189938718
v -27.027257919311513 26.49807418896809 17.829461047135446
v -27.807617187499996 26.505073205714197 -18.67597675817545
v -27.242246627807607 26.762180762939863 17.83407104453209
v -27.822803497314442 27.516679707934216 17.84724087260524
v -26.020082473754872 25.302133241144357 17.808585820240868
v -26.492456436157223 24.967656335407003 -18.7028124694684
v -25.748851776123036 25.00391321126484 17.803380370256427
v -24.04153251647948 23.24300629113184 17.772643625632956
v -24.38803482055663 23.58438686070858 17.77860244564015
v -25.09240913391113 23.507095814973347 -18.728306648184162
v -24.719728469848622 23.911178435557336 17.78430661379713
v -25.379472732543935 24.59777848273532 17.796291262200338
v -23.345077514648427 22.593488989376823 17.76130625895882
v -23.611959457397457 22.12806965801686 -18.75237763929155
v -22.949153900146474 22.24403012154286 17.75520643173104
v -22.055852890014645 20.834996518234885 -18.774948314903376
v -21.43680191040038 20.987122432221216 17.73326702640515
v -21.90043830871581 21.353186055231205 17.73965669071265
v -22.631338119506825 21.963511405266633 17.750309959324856
v -20.429069519042965 19.63201661883717 -18.795946407154705
v -19.855810165405263 19.817678150116524 17.71285430053108
v -20.39002227783202 20.193864437703787 17.719420656606022
v -21.153215408325185 20.763214736663986 17.729358703041274
v -18.736824035644528 18.52298412431327 -18.81530464135412
v -18.211225509643544 18.73943701623029 17.69403353153082
v -18.818330764770497 19.118989261424723 17.700658640614343
v -19.611528396606435 19.64565959933756 17.70985170555838
v -16.984535217285153 17.51145379102568 -18.83296096899852
v -16.508304595947255 17.75584127049506 17.676864803925895
v -17.190074920654286 18.131783454641116 17.68342689915942
v -18.010887145996083 18.614187159138794 17.69184728714304
v -14.652356147766099 16.82177563862588 17.6605606276744
v -14.752480506896958 16.87003183765816 17.661402942761697
v -15.177819252014157 16.600665710744707 -18.84885883407567
v -15.510142326354966 17.23521821392633 17.667777294670362
v -16.356103897094716 17.671915456117382 17.67539987338678
v -13.783675193786607 16.43204161005201 17.65375779490091
v -13.322459220886227 15.79353386829969 -18.862947372791183
v -12.949362754821763 16.084850234339818 17.647697546895333
v -11.117976188659654 15.40748988382289 17.635874177997263
v -12.015757560729966 15.724610766872225 17.641409543600982
v -12.904566764831529 16.066210648134415 17.647372191707884
v -11.104578971862779 15.403164675974125 17.635798681213434
v -11.424399375915524 15.09265186275335 -18.875181313705014
v -10.211686134338365 15.11504633303241 17.630769556830373
v -7.449934959411608 14.38822452274227 17.618082834940516
v -9.489722251892086 14.500250952122933 -18.885521710063603
v -7.313616752624498 14.360228909329614 17.61759416969069
v -7.524624824523921 14.01823819454281 -18.893935274043393
v -6.51716327667235 14.196664347260345 17.614739139639816
v -8.376940727233873 14.605213411387986 17.621870390080527
v -9.223830223083482 14.82809510966893 17.625760804595334
v -9.29793262481688 14.847596686151071 17.62610120587903
v -5.579590797424303 14.030757917802056 17.611843232141613
v -5.535397529602046 13.648158307101824 -18.900395042507302
v -5.3800420761108265 14.001057394417266 17.611324807577528
v -2.744387388229357 13.687884121706098 17.605858347768574
v -3.4292781352996693 13.751732428045052 17.606972824101277
v -3.528418302536006 13.391193665843296 -18.904880377004726
v -3.6924197673797474 13.776261009769414 17.607400972087873
v -4.63776874542235 13.89058151669279 17.609396443958847
v -1.7940890789031847 13.625504250130618 17.60476950306001
v -1.5101115703582715 13.248168119881264 -18.90737689719589
v -1.467558622360216 13.6130435322806 17.604552000420885
v 0.5130550861358691 13.219539363167996 -18.907876614003133
v 0.4988491237163679 13.58542551637855 17.604069926160125
v 0.10957834124566475 13.578945332837932 17.603956814135678
v -0.8426959514617786 13.589190049135809 17.60413563632383
v 2.534600496292119 13.305402748610199 -18.906377863035285
v 2.4636700153350963 13.668981361478153 17.60552839886147
v 2.012845277786268 13.63671775196076 17.604965235462526
v 1.0615322589874403 13.59479298593461 17.60423343594944
v 4.548047065734868 13.505476031603983 -18.902885570890227
v 4.420624732971205 13.863428822975528 17.608922491927032
v 3.9101192951202526 13.798638429918192 17.607791571409493
v 2.962575197219862 13.704681489753696 17.606151546918465
v 6.546952247619633 13.819126068848746 -18.89741078912538
v 6.3634576797485485 14.168153828151404 17.61424148667763
v 5.7957086563110485 14.06423060217665 17.61242750002069
v 4.8547906875610485 13.918531360710226 17.609884310300902
v 8.58990573883058 14.65521266155509 17.622743130238554
v 8.285973548889174 14.582176149124713 17.62146827317195
v 8.524907112121586 14.245342119533262 -18.889971160287235
v 7.663968086242689 14.432712374901023 17.61885937328846
v 6.732510566711439 14.23570182727105 17.615420541388033
v 9.509198188781752 14.902950955559504 17.627067418245606
v 10.475575447082523 14.782762544149584 -18.880590451881808
v 10.182026863098159 15.10418754401526 17.630580015963034
v 12.221821784973159 15.7959385552142 17.64265457477767
v 12.045563697814956 15.73251361578108 17.641547488341796
v 12.392712593078617 15.429663362144233 -18.869298756101593
v 11.32589435577394 15.473542749365187 17.63702713505399
v 10.421483039855971 15.175805205193669 17.63183010688891
v 13.108654975891127 16.142801916927276 17.648709097277592
v 14.270173072814945 16.18397350838329 -18.85613222352298
v 13.870625495910659 16.465155767497336 17.654335804669152
v 16.101942062377933 17.043278647268615 -18.841132996530586
v 14.852128028869643 16.90872223308842 17.662078286126025
v 13.985520362854018 16.51375905111007 17.65518417814034
v 16.55085563659669 17.768889362250484 17.677092559214667
v 15.707291603088393 17.327119345421984 17.669381434887587
v 15.651391029357924 17.299772131775015 17.668904087497772
v 19.004274368286143 19.2303080588446 17.702601717451028
v 22.857381820678714 21.470523641516127 -18.76385514770287
v 22.21687889099122 21.60403857516907 17.74403533773556
v 22.07338523864747 21.482774469578423 17.741918664899014
v 21.265298843383793 20.221995565636934 -18.785648286332044
v 21.329442977905284 20.8882376538375 17.731540986178043
v 20.669767379760753 20.39005113621972 17.722845108166663
v 20.569696426391612 20.314478236470617 17.72152597829473
v 24.376268386840824 22.80710821969205 -18.740524977108755
v 23.69287681579591 22.903496545584936 17.76671746098066
v 23.510675430297862 22.731552370073214 17.763716164233074
v 22.800512313842784 22.097257206346796 17.752644500966575
v 25.817090988159183 24.227469861711167 -18.715732472425763
v 25.09305000305177 24.284273381908786 17.79081901031007
v 24.877416610717784 24.05719043455781 17.78685526271997
v 24.203092575073253 23.384984862178108 17.775121870808974
v 27.175241470336918 25.727058326864853 -18.689557058400897
v 26.412919998168956 25.7419523375014 17.81626289112444
v 26.169496536254893 25.45572007505458 17.811266688398877
v 25.53305244445802 24.7476293897603 17.798906919512
v 27.95930290222169 27.681064305001282 17.85011021642023
v 27.648279190063487 27.271878283456758 17.842967847846452
v 28.446363449096683 27.301071642770747 -18.66208255377388
v 27.383054733276378 26.922949577784152 17.83687727463362
v 26.786394119262706 26.18111159174393 17.823928444421067
v 28.514402389526378 28.454452660816642 17.863609760385714
v 29.62638664245606 28.944465640663424 -18.633397004838024
v 28.795179367065437 28.86916533683459 17.870848597072165
v 30.049917221069343 30.862035366084438 17.90563427282622
v 29.849966049194343 30.52871211712544 17.899816093873554
v 30.711523056030273 30.651978747150128 -18.603592252698515
v 29.560132980346687 30.04558182347857 17.89138302322916
v 29.048208236694343 29.242893426486642 17.87737204514254
v 30.517148971557624 31.691638074526836 17.920115041966707
v 31.69830894470215 32.41813961244334 -18.572763800121145
v 30.809247970581062 32.245220816832 17.929777864676783
v 31.780027389526374 34.252706539623716 17.96481865831058
v 31.669973373413093 34.01320292264354 17.96063810712565
v 32.58357620239258 34.23728999505836 -18.54101041207841
v 31.382558822631843 33.3876878545678 17.94971970099881
v 30.961431503295906 32.53364238201709 17.934812281823785
v 32.153728485107436 35.128515359603945 17.980105958128043
v 33.364498138427734 36.10360383239466 -18.508433782871272
v 32.42940139770509 35.82702117071484 17.992298422413718
v 34.038555145263665 38.01110059014284 -18.475138303114413
v 33.085094451904304 37.68087619725926 18.024657582269555
v 32.828327178955085 36.90888190094013 18.01118237170309
v 32.50320053100587 36.01401012784867 17.995562326801352
v 34.60361099243163 39.953671961098486 -18.44123059370669
v 33.63495254516602 39.56885040088582 18.057612294576657
v 33.40439224243165 38.72354878988123 18.042857500072643
v 33.12878799438477 37.81225915331092 18.026950880297896
v 35.057842254638665 41.925095214569126 -18.40681927281636
v 33.88019180297852 40.567082817802394 18.075036506227388
v 33.6549415588379 39.64211766735046 18.05889117946991
v 34.254283905029304 42.433955899936606 18.10762289708878
v 34.08005905151368 41.49810478488911 18.091287555112483
v 34.077228546142585 41.48491557083176 18.09105733652476
v 34.62231826782227 45.265616843720274 18.157049722717222
v 34.525524139404304 44.31846879304926 18.140517191996125
v 35.39979171752929 43.919058464894505 -18.37201451481745
v 34.40916061401368 43.42314695423809 18.124889291168024
v 34.40282821655274 43.37445213183491 18.12403931988131
v 34.630626678466804 45.37704625051194 18.158994730247684
v 35.62836837768554 45.92916448556285 -18.336927983714084
v 34.69311141967774 46.21501903710612 18.173621599645763
v 35.742839813232415 49.97204739561876 -18.266359200021874
v 34.740802764892585 49.30664990738583 18.22758621722058
v 34.74914169311524 49.06982380002633 18.223452402139923
v 35.742839813232415 47.94898672904358 -18.30167185531067
v 34.75655746459962 48.11798057222848 18.206837916797227
v 34.74129867553712 47.34030896384331 18.193263608380033
v 34.73788070678712 47.16612208796556 18.19022316515194
v 35.62836837768554 51.991866063365485 -18.23110313403313
v 34.629169464111335 51.26980606384395 18.261853235395787
v 34.656085968017585 50.971610825720184 18.25664821815305
v 34.71563339233399 50.02147632201074 18.24006355870026
v 34.32159042358399 53.80740245742292 18.306147145207316
v 34.406749725341804 53.223499397839284 18.2959550793905
v 35.39979171752929 54.00197780520824 -18.196016503066293
v 34.45898818969727 52.86529285434293 18.28970256091606
v 34.57049942016602 51.91987259834167 18.273200188963106
v 34.15842819213868 54.74537779684984 18.32251956565808
v 35.057842254638665 55.99593700303508 -18.16121181580401
v 34.07424545288087 55.161490253538425 18.32978283560702
v 33.515705108642585 57.52755058204642 18.37108257226521
v 33.6327247619629 57.07758784347264 18.363228443448122
v 34.60361099243163 57.967358349447586 -18.126800528201503
v 33.75531387329102 56.60622791263115 18.355000825250727
v 33.9696388244629 55.67849752788437 18.33880723114909
v 33.25085067749024 58.442224770040724 18.38704826960481
v 34.038555145263665 59.90993305775497 -18.092892760540085
v 33.08359909057618 58.965674086764594 18.39618511141486
v 33.36449813842773 61.81742981550315 -18.059597280783226
v 32.4286231994629 60.81971600500618 18.428547533477403
v 32.64661026000977 60.247667218785836 18.418562384771818
v 32.961132049560554 59.348996585890696 18.40287603052555
v 32.58357620239257 63.68374174578131 -18.027020684863913
v 31.669889450073242 62.63379742710002 18.460212442485126
v 31.94435691833496 62.0173370710463 18.449452086944536
v 32.30762100219727 61.13727169731015 18.434090488704893
v 31.69830894470214 65.50289212839633 -17.995267296821176
v 30.809812545776367 64.40212089631761 18.491078643454408
v 31.14620018005371 63.7459136346272 18.479624503095234
v 31.557096481323242 62.88711958732189 18.464634197239555
v 30.711523056030266 67.26905299368954 -17.964438844243805
v 29.85114860534668 66.1190300782324 18.521047404700585
v 30.254507064819336 65.42822878198439 18.50898942322208
v 30.711820602416992 64.59328058959133 18.49441534831216
v 28.7475643157959 67.8538808630754 18.55132933779079
v 28.79694175720215 67.77904790188244 18.550023123594396
v 29.626386642456048 68.97656800723438 -17.934634058816474
v 29.27199363708496 67.05917922555024 18.537457769109228
v 29.774351119995117 66.25054843541159 18.5233430661644
v 28.20161247253418 68.63384094122182 18.564943591596254
v 28.446363449096673 70.61996009806892 -17.90594854316844
v 27.650575637817383 69.37687655977044 18.577913326561998
v 26.438386917114258 70.88005410833301 18.604151388270797
v 27.046541213989258 70.14755307891872 18.59136553524238
v 27.63446617126465 69.39859795192099 18.578292474872317
v 26.414941787719727 70.90676817867939 18.60461768410319
v 27.175241470336907 72.19397341397482 -17.87847403854142
v 25.810243606567383 71.5957730261648 18.616644308451903
v 23.811902999877926 73.63558910550861 18.652249430558474
v 25.81709098815917 73.69356187912851 -17.852298624516557
v 23.69337654113769 73.7440015463317 18.654141776752066
v 24.37626838684081 75.1139273352639 -17.827506053257917
v 23.109319686889645 74.27822955563107 18.66346676134086
v 24.496519088745114 72.97403826692569 18.64070201771769
v 25.09427452087402 72.36387501683168 18.630051578570487
v 25.162908554077145 72.2938173292072 18.628828717084282
v 22.389429092407223 74.90133791634123 18.67434315823437
v 22.8573818206787 76.45051191343981 -17.804175882663802
v 22.216730117797848 75.0427348346565 18.676811250624212
v 20.13110542297363 76.64919865177696 18.704852180856882
v 20.66904258728027 76.25593656565448 18.69798776560981
v 21.26529884338378 77.69904380343526 -17.78238267745898
v 20.89970207214355 76.08731067129658 18.695044389675214
v 21.652723312377926 75.5045137054309 18.68487163079606
v 19.347192764282223 77.1899487998959 18.714291009802242
v 19.60511589050292 78.85550674081925 -17.762196541799863
v 19.05527305603027 77.3797315971966 18.717603680851386
v 17.8821620941162 79.9162124751599 -17.743681854337215
v 17.380567550659176 78.41052703175765 18.73559628208936
v 17.73673057556152 78.20582341161361 18.732023167108704
v 18.54902076721191 77.70885931825995 18.723348626592223
v 16.10194206237792 80.87775118651291 -17.726898133699553
v 15.65027332305908 79.34504654346281 18.75190838084286
v 16.073057174682614 79.1319518675275 18.74818879943855
v 16.91129112243652 78.68024607781891 18.740304245550735
v 14.270173072814929 81.73705632539824 -17.71189890670716
v 13.869919776916502 80.18027698045977 18.766487382350665
v 14.36111545562744 79.96558800392411 18.762739972325864
v 15.222790718078612 79.56049834325222 18.755669105997086
v 12.04519748687744 80.91357897429052 18.779287216264972
v 12.606034278869627 80.70422976053112 18.77563301214613
v 13.48855686187744 80.34696148963688 18.76939687128088
v -12.782135963439943 80.62951885105875 18.77432892837045
v -14.53285312652588 79.88054846759596 18.761255601697798
v -15.177819252014173 81.3203641230368 -17.71917229615445
v -14.75199604034424 79.77595014304163 18.75942983115132
v -17.075412750244144 78.58022469278708 18.738558365780804
v -16.507879257202152 78.89037337129713 18.743972031101595
v -16.984535217285167 80.40958367098835 -17.735070028080308
v -16.239955902099613 79.03679729485461 18.74652787019434
v -15.392123222351076 79.4704012887517 18.754096456060946
v -17.89827156066895 78.10080553426971 18.73019007324105
v -18.736824035644542 79.3980495235845 -17.752726422300352
v -18.21088790893555 77.90700265842176 18.72680723145985
v -20.42906951904298 78.28901130788621 -17.77208475636324
v -19.855577468872074 76.82898083622096 18.7079902905593
v -19.50268363952637 77.07548717067057 18.712293074632335
v -18.707424163818363 77.59918821906818 18.72143431043509
v -22.05585289001466 77.08603903672102 -17.793082715463274
v -21.436695098876957 75.65972916698783 18.68758092675541
v -21.048538208007816 75.96382865709565 18.69288900309988
v -20.283197402954105 76.53026306416838 18.70277615245291
v -23.61195945739747 75.79296589693905 -17.815653391075102
v -22.94919586181641 74.40300836936336 18.665644783636235
v -22.531196594238285 74.76914827469872 18.672035779456674
v -21.79807853698731 75.376618758707 18.682639216197014
v -25.092409133911143 74.41393783292443 -17.83972441547031
v -24.388246536254886 73.06281945131347 18.642251699055596
v -23.94621276855469 73.49502366453993 18.64979585165971
v -23.247524261474613 74.14169563555845 18.6610835529011
v -25.932621002197266 71.44335712594909 18.613983879017557
v -25.749250411987305 71.6434418512917 18.61747637088956
v -26.492456436157237 72.9533792195489 -17.865218560898246
v -25.289297103881836 72.14531852639949 18.626236660839524
v -24.627098083496097 72.82927348394509 18.638175139031457
v -26.55640411376953 70.7240987082199 18.60142917663593
v -27.807617187500007 71.41596234924171 -17.892054272191196
v -27.027854919433594 70.14941055354157 18.59139795758254
v -28.306377410888672 68.46754928602039 18.562040959957706
v -28.219982147216797 68.58548938928281 18.56409961211779
v -29.033678054809577 69.80661506022207 -17.920145533613084
v -27.743772506713867 69.23557499436187 18.575446898563346
v -27.160274505615234 69.98799715304789 18.58858047619664
v -28.847843170166016 67.68420990085984 18.548367720128898
v -30.166713714599616 68.13048640945281 -17.949402468040308
v -29.321815490722656 66.95668247905999 18.535668681744323
v -31.203094482421882 66.39295811498914 -17.979731137234786
v -29.865201950073242 66.07479777186364 18.52027532692101
v -29.36748695373535 66.88657520792401 18.534444954774703
v -30.792831420898438 64.41214057975562 18.491253537679395
v -30.34037208557129 65.24988451937368 18.505876412538647
v -30.329833984375 65.26818083511489 18.50619577591786
v -31.222129821777344 63.56237073154218 18.476420749804788
v -32.01013183593749 61.82904940732295 18.446165513549076
v -34.320514678955085 58.94264313583318 -18.109776868931625
v -33.35800552368163 58.02576189141993 18.37977888301831
v -33.295608520507805 58.246118644730956 18.383625224454725
v -33.7007064819336 60.86844717490685 -18.076161834390568
v -33.01116943359374 59.154789413718234 18.399486131725773
v -32.75605392456054 59.897737307592664 18.41245433545163
v -32.70201110839843 60.055119187190286 18.415201446378536
v -34.8303565979004 56.98486106919774 -18.143950082020044
v -33.85317993164062 56.12278486145023 18.346562295403285
v -33.78920745849609 56.40733700568066 18.35152917155629
v -33.55498886108398 57.330158622789554 18.367637082800087
v -35.22861099243165 55.0013754346449 -18.17857195255535
v -34.23998641967773 54.19488615739821 18.31291069834903
v -34.18133544921874 54.544244189533316 18.31900876548314
v -33.998035430908196 55.47846620016952 18.335315671336165
v -34.57678604125976 51.71609962256717 18.269643318440362
v -34.51719665527343 52.248218425569924 18.2789314866963
v -35.51398468017579 52.998537212526664 -18.213531623763142
v -34.47080993652343 52.66243526647293 18.286161668548623
v -34.338977813720696 53.605235224597564 18.30261830303201
v -34.65675735473632 50.7675556053418 18.25308642103242
v -35.6855812072754 50.98276533703997 -18.248717052730235
v -34.6839256286621 50.28900226611633 18.244733241424623
v -34.73964309692382 48.32349659913777 18.210425212390735
v -34.73860931396484 48.86540623860241 18.219884280332817
v -34.71072387695312 49.816974850028906 18.23649397222892
v -28.996536254882812 36.049203092053396 -18.509383351326058
v -29.71689224243164 37.80659148992847 -18.478708022737052
v -28.255413055419915 35.872978825238334 11.31614603114563
v -27.638349533081048 34.678305707957506 13.797257094940932
v -27.77197837829589 34.93971637734922 13.555772734292258
v -28.780656814575188 37.52090262565701 18.021865233190454
v -27.89107704162597 35.175271010134736 13.28094935546024
v -27.9947280883789 35.3813808747153 12.976310678551746
v -28.08221244812011 35.55487164232125 12.645792076607142
v -28.15295219421386 35.69305066665194 12.293711227743962
v -28.206502914428704 35.7937524440283 11.924677341986404
v -28.242525100708 35.85539391807876 11.543592126612204
v -28.245851516723626 35.859932050703506 11.484912238128109
v -27.16258239746093 33.77950374105038 14.293243058459943
v -27.332181930541985 34.093903421103434 14.168339972364986
v -27.377870559692376 34.1803503502656 14.120669971182
v -27.491300582885735 34.39496736166631 14.002311956705372
v -26.472251892089837 32.567374319811165 14.372053184063649
v -26.61060714721679 32.80151797027487 14.408226667616912
v -24.317087173461907 29.516764138106414 17.882152476195813
v -26.799577713012688 33.12877296025028 14.413938924715016
v -26.984348297119134 33.45627676174434 14.375451709859675
v -25.541694641113274 31.077340095446125 13.488354705514432
v -25.69758224487304 31.317312173105403 13.738590734566767
v -25.866300582885735 31.58081321155622 13.953190713297186
v -26.044923782348626 31.86464400080685 14.12942810444187
v -26.23047256469726 32.16528582555554 14.265066779936689
v -26.419992446899407 32.478930445515466 14.358392066452545
v -26.224679946899414 31.07867537648449 -18.59614423532882
v -25.541912078857415 31.017706935612964 11.569377193069542
v -25.278146743774407 30.63238417931084 11.407884593031751
v -25.108158111572266 29.542147195267916 -18.62296443449599
v -25.098951339721673 30.404170108478894 12.201393474203464
v -25.177906036376946 30.52523275281919 12.557999403225395
v -25.009155273437493 30.251152615616906 11.218016689641532
v -25.014501571655266 30.265142869988214 11.446013931602746
v -25.04410552978515 30.317154432514094 11.829082968109676
v -25.279394149780266 30.678998882246773 12.894230295555927
v -25.40143203735351 30.863738675248705 13.205691278614694
v -25.500179290771477 31.014115998926638 13.404703762402473
v -26.046422958374016 31.789040392587214 11.804535247783749
v -27.247299194335938 32.67921396398144 -18.56820673036394
v -26.29088592529296 32.180397122436446 11.880667120880883
v -26.992547988891594 33.376323794966396 11.943124817346801
v -26.76398849487304 32.97410826480883 11.94997265595864
v -26.53009605407714 32.575456505341506 11.929153257364217
v -28.24994277954101 35.86096173618156 11.321441718736386
v -27.852779388427727 35.01964607851124 11.639200778420799
v -28.17235565185547 34.338036062181224 -18.539251882935503
v -27.433502197265618 34.1911629241137 11.846479713650481
v -27.21573066711425 33.78203213520936 11.90863139457684
v 5.2081346511840705 80.27534203479328 -17.737413224556168
v 3.241303682327266 79.21188135682958 11.745885135494458
v 3.32578396797179 80.53028519442937 -17.732963175151717
v 3.224591493606563 79.22138264003124 11.574012449606462
v 1.4315502643585087 80.67221608902227 -17.730485762171277
v -4.120312690734866 78.78907807143155 18.742203915065517
v 1.391236543655392 79.20224492195109 15.040225048097787
v 5.044316291809079 78.65199110449997 18.739811053156913
v 1.4657566547393763 79.2005983612131 15.00778170240312
v 1.7930653095245326 79.19192137076516 14.816805282967977
v 2.096223115921017 79.18310375177762 14.588421419899362
v 2.371125459671017 79.17501765659316 14.325560209333208
v 2.614060640335079 79.16861102588335 14.03161853425447
v 2.821744203567501 79.16474866070278 13.710384800110841
v 2.9913647174835165 79.16423444143015 13.366077475429329
v 3.1206295490264853 79.1677447375205 13.003225655850262
v 3.2077839374542196 79.17573780077376 12.626614068684015
v 3.2395870685577353 79.18498504471505 12.34732923238695
v 3.251660585403438 79.18849203964889 12.241276110434928
v 3.251660585403438 79.20600115470192 11.8523813733114
v 0.3844616115093197 79.21814777011103 15.334385894165603
v 0.7566616535186734 79.21431226254212 15.268223062979272
v 1.1187260150909388 79.20828496148002 15.15888643685883
v 0.007161349058147846 79.21946299351623 15.356522204797917
v -0.37013891339302407 79.21814777011103 15.334385894165603
v -2.081900358200077 79.18310375177762 14.588421419899364
v -1.7787425518035924 79.19192137076516 14.816805282967977
v -1.4514338970184362 79.2005983612131 15.007781702403122
v -1.1044070720672643 79.20828496148002 15.15888643685883
v -0.7423427104949984 79.21431226254212 15.268223062979272
v -0.4542186558246647 79.21727936877829 15.319437736698152
v -2.9770419597625772 79.16423444143015 13.36607747542933
v -2.8074214458465616 79.16474866070278 13.710384800110843
v -3.106306791305546 79.1677447375205 13.003225655850262
v -3.237341642379765 79.20600115470192 11.852381373311403
v -3.237341642379765 79.18849203964889 12.24127611043493
v -3.193464994430546 79.17573780077376 12.626614068684017
v -2.5997378826141397 79.16861102588335 14.031618534254472
v -2.356802701950077 79.17501765659316 14.325560209333208
v -2.299612760543827 79.17670326233056 14.38024730934719
v -3.21027255058289 79.22138264003124 11.574012449606464
v -4.25454616546632 80.41689914599183 -17.734942335989146
v -2.304686307907109 79.2877283464743 11.906363386035181
v -2.365404844284069 80.61541626954798 -17.73147720670811
v -1.3805682659149212 79.33295302413876 12.1329028057487
v -0.4677760899067043 80.7006312552245 -17.72998977360027
v -0.9181087017059368 79.3470925295328 12.203717000113457
v 2.3104946613311723 79.28824743109074 11.908974466526244
v 1.3948185443878132 79.33296045264436 12.1329143812488
v 0.9324085712432819 79.3470925295328 12.203717000113455
v 0.46983072161674083 79.35557620613896 12.246207042378817
v 0.007172793149943942 79.35839649230036 12.260368985277221
v -0.4554813206195873 79.35557620613896 12.246207042378817
v 25.706834793090827 31.316520102028687 13.951835707622044
v 25.550935745239265 31.076545004829658 13.701881956461419
v 23.757825851440437 28.79762205092343 17.869599804371408
v 25.410661697387702 30.86294358030099 13.419546643424265
v 25.288614273071296 30.678204757966885 13.108467205143667
v 25.187112808227546 30.524440640781847 12.772667474390623
v 25.108144760131843 30.403377036415616 12.416553699518655
v 25.053281784057624 30.316359468365814 12.044788745202593
v 25.023664474487312 30.264347121905303 11.662311063156439
v 25.022790908813484 30.261250408112783 11.597210329209968
v 26.23974800109864 32.16448768545305 14.477785138644288
v 26.054189682006843 31.86384754439992 14.342268581445715
v 28.458883285522468 36.66466594330991 18.00691956630615
v 26.003038406372077 31.782569195977516 14.291861688569934
v 25.875562667846687 31.580017240483205 14.166221962690118
v 26.94292640686036 33.36561021092124 14.598634797542196
v 26.808858871459968 33.12797708371979 14.626527603469478
v 26.61988258361817 32.800718279628114 14.620815279795726
v 26.429265975952156 32.47813186301909 14.571026481314409
v 27.781221389770515 34.938923193790885 13.769300018527069
v 27.647600173950202 34.677511729822655 14.010502034708383
v 27.500562667846687 34.39417139059329 14.215343206098304
v 27.341447830200202 34.09310505763837 14.38118041608101
v 27.17185020446778 33.77870369388975 14.505961383879718
v 26.99362754821778 33.455478179247955 14.588086124721539
v 29.384183883666992 36.92250985176133 -18.49413972513312
v 28.611570358276367 35.18745501169795 -18.524425220020444
v 28.06940650939942 35.44573089327109 11.59820315786143
v 28.16214561462403 35.69225568753052 12.50887141977133
v 28.091417312622077 35.554079530283914 12.860460147772368
v 28.26876640319825 35.87579218886253 11.416277520293713
v 28.251688003540046 35.85459816999585 11.759889258165895
v 28.215677261352546 35.79295557282188 12.140383085791498
v 28.003946304321296 35.380586750435405 13.190547588139486
v 27.900308609008796 35.17447782224515 13.494804753557634
v 27.816267013549812 35.00824517403122 13.688519706430178
v 27.227170944213874 33.78151833093757 12.028448873259684
v 27.444990158081062 34.19065539960898 11.964298096091143
v 27.736562728881836 33.50170525264076 -18.553850091517514
v 27.657377243042 34.60314669460092 11.871698107322159
v 27.864301681518562 35.018924869697884 11.750682068925322
v 26.54155921936036 32.57502484403142 12.050166351981652
v 26.7754192352295 32.9736333123756 12.071389414431916
v 27.00396156311036 33.37580618288898 12.064144042244715
v 24.530241012573246 28.799615040066797 -18.635925381476326
v 25.01904487609864 30.247968281408482 11.318043488584529
v 25.692235946655273 30.302058371247647 -18.609700135579597
v 25.028718948364265 30.261689430789087 11.325066557045929
v 26.762285232543945 31.87129641358506 -18.58230898366277
v 25.293760299682624 30.63751414077947 11.517373428278757
v 25.55364418029786 31.01738563346264 11.680789158403813
v 25.808427810668952 31.401161759935068 11.815807252388392
v 26.058061599731452 31.788778479127945 11.922380809051262
v 26.302427291870124 32.18005093955354 12.000498971241004
v 22.547407150268565 27.412399862088346 17.845420661125285
v 23.280458450317386 27.36934241692332 -18.66089088297835
v 21.25629997253419 26.102031612085703 17.82254809824161
v 21.947362899780277 26.016359045849885 -18.684507295567233
v 19.889127731323253 24.871212478042345 17.801064070341994
v 20.535726547241214 24.745512668624077 -18.7066900015955
v 18.45078468322755 23.72434585719054 17.78104543901102
v 19.050607681274418 23.56134589772199 -18.727359709467432
v 16.946413040161143 22.665537645693608 17.762563872932812
v 17.49731254577637 22.46810384455074 -18.746442320487795
v 15.381409645080579 21.698579075122687 17.7456855483006
v 15.881413459777834 21.469697885343937 -18.76386956133047
v 13.761368751525891 20.82692954893354 17.730470849226318
v 14.208683967590334 20.56969993998727 -18.779579083901933
v 12.092091560363782 20.05371092129214 17.71697426787713
v 12.48511600494385 19.771336750844107 -18.793514565204724
v 10.37955188751222 19.381692240609603 17.705244138172844
v 10.716881752014162 19.077461276883476 -18.805626206654804
v 8.629879951477063 18.813276400135248 17.695322402771136
v 8.910309791564943 18.490560321912596 -18.815870600930253
v 6.849347114563001 18.350500137956587 17.68724461306757
v 7.071869850158695 18.012731649879292 -18.82421113142516
v 5.0443162918090945 17.995016873476125 17.68103962960517
v 5.208134651184086 17.645691613104503 -18.830617839098316
v 3.221253633499158 17.74810624270203 17.67672978851354
v 3.3257839679718058 17.39074845346841 -18.83506788850277
v 1.386689424514783 17.610645492376115 17.674330402191522
v 1.4315502643585243 17.248817558875523 -18.837545301483207
v -0.45281866192816433 17.583126643497053 17.67385005889759
v -0.46777608990668873 17.22040620678957 -18.838041223478566
v -2.2906749248504514 17.665652677204093 17.67529055617421
v -2.3654048442840536 17.305617378349815 -18.83655385694637
v -4.120312690734851 17.85792609242828 17.678646701120922
v -4.254546165466305 17.50413831602222 -18.83308866108969
v -5.935170173645007 18.159256534124964 17.683906443545585
v -6.128424644470211 17.8152710365296 -18.82765781925194
v -7.7287549972534055 18.56857032856449 17.691051042403544
v -7.980341911315914 18.23789418968895 -18.820280904673375
v -9.494647026062 19.084397133925254 17.700054832782833
v -9.803666114807127 18.770497385457833 -18.81098428131025
v -11.22652721405028 19.70489282499132 17.71088562535807
v -11.591870307922362 19.411173565701876 -18.799801236986127
v -12.918192863464343 20.42783567903613 17.723504639814813
v -13.338549613952635 20.15762663242729 -18.78677185024057
v -14.56359004974364 21.250635911113203 17.73786667128867
v -15.037457466125487 21.007188611304084 -18.77194269073873
v -16.156824111938466 22.17035283757933 17.753920389955717
v -16.68251037597656 21.956815837549783 -18.755366885847007
v -17.69219970703124 23.183689154920174 17.771608241169023
v -18.267816543579098 23.003106119452664 -18.73710382104263
v -19.164215087890614 24.287021452680413 17.79086697806383
v -19.787704467773434 24.142321623069346 -18.717218740459767
v -20.56760025024413 25.476396399347486 17.8116275949819
v -21.236732482910153 25.370377429875994 -18.695782946616482
v -21.897335052490224 26.74755744116546 17.833815793501053
v -22.60971069335937 26.682879677931 -18.67287313465825
v -23.148656845092763 28.09595624448385 17.857352182162106
v -23.901727676391598 28.075131283049394 -18.648571292494495
v 6.849347114562986 78.2965078400195 18.73360606969451
v 7.07186985015868 79.90830199801849 -17.74381993222933
v 8.629879951477049 77.83373348489899 18.725528313278765
v 8.910309791564929 79.43046951186892 -17.752160529299882
v 10.379551887512205 77.26531573736649 18.715606544589235
v 10.716881752014148 78.84357618513059 -17.762404790424036
v 12.092091560363768 76.59329133550955 18.703876315021475
v 12.485116004943835 78.14969689705369 -17.774516498449767
v 13.761368751525877 75.82007842904255 18.690379833535758
v 14.20868396759032 77.35133370791053 -17.78845197975256
v 15.381409645080566 74.94842699579527 18.675165101173654
v 15.88141345977782 76.45133194843758 -17.80416156889967
v 16.94641304016113 73.98146842522436 18.65828677654144
v 17.497312545776357 75.45292980334706 -17.821588743166696
v 18.450784683227536 72.92266212078556 18.639805243751056
v 19.050607681274403 74.35968584311767 -17.84067138747488
v 19.889127731323242 71.77579549993375 18.619786612420082
v 20.5357265472412 73.17552097927371 -17.861341062058994
v 21.25629997253418 70.54497636589039 18.59830258452046
v 21.947362899780266 71.90467650910605 -17.883523734799436
v 22.547407150268555 69.23460620882962 18.575429988348965
v 23.280458450317376 70.55169123097448 -17.907140180676144
v 23.75782585144043 67.84938783411081 18.551250911678487
v 24.530241012573235 69.12141670077287 -17.93210571546599
v 24.88321876525879 66.39426433641826 18.52585163654769
v 25.692235946655266 67.61897146253389 -17.958330994650545
v 25.919565200805664 64.87445342680763 18.49932323844182
v 26.762285232543938 66.04973723431274 -17.985722079991724
v 26.8631534576416 63.29539784919445 18.47176072080932
v 27.73656272888183 64.41932839525704 -18.014180972136984
v 27.710603713989258 61.66274630977273 18.44326268218356
v 28.61157035827636 62.73357672914172 -18.043605876921877
v 28.45888328552246 59.98234203466619 18.41393111645592
v 29.384183883666985 60.99852379613647 -18.073891338521378
v 29.10530662536621 58.26020036199522 18.383871021743857
v 30.05163383483886 59.220375163410566 -18.104929038357632
v 29.64757347106934 56.50249157835356 18.353190100800497
v 30.611532211303707 57.405497067781084 -18.13660785335364
v 30.08373069763184 54.715501824116686 18.321998078614232
v 31.061880111694332 55.56039543807346 -18.16881422209935
v 30.41222953796387 52.90563094800128 18.290406664959946
v 31.401052474975582 53.69166130558237 -18.201433097715558
v 30.631872177124027 51.079359610312494 18.258528980184046
v 31.62785148620605 51.80599654935654 -18.23434749846833
v 30.741903305053714 49.243221153836444 18.22647906420906
v 31.741445541381832 49.9101404744606 -18.267439789350195
v 30.75565910339356 48.32350422737032 18.210425345542014
v 31.75565910339355 48.96051706233117 -18.28401552766627
v 30.741903305053714 47.40378730090419 18.194371626874965
v 31.741445541381832 48.01088983608547 -18.300591332557993
v 30.631872177124027 45.56764908281041 18.16232171506096
v 31.62785148620605 46.11503781368806 -18.33368355270323
v 30.41222953796387 43.74137583806349 18.130443996997233
v 31.401052474975582 44.229369243345964 -18.366598020031653
v 30.083730697631843 41.93150472356582 18.09885257918197
v 31.061880111694336 42.36063677953074 -18.399216866521016
v 29.647573471069343 40.14451496932894 18.067660556995705
v 30.61153221130371 40.51553133570685 -18.43142330184237
v 29.105306625366218 38.38680427862916 18.036979602764518
v 30.051633834838867 38.70065848448724 -18.463102025296866
v -29.37526893615722 39.26160426485628 18.05224929332333
v -30.330841064453125 39.603907963963 -18.447335746986223
v -29.864700317382805 41.03474686997944 18.083199612622746
v -30.836191177368164 41.43471810001161 -18.415378837190257
v -30.24719810485839 42.8339823212617 18.11460538424603
v -31.23112678527832 43.292465908972815 -18.382951728564585
v -30.52139282226562 44.65287143691231 18.146354211856938
v -31.51423835754395 45.17050624677741 -18.350170412530392
v -30.686304092407223 46.484894223552104 18.17833228854771
v -31.68451309204102 47.062113396149954 -18.317152286919416
v -30.741338729858395 48.32350422737031 18.210425345542028
v -31.741338729858402 48.96051706233115 -18.284015527666256
v -30.686304092407223 50.16211423118851 18.242518402536344
v -31.68451309204102 50.85891716767724 -18.250878830567704
v -30.52139282226562 51.99413725621057 18.274496483388095
v -31.51423835754395 52.75052811626717 -18.21786063864114
v -30.247198104858395 53.81302446480304 18.30624527771118
v -31.231126785278324 54.628564639955485 -18.185079389182597
v -29.86470031738281 55.612257770644895 18.33765101188566
v -30.836191177368168 56.48631411759257 -18.15265225143008
v -29.375268936157223 57.38540609694246 18.368601431048546
v -30.33084106445313 58.31712425364117 -18.12069534163411
v -28.780656814575195 59.12610344526094 18.39898541628382
v -29.716892242431648 60.1144421579693 -18.089323040917417
v -28.082990646362305 60.828137573727574 18.42869453250625
v -28.99653625488282 61.87182674172811 -18.05864777890406
v -27.284770965576172 62.485409233664114 18.457622316934135
v -28.172355651855476 63.58299567865841 -18.028779214006793
v -26.388851165771484 64.09198366015636 18.48566517786057
v -27.247299194335945 65.24181586980006 -17.999824399866174
v -25.398441314697266 65.64210916587105 18.512722719209705
v -26.22467994689942 66.84236017847141 -17.97188679503783
v -24.317087173461914 67.1302400257534 18.538698139990636
v -25.108158111572273 68.37888454557172 -17.945066662446305
v -23.148656845092773 68.55105173349223 18.56349850059999
v -23.90172767639161 69.84590045779025 -17.9194598044478
v -21.897335052490234 69.89944862975248 18.58703485597322
v -22.609710693359382 71.23815206290864 -17.895157962284046
v -20.56760025024414 71.17060967157046 18.60922305449237
v -21.236732482910163 72.55065431096365 -17.872248150325813
v -19.16421508789063 72.35998461823753 18.62998367141044
v -19.787704467773448 73.77870821071217 -17.850812389770354
v -17.692199707031254 73.46332073011405 18.649242474880893
v -18.267816543579112 74.91792371432885 -17.830927309187494
v -16.15682411193848 74.47665132628049 18.666930226230726
v -16.682510375976573 75.9642120891736 -17.81266427767094
v -14.563590049743652 75.39636825274661 18.682983944897774
v -15.0374574661255 76.91384694365183 -17.79608833962792
v -12.918192863464357 76.21916848482368 18.69734597637163
v -13.33854961395265 77.76340320135422 -17.781259279989555
v -11.226527214050295 76.94211515298477 18.70996505740402
v -11.591870307922376 78.50986389631217 -17.7682297600927
v -9.494647026062013 77.56261084405082 18.720795849979257
v -9.803666114807141 79.15053626243994 -17.757046782344226
v -7.728754997253421 78.07843955646973 18.72979967364637
v -7.9803419113159295 79.68313945820883 -17.747750158981106
v -5.935170173645022 78.48774762973486 18.736944172640854
v -6.128424644470226 80.10576642548446 -17.740373177826893
v -2.8074214458465625 78.99309743283662 10.430522346678636
v -2.5997378826141406 78.93127727594417 10.120867374075873
v -2.356802701950078 78.87459346376926 9.836948357779054
v -2.081900358200078 78.82381825994133 9.582609317164374
v -1.7787425518035935 78.77963188466106 9.361284430200445
v -1.4514338970184373 78.74263823719497 9.175971600937011
v -1.1044070720672656 78.71332781992312 9.029170767888155
v -0.37013891339302546 78.67926029384802 8.858513899791205
v -10.99283885955812 88.91747347179285 -17.586564259205147
v 11.00716114044188 88.91747347179285 -17.586564259205154
v 11.007161140441891 88.280460636832 18.90787661400313
v -10.992838859558109 88.280460636832 18.907876614003136
v -5.010424613952629 55.49476494739683 41.25182540447972
v 0.28689691424371094 38.845489022462345 40.96121121220217
v -1.7696025371551385 46.359344334640994 48.81391713520392
v 0.007161349058164191 47.756301018158595 50.70547543812473
v 4.240876197814953 51.24926104764073 45.802340836407865
v 24.953382492065437 30.318084276083365 10.908716710308289
v 24.91822242736817 30.730571379014183 9.858661100348709
v 24.953069686889656 30.934211426357447 9.542186287237046
v 25.01067543029786 31.16669370880206 9.24982767492607
v 0.6348354816436782 34.84364493221954 -10.3506184585976
v 1.3144962787628192 33.87713452031019 -10.367488960591276
v 1.885133028030397 34.95615754803153 -10.348654543583358
v 3.120309114456178 35.18027311292541 -10.34474259184671
v 4.330414772033692 35.51419136402234 -10.338914027093098
v 5.505719184875489 35.95522334935283 -10.331215785153734
v 6.636750221252442 36.49981621961254 -10.321709881243907
v 7.507161140441895 35.82937658306527 -10.33341244863029
v 7.714402198791505 37.14358564815055 -10.310472844069974
v 8.730000495910646 37.881350158015735 -10.297595116648543
v 9.67537021636963 38.70716544900326 -10.28318045712564
v 10.542897224426271 39.61438923763109 -10.26734480699072
v 11.325589179992676 40.59571177007014 -10.250215758471473
v 12.017159461975098 41.64323210446969 -10.2319312230209
v 14.779278755187988 46.21345353793227 -10.152157711163479
v 12.612030982971191 42.74851913681766 -10.21263836610695
v 13.105416297912598 43.90267119650733 -10.192492566968031
v 13.493340492248535 45.09639804983705 -10.171655987236603
v 13.772683143615723 46.32008478645784 -10.150296455797088
v 13.941189765930174 47.56388693389777 -10.128585808555668
v 15.007161140441893 48.8177814713671 -10.106698997991003
v 13.997509956359862 48.8177814713671 -10.106698997991003
v 13.941189765930174 50.07167600883642 -10.084812187426339
v 14.950081825256346 50.12491725783197 -10.083882857968263
v 13.77268314361572 51.31547458054235 -10.063101602599588
v 14.779278755187987 51.422105829067924 -10.061240347233198
v 13.493340492248533 52.53916131716314 -10.041742071160073
v 14.496048927307127 52.699476252171436 -10.03894376356054
v 13.105416297912596 53.73288817049286 -10.020905491428646
v 14.102547645568846 53.94730253065717 -10.017162874850436
v 12.612030982971188 54.887043567534256 -10.000759634036037
v 12.997540473937985 56.316639423422295 -9.9758059455504
v 12.017159461975094 55.992328931206366 -9.98146680624893
v 11.325589179992672 57.03984926560592 -9.963182270798358
v 12.294442176818844 57.42011665760075 -9.956544678781004
v 10.542897224426266 58.021171798044975 -9.946053222279112
v 11.497826576232907 58.4581284001423 -9.93842611641869
v 9.675370216369625 58.92839701696639 -9.930217547178321
v 10.613762855529782 59.422767511257284 -9.92158827810188
v 8.730000495910641 59.754210400895786 -9.915802920943243
v 9.648976325988766 60.30669658477368 -9.90615923873171
v 7.714402198791499 60.49197491076097 -9.90292519352181
v 8.610806465148922 61.10319085694516 -9.892256379496004
v 6.636750221252436 61.13574433929898 -9.891688156347877
v 7.507161140441889 61.80618206878812 -9.879985622249318
v 5.505719184875483 61.68033530250056 -9.882182285725873
v 6.346436500549311 62.41032664341003 -9.869440239473262
v 4.330414772033686 62.12136919488918 -9.874484010498685
v 5.137463569641108 62.911020942474515 -9.860700587973904
v 3.1203091144561714 62.4552874459861 -9.868655445745071
v 1.8851330280303902 62.67940491793812 -9.8647434607206
v 0.6348354816436714 62.79191753375011 -9.862779545706358
v -0.6205127239227348 62.79191753375011 -9.862779545706358
v -5.1231412887573295 62.91102094247451 -9.8607005879739
v -1.8708102703094536 62.67940491793812 -9.8647434607206
v -3.105986356735235 62.4552874459861 -9.86865544574507
v -4.3160943984985405 62.12136919488918 -9.874484010498684
v -5.4913969039917045 61.68033530250055 -9.882182285725872
v -6.332114219665533 62.41032664341002 -9.86944023947326
v -6.6224298477172905 61.135744339298974 -9.891688156347875
v -7.492838859558111 61.80618206878811 -9.879985622249315
v -7.700081825256353 60.49197491076097 -9.902925193521806
v -8.596486091613773 61.103190856945155 -9.892256379496
v -8.715682029724125 59.75421040089578 -9.915802920943237
v -9.634654045104984 60.30669658477368 -9.906159238731705
v -9.661047935485843 58.928397016966386 -9.930217547178316
v -10.599440574646 59.42276751125728 -9.921588278101874
v -10.528574943542484 58.02117179804497 -9.946053222279106
v -11.483504295349125 58.45812840014229 -9.938426116418684
v -11.311272621154789 57.039849265605916 -9.963182270798352
v -12.280121803283695 57.420116657600744 -9.956544678780999
v -12.002840995788578 55.99232893120636 -9.981466806248925
v -12.983222007751468 56.31663942342229 -9.975805945550393
v -12.597708702087406 54.88704356753425 -10.00075963403603
v -13.587454795837406 55.156091567514466 -9.996063383727568
v -13.09109401702881 53.732888170492856 -10.02090549142864
v -14.088227272033693 53.94730253065716 -10.01716287485043
v -13.47902011871338 52.539161317163135 -10.041742071160067
v -14.481726646423342 52.69947625217142 -10.038943763560534
v -13.758360862731935 51.31547458054234 -10.063101602599582
v -14.764956474304201 51.42210582906792 -10.061240347233191
v -13.926871299743654 50.07167600883641 -10.084812187426333
v -14.935761451721193 50.12491725783196 -10.083882857968256
v -13.983191490173342 48.81778147136709 -10.106698997990998
v -14.99284076690674 48.81778147136709 -10.106698997990996
v -13.926871299743654 47.56388693389776 -10.12858580855566
v -14.935761451721193 47.510645684902215 -10.129515138013739
v -13.758360862731934 46.32008478645783 -10.150296455797083
v -14.7649564743042 46.21345353793226 -10.152157711163472
v -13.479020118713379 45.09639804983704 -10.171655987236598
v -13.091094017028809 43.90267119650732 -10.192492566968024
v -12.597708702087402 42.74851913681766 -10.212638366106944
v -12.002840995788574 41.64323210446968 -10.231931223020894
v -11.311272621154785 40.595711770070125 -10.250215758471468
v -9.634654045104979 37.328865881195966 -10.307238765572247
v -10.528574943542479 39.61438923763108 -10.267344806990714
v -9.661047935485838 38.707165449003256 -10.283180457125637
v -8.71568202972412 37.881350158015735 -10.297595116648539
v -7.700081825256347 37.14358564815054 -10.31047284406997
v -8.596486091613768 36.53236970196636 -10.321141658095776
v -6.622429847717284 36.49981621961254 -10.321709881243903
v -7.492838859558105 35.82937658306527 -10.333412448630286
v -5.491396903991698 35.95522334935282 -10.33121578515373
v -6.3321142196655265 35.225235822559625 -10.343957764830694
v -4.316094398498534 35.51419136402233 -10.338914027093095
v -5.123141288757323 34.724539616437006 -10.352697449617878
v -3.105986356735228 35.18027311292541 -10.344742591846709
v -3.875124692916869 34.331100173908034 -10.359564960632543
v -1.8708102703094467 34.95615754803153 -10.348654543583356
v -2.597563505172728 34.04791348330181 -10.364508002703882
v -0.620512723922728 34.84364493221954 -10.350618458597598
v -1.3001735210418683 33.87713452031019 -10.367488960591274
v 0.0071613490581529686 33.82006389858083 -10.368485131999055
v -0.6205127239227232 34.49459680347387 9.646335444530227
v -1.8708102703094418 34.60710941928586 9.648299359544469
v -3.1059863567352233 34.83122498417974 9.652211311281116
v -4.316094398498529 35.16514323527666 9.65803987603473
v -5.491396903991693 35.606175220607156 9.665738117974094
v -6.622429847717279 36.15076809086687 9.675244021883922
v -7.700081825256341 36.79453751940487 9.686481059057854
v -8.715682029724116 37.53230202927006 9.699358786479285
v -9.661047935485835 38.35811732025759 9.713773446002188
v -10.528574943542475 39.26534110888541 9.72960909613711
v -11.311272621154782 40.24666364132446 9.746738144656357
v -12.00284099578857 41.29418397572401 9.76502268010693
v -12.597708702087399 42.39947100807199 9.78431553702088
v -13.091094017028805 43.55362306776165 9.8044613361598
v -13.479020118713375 44.74734992109137 9.825297915891227
v -13.75836086273193 45.97103665771216 9.846657447330742
v -13.92687129974365 47.21483880515209 9.868368094572164
v -13.983191490173338 48.46873334262142 9.890254905136826
v -13.92687129974365 49.72262788009074 9.912141715701491
v -13.758360862731932 50.96642645179668 9.933852300528242
v -13.479020118713377 52.19011318841746 9.955211831967757
v -13.091094017028807 53.383840041747185 9.976048411699184
v -12.597708702087402 54.537995438788585 9.996194269091795
v -12.002840995788574 55.64328080246069 10.0154870968789
v -11.311272621154785 56.690801136860244 10.033771632329472
v -10.52857494354248 57.672123669299296 10.050900680848718
v -9.66104793548584 58.57934888822072 10.066736355949509
v -8.715682029724121 59.40516227215011 10.081150982184587
v -7.700081825256348 60.1429267820153 10.094028709606018
v -6.622429847717285 60.7866962105533 10.10526574677995
v -5.491396903991699 61.33128717375489 10.114771617401953
v -4.316094398498535 61.77232106614351 10.122469892629141
v -3.10598635673523 62.10623931724044 10.128298457382755
v -1.8708102703094487 62.33035678919245 10.132210442407224
v -0.6205127239227299 62.442869405004444 10.134174357421466
v 0.6348354816436763 62.442869405004444 10.134174357421466
v 1.885133028030395 62.33035678919245 10.132210442407224
v 3.1203091144561763 62.10623931724044 10.128298457382753
v 4.330414772033691 61.77232106614351 10.12246989262914
v 5.505719184875488 61.33128717375489 10.114771617401951
v 6.636750221252441 60.78669621055331 10.105265746779947
v 7.714402198791504 60.1429267820153 10.094028709606015
v 8.730000495910645 59.405162272150115 10.081150982184582
v 9.675370216369629 58.57934888822072 10.066736355949503
v 10.54289722442627 57.6721236692993 10.050900680848713
v 11.325589179992676 56.69080113686025 10.033771632329467
v 12.017159461975098 55.643280802460694 10.015487096878894
v 12.612030982971191 54.537995438788585 9.996194269091788
v 13.1054162979126 53.38384004174719 9.976048411699178
v 13.493340492248537 52.19011318841747 9.955211831967752
v 13.772683143615724 50.966426451796686 9.933852300528237
v 13.941189765930178 49.72262788009075 9.912141715701486
v 13.997509956359865 48.46873334262143 9.890254905136821
v 13.941189765930178 47.2148388051521 9.868368094572157
v 13.772683143615726 45.97103665771217 9.846657447330736
v 13.493340492248539 44.74734992109138 9.825297915891221
v 13.105416297912601 43.553623067761656 9.804461336159793
v 12.612030982971195 42.399471008072 9.784315537020875
v 12.017159461975101 41.294183975724025 9.765022680106924
v 11.32558917999268 40.24666364132447 9.746738144656351
v 10.542897224426275 39.265341108885416 9.729609096137105
v 9.675370216369634 38.35811732025759 9.713773446002184
v 8.73000049591065 37.53230202927007 9.699358786479282
v 7.71440219879151 36.79453751940488 9.68648105905785
v 6.636750221252448 36.150768090866876 9.675244021883918
v 5.5057191848754945 35.606175220607156 9.66573811797409
v 4.330414772033698 35.165143235276666 9.658039876034726
v 3.120309114456183 34.83122498417974 9.652211311281114
v 1.885133028030402 34.60710941928586 9.648299359544467
v 0.6348354816436831 34.49459680347387 9.646335444530225
v -28.043378829956055 36.28712467317311 -10.944256759250136
v -28.22798728942871 36.294466261688015 -11.675891368510566
v -28.287883758544922 36.24094780817224 -12.045198291937059
v -27.62514305114746 35.994755955515195 -9.937483395783312
v -27.781118392944336 36.128463620498785 -10.254709603932477
v -27.921161651611328 36.22636288652816 -10.5918203751262
v -27.083620071411133 35.39911029277513 -9.146309524347817
v -27.274019241333008 35.627597393591245 -9.379509491692628
v -27.45534324645996 35.82704495693781 -9.644429138238966
v -26.48412322998047 34.57202788553328 -8.666167953549042
v -26.685983657836914 34.86773210941926 -8.787212009694214
v -26.88671875 35.14467377410048 -8.947983947059274
v -27.307008743286133 33.3473557147975 -14.895055976774982
v -27.118038177490234 33.02009691070582 -14.900768300448732
v -26.922101974487305 32.69906470684576 -14.86353399308616
v -27.8072509765625 34.322149693550685 -14.62390519362426
v -27.653961181640625 34.00281241263491 -14.755684839169295
v -27.486459732055664 33.6764091160165 -14.846474382966854
v -28.162242889404297 35.19540699215962 -14.003101450907668
v -28.063121795654297 34.92250555817469 -14.245049372403344
v -27.944255828857422 34.63010269210732 -14.452920066657864
v -28.32916259765625 35.86179758510099 -13.107522979811097
v -28.296167373657227 35.66825032668482 -13.430465259174637
v -28.240276336669922 35.44511357473785 -13.730341789581432
v -28.324993133544922 36.15009762807259 -12.410177904826904
v -28.338815689086914 36.02314005431825 -12.765890942574892
v 27.822526931762695 36.11646787408799 -10.463530780140799
v 27.66840171813965 35.98168216068642 -10.145854110159593
v 27.50031852722168 35.81297196883103 -9.852386167145127
v 28.181406021118164 36.30149061804096 -11.517556795255192
v 27.960607528686523 36.215506747000816 -10.80112146088636
v 28.353910446166992 36.14536950016181 -12.622031274757061
v 28.318899154663086 36.23499563021492 -12.256542704049464
v 28.3192195892334 35.6669331248893 -13.643743234446523
v 28.354063034057617 35.8594062155794 -13.320354240791566
v 28.36568260192871 36.01960329016315 -12.978238579750725
v 28.08152198791504 34.9238920258979 -14.459451445401994
v 28.182016372680664 35.19599209168126 -14.217166506232015
v 28.26161003112793 35.44479556622033 -13.94403345032344
v 27.669496536254883 34.00586488255793 -14.970778919599715
v 27.961484909057617 34.632169517886226 -14.667611670952205
v 27.13283348083496 33.0235798904333 -15.116045630220114
v 27.321802139282227 33.350838694524974 -15.110333306546362
v 27.501501083374023 33.679748001173536 -15.0616931834647
v 26.5362606048584 32.095518021122714 -14.877731606889636
v 26.73738670349121 32.39164887412123 -14.998955164835145
v 26.937143325805664 32.702403592002796 -15.078752793584005
v 25.951738357543945 31.33361199566189 -14.284584601585488
v 26.140756607055664 31.562898491045797 -14.518117805776155
v 26.336484909057617 31.81801727483427 -14.716732881072566
v 25.44976234436035 30.829765419019203 -13.408146947461136
v 25.603883743286133 30.964551132420773 -13.725823617442343
v 25.7719669342041 31.133261324276162 -14.019291560456809
v -2.807421445846567 79.33991248122676 -9.438498468562624
v -2.3568027019500826 79.2007652681072 -8.849421797776948
v -2.0819003582000826 79.14114475722795 -8.59701353680863
v -1.778742551803598 79.08926110535519 -8.377361743127963
v -3.1063067913055518 79.49918929080542 -10.112830991574812
v -2.977041959762583 79.41754501427579 -9.767195487245809
v -3.2373416423797705 79.67002547236386 -10.836072007932605
v -2.9770419597625835 80.0093751750382 -12.272766425804852
v -3.106306791305552 79.92773083193292 -11.927127107359581
v -3.193464994430552 79.84320170125062 -11.569222424551748
v -2.356802701950084 80.22616248286367 -13.190536168006151
v -2.599737882614146 80.15961226497076 -12.908772024983882
v -2.807421445846568 80.08701533631975 -12.601463311336744
v -1.4514338970184433 80.38111271025763 -13.84650497152092
v -1.7787425518035995 80.33765901738315 -13.662596355806432
v -2.081900358200084 80.28578306031858 -13.442948243090738
v -0.37013891339303145 80.45552346466005 -14.161553746722783
v -0.7423427104950059 80.44043703425587 -14.097682252264754
v -1.1044070720672714 80.4155132245634 -13.992189910844099
v 0.756661653518666 80.44043703425587 -14.097682252264754
v 0.3844616115093123 80.45552346466005 -14.161553746722783
v 0.007161349058140429 80.4605742589475 -14.182937971339971
v 1.7930653095245255 80.33765901738315 -13.662596355806432
v 1.4657566547393692 80.38111271025763 -13.84650497152092
v 1.1187260150909317 80.4155132245634 -13.992189910844099
v 2.37112545967101 80.22616248286367 -13.190536168006153
v 2.09622311592101 80.28578306031858 -13.44294824309074
v -14.087817192077638 43.739269001123766 -13.109977060523889
v -14.047862052917482 43.62672135099458 -12.949170366775803
v -13.953969001770021 43.3764100556829 -12.66270089799119
v -13.844412803649904 43.100895270525214 -12.409578133535613
v -13.578928947448732 42.49264052046874 -12.017904679804857
v -13.256201744079592 41.84028587301054 -11.797620240503191
v -13.424170494079592 42.169534550052745 -11.885252121108554
v -11.285244941711426 39.005592121524735 -13.692622632653183
v -12.691843986511234 40.97738386944428 -18.37108087663499
v -12.49206066131592 40.666642567545296 -18.291286828987634
v -13.424170494079592 42.28086048304013 -18.26311055046438
v -13.256201744079593 41.954728278615015 -18.354021266515684
v -13.07667446136475 41.62571723212886 -18.40262501268931
v -12.982188224792484 41.462089737141156 -18.40548114123836
v -13.953969001770021 43.46093662768067 -17.50522496452256
v -13.844412803649904 43.19410830008029 -17.74974902023273
v -13.71926784515381 42.905356529202436 -17.95916984712613
v -13.58726215362549 42.61751600042372 -18.120769330491523
v -14.088227272033693 43.80845485909625 -17.08215671802213
v -14.159899711608888 44.00423338852339 -16.76015983349278
v -14.215678215026857 44.16164699376809 -16.419233526316926
v -14.257006645202638 44.280556953582945 -16.059845681841768
v -14.189549446105959 44.03523339484947 -13.604829917661656
v -14.238125801086428 44.186339138710125 -13.96448355874557
v -14.272439002990724 44.29823758999598 -14.338587089957436
v -14.299641609191896 44.39714974696685 -15.109023311458664
v -14.29286289215088 44.382420039554525 -15.49476469820766
v -14.284401893615724 44.359096806005184 -15.68490178388036
v 13.968289375305174 43.37828622399425 -12.77018650856097
v 14.313961982727049 44.398940831601195 -15.211634481436974
v 14.25244617462158 44.18816450980273 -14.069058998602289
v 14.203869819641112 44.03707148189067 -13.710133853725708
v 14.14059543609619 43.8494476751141 -13.370800658813842
v 14.102139472961424 43.74112632852698 -13.21638327618961
v 14.298741340637205 44.36092947641087 -15.786398166697838
v 14.271325111389158 44.28232555928419 -16.16127832318086
v 14.229996681213377 44.163409607661094 -16.520322897191825
v 14.17422580718994 44.006009680370326 -16.860939928071673
v 13.85873508453369 43.195859439326355 -17.850071720449787
v 13.968289375305174 43.46268916501532 -17.60562776118126
v 14.062180519104002 43.70317309590508 -17.32908789930248
v 14.102547645568846 43.81021085836456 -17.182757848726805
v 13.593251228332518 42.60109451319089 -18.231229761559156
v 13.27052021026611 41.9564780197725 -18.454263870291097
v 13.438492774963375 42.28261029077326 -18.36335696835606
v 12.506382942199703 40.66839237527842 -18.391533246879316
v 12.706166267395016 40.97913361060176 -18.4713234804104
v 12.902024269104 41.300210076252796 -18.50857990685065
v 12.996510505676266 41.46383947829864 -18.50572374501377
v 11.738003730773926 39.60031049928956 -17.673045831568864
v 11.917969703674316 39.83486542770972 -17.908738089145906
v 12.108586311340332 40.09295271943065 -18.108568021356145
v 12.294266700744627 40.35527524484393 -18.26054529649776
v 11.49782657623291 39.29938475049717 -17.261494611319527
v 11.359272956848145 39.131101982075386 -16.94606609596964
v 11.245709419250488 38.99525502107157 -16.610541001616514
v 11.299565315246582 39.007430208565935 -13.797926568717234
v 2.096223115921013 63.80006584873995 -17.336977279780303
v 1.7930653095245286 63.84342686016203 -17.55863587726033
v 1.4657566547393723 63.88227160597335 -17.743632175929722
v 1.3144085407257005 63.89640197743575 -17.807375377881314
v 2.611882448196404 63.70893782809467 -16.79752330234248
v 2.991364717483514 63.579543902532926 -13.508226789958341
v -1.6181094646453917 63.7629697655422 -11.895710148932414
v -2.0819003582000795 63.71112704230529 -12.241676471653493
v -1.7787425518035949 63.746425543134826 -12.001434146638541
v -2.599737882614142 63.63917092486204 -12.822656385232827
v -3.2373416423797674 63.55088600084308 -15.03185099294324
v -3.1063067913055487 63.55916487724149 -13.877966311276507
v -2.97704195976258 63.579543902532926 -13.50822678995834
v -2.807421445846564 63.60679972971677 -13.154757669412527
v -3.1554172039032053 63.578719619829684 -15.600436813038035
v -3.046675443649299 63.60815063548181 -15.966769736754044
v -2.8971774578094553 63.64451657577973 -16.314233333093284
v -2.7085559368133616 63.68618396567571 -16.640173973788023
v -1.7787425518035964 63.84342686016203 -17.55863587726033
v -2.081900358200081 63.80006584873995 -17.336977279780303
v -2.356802701950081 63.75432905791597 -17.081285900731228
v -2.5975635051727366 63.70893782809467 -16.79752330234248
v 0.7566616535186692 63.93902362645342 -17.99541901759443
v 0.38446161150931546 63.954132874979564 -18.059286298482306
v 0.007161349058143604 63.959252123632915 -18.080657882389037
v -0.3701389133930283 63.954132874979564 -18.059286298482306
v -0.7423427104950027 63.93902362645342 -17.995419017594426
v -1.1044070720672683 63.91466980378056 -17.889794638106103
v -1.300089597702034 63.89640197743575 -17.807375377881314
v -4.0977849960327175 34.701126748857114 -28.034363135481048
v -5.839627265930179 35.31483522002293 -28.02365081426985
v -14.879147529602058 50.969360777811936 -27.7504000542382
v -4.728907585144052 45.104959776599124 -44.78620311875325
v -14.47659587860108 45.24608122088203 -27.85030027050675
v 0.007161349058139331 49.527720271542876 -50.77906562024898
v -14.964390754699714 48.2030394598283 -27.79868637245592
v -14.964390754699714 50.04958663960178 -27.766454771539955
v -14.879147529602056 47.28326913573441 -27.814741023182023
v -14.928874015808113 47.81981612772519 -27.805375560599785
v -14.761050224304205 46.522597281941344 -27.82801859977905
v -12.977059364318853 41.631013668138586 -27.913401509359783
v -14.082262992858892 43.998893806871315 -27.872070007795966
v -13.585511207580572 42.78897364615806 -27.893189242759174
v -10.434847831726078 38.359276175149745 -27.970509899727986
v -10.595612525939945 38.52504148230609 -27.967616455528727
v -8.592490196228031 36.8465480794502 -27.996914666857162
v -8.278313636779789 36.62418319392368 -28.000796060371783
v -6.329222679138187 35.54004925040221 -28.019719688746836
v -3.201834440231326 34.47582117968738 -28.038295858819595
v -3.8738238811492947 34.644807508032684 -28.035346191486347
v -1.3768680095672634 34.19257727733713 -28.04323989952564
v -0.45476415753364824 34.13571261788627 -28.044232475848478
v -1.300040006637576 34.187840144931336 -28.043322586479356
v 0.4690868556499455 34.13571261788627 -28.044232475848478
v 0.007161349058148637 34.13571261788627 -28.044232475848478
v 3.216157197952268 34.47582117968738 -28.038295858819595
v 9.64649677276611 37.64047545137281 -27.983056613031966
v 11.092293739318844 39.02241750021676 -27.95893472484236
v 10.609932899475094 38.525041482306094 -27.96761645552873
v 12.991379737853999 41.63101366813859 -27.913401509359787
v 12.29263019561767 40.52517740304792 -27.932703953166925
v 14.09658527374267 43.99889380687132 -27.872070007795973
v 14.554112434387202 45.46816576886282 -27.846423770302202
v 14.490918159484858 45.24608122088204 -27.850300270506757
v 9.022133827209462 50.47652426961093 -41.17377876088401
v 15.007161140441887 49.12631495677318 -27.782570538710118
v 14.978711128234856 50.049586639601785 -27.766454771539962
v 14.8934679031372 50.96936077781194 -27.750400054238206
v 14.943192481994622 50.43281378582117 -27.759765516820448
v 14.775372505187981 51.73003286998728 -27.737122473480202
v 14.5541124343872 52.78446056894955 -27.718717369532705
v 13.222344398498526 56.221635593477885 -27.658721256309917
v 11.693371772766104 58.52874112681974 -27.618450579429183
v 14.096585273742669 54.25373443799917 -27.693071098751112
v 12.760415077209464 57.02159308322138 -27.64475794638663
v 12.991379737853995 56.62161433834963 -27.65173960134827
v 12.292630195617667 57.727452510498445 -27.632437124253315
v 11.092293739318839 59.23021050627147 -27.606206385865697
v 11.49302387237548 58.7625464540944 -27.61436949226104
v 9.76643466949462 60.51565112263513 -27.5837689364457
v 6.693238258361807 62.55172173980302 -27.5482291916246
v 8.292634010314933 61.62844242874188 -27.564345091946052
v 8.606812477111808 61.40607563615722 -27.568226518748496
v 2.429410219192493 54.3048933577118 -45.73157912331176
v 7.507161140441885 62.1147155541942 -27.555857162968433
v 5.853947639465322 62.937794216758896 -27.541490271472334
v 6.343544960021963 62.71257446520521 -27.545421496858822
v 5.13603687286376 63.21586999156498 -27.53663644076813
v 4.112107276916494 63.551504594982845 -27.530777916973314
v 3.2161571979522607 63.776808257094444 -27.526845226922593
v 3.8881466388702295 63.607820021691005 -27.529794927543662
v 2.308034181594839 63.94654024517029 -27.52388254405033
v 2.6107227802276514 63.88996545855585 -27.524870060623986
v -4.048607826232922 55.5217327913686 -43.46395281754126
v -1.3000400066375832 64.06478929185049 -27.521818499262828
v -4.97815990447999 63.271475992647154 -27.53566583440884
v -2.5964000225067236 63.88996545855585 -27.524870060623986
v -3.8738238811493018 63.607820021691 -27.529794927543662
v -5.8396272659301856 62.93779421675889 -27.541490271472334
v -5.12171459197999 63.21586999156498 -27.536636440768127
v -6.678914070129404 62.551721739803014 -27.548229191624596
v -6.329222679138193 62.7125744652052 -27.54542149685882
v -5.874966621398937 58.192481412873406 -38.541397548536
v -5.455149650573742 57.581052648568686 -39.8150531156817
v -9.03235912322999 61.094748395720124 -27.573660755944243
v -8.592490196228036 61.40607563615721 -27.568226518748492
v -8.278313636779794 61.62844242874188 -27.56434509194605
v -11.0779733657837 59.23021050627146 -27.60620638586569
v -10.434847831726083 59.89335135457394 -27.59463121930202
v -11.679049491882333 58.52874112681974 -27.618450579429176
v -11.478703498840341 58.76254645409439 -27.614369492261034
v -12.977059364318857 56.62161433834963 -27.651739601348265
v -12.278307914733896 57.72745251049844 -27.632437124253308
v -12.235793113708505 57.79160213202262 -27.631317388444483
v -13.208024024963388 56.22163559347788 -27.65872125630991
v -13.585511207580575 55.46365626738829 -27.67195183466105
v -14.286969184875495 53.67291318436069 -27.703209371445052
v -14.737435340881355 51.88213601266893 -27.7344675032489
f 1 2 3
f 89 4 5
f 6 7 8
f 9 10 7
f 7 10 11
f 7 11 8
f 6 12 7
f 7 12 13
f 7 13 14
f 15 10 9
f 9 23 15
f 16 23 9
f 17 18 19
f 19 18 20
f 19 20 21
f 19 21 22
f 16 22 23
f 24 25 26
f 24 26 27
f 25 28 26
f 26 28 29
f 26 29 17
f 26 17 19
f 27 26 30
f 27 30 31
f 31 30 32
f 33 34 35
f 33 35 36
f 36 37 33
f 33 37 38
f 33 38 30
f 30 38 39
f 30 39 32
f 40 41 14
f 14 13 42
f 14 42 40
f 41 43 14
f 14 43 44
f 14 44 34
f 14 34 33
f 47 48 49
f 46 50 45
f 45 50 48
f 48 50 51
f 48 51 49
f 47 52 48
f 48 52 53
f 48 53 54
f 45 55 56
f 56 57 45
f 45 57 58
f 45 58 46
f 59 55 45
f 65 55 59
f 60 61 62
f 62 61 63
f 62 63 64
f 62 64 65
f 66 67 68
f 66 68 69
f 67 70 68
f 68 70 71
f 68 71 60
f 68 60 62
f 69 68 72
f 69 72 73
f 73 72 74
f 75 76 77
f 77 76 78
f 77 78 79
f 79 80 77
f 77 80 72
f 72 80 81
f 72 81 82
f 72 82 74
f 83 84 54
f 54 53 85
f 54 85 83
f 84 86 54
f 54 86 87
f 54 87 76
f 54 76 75
f 5 88 89
f 90 91 5
f 5 91 92
f 5 92 88
f 3 2 93
f 3 93 94
f 94 93 95
f 94 95 96
f 94 96 97
f 94 97 98
f 99 100 5
f 100 101 5
f 5 101 102
f 5 102 90
f 103 104 3
f 3 104 105
f 3 105 1
f 103 3 106
f 103 106 107
f 107 106 108
f 108 106 109
f 109 106 110
f 111 112 113
f 113 112 114
f 113 114 110
f 113 110 106
f 115 116 117
f 117 116 118
f 113 119 111
f 118 120 117
f 117 120 119
f 117 119 113
f 123 124 125
f 122 126 121
f 121 126 127
f 121 127 125
f 125 127 128
f 125 128 123
f 125 124 129
f 129 130 125
f 125 130 115
f 115 117 125
f 5 4 121
f 4 122 121
f 131 9 132
f 9 133 134
f 9 134 132
f 9 7 133
f 19 22 16
f 19 16 135
f 135 16 136
f 136 16 137
f 137 16 138
f 138 16 139
f 138 139 140
f 140 139 141
f 141 139 142
f 141 142 143
f 143 142 145
f 145 142 144
f 145 144 146
f 146 144 147
f 146 147 148
f 148 147 149
f 148 149 150
f 151 152 153
f 151 153 149
f 149 153 150
f 154 155 156
f 156 155 157
f 156 157 151
f 151 157 158
f 151 158 152
f 159 160 154
f 154 160 161
f 154 161 155
f 162 163 159
f 159 163 164
f 159 164 160
f 163 162 165
f 165 162 166
f 165 166 167
f 167 166 168
f 168 166 169
f 168 169 170
f 171 172 169
f 169 172 170
f 173 174 171
f 171 174 172
f 45 175 173
f 173 175 176
f 173 176 174
f 45 48 175
f 62 65 59
f 62 59 177
f 177 59 178
f 178 59 179
f 178 179 180
f 180 179 181
f 181 179 182
f 181 182 183
f 183 182 184
f 183 184 185
f 185 184 186
f 186 184 187
f 186 187 188
f 188 187 189
f 189 187 190
f 189 190 191
f 192 193 190
f 190 193 191
f 194 195 196
f 196 195 197
f 196 197 192
f 192 197 198
f 192 198 193
f 199 200 201
f 199 201 194
f 194 201 202
f 194 202 195
f 200 199 203
f 203 199 204
f 203 204 205
f 205 204 206
f 205 206 209
f 207 209 206
f 207 208 209
f 207 210 208
f 121 210 207
f 121 125 210
f 98 99 94
f 94 99 5
f 94 5 211
f 211 5 212
f 212 5 213
f 213 5 214
f 213 214 215
f 215 214 216
f 215 216 217
f 217 216 218
f 218 216 219
f 218 219 220
f 220 219 221
f 221 219 222
f 221 222 223
f 224 225 223
f 224 223 222
f 226 227 224
f 224 227 225
f 228 229 226
f 226 229 230
f 226 230 227
f 231 232 233
f 231 233 228
f 228 233 229
f 232 231 234
f 234 231 235
f 234 235 236
f 236 235 237
f 237 235 238
f 237 238 241
f 239 241 238
f 132 240 131
f 131 240 239
f 239 240 241
f 242 243 244
f 245 246 247
f 248 249 250
f 251 252 253
f 254 255 256
f 257 258 259
f 259 258 260
f 261 262 263
f 263 262 264
f 263 264 265
f 266 267 268
f 268 267 269
f 268 269 270
f 271 272 273
f 273 272 274
f 273 274 269
f 269 274 275
f 269 275 270
f 271 273 276
f 276 273 277
f 276 277 278
f 279 280 281
f 279 281 277
f 277 281 282
f 277 282 278
f 283 284 285
f 283 285 279
f 279 285 286
f 279 286 280
f 287 288 283
f 283 288 289
f 283 289 284
f 290 291 287
f 287 291 292
f 287 292 288
f 293 294 295
f 295 294 296
f 295 296 287
f 287 296 297
f 287 297 290
f 293 295 298
f 298 295 299
f 298 299 300
f 301 302 303
f 301 303 304
f 303 305 304
f 304 305 306
f 304 306 299
f 299 306 307
f 299 307 300
f 308 309 310
f 308 310 301
f 301 310 311
f 301 311 302
f 312 313 314
f 314 313 315
f 314 315 308
f 308 315 316
f 308 316 309
f 312 314 317
f 317 314 318
f 317 318 319
f 320 321 322
f 322 321 323
f 322 323 318
f 318 323 324
f 318 324 319
f 320 322 325
f 325 322 326
f 325 326 327
f 328 329 330
f 328 330 326
f 326 330 331
f 326 331 327
f 332 333 334
f 332 334 328
f 328 334 335
f 328 335 329
f 336 337 338
f 336 338 332
f 332 338 339
f 332 339 333
f 340 341 342
f 340 342 336
f 336 342 343
f 336 343 337
f 344 345 346
f 346 345 347
f 346 347 340
f 340 347 348
f 340 348 341
f 344 346 349
f 349 346 350
f 349 350 351
f 352 353 350
f 350 353 354
f 350 354 351
f 352 350 355
f 355 350 356
f 355 356 357
f 358 359 360
f 360 359 361
f 360 361 362
f 358 363 359
f 359 363 364
f 359 364 356
f 356 364 365
f 356 365 357
f 362 361 366
f 366 361 367
f 366 367 368
f 369 370 371
f 371 370 372
f 371 372 367
f 367 372 373
f 367 373 368
f 369 371 374
f 374 371 375
f 374 375 376
f 377 378 379
f 377 379 375
f 375 379 380
f 375 380 376
f 381 382 383
f 381 383 377
f 377 383 384
f 377 384 378
f 385 386 387
f 385 387 381
f 381 387 388
f 381 388 382
f 389 390 391
f 389 391 385
f 385 391 392
f 385 392 386
f 393 394 395
f 395 394 396
f 395 396 389
f 389 396 397
f 389 397 390
f 393 395 398
f 398 395 399
f 398 399 400
f 401 402 403
f 403 402 404
f 403 404 399
f 399 404 405
f 399 405 400
f 401 403 406
f 406 403 407
f 406 407 408
f 409 410 407
f 407 410 411
f 407 411 408
f 412 413 409
f 409 413 414
f 409 414 410
f 256 255 409
f 409 255 412
f 253 252 256
f 256 252 415
f 256 415 254
f 416 417 418
f 416 418 419
f 418 420 419
f 419 420 421
f 419 421 253
f 253 421 422
f 253 422 251
f 423 424 425
f 423 425 416
f 416 425 426
f 416 426 417
f 427 428 429
f 427 429 423
f 423 429 430
f 423 430 424
f 431 432 433
f 431 433 427
f 427 433 434
f 427 434 428
f 435 436 437
f 437 436 438
f 437 438 431
f 431 438 439
f 431 439 432
f 435 437 440
f 440 437 441
f 440 441 442
f 443 444 445
f 445 444 446
f 445 446 441
f 441 446 447
f 441 447 442
f 443 445 448
f 448 445 449
f 448 449 450
f 451 452 453
f 453 452 454
f 453 454 449
f 449 454 455
f 449 455 450
f 451 453 456
f 456 453 457
f 456 457 458
f 459 460 461
f 459 461 457
f 457 461 462
f 457 462 458
f 463 464 465
f 463 465 459
f 459 465 466
f 459 466 460
f 467 468 463
f 463 468 469
f 463 469 464
f 470 471 467
f 467 471 472
f 467 472 468
f 473 474 475
f 475 474 476
f 475 476 467
f 467 476 477
f 467 477 470
f 473 475 478
f 478 475 479
f 478 479 480
f 481 482 483
f 481 483 484
f 483 485 484
f 484 485 486
f 484 486 479
f 479 486 487
f 479 487 480
f 488 489 490
f 488 490 481
f 481 490 491
f 481 491 482
f 492 493 494
f 494 493 495
f 494 495 488
f 488 495 496
f 488 496 489
f 492 494 497
f 497 494 498
f 497 498 499
f 500 501 502
f 502 501 503
f 502 503 498
f 498 503 504
f 498 504 499
f 500 502 505
f 505 502 506
f 505 506 507
f 508 509 510
f 508 510 506
f 506 510 511
f 506 511 507
f 512 513 514
f 512 514 508
f 508 514 515
f 508 515 509
f 516 517 518
f 516 518 512
f 512 518 519
f 512 519 513
f 520 521 522
f 520 522 516
f 516 522 523
f 516 523 517
f 524 525 526
f 526 525 527
f 526 527 520
f 520 527 528
f 520 528 521
f 524 526 529
f 529 526 530
f 529 530 531
f 532 533 530
f 530 533 534
f 530 534 531
f 532 530 535
f 535 530 536
f 535 536 537
f 538 539 540
f 540 539 541
f 540 541 542
f 538 543 539
f 539 543 544
f 539 544 536
f 536 544 545
f 536 545 537
f 542 541 546
f 546 541 547
f 546 547 548
f 549 550 551
f 551 550 552
f 551 552 547
f 547 552 553
f 547 553 548
f 549 551 554
f 554 551 555
f 554 555 556
f 557 558 559
f 557 559 555
f 555 559 560
f 555 560 556
f 561 562 563
f 561 563 557
f 557 563 564
f 557 564 558
f 565 566 567
f 565 567 561
f 561 567 568
f 561 568 562
f 260 569 259
f 259 569 570
f 259 570 565
f 565 570 571
f 565 571 566
f 250 249 264
f 264 249 572
f 264 572 265
f 248 250 573
f 573 250 574
f 573 574 575
f 576 577 578
f 578 577 579
f 578 579 574
f 574 579 580
f 574 580 575
f 576 578 581
f 581 578 582
f 581 582 583
f 584 585 586
f 584 586 582
f 582 586 587
f 582 587 583
f 588 589 590
f 588 590 584
f 584 590 591
f 584 591 585
f 592 593 594
f 592 594 588
f 588 594 595
f 588 595 589
f 596 597 598
f 596 598 592
f 592 598 599
f 592 599 593
f 600 601 602
f 602 601 603
f 602 603 596
f 596 603 604
f 596 604 597
f 600 602 605
f 605 602 606
f 605 606 607
f 608 609 610
f 610 609 611
f 610 611 606
f 606 611 612
f 606 612 607
f 608 610 613
f 613 610 614
f 613 614 615
f 616 617 614
f 614 617 618
f 614 618 615
f 619 620 616
f 616 620 621
f 616 621 617
f 247 246 616
f 616 246 622
f 616 622 619
f 244 243 247
f 247 243 623
f 247 623 245
f 624 625 626
f 624 626 627
f 626 628 627
f 627 628 629
f 627 629 244
f 244 629 630
f 244 630 242
f 631 632 633
f 631 633 624
f 624 633 634
f 624 634 625
f 635 636 637
f 635 637 631
f 631 637 638
f 631 638 632
f 639 640 641
f 641 640 642
f 641 642 635
f 635 642 643
f 635 643 636
f 639 641 644
f 644 641 645
f 644 645 646
f 266 647 267
f 267 647 648
f 267 648 645
f 645 648 649
f 645 649 646
f 650 651 652
f 653 654 655
f 655 654 656
f 655 656 657
f 657 658 655
f 655 658 659
f 655 659 660
f 660 661 655
f 655 661 662
f 663 664 655
f 655 664 665
f 655 665 666
f 655 666 653
f 667 668 669
f 669 668 670
f 669 670 655
f 655 670 671
f 655 671 663
f 672 673 669
f 669 673 674
f 674 675 669
f 669 675 676
f 669 676 677
f 669 677 667
f 678 679 680
f 678 680 681
f 682 683 669
f 684 685 669
f 669 685 686
f 669 686 682
f 683 687 669
f 669 687 688
f 669 688 689
f 669 689 672
f 679 678 690
f 690 678 691
f 690 691 692
f 693 694 691
f 691 694 695
f 691 695 692
f 652 696 650
f 650 696 697
f 650 697 698
f 698 697 699
f 698 699 691
f 691 699 700
f 691 700 693
f 701 702 703
f 703 702 704
f 703 704 705
f 706 707 708
f 708 707 709
f 708 709 710
f 710 711 708
f 708 711 712
f 708 712 713
f 713 714 708
f 708 714 715
f 708 715 716
f 716 717 708
f 708 717 718
f 708 718 719
f 708 719 720
f 721 722 706
f 706 722 723
f 706 723 707
f 721 706 724
f 724 706 725
f 726 727 706
f 706 727 728
f 728 729 706
f 706 729 730
f 706 730 731
f 706 731 725
f 732 733 706
f 732 706 734
f 735 736 706
f 706 736 737
f 706 737 734
f 733 738 706
f 706 738 739
f 706 739 740
f 706 740 726
f 741 742 743
f 743 742 744
f 743 744 745
f 745 744 746
f 745 746 747
f 704 748 705
f 705 748 749
f 705 749 746
f 746 749 750
f 746 750 751
f 751 752 746
f 746 752 753
f 746 753 747
f 754 755 756
f 756 755 757
f 756 757 758
f 758 759 756
f 756 759 760
f 756 760 761
f 761 762 756
f 756 762 763
f 764 765 766
f 766 765 767
f 766 767 756
f 756 767 768
f 756 768 754
f 769 770 766
f 766 770 771
f 766 771 772
f 766 772 764
f 773 774 766
f 766 774 775
f 775 776 766
f 766 776 777
f 766 777 778
f 766 778 769
f 779 780 781
f 782 783 766
f 784 785 766
f 766 785 786
f 766 786 782
f 783 787 766
f 766 787 788
f 766 788 789
f 766 789 773
f 790 791 792
f 792 791 793
f 792 793 780
f 780 793 794
f 780 794 781
f 795 796 792
f 792 796 797
f 792 797 790
f 798 799 800
f 800 799 801
f 800 801 802
f 802 801 803
f 802 803 804
f 804 805 802
f 802 805 806
f 802 806 792
f 792 806 807
f 792 807 795
f 763 799 756
f 756 799 798
f 756 798 808
f 808 798 809
f 808 809 810
f 810 809 811
f 810 811 812
f 812 811 813
f 812 813 814
f 814 813 815
f 814 815 816
f 816 815 817
f 816 817 818
f 818 817 819
f 818 819 820
f 820 819 821
f 820 821 822
f 822 821 823
f 822 823 824
f 824 823 825
f 824 825 826
f 826 825 827
f 826 827 828
f 828 827 829
f 828 829 830
f 830 829 831
f 830 831 832
f 832 831 833
f 832 833 834
f 834 833 835
f 834 835 836
f 836 835 837
f 836 837 838
f 838 837 839
f 838 839 840
f 840 839 841
f 840 841 842
f 842 841 843
f 842 843 844
f 844 843 845
f 844 845 846
f 846 845 847
f 846 847 848
f 848 847 849
f 848 849 850
f 850 849 851
f 850 851 852
f 852 851 853
f 852 853 854
f 854 853 855
f 854 855 856
f 856 855 857
f 856 857 858
f 858 857 859
f 858 859 860
f 860 859 861
f 860 861 862
f 862 861 863
f 862 863 864
f 864 863 865
f 864 865 669
f 669 865 681
f 669 681 684
f 684 681 680
f 720 702 708
f 708 702 701
f 708 701 866
f 866 701 867
f 866 867 868
f 868 867 869
f 868 869 870
f 870 869 871
f 870 871 872
f 872 871 873
f 872 873 874
f 874 873 875
f 874 875 876
f 876 875 877
f 876 877 878
f 878 877 879
f 878 879 880
f 880 879 881
f 880 881 882
f 882 881 883
f 882 883 884
f 884 883 885
f 884 885 886
f 886 885 887
f 886 887 888
f 888 887 889
f 888 889 890
f 890 889 891
f 890 891 892
f 892 891 893
f 892 893 894
f 894 893 895
f 894 895 896
f 896 895 897
f 896 897 898
f 898 897 899
f 898 899 900
f 900 899 901
f 900 901 902
f 902 901 903
f 902 903 904
f 904 903 905
f 904 905 906
f 906 905 907
f 906 907 908
f 908 907 909
f 908 909 910
f 910 909 911
f 910 911 912
f 912 911 913
f 912 913 914
f 914 913 915
f 914 915 916
f 916 915 917
f 916 917 918
f 918 917 919
f 918 919 920
f 920 919 921
f 920 921 922
f 922 921 923
f 922 923 924
f 924 923 925
f 924 925 766
f 766 925 779
f 766 779 784
f 784 779 781
f 662 652 655
f 655 652 651
f 655 651 926
f 926 651 927
f 926 927 928
f 928 927 929
f 928 929 930
f 930 929 931
f 930 931 932
f 932 931 933
f 932 933 934
f 934 933 935
f 934 935 936
f 936 935 937
f 936 937 938
f 938 937 939
f 938 939 940
f 940 939 941
f 940 941 942
f 942 941 943
f 942 943 944
f 944 943 945
f 944 945 946
f 946 945 947
f 946 947 948
f 948 947 949
f 948 949 950
f 950 949 951
f 950 951 952
f 952 951 953
f 952 953 954
f 954 953 955
f 954 955 956
f 956 955 957
f 956 957 958
f 958 957 959
f 958 959 960
f 960 959 961
f 960 961 962
f 962 961 963
f 962 963 964
f 964 963 965
f 964 965 966
f 966 965 967
f 966 967 968
f 968 967 969
f 968 969 970
f 970 969 971
f 970 971 972
f 972 971 973
f 972 973 974
f 974 973 975
f 974 975 976
f 976 975 977
f 976 977 978
f 978 977 979
f 978 979 980
f 980 979 981
f 980 981 982
f 982 981 983
f 982 983 706
f 706 983 742
f 706 742 735
f 735 742 741
f 704 122 4
f 122 704 702
f 122 702 126
f 702 720 126
f 126 720 719
f 126 719 127
f 127 719 718
f 127 718 128
f 128 718 717
f 128 717 123
f 123 717 716
f 715 124 716
f 716 124 123
f 714 129 715
f 715 129 124
f 713 130 714
f 714 130 129
f 709 119 120
f 709 120 710
f 710 120 118
f 710 118 711
f 711 118 116
f 711 116 712
f 712 116 115
f 712 115 713
f 713 115 130
f 709 707 119
f 119 707 723
f 119 723 111
f 111 723 722
f 111 722 112
f 112 722 721
f 112 721 114
f 114 721 724
f 114 724 110
f 110 724 725
f 110 725 109
f 109 725 731
f 109 731 108
f 731 730 108
f 108 730 729
f 108 729 107
f 107 729 728
f 107 728 103
f 103 728 727
f 103 727 104
f 104 727 726
f 104 726 105
f 105 726 740
f 105 740 1
f 1 740 739
f 1 739 2
f 2 739 738
f 2 738 93
f 93 738 733
f 93 733 95
f 95 733 732
f 95 732 96
f 96 732 734
f 96 734 97
f 97 734 737
f 97 737 98
f 98 737 736
f 98 736 99
f 99 736 735
f 99 735 741
f 99 741 100
f 100 741 984
f 100 984 101
f 101 984 985
f 101 985 102
f 102 985 986
f 102 986 90
f 90 986 987
f 90 987 91
f 91 987 988
f 91 988 92
f 989 990 88
f 88 92 989
f 989 92 988
f 990 991 89
f 990 89 88
f 704 4 991
f 991 4 89
f 547 541 885
f 867 701 257
f 262 992 701
f 701 992 993
f 701 993 257
f 701 703 262
f 262 703 705
f 262 705 746
f 879 257 881
f 881 257 883
f 879 877 257
f 257 877 875
f 257 875 873
f 873 871 257
f 257 871 869
f 257 869 867
f 746 744 262
f 262 744 742
f 262 742 983
f 983 981 262
f 262 981 979
f 262 979 264
f 264 979 977
f 561 557 885
f 953 616 955
f 955 616 614
f 955 614 957
f 957 614 610
f 957 610 959
f 959 610 606
f 959 606 961
f 961 606 602
f 961 602 963
f 963 602 596
f 963 596 965
f 965 596 592
f 965 592 967
f 967 592 588
f 967 588 969
f 969 588 584
f 969 584 971
f 971 584 582
f 971 582 973
f 973 582 578
f 973 578 975
f 975 578 574
f 975 574 977
f 977 574 250
f 977 250 264
f 691 304 698
f 698 304 299
f 698 299 650
f 650 299 295
f 650 295 651
f 651 295 287
f 651 287 927
f 927 287 283
f 927 283 929
f 929 283 279
f 929 279 931
f 931 279 277
f 931 277 933
f 933 277 273
f 933 273 935
f 935 273 269
f 935 269 937
f 937 269 267
f 937 267 939
f 939 267 645
f 939 645 941
f 941 645 641
f 941 641 943
f 943 641 635
f 943 635 945
f 945 635 631
f 945 631 947
f 947 631 624
f 947 624 949
f 949 624 627
f 949 627 951
f 951 627 244
f 951 244 953
f 953 244 247
f 953 247 616
f 561 885 565
f 885 541 887
f 887 541 539
f 887 539 889
f 889 539 536
f 889 536 891
f 891 536 530
f 891 530 893
f 883 257 885
f 885 257 259
f 885 259 565
f 835 377 837
f 837 377 375
f 837 375 839
f 839 375 371
f 839 371 841
f 841 371 367
f 841 367 843
f 843 367 361
f 843 361 845
f 845 361 359
f 845 359 847
f 847 359 356
f 847 356 849
f 849 356 350
f 849 350 851
f 851 350 346
f 851 346 853
f 853 346 340
f 853 340 855
f 855 340 336
f 855 336 857
f 857 336 332
f 857 332 859
f 859 332 328
f 859 328 861
f 861 328 326
f 861 326 863
f 863 326 322
f 863 322 865
f 865 322 318
f 865 318 681
f 681 318 314
f 681 314 678
f 678 314 308
f 678 308 691
f 691 308 301
f 691 301 304
f 792 449 445
f 557 555 885
f 885 555 551
f 885 551 547
f 792 445 802
f 802 445 441
f 802 441 800
f 800 441 437
f 800 437 798
f 798 437 431
f 798 431 809
f 809 431 427
f 809 427 811
f 811 427 423
f 811 423 813
f 813 423 416
f 813 416 815
f 815 416 419
f 815 419 817
f 817 419 253
f 817 253 819
f 819 253 256
f 819 256 821
f 821 256 409
f 821 409 823
f 823 409 407
f 823 407 825
f 825 407 403
f 825 403 827
f 827 403 399
f 827 399 829
f 829 399 395
f 829 395 831
f 831 395 389
f 831 389 833
f 833 389 385
f 833 385 835
f 835 385 381
f 835 381 377
f 449 792 453
f 453 792 780
f 453 780 457
f 457 780 779
f 457 779 459
f 459 779 925
f 459 925 463
f 463 925 923
f 463 923 467
f 467 923 921
f 467 921 475
f 475 921 919
f 475 919 479
f 479 919 917
f 479 917 484
f 484 917 915
f 484 915 481
f 530 526 893
f 893 526 520
f 893 520 895
f 895 520 516
f 895 516 897
f 897 516 512
f 897 512 899
f 899 512 508
f 899 508 901
f 901 508 506
f 901 506 903
f 903 506 502
f 903 502 905
f 905 502 498
f 905 498 907
f 907 498 494
f 907 494 909
f 909 494 488
f 909 488 911
f 911 488 481
f 911 481 913
f 913 481 915
f 966 968 261
f 994 706 258
f 994 995 706
f 706 995 261
f 706 261 982
f 982 261 980
f 258 706 708
f 708 866 258
f 258 866 868
f 258 868 260
f 260 868 870
f 260 870 569
f 562 874 563
f 563 874 876
f 563 876 564
f 556 560 878
f 878 560 559
f 878 559 876
f 876 559 558
f 876 558 564
f 552 880 553
f 553 880 882
f 553 882 548
f 968 970 261
f 261 970 972
f 261 972 974
f 569 870 570
f 570 870 872
f 570 872 571
f 562 568 874
f 874 568 567
f 874 567 872
f 872 567 566
f 872 566 571
f 538 540 884
f 884 540 542
f 884 542 882
f 882 542 546
f 882 546 548
f 538 884 543
f 543 884 886
f 543 886 544
f 888 533 532
f 532 535 888
f 888 535 537
f 888 537 886
f 886 537 545
f 886 545 544
f 513 896 514
f 514 896 898
f 514 898 515
f 515 898 509
f 509 898 510
f 510 898 900
f 510 900 511
f 501 902 503
f 503 902 904
f 503 904 504
f 504 904 499
f 483 910 912
f 974 976 261
f 261 976 978
f 261 978 980
f 410 414 820
f 552 550 880
f 880 550 549
f 880 549 878
f 878 549 554
f 878 554 556
f 528 527 892
f 501 500 902
f 902 500 505
f 902 505 900
f 900 505 507
f 900 507 511
f 477 476 918
f 918 476 474
f 918 474 916
f 916 474 473
f 916 473 478
f 477 918 470
f 470 918 920
f 470 920 471
f 456 766 451
f 451 766 452
f 452 766 454
f 360 842 358
f 358 842 844
f 358 844 363
f 355 846 352
f 352 846 848
f 352 848 353
f 353 848 354
f 343 342 854
f 854 342 852
f 620 619 952
f 609 956 611
f 611 956 958
f 611 958 612
f 263 265 572
f 533 888 534
f 534 888 890
f 534 890 531
f 495 906 496
f 496 906 908
f 496 908 489
f 483 482 910
f 910 482 491
f 910 491 908
f 908 491 490
f 908 490 489
f 478 480 916
f 916 480 487
f 916 487 914
f 914 487 486
f 914 486 912
f 912 486 485
f 912 485 483
f 461 924 462
f 462 924 766
f 462 766 458
f 458 766 456
f 454 766 455
f 455 766 450
f 444 443 766
f 766 443 448
f 766 448 450
f 428 808 429
f 429 808 810
f 429 810 430
f 396 828 397
f 397 828 830
f 397 830 390
f 387 386 832
f 832 386 392
f 832 392 830
f 830 392 391
f 830 391 390
f 387 832 388
f 388 832 834
f 388 834 382
f 376 380 836
f 836 380 379
f 379 378 836
f 836 378 384
f 836 384 834
f 834 384 383
f 834 383 382
f 368 840 366
f 366 840 842
f 366 842 362
f 362 842 360
f 355 357 846
f 846 357 365
f 846 365 844
f 844 365 364
f 844 364 363
f 345 344 850
f 850 344 349
f 850 349 848
f 848 349 351
f 848 351 354
f 268 934 266
f 266 934 936
f 266 936 647
f 644 646 938
f 938 646 649
f 938 649 936
f 936 649 648
f 936 648 647
f 601 600 960
f 960 600 605
f 960 605 958
f 958 605 607
f 958 607 612
f 601 960 603
f 603 960 962
f 603 962 604
f 263 962 261
f 261 962 964
f 261 964 966
f 573 575 962
f 527 525 892
f 892 525 524
f 892 524 890
f 890 524 529
f 890 529 531
f 513 519 896
f 896 519 518
f 896 518 894
f 894 518 517
f 517 523 894
f 894 523 522
f 894 522 892
f 892 522 521
f 892 521 528
f 495 493 906
f 906 493 492
f 906 492 904
f 904 492 497
f 904 497 499
f 464 469 922
f 922 469 468
f 922 468 920
f 920 468 472
f 920 472 471
f 461 460 924
f 924 460 466
f 924 466 922
f 922 466 465
f 922 465 464
f 444 766 446
f 446 766 447
f 436 435 756
f 756 435 440
f 756 440 766
f 766 440 442
f 766 442 447
f 410 820 411
f 411 820 822
f 411 822 408
f 404 402 824
f 824 402 401
f 824 401 822
f 822 401 406
f 822 406 408
f 404 824 405
f 405 824 826
f 405 826 400
f 396 394 828
f 828 394 393
f 828 393 826
f 826 393 398
f 826 398 400
f 376 836 374
f 374 836 838
f 374 838 369
f 368 373 840
f 840 373 372
f 840 372 838
f 838 372 370
f 838 370 369
f 342 341 852
f 852 341 348
f 852 348 850
f 850 348 347
f 850 347 345
f 333 339 856
f 856 339 338
f 856 338 854
f 854 338 337
f 854 337 343
f 644 938 639
f 639 938 940
f 639 940 640
f 637 636 942
f 942 636 643
f 942 643 940
f 940 643 642
f 940 642 640
f 948 242 630
f 626 946 628
f 628 946 948
f 628 948 629
f 629 948 630
f 242 948 243
f 243 948 950
f 243 950 623
f 619 622 952
f 952 622 246
f 952 246 950
f 950 246 245
f 950 245 623
f 609 608 956
f 956 608 613
f 956 613 954
f 954 613 615
f 615 618 954
f 954 618 617
f 954 617 952
f 952 617 621
f 952 621 620
f 573 962 248
f 962 583 587
f 436 756 438
f 438 756 439
f 428 434 808
f 808 434 433
f 808 433 756
f 756 433 432
f 756 432 439
f 333 856 334
f 334 856 858
f 334 858 335
f 860 325 327
f 637 942 638
f 638 942 944
f 638 944 632
f 626 625 946
f 946 625 634
f 946 634 944
f 944 634 633
f 944 633 632
f 263 572 962
f 962 572 249
f 962 249 248
f 417 426 812
f 812 426 425
f 812 425 810
f 810 425 424
f 810 424 430
f 422 421 814
f 814 421 420
f 814 420 812
f 812 420 418
f 812 418 417
f 255 818 412
f 412 818 820
f 412 820 413
f 413 820 414
f 575 580 962
f 962 580 579
f 962 579 577
f 577 576 962
f 962 576 581
f 962 581 583
f 422 814 251
f 251 814 816
f 251 816 252
f 818 255 254
f 818 254 816
f 816 254 415
f 816 415 252
f 327 331 860
f 860 331 330
f 860 330 858
f 858 330 329
f 858 329 335
f 325 860 320
f 320 860 862
f 320 862 321
f 317 319 864
f 864 319 324
f 864 324 862
f 862 324 323
f 862 323 321
f 317 864 312
f 312 864 669
f 312 669 313
f 296 655 297
f 297 655 290
f 290 655 291
f 284 926 285
f 285 926 928
f 285 928 286
f 286 928 280
f 280 928 281
f 281 928 930
f 281 930 282
f 272 271 932
f 932 271 276
f 932 276 930
f 930 276 278
f 930 278 282
f 268 270 934
f 934 270 275
f 934 275 932
f 932 275 274
f 932 274 272
f 587 586 962
f 962 586 585
f 962 585 591
f 599 598 962
f 962 598 597
f 962 597 604
f 669 311 310
f 310 309 669
f 669 309 316
f 669 316 315
f 669 315 313
f 311 669 302
f 302 669 303
f 300 307 655
f 655 307 306
f 655 306 669
f 669 306 305
f 669 305 303
f 296 294 655
f 655 294 293
f 655 293 298
f 655 298 300
f 284 289 926
f 926 289 288
f 926 288 655
f 655 288 292
f 655 292 291
f 591 590 962
f 962 590 589
f 962 589 595
f 595 594 962
f 962 594 593
f 962 593 599
f 750 704 751
f 748 704 749
f 741 743 745
f 741 745 747
f 751 704 752
f 752 704 753
f 753 704 991
f 753 991 747
f 747 991 990
f 749 704 750
f 990 989 747
f 747 989 988
f 747 988 987
f 987 986 747
f 747 986 985
f 747 985 984
f 747 984 741
f 26 19 135
f 136 137 138
f 138 140 141
f 148 150 153
f 153 152 158
f 158 157 155
f 155 161 160
f 160 164 163
f 163 165 168
f 168 165 167
f 168 170 172
f 174 176 175
f 75 77 72
f 180 181 178
f 178 181 183
f 183 185 186
f 186 188 189
f 189 191 193
f 193 198 197
f 193 197 195
f 195 202 201
f 200 203 209
f 209 203 205
f 209 208 210
f 210 125 117
f 211 212 213
f 215 217 218
f 218 220 221
f 223 225 227
f 227 230 229
f 234 236 237
f 132 134 133
f 237 241 234
f 232 234 233
f 229 233 227
f 223 996 221
f 221 996 218
f 218 996 215
f 215 211 213
f 211 106 94
f 94 106 3
f 200 195 201
f 186 189 183
f 177 178 62
f 62 178 68
f 68 997 72
f 72 997 75
f 75 997 54
f 48 54 175
f 175 168 174
f 174 168 172
f 163 158 160
f 160 158 155
f 148 145 146
f 145 141 143
f 138 141 998
f 138 998 136
f 136 998 135
f 135 998 26
f 30 26 33
f 14 33 133
f 14 133 7
f 240 132 241
f 234 241 233
f 215 996 211
f 211 996 106
f 210 117 209
f 195 200 193
f 183 189 178
f 178 999 68
f 68 999 997
f 54 997 175
f 163 168 158
f 153 158 145
f 153 145 148
f 233 241 227
f 223 227 996
f 113 106 117
f 141 145 998
f 33 26 998
f 33 998 133
f 132 133 241
f 133 998 241
f 117 106 999
f 200 189 193
f 175 997 168
f 241 996 227
f 168 997 158
f 106 996 999
f 117 999 209
f 209 999 200
f 178 189 999
f 158 997 145
f 241 998 996
f 999 1000 200
f 200 1000 189
f 145 997 998
f 998 999 996
f 189 1000 999
f 997 999 998
f 803 801 784
f 784 801 799
f 799 1001 784
f 784 1001 1002
f 784 1002 1003
f 784 1003 1004
f 784 781 794
f 784 794 793
f 803 784 804
f 804 784 805
f 805 784 806
f 793 791 784
f 784 791 790
f 790 797 784
f 784 797 796
f 784 796 795
f 784 795 807
f 784 807 806
f 784 65 785
f 785 65 64
f 785 64 786
f 64 63 786
f 786 63 782
f 63 61 782
f 782 61 783
f 61 60 783
f 783 60 787
f 787 60 71
f 787 71 788
f 788 71 70
f 788 70 789
f 789 70 67
f 789 67 773
f 773 67 66
f 773 66 774
f 774 66 69
f 774 69 775
f 775 69 73
f 775 73 776
f 776 73 74
f 776 74 777
f 777 74 82
f 777 82 778
f 778 82 769
f 769 82 81
f 769 81 770
f 770 81 80
f 770 80 771
f 771 80 79
f 771 79 772
f 772 79 78
f 772 78 764
f 764 78 76
f 764 76 765
f 765 76 767
f 767 76 87
f 767 87 768
f 768 87 86
f 768 86 754
f 754 86 84
f 754 84 755
f 755 84 83
f 755 83 757
f 757 83 85
f 757 85 758
f 85 53 758
f 758 53 759
f 759 53 52
f 759 52 760
f 760 52 47
f 760 47 761
f 761 47 49
f 761 49 762
f 762 49 51
f 762 51 763
f 763 51 50
f 763 50 799
f 65 784 55
f 1004 56 784
f 784 56 55
f 799 50 1001
f 1001 50 46
f 1001 46 1002
f 1002 46 58
f 1002 58 1003
f 1003 58 57
f 1003 57 1004
f 1004 57 56
f 684 694 693
f 684 693 700
f 684 700 699
f 697 684 699
f 684 680 679
f 684 679 690
f 684 690 692
f 684 692 695
f 684 695 694
f 696 652 697
f 697 652 684
f 684 22 685
f 685 22 21
f 685 21 686
f 21 20 686
f 686 20 682
f 20 18 682
f 682 18 683
f 18 17 683
f 683 17 687
f 687 17 29
f 687 29 688
f 688 29 28
f 688 28 689
f 689 28 25
f 689 25 672
f 672 25 24
f 672 24 673
f 673 24 27
f 673 27 674
f 674 27 31
f 674 31 675
f 675 31 32
f 675 32 676
f 676 32 39
f 676 39 677
f 677 39 667
f 667 39 38
f 667 38 668
f 668 38 37
f 668 37 670
f 670 37 36
f 670 36 671
f 671 36 35
f 671 35 663
f 663 35 34
f 663 34 664
f 664 34 665
f 665 34 44
f 665 44 666
f 666 44 43
f 666 43 653
f 653 43 41
f 653 41 654
f 654 41 40
f 654 40 656
f 656 40 42
f 656 42 657
f 42 13 657
f 657 13 658
f 658 13 12
f 658 12 659
f 659 12 6
f 659 6 660
f 660 6 8
f 660 8 661
f 661 8 11
f 661 11 662
f 662 11 10
f 662 10 652
f 22 684 23
f 684 15 23
f 652 15 684
f 652 10 15
f 995 992 261
f 261 992 262
f 993 994 257
f 257 994 258
f 993 992 994
f 994 992 995
f 1005 1006 1007
f 1007 1006 1008
f 1008 1006 1009
f 1009 1006 1010
f 1010 1006 1012
f 1010 1012 1011
f 1011 1012 1013
f 1013 1012 1014
f 1014 1012 1015
f 1015 1012 1016
f 1016 1012 1017
f 1017 1012 1018
f 1018 1012 1019
f 1018 1019 1020
f 1020 1019 1021
f 1021 1019 1022
f 1022 1019 1023
f 1023 1019 1024
f 1024 1019 1025
f 1024 1025 1026
f 1026 1025 1027
f 1027 1025 1028
f 1027 1028 1029
f 1029 1028 1030
f 1029 1030 1031
f 1031 1030 1032
f 1031 1032 1033
f 1033 1032 1034
f 1033 1034 1035
f 1035 1034 1036
f 1035 1036 1037
f 1037 1036 1038
f 1038 1036 1039
f 1038 1039 1040
f 1040 1039 1041
f 1040 1041 1042
f 1042 1041 1043
f 1042 1043 1044
f 1044 1043 1045
f 1044 1045 1046
f 1046 1045 1047
f 1046 1047 1048
f 1048 1047 1049
f 1048 1049 1050
f 1050 1049 1051
f 1050 1051 1052
f 1052 1051 1053
f 1052 1053 1054
f 1054 1053 1055
f 1055 1053 1056
f 1056 1053 1057
f 1053 1058 1057
f 1057 1058 1059
f 1059 1058 1060
f 1060 1058 1061
f 1061 1058 1062
f 1062 1058 1063
f 1062 1063 1064
f 1064 1063 1065
f 1064 1065 1066
f 1066 1065 1067
f 1066 1067 1068
f 1068 1067 1069
f 1068 1069 1070
f 1070 1069 1071
f 1070 1071 1072
f 1072 1071 1073
f 1072 1073 1074
f 1074 1073 1075
f 1074 1075 1076
f 1076 1075 1077
f 1076 1077 1078
f 1078 1077 1079
f 1078 1079 1080
f 1080 1079 1081
f 1080 1081 1082
f 1082 1081 1083
f 1082 1083 1084
f 1084 1083 1085
f 1084 1085 1086
f 1086 1085 1087
f 1086 1087 1088
f 1088 1087 1089
f 1088 1089 1090
f 1090 1089 1091
f 1090 1091 1092
f 1092 1091 1093
f 1092 1093 1094
f 1094 1093 1095
f 1095 1093 1096
f 1096 1093 1097
f 1097 1093 1098
f 1098 1093 1099
f 1098 1099 1100
f 1100 1099 1101
f 1101 1099 1102
f 1102 1099 1103
f 1103 1099 1104
f 1103 1104 1105
f 1105 1104 1106
f 1105 1106 1107
f 1107 1106 1108
f 1107 1108 1109
f 1109 1108 1110
f 1109 1110 1111
f 1111 1110 1112
f 1111 1112 1113
f 1113 1112 1114
f 1113 1114 1115
f 1115 1114 1116
f 1115 1116 1005
f 1005 1116 1117
f 1005 1117 1006
f 1118 156 1119
f 1119 156 151
f 1119 151 1120
f 1120 151 149
f 1120 149 1121
f 1121 149 147
f 1121 147 1122
f 1122 147 144
f 1122 144 1123
f 1123 144 142
f 1123 142 1124
f 1124 142 139
f 1124 139 1125
f 1125 139 16
f 1125 16 1126
f 1126 16 1127
f 1127 16 1128
f 1128 16 1129
f 1129 16 9
f 1129 9 1130
f 1130 9 1131
f 1131 9 1132
f 1132 9 1133
f 1133 9 1134
f 1134 9 1135
f 1135 9 131
f 1135 131 1136
f 1136 131 239
f 1136 239 1137
f 1137 239 238
f 1137 238 1138
f 1138 238 235
f 1138 235 1139
f 1139 235 231
f 1139 231 1140
f 1140 231 228
f 1140 228 1141
f 1141 228 226
f 1141 226 1142
f 1142 226 1143
f 1143 226 224
f 1143 224 1144
f 1144 224 222
f 1144 222 1145
f 1145 222 219
f 1145 219 1146
f 1146 219 216
f 1146 216 1147
f 1147 216 214
f 1147 214 1148
f 1148 214 5
f 1148 5 1149
f 1149 5 1150
f 1150 5 1151
f 1151 5 1152
f 1152 5 1153
f 1153 5 121
f 1153 121 1154
f 1154 121 1155
f 1155 121 1156
f 1156 121 1157
f 1157 121 207
f 1157 207 1158
f 1158 207 1159
f 1159 207 1160
f 1160 207 206
f 1160 206 1161
f 1161 206 204
f 1161 204 1162
f 1162 204 199
f 1162 199 1163
f 1163 199 194
f 1163 194 1164
f 1164 194 1165
f 1165 194 196
f 1165 196 1166
f 1166 196 192
f 1166 192 1167
f 1167 192 190
f 1167 190 1168
f 1168 190 187
f 1168 187 1169
f 1169 187 184
f 1169 184 1170
f 1170 184 182
f 1170 182 1171
f 1171 182 179
f 1171 179 1172
f 1172 179 59
f 1172 59 1173
f 1173 59 1174
f 1174 59 1175
f 1175 59 1176
f 1176 59 1177
f 1177 59 45
f 1177 45 1178
f 1178 45 1179
f 1179 45 1180
f 1180 45 1181
f 1181 45 1182
f 1182 45 173
f 1182 173 1183
f 1183 173 171
f 1183 171 1184
f 1184 171 169
f 1184 169 1185
f 1185 169 166
f 1185 166 1186
f 1186 166 162
f 1186 162 1187
f 1187 162 159
f 1187 159 1118
f 1118 159 154
f 1118 154 156
f 1088 1136 1086
f 1086 1136 1137
f 1086 1137 1084
f 1084 1137 1138
f 1084 1138 1082
f 1082 1138 1139
f 1082 1139 1080
f 1080 1139 1140
f 1080 1140 1078
f 1078 1140 1141
f 1078 1141 1076
f 1076 1141 1142
f 1076 1142 1074
f 1074 1142 1143
f 1074 1143 1072
f 1072 1143 1144
f 1072 1144 1070
f 1070 1144 1145
f 1070 1145 1068
f 1068 1145 1146
f 1068 1146 1066
f 1066 1146 1147
f 1066 1147 1064
f 1064 1147 1148
f 1064 1148 1062
f 1062 1148 1149
f 1062 1149 1061
f 1061 1149 1150
f 1061 1150 1060
f 1060 1150 1151
f 1060 1151 1059
f 1059 1151 1152
f 1059 1152 1057
f 1057 1152 1153
f 1057 1153 1056
f 1056 1153 1154
f 1056 1154 1055
f 1055 1154 1155
f 1055 1155 1054
f 1054 1155 1156
f 1054 1156 1052
f 1052 1156 1157
f 1052 1157 1050
f 1050 1157 1158
f 1050 1158 1048
f 1048 1158 1159
f 1048 1159 1046
f 1046 1159 1160
f 1046 1160 1044
f 1044 1160 1161
f 1044 1161 1042
f 1042 1161 1162
f 1042 1162 1040
f 1040 1162 1163
f 1040 1163 1038
f 1038 1163 1164
f 1038 1164 1037
f 1037 1164 1165
f 1037 1165 1035
f 1035 1165 1166
f 1035 1166 1033
f 1033 1166 1167
f 1033 1167 1031
f 1031 1167 1168
f 1031 1168 1029
f 1029 1168 1169
f 1029 1169 1027
f 1027 1169 1170
f 1027 1170 1026
f 1026 1170 1171
f 1026 1171 1024
f 1024 1171 1172
f 1024 1172 1023
f 1023 1172 1173
f 1023 1173 1022
f 1022 1173 1174
f 1022 1174 1021
f 1021 1174 1175
f 1021 1175 1020
f 1020 1175 1176
f 1020 1176 1018
f 1018 1176 1177
f 1018 1177 1017
f 1017 1177 1178
f 1017 1178 1016
f 1016 1178 1179
f 1016 1179 1015
f 1015 1179 1180
f 1015 1180 1014
f 1014 1180 1181
f 1014 1181 1013
f 1013 1181 1182
f 1013 1182 1011
f 1011 1182 1183
f 1011 1183 1010
f 1010 1183 1184
f 1010 1184 1009
f 1009 1184 1185
f 1009 1185 1008
f 1008 1185 1186
f 1008 1186 1007
f 1007 1186 1187
f 1007 1187 1005
f 1005 1187 1118
f 1005 1118 1115
f 1115 1118 1119
f 1115 1119 1113
f 1113 1119 1120
f 1113 1120 1111
f 1111 1120 1121
f 1111 1121 1109
f 1109 1121 1122
f 1109 1122 1107
f 1107 1122 1123
f 1107 1123 1105
f 1105 1123 1124
f 1105 1124 1103
f 1103 1124 1125
f 1103 1125 1102
f 1102 1125 1126
f 1102 1126 1101
f 1101 1126 1127
f 1101 1127 1100
f 1100 1127 1128
f 1100 1128 1098
f 1098 1128 1129
f 1098 1129 1097
f 1097 1129 1130
f 1097 1130 1096
f 1096 1130 1131
f 1096 1131 1095
f 1095 1131 1132
f 1095 1132 1094
f 1094 1132 1133
f 1094 1133 1092
f 1092 1133 1134
f 1092 1134 1090
f 1090 1134 1135
f 1090 1135 1088
f 1088 1135 1136
f 1188 1189 1202
f 1202 1189 1190
f 1191 1192 1202
f 1202 1192 1193
f 1202 1193 1188
f 1194 1195 1202
f 1202 1195 1196
f 1202 1196 1191
f 1197 1198 1202
f 1202 1198 1199
f 1202 1199 1194
f 1200 1201 1202
f 1203 1204 1202
f 1202 1204 1205
f 1202 1205 1200
f 1206 1207 1202
f 1202 1207 1208
f 1202 1208 1203
f 1209 1210 1202
f 1202 1210 1211
f 1202 1211 1206
f 1190 1212 1202
f 1202 1212 1213
f 1202 1213 1209
f 1214 1215 1216
f 1216 1217 1218
f 1216 1218 1214
f 1219 1220 1216
f 1216 1220 1217
f 1221 1222 1216
f 1216 1222 1223
f 1216 1223 1219
f 1224 1225 1216
f 1216 1225 1226
f 1216 1226 1221
f 1227 1228 1216
f 1216 1228 1224
f 1229 1230 1216
f 1216 1230 1231
f 1216 1231 1227
f 1232 1233 1216
f 1216 1233 1234
f 1216 1234 1229
f 1235 1236 1216
f 1216 1236 1237
f 1216 1237 1232
f 1238 1239 1216
f 1216 1239 1240
f 1216 1240 1235
f 1241 1242 1266
f 1266 1242 1243
f 1266 1243 1244
f 1245 1246 1266
f 1266 1246 1241
f 1266 1247 1245
f 1248 1249 1266
f 1266 1249 1250
f 1266 1250 1247
f 1251 1252 1266
f 1266 1252 1253
f 1266 1253 1248
f 1254 1255 1266
f 1266 1255 1256
f 1266 1256 1251
f 1257 1258 1266
f 1266 1258 1259
f 1266 1259 1254
f 1260 1261 1266
f 1266 1261 1262
f 1266 1262 1257
f 1263 1264 1266
f 1266 1264 1265
f 1266 1265 1260
f 1266 1267 1263
f 1268 1191 1196
f 1268 1196 1269
f 1269 1196 1195
f 1269 1195 1270
f 1270 1195 1194
f 1270 1194 1271
f 1271 1194 1199
f 1271 1199 1272
f 1198 1272 1199
f 1197 1202 1273
f 1273 1274 1197
f 1197 1274 1198
f 1198 1274 1272
f 1202 1275 1273
f 1202 1277 1275
f 1201 1276 1202
f 1202 1276 1277
f 1203 1278 1204
f 1204 1278 1279
f 1204 1279 1205
f 1205 1279 1280
f 1205 1280 1200
f 1200 1280 1281
f 1200 1281 1201
f 1201 1281 1276
f 1211 1282 1206
f 1206 1282 1283
f 1206 1283 1207
f 1207 1283 1284
f 1207 1284 1208
f 1208 1284 1285
f 1208 1285 1203
f 1203 1285 1278
f 1210 1286 1211
f 1211 1286 1282
f 1209 1287 1210
f 1210 1287 1286
f 1213 1288 1209
f 1209 1288 1287
f 1212 1289 1213
f 1213 1289 1288
f 1191 1268 1290
f 1191 1290 1192
f 1192 1290 1291
f 1192 1291 1193
f 1193 1291 1292
f 1193 1292 1188
f 1188 1292 1293
f 1188 1293 1189
f 1189 1293 1294
f 1189 1294 1190
f 1190 1294 1295
f 1190 1295 1212
f 1212 1295 1289
f 1220 1297 1217
f 1217 1297 1298
f 1217 1298 1218
f 1218 1298 1299
f 1218 1299 1214
f 1214 1299 1300
f 1214 1300 1215
f 1215 1300 1301
f 1215 1301 1216
f 1216 1301 1296
f 1219 1302 1220
f 1220 1302 1297
f 1223 1303 1219
f 1219 1303 1302
f 1222 1304 1223
f 1223 1304 1303
f 1221 1305 1222
f 1222 1305 1304
f 1228 1306 1224
f 1224 1306 1307
f 1224 1307 1225
f 1225 1307 1308
f 1225 1308 1226
f 1226 1308 1309
f 1226 1309 1221
f 1221 1309 1305
f 1228 1310 1306
f 1230 1311 1231
f 1231 1311 1312
f 1231 1312 1227
f 1227 1312 1310
f 1227 1310 1228
f 1232 1313 1233
f 1233 1313 1314
f 1233 1314 1234
f 1234 1314 1315
f 1234 1315 1229
f 1229 1315 1316
f 1229 1316 1230
f 1230 1316 1311
f 1240 1317 1235
f 1235 1317 1318
f 1235 1318 1236
f 1236 1318 1319
f 1236 1319 1237
f 1237 1319 1320
f 1237 1320 1232
f 1232 1320 1313
f 1239 1321 1240
f 1240 1321 1317
f 1238 1322 1239
f 1239 1322 1321
f 1216 1323 1238
f 1238 1323 1322
f 1216 1324 1323
f 1216 1296 1324
f 1266 1325 1267
f 1267 1325 1326
f 1267 1326 1263
f 1263 1326 1327
f 1263 1327 1264
f 1264 1327 1328
f 1264 1328 1265
f 1266 1329 1325
f 1266 1330 1329
f 1266 1331 1330
f 1242 1332 1243
f 1243 1332 1333
f 1243 1333 1244
f 1244 1333 1331
f 1244 1331 1266
f 1242 1334 1332
f 1250 1335 1247
f 1247 1335 1336
f 1247 1336 1245
f 1245 1336 1337
f 1245 1337 1246
f 1246 1337 1338
f 1246 1338 1241
f 1241 1338 1334
f 1241 1334 1242
f 1249 1339 1250
f 1250 1339 1335
f 1248 1340 1249
f 1249 1340 1339
f 1253 1341 1248
f 1248 1341 1340
f 1252 1342 1253
f 1253 1342 1341
f 1254 1343 1255
f 1255 1343 1344
f 1255 1344 1256
f 1256 1344 1345
f 1256 1345 1251
f 1251 1345 1346
f 1251 1346 1252
f 1252 1346 1342
f 1265 1328 1347
f 1265 1347 1260
f 1260 1347 1348
f 1260 1348 1261
f 1261 1348 1349
f 1261 1349 1262
f 1262 1349 1350
f 1262 1350 1257
f 1257 1350 1351
f 1257 1351 1258
f 1258 1351 1352
f 1258 1352 1259
f 1259 1352 1353
f 1259 1353 1254
f 1254 1353 1343
f 1354 1355 1372
f 1356 1357 1358
f 1356 1359 1357
f 1360 1361 1358
f 1362 1363 1360
f 1362 1360 1358
f 1364 1362 1358
f 1365 1366 1358
f 1367 1366 1365
f 1357 1365 1358
f 1369 1365 1357
f 1368 1369 1370
f 1372 1369 1354
f 1354 1369 1357
f 1371 1370 1372
f 1372 1370 1369
f 1373 1374 1354
f 1375 1373 1376
f 1376 1373 1354
f 1376 1377 1375
f 1378 1379 1376
f 1359 1354 1357
f 1380 1378 1376
f 1380 1376 1354
f 1359 1380 1354
f 1381 1380 1359
f 1382 1381 1359
f 1382 1383 1381
f 1384 1385 1382
f 1386 1382 1359
f 1386 1384 1382
f 1387 1388 1386
f 1387 1386 1359
f 1394 1359 1389
f 1390 1387 1359
f 1391 1390 1394
f 1394 1390 1359
f 1392 1393 1391
f 1392 1391 1394
f 1398 1395 1394
f 1396 1394 1389
f 1396 1398 1394
f 1397 1389 1359
f 1396 1389 1397
f 1399 1400 1396
f 1401 1399 1396
f 1397 1401 1396
f 1402 1403 1397
f 1404 1402 1397
f 1407 1404 1405
f 1405 1404 1397
f 1405 1397 1408
f 1406 1407 1405
f 1408 1397 1359
f 1409 1406 1405
f 1410 1411 1405
f 1412 1410 1413
f 1413 1410 1405
f 1414 1415 1413
f 1408 1413 1405
f 1416 1417 1414
f 1416 1414 1408
f 1408 1414 1413
f 1418 1408 1359
f 1419 1416 1408
f 1420 1419 1408
f 1420 1421 1419
f 1422 1421 1420
f 1420 1408 1418
f 1423 1424 1420
f 1425 1426 1423
f 1425 1423 1420
f 1425 1420 1427
f 1427 1420 1428
f 1428 1420 1418
f 1429 1430 1431
f 1429 1431 1425
f 1429 1425 1427
f 1418 1427 1428
f 1432 1433 1434
f 1434 1433 1429
f 1434 1435 1432
f 1427 1434 1429
f 1436 1437 1438
f 1436 1438 1434
f 1356 1418 1359
f 1439 1436 1441
f 1441 1436 1434
f 1356 1434 1427
f 1441 1440 1439
f 1441 1434 1356
f 1356 1427 1418
f 1442 1441 1356
f 1361 1356 1358
f 1287 1288 1358
f 1358 1288 1289
f 1358 1289 1295
f 1358 1295 1294
f 1093 1293 1292
f 1093 1292 1291
f 1283 1282 1366
f 1283 1366 1284
f 1282 1286 1366
f 1366 1286 1287
f 1366 1287 1358
f 1284 1366 1367
f 1284 1367 1285
f 1285 1367 1278
f 1365 1277 1276
f 1276 1281 1365
f 1365 1281 1280
f 1365 1280 1367
f 1367 1280 1279
f 1367 1279 1278
f 1369 1277 1365
f 1277 1099 1275
f 1099 1277 1369
f 1093 1275 1099
f 1272 1274 1093
f 1093 1274 1273
f 1093 1273 1275
f 1269 1270 1093
f 1291 1290 1093
f 1093 1290 1268
f 1093 1268 1269
f 1270 1271 1093
f 1093 1271 1272
f 1322 1323 1383
f 1383 1323 1324
f 1318 1317 1382
f 1318 1382 1319
f 1317 1321 1382
f 1382 1321 1322
f 1382 1322 1383
f 1319 1382 1385
f 1319 1385 1320
f 1320 1385 1313
f 1384 1310 1312
f 1384 1312 1311
f 1311 1316 1384
f 1384 1316 1315
f 1384 1315 1385
f 1385 1315 1314
f 1385 1314 1313
f 1307 1386 1308
f 1308 1386 1309
f 1307 1306 1386
f 1386 1306 1310
f 1386 1310 1384
f 1298 1019 1299
f 1302 1303 1388
f 1298 1297 1019
f 1019 1297 1388
f 1388 1297 1302
f 1388 1303 1304
f 1304 1305 1388
f 1309 1386 1305
f 1305 1386 1388
f 1296 1301 1019
f 1019 1301 1300
f 1019 1300 1299
f 1012 1296 1019
f 1012 1324 1296
f 1352 1351 1419
f 1419 1351 1350
f 1419 1350 1349
f 1346 1345 1421
f 1421 1345 1344
f 1419 1353 1352
f 1344 1343 1421
f 1421 1343 1353
f 1421 1353 1419
f 1338 1337 1058
f 1058 1337 1336
f 1339 1340 1422
f 1336 1335 1058
f 1058 1335 1422
f 1422 1335 1339
f 1422 1340 1341
f 1341 1342 1422
f 1422 1342 1346
f 1346 1421 1422
f 1333 1332 1058
f 1333 1058 1331
f 1058 1332 1334
f 1058 1334 1338
f 1058 1330 1331
f 1053 1330 1058
f 1417 1329 1414
f 1414 1329 1415
f 1053 1329 1330
f 1327 1326 1417
f 1417 1326 1325
f 1417 1325 1329
f 1417 1416 1327
f 1327 1416 1328
f 1419 1349 1416
f 1416 1349 1348
f 1416 1348 1347
f 1416 1347 1328
f 1360 1091 1089
f 1364 1093 1362
f 1362 1093 1091
f 1362 1091 1363
f 1363 1091 1360
f 1294 1293 1358
f 1358 1293 1093
f 1358 1093 1364
f 1369 1368 1099
f 1099 1368 1370
f 1099 1370 1104
f 1104 1370 1371
f 1104 1371 1106
f 1371 1372 1106
f 1106 1372 1108
f 1354 1110 1355
f 1355 1110 1108
f 1355 1108 1372
f 1110 1354 1112
f 1373 1114 1112
f 1373 1112 1374
f 1374 1112 1354
f 1114 1373 1375
f 1114 1375 1116
f 1375 1377 1116
f 1116 1377 1376
f 1116 1376 1117
f 1376 1379 1117
f 1117 1379 1378
f 1117 1378 1006
f 1006 1378 1380
f 1006 1380 1012
f 1012 1380 1381
f 1383 1324 1012
f 1383 1012 1381
f 1388 1387 1019
f 1019 1387 1025
f 1387 1390 1025
f 1025 1390 1391
f 1025 1391 1028
f 1394 1030 1392
f 1392 1030 1028
f 1392 1028 1393
f 1393 1028 1391
f 1030 1394 1395
f 1030 1395 1032
f 1398 1034 1032
f 1398 1032 1395
f 1034 1398 1396
f 1034 1396 1036
f 1396 1400 1036
f 1036 1400 1399
f 1036 1399 1039
f 1039 1399 1401
f 1039 1401 1041
f 1041 1401 1397
f 1402 1043 1041
f 1402 1041 1403
f 1403 1041 1397
f 1043 1402 1404
f 1043 1404 1045
f 1045 1404 1407
f 1045 1407 1047
f 1047 1407 1406
f 1047 1406 1049
f 1406 1409 1049
f 1049 1409 1405
f 1049 1405 1051
f 1412 1053 1410
f 1410 1053 1051
f 1410 1051 1411
f 1411 1051 1405
f 1415 1329 1053
f 1415 1053 1413
f 1413 1053 1412
f 1058 1422 1420
f 1420 1424 1058
f 1058 1424 1423
f 1058 1423 1063
f 1423 1426 1063
f 1063 1426 1425
f 1063 1425 1065
f 1065 1425 1431
f 1065 1431 1067
f 1429 1069 1067
f 1429 1067 1430
f 1430 1067 1431
f 1069 1429 1433
f 1069 1433 1071
f 1435 1073 1432
f 1432 1073 1071
f 1432 1071 1433
f 1435 1434 1073
f 1073 1434 1438
f 1073 1438 1075
f 1438 1437 1075
f 1075 1437 1436
f 1075 1436 1077
f 1077 1436 1439
f 1077 1439 1079
f 1079 1439 1440
f 1079 1440 1081
f 1081 1440 1441
f 1441 1083 1081
f 1083 1441 1442
f 1083 1442 1085
f 1085 1442 1356
f 1085 1356 1087
f 1356 1361 1087
f 1087 1361 1089
f 1089 1361 1360
