o 
v 41.389503479003906 256.80909145672183 82.3320284655724
v 42.292152404785156 256.8217138117089 81.97085799363505
v 39.86438751220703 426.1844253671628 89.09260076276024
v 82.70258331298828 401.54449701610235 -38.087473981151646
v 95.11664581298828 416.71607692965404 -28.766668314346436
v 92.1285171508789 375.2175198405678 -1.8036716032032762
v 94.55536651611328 435.9438156667143 2.679444754474493
v 89.33277130126953 323.1373833255723 -28.372168938671955
v 92.0569839477539 354.47110001479433 -3.504822290371786
v 63.61780548095703 437.2894595187189 -60.30984215564715
v 93.84265899658203 417.7442099895776 -31.911963742925185
v 73.4794692993164 317.0957564760593 -53.74132325941321
v -7.910499572753906 298.8439981062658 -103.53730079545595
v 17.51953887939453 262.83478966348434 -90.22152800235472
v 8.820899963378906 358.2797263155851 -88.26389818942913
v -5.904228210449219 318.25700553145975 -89.89051042430322
v -8.929237365722656 317.66577193579195 -89.52926048649968
v -3.437873601913452 347.94138210065296 -89.34057880471377
v -17.340538024902344 262.83478966348434 -90.22152800235472
v 12.232261657714844 262.85241798883175 -90.72610371353541
v 6.378746032714844 403.6129887040574 106.24686555678869
v 26.029090881347656 425.88496507650393 94.3493292600722
v -25.80120086669922 425.4821122571158 94.151159623125
v -9.334953308105469 370.1576946257802 95.81131075465818
v -9.691856384277344 370.459959431229 95.6624953444227
v -6.199745178222656 403.6129887040574 106.24686555678869
v 9.806434631347656 369.7443496068319 95.76484420683961
v 91.0098648071289 429.3292587563802 19.17028533890464
v 95.56787872314453 416.5400124505369 38.91950959623056
v 92.3970718383789 346.1025296160973 10.24026994555813
v 84.4355239868164 389.59753718149153 41.68856231804851
v 80.26819610595703 319.7448856465251 41.141367738574196
v 73.49530792236328 313.2391689588742 57.894617666899435
v 86.62116241455078 432.47100691927153 37.75087455641698
v -90.91162872314453 427.2536470062564 20.20421999446435
v -92.38971710205078 414.09389866178356 46.323240074723714
v -79.45220184326172 426.41112054556663 51.92711262819353
v -85.18254852294922 316.6431074810947 44.52421950179984
v -85.05017852783203 392.8937872377809 41.546799881579624
v -86.94477081298828 390.3939638261844 34.86487474731838
v -91.61649322509766 344.36885036904124 12.86590479653043
v -90.99556732177734 427.2830837810864 19.121061228854686
v 10.473060607910156 307.449764273192 93.512760000172
v -5.904228210449219 350.9089854271348 95.4399709166111
v -9.691856384277344 310.49652674917485 93.56852819573311
v 0.08950066566467285 256.46440512295027 92.20290534106194
v -5.904228210449219 290.94552604626676 93.34600330189197
v -25.858070373535156 256.59458860167604 88.47449933329314
v -10.294044494628906 355.32058052467994 95.1844435649595
v 8.844154357910156 256.4789441848582 91.7861339364541
v 26.037086486816406 256.59458860167604 88.47449933329314
v -5.904228210449219 378.2204687264441 -87.79654274300844
v -17.29430389404297 434.29463225642655 -83.9711625084477
v -5.895515441894531 378.7154967836336 -87.64547765528617
v -9.008979797363281 435.76921976429924 -87.84596567934112
v 5.402366638183594 434.17996793990295 -85.74994674015386
v 17.50086212158203 434.0272348016815 -84.10625142353243
v 10.473060607910156 361.7162272180077 -87.96333002079426
v -10.012931823730469 376.3901555858371 -87.36539249147262
v -5.960487365722656 358.2852352387618 -101.46156711924799
v -87.7353744506836 326.40436096636176 30.66286366254752
v -87.58605194091797 307.5902100408334 38.45855110021827
v -79.67144012451172 258.0715238092312 46.18097150143459
v -86.94507598876953 258.62735887812556 30.263607213772953
v -89.9124984741211 311.54085741649067 31.493639847099633
v -91.07305145263672 259.22120068032456 13.25822715066717
v -91.97705841064453 344.1161857506264 12.643923502147363
v -89.41434478759766 260.43641544066907 -21.541165484947047
v -91.64885711669922 295.4777395029285 10.839333988327276
v -91.64885711669922 313.7247924409641 -7.383862088377997
v -91.61687469482422 356.523689153174 -6.1819499438631285
v -91.38550567626953 327.20100293544556 -9.166069215094291
v -91.74188995361328 259.87147370476 -5.362624556631358
v -82.81513214111328 325.6721482067599 -30.20039248511317
v -82.57366180419922 310.65213339403437 -31.331949573816374
v -83.6875991821289 261.01388845976203 -38.07740800229429
v -80.8441390991211 322.22812277616265 -42.5392699958919
v -74.93294525146484 261.5430961068538 -53.231685416947215
v 91.74686431884766 354.38422211649436 12.490446164098081
v 91.25196075439453 328.0036270300219 15.660132209425857
v 89.4697036743164 312.9771178965217 24.7173714847606
v 91.2520523071289 259.22120068032456 13.25822715066717
v 88.26880645751953 305.7873661609728 28.803719914755796
v 91.01224517822266 312.7905651782736 30.531573411345946
v 87.12406158447266 258.62735887812556 30.263607213772953
v 79.8504409790039 258.0715238092312 46.18097150143459
v 81.8898696899414 308.57827636440976 37.20824412021941
v 89.0604019165039 327.51908022329576 -2.196376792140553
v 89.59333038330078 260.43641544066907 -21.541165484947047
v 92.0851821899414 259.8315784177112 -4.220620742933864
v 81.16861724853516 311.51751180133607 -41.993969477806466
v 79.9103775024414 318.2474352049704 -43.76976524978468
v 75.11194610595703 261.5430961068538 -53.231685416947215
v 83.86661529541016 261.01388845976203 -38.07740800229429
v 90.77652740478516 313.77584150941476 -27.058465446003215
v -92.01049041748047 427.63878314249007 6.024300494055693
v -85.32964324951172 397.44972191168273 -32.5720647695742
v -65.38550567626953 257.4363569594986 64.37004810589497
v -73.49066925048828 292.7241627002206 56.73959537397383
v -63.559226989746094 312.8152082920689 68.80813501756076
v -55.303367614746094 292.0894336012028 74.91583357719354
v -42.11316680908203 256.8217138117089 81.97085799363505
v -55.741676330566406 312.6258113677599 75.45849902328537
v -56.31957244873047 428.1884483993075 81.95155378397656
v -55.303367614746094 297.22525136584477 -72.15484255566484
v 69.26139068603516 261.7787258523162 -59.97949347387166
v 75.82062530517578 296.214289816246 71.4103764199802
v 63.73822784423828 312.8152082920689 68.80813501756076
v -33.395301818847656 443.3896295065998 -74.31438774446605
v -67.4060287475586 440.91795596338477 -59.74409921551928
v -68.30583953857422 442.6366904697676 -52.75297826114359
v 91.2520523071289 440.11091585571353 19.575035062809903
v 83.86661529541016 441.9036036185071 -31.76059913662249
v 70.11444854736328 434.1710079858953 69.8010157254385
v -56.842933654785156 438.0418090093394 78.82722064349093
v -87.40457916259766 432.5707647641707 42.020355677275866
v -89.48934173583984 441.01786030288173 -6.395828649942649
v 72.9159927368164 427.44901055456063 62.432105350993396
v 55.972633361816406 317.69469531154704 -71.24504899398343
v 46.139503479003906 433.4205799088122 -73.58335308315782
v 19.56317901611328 434.0011617898582 -83.8260699152607
v 34.319618225097656 262.6626341040478 -85.29159173657024
v -22.879066467285156 434.30474521743116 -82.98726987714896
v -36.438194274902344 434.25508384341083 -78.3428445633998
v -55.781822204589844 317.7071611883925 -71.24928001585097
v -48.991416931152344 434.13331897035914 -71.72890341925671
v -60.442970275878906 433.94700780873075 -63.21118912912883
v -63.559226989746094 317.4744815370455 -64.61627560432062
v -63.30394744873047 433.87729671953855 -60.29459170094613
v -74.70836639404297 433.5524477935809 -47.06450432979076
v -93.6636734008789 404.05253206842303 -32.390086886499006
v -83.49947357177734 433.16086294789966 -31.971318562520903
v -49.703529357910156 262.38263738753733 -77.27324631700009
v -34.14061737060547 262.6626341040478 -85.29159173657024
v -35.111793518066406 262.6451705507027 -84.79120995546963
v -35.13880157470703 256.72426234012863 84.76130738859524
v -41.21050262451172 256.80909145672183 82.3320284655724
v 35.339149475097656 256.7245645668341 84.75273591824896
v 49.88251495361328 262.38263738753733 -77.27324631700009
v 79.54312896728516 439.4197898005916 39.36653042202289
v 84.43701934814453 441.1538977243675 -10.291739562358998
v 71.59589385986328 442.23582571172915 -41.274118058627906
v 47.86853790283203 443.06389174076315 -64.9870022660874
v 0.08950066566467285 443.5697235169114 -79.4717973199389
v -79.36412811279297 441.7169269725873 -26.414921277622724
v -48.522911071777344 443.1074415519322 -66.23345659424693
v -61.78234100341797 440.52903489364803 -55.43511366240535
v -79.36412811279297 439.4197898005916 39.36653042202289
v -87.4104995727539 440.5683582659211 6.475811485285819
v -85.72920989990234 437.7740064217919 23.459038165333222
v -60.72168731689453 438.4460701628368 67.24995502159597
v -16.98090362548828 437.57333000945135 92.24223030665131
v 16.86725616455078 437.6246933330139 90.77196315521107
v 0.08950066566467285 435.3160583445976 93.84573412446044
v 33.57428741455078 435.548507064095 87.18923882847092
v -16.772789001464844 427.89598291441644 93.5764473189439
v -8.379997253417969 427.8538419340133 94.78240798224834
v -8.368019104003906 271.0804569603133 89.13260997247772
v -12.042961120605469 277.25040513793124 -87.55129072377684
v -0.05944037437438965 331.6290184631053 -86.48137782934052
v -16.73242950439453 277.21640495035416 -86.57740106396017
v 1.6955034732818604 331.9612352466039 -86.45413709948171
v -6.258903503417969 336.78505366918034 -86.07609955823327
v -16.772789001464844 434.0026716097462 -81.29663610345236
v -6.229606628417969 337.1910319969141 -86.06398464329662
v -6.114189147949219 338.79084581853635 -86.01627375563886
v -8.343635559082031 435.94824353173095 -82.05517037718742
v 0.08950066566467285 434.0588709387663 -82.9058170629869
v -0.12691473960876465 343.7964488701632 -86.05757470703358
v 0.009849786758422852 343.7686106920654 -86.05746544081701
v 0.08948540687561035 343.7524023343475 -86.05740498370177
v 16.95178985595703 434.0026716097462 -81.29663610345236
v 12.221946716308594 277.25040513793124 -87.55129072377684
v 0.08948540687561035 331.6572111003348 -86.47906202197541
v -87.14688873291016 273.5371653727368 18.78196201645177
v -84.8054428100586 312.5331899569993 29.070405728097644
v -76.9156265258789 272.61840912746754 45.09204006908053
v -79.84619903564453 319.3095186051093 41.62387140501112
v -83.53633880615234 411.4426234645023 39.81445647445371
v -82.41690826416016 323.3589538155981 36.041090360138014
v -83.46878814697266 404.41025076767085 36.1645536072225
v -84.73839569091797 320.14979827712415 29.546013807757195
v -72.48921966552734 429.14561515768537 57.79149850949594
v -85.03514862060547 435.1443072662919 18.53293489004551
v -88.10358428955078 430.5067952571296 18.81244954632451
v -80.8059310913086 324.3971178674738 -34.94993261813006
v -84.1061019897461 413.7895456304215 -27.392303979441866
v -81.70783233642578 406.72266132006496 -30.054755168735035
v -80.08785247802734 314.4260130472838 -36.81675686005656
v -78.9197006225586 275.02491829427294 -40.26930039816052
v -86.35199737548828 274.90150439503117 -20.287133421053365
v -85.72920989990234 441.1640997524802 -10.584194288636995
v -67.24779510498047 432.98562680561525 -52.17263259846919
v -80.08919525146484 322.45735797769134 -36.533530612178126
v -80.00829315185547 321.9786145209573 -36.7152533585687
v -79.8242416381836 320.8895340856809 -37.12870969587475
v -72.47029876708984 275.97300502708697 -50.971142673603076
v 80.3456802368164 316.0401464601924 -37.40056414986649
v 65.20697784423828 276.2922451291249 -60.113379282957474
v 79.92823028564453 274.0530455309083 -36.591125449344
v 82.59589385986328 325.7068206763282 -31.19356236518585
v 84.44062042236328 410.58890074678277 -23.288722555574413
v 86.53101348876953 274.90150439503117 -20.287133421053365
v 88.28260040283203 431.3918589507987 -6.532620213780691
v 80.91870880126953 410.8956272211451 -32.07252044208767
v 72.35669708251953 434.6620189949215 -45.22302079644605
v 84.91742706298828 322.0524449476384 -24.938153796663517
v 85.0987319946289 320.4457196091795 -24.420288281276463
v 85.1724624633789 319.79240896614135 -24.209715151229602
v 83.76102447509766 311.000010109499 -28.69239101958073
v 87.32587432861328 273.5371653727368 18.78196201645177
v 85.31644439697266 317.9997885307358 28.195712827191386
v 88.07852935791016 273.72828210418936 13.309560883437868
v 85.3858413696289 314.7051201952727 27.851671050401492
v 77.25238800048828 429.3945479619454 50.66275727467014
v 84.28510284423828 411.49224182230535 38.39344844553937
v 77.09464263916016 272.61840912746754 45.09204006908053
v 89.16495513916016 343.6811135328806 5.1848035691439724
v 89.07523345947266 342.66117343029435 7.2836811093293505
v 89.02582550048828 342.0999155000479 8.438640628385798
v 88.93460845947266 340.5647624911567 9.722531804168332
v 88.9242935180664 340.3274376845245 9.83877085442934
v 88.87885284423828 339.27897804404563 10.352327356015929
v 88.85157012939453 330.59265065270426 10.392938793307735
v 88.9817886352539 273.95762661401466 6.74172616312355
v 89.09339141845703 327.19227673879055 -1.6227156510140766
v 88.9817886352539 274.38201584912076 -5.4116328049347615
v 89.0876235961914 327.24967681706966 -1.7234347726759525
v 89.06668853759766 342.9091743880274 -1.6137337989412148
v 89.08438873291016 343.0766987131607 -1.170635980061531
v 89.15338897705078 343.7297615017123 0.5564693869040636
v -88.75560760498047 341.03484533580047 -3.7388980162423335
v -88.6998519897461 339.796118052913 -4.456821733924775
v -88.65494537353516 338.7990024742437 -5.034727562907056
v -88.87508392333984 327.61745630551417 -2.3818989469562943
v -87.14688873291016 274.8024765910813 -17.45184005239097
v -88.80278778076172 274.38201584912076 -5.4116328049347615
v -88.88140106201172 327.1895001719335 7.240970192804294
v -88.80278778076172 273.95762661401466 6.74172616312355
v -88.55846405029297 337.13821518568557 11.833114778725362
v -88.98596954345703 343.8270786223218 1.005161544522763
v 24.128395080566406 277.1640555672201 -85.07862047274502
v 33.062477111816406 435.74046356317365 -76.10550552614308
v 35.587013244628906 277.02192850662414 -81.00869608963107
v 46.384437561035156 276.82669058153976 -75.41734928416022
v 48.18933868408203 276.78221504961925 -74.14408970770899
v 54.931068420410156 435.29984275000606 -63.487372249656396
v 56.319435119628906 276.5819299891409 -68.40872793699695
v 61.311622619628906 435.1068847631245 -57.961944179848224
v 72.66822052001953 429.14561515768537 57.79149850949594
v 67.42679595947266 428.9129971390416 64.45244709547183
v 67.29895782470703 272.13715147698116 58.87367713934849
v 61.575538635253906 428.69884459960224 70.58534009875649
v 65.20697784423828 272.04739703442004 61.44348980466947
v 56.319435119628906 271.75771250728235 69.73881938812762
v 55.167457580566406 428.50504386650925 76.13456842584176
v 55.116432189941406 271.7280962606838 70.58745367608843
v 48.260597229003906 428.3334172424161 81.04993956092619
v 46.384437561035156 271.5129821615111 76.74745652436113
v 40.917457580566406 428.18544466087945 85.28688636297967
v 40.82202911376953 271.4123726991398 79.62789899602724
v 33.204627990722656 428.06252711802273 88.80711263072308
v 35.587013244628906 271.3177137234965 82.3388027972268
v 25.191871643066406 427.9657416370351 91.57864223941465
v 8.547019958496094 271.0804569603133 89.13260997247772
v 8.558998107910156 427.8538419340133 94.78240798224834
v 12.221946716308594 271.08923669273554 88.88142031607019
v -6.166648864746094 404.04957145069466 94.13460585771433
v -5.776084899902344 403.09732831511633 94.12822459904943
v -5.371971130371094 402.6424846612778 94.13704960661377
v -4.915977478027344 402.12929271665246 94.14703848019076
v -4.084083557128906 401.6669268290931 94.17238969195756
v -3.785346746444702 401.50090958706676 94.18152523813782
v -2.510505437850952 401.28221300908586 94.22027112045332
v 0.08950066566467285 271.0602926948405 89.71077629083312
v 2.6894915103912354 401.28221300908586 94.22027112045332
v 3.9643328189849854 401.50090958706676 94.18152523813782
v 4.263069152832031 401.6669268290931 94.17238969195756
v 5.094993591308594 402.12929271665246 94.14703848019076
v 5.550971984863281 402.6424846612778 94.13704960661377
v 5.955085754394531 403.09732831511633 94.12822459904943
v 6.345664978027344 404.04957145069466 94.13460585771433
v 6.446266174316406 404.29488058673974 94.13623994143589
v -6.334373474121094 405.5840787499591 94.17643824007214
v -6.267280578613281 404.29488058673974 94.13623994143589
v -12.042961120605469 271.08923669273554 88.88142031607019
v -23.94939422607422 271.1755869292031 86.40871192387567
v -25.01287078857422 427.9657416370351 91.57864223941465
v -33.02562713623047 428.06252711802273 88.80711263072308
v -35.40802764892578 271.3177137234965 82.3388027972268
v -40.64301300048828 271.4123726991398 79.62789899602724
v -61.39653778076172 428.69884459960224 70.58534009875649
v -46.20543670654297 271.5129821615111 76.74745652436113
v -56.14043426513672 271.75771250728235 69.73881938812762
v -65.0279769897461 272.04739703442004 61.44348980466947
v -67.24779510498047 428.9129971390416 64.45244709547183
v -72.70250701904297 272.376622779798 52.015949292754534
v -65.0279769897461 276.2922451291249 -60.113379282957474
v -61.39653778076172 433.1998095251065 -58.30550599856735
v -54.98847198486328 433.3935800115719 -63.85475011472285
v -56.14043426513672 276.5819299891409 -68.40872793699695
v -47.87482452392578 435.47073465615506 -68.38163482833913
v -48.010337829589844 276.78221504961925 -74.14408970770899
v -46.20543670654297 276.82669058153976 -75.41734928416022
v -33.02562713623047 433.836127006686 -76.52727853053393
v -35.40802764892578 277.02192850662414 -81.00869608963107
v -25.01287078857422 433.9329127539762 -79.29882339569056
v -23.94939422607422 277.1640555672201 -85.07862047274502
v -79.59937286376953 276.9225130617822 22.12675593493436
v -79.59937286376953 278.41289377601186 -20.552368673811873
v -58.246803283691406 275.63177718221374 59.08796249624117
v -21.263084411621094 274.8865868583867 80.42752289355614
v 72.04718780517578 270.9811238250262 51.37725846309245
v 58.42578887939453 275.63177718221374 59.08796249624117
v 40.12689971923828 270.15331805194984 72.7023590726431
v 23.91529083251953 270.7035201404867 79.57044459959603
v 79.77838897705078 278.41289377601186 -20.552368673811873
v 21.44208526611328 280.4487893999015 -78.85313235092256
v 19.979896545410156 265.9367930441761 -35.781768359477255
v -6.290885925292969 269.7501040684328 -59.020094411025944
v 7.439552307128906 261.6809595046575 -57.17974792647415
v 21.841041564941406 269.6489350459205 -56.12333231517615
v 20.885414123535156 261.1847121045889 -42.96950850965782
v -3.3717267513275146 267.1883269186 -48.57467967976997
v -16.384300231933594 261.41317062732 -49.51106570417849
v -35.724525451660156 266.8147117125777 -55.16389166034292
v -24.020912170410156 268.76849892380864 -41.88305399164931
v -69.92365264892578 414.10846349304927 -38.11431562863355
v -64.88774871826172 414.3595850721676 -45.30550147180637
v -65.95613861083984 414.3968719172534 -46.37325828524768
v -76.03913116455078 410.655298673278 -30.089787102305575
v -68.7192611694336 414.2669124628559 -42.652440771038165
v 77.5190200805664 406.48360363429083 -23.208483106234315
v 77.45404815673828 406.48972626163425 -23.384386471543074
v -80.24100494384766 388.81300208072616 29.239685694179585
v -78.81134796142578 391.2529121442077 33.592350560177586
v -73.97937774658203 391.32965162163623 41.111026462028775
v 61.521095275878906 387.670601880825 61.95363527867326
v 65.32849884033203 390.83526926578634 55.26862470039916
v 64.73542022705078 263.13009401218136 50.34970555388458
v 16.57318878173828 388.4375569697107 85.54115818112362
v 21.44208526611328 379.82262065093187 84.09197159096688
v 21.44208526611328 274.8865868583867 80.42752289355614
v 8.360008239746094 262.03804695460315 81.62153473894595
v -16.215675354003906 261.9066056313682 79.62708520058456
v -8.256889343261719 389.7332085365208 86.82736353097022
v -18.809425354003906 386.81360856438334 86.49491811771225
v -31.85332489013672 262.07783879883567 74.72376347727831
v -65.14949798583984 264.412323491282 50.853838334797274
v -61.67511749267578 389.3499136596771 59.41410559996777
v -58.246803283691406 380.56781097475886 62.752411193651895
v -39.21996307373047 262.20396415235126 71.1124385717162
v -73.97937774658203 264.90670584713183 36.696240096426884
v -69.92365264892578 264.6516863663778 43.99882507377632
v -65.14949798583984 390.83526926578634 55.26862470039916
v -64.88774871826172 390.82351076149087 55.604785840202226
v -81.55558013916016 265.0209381506136 -3.7975271777356845
v -77.2750473022461 267.1746638241996 -28.249375668277747
v -79.59937286376953 403.8325750265409 -16.1726160214431
v -77.34000396728516 406.48360363429083 -23.208483106234315
v -77.2750473022461 406.48972626163425 -23.384386471543074
v -73.97937774658203 267.4426878319943 -35.92453403663517
v -75.57906341552734 406.63696712113074 -27.60039635242695
v -69.92365264892578 267.6977068467188 -43.22709231517072
v -74.60391998291016 410.80982296338647 -29.615353594358
v -65.14949798583984 267.9370699881172 -50.08212083265676
v -63.24835968017578 414.088371028153 -47.344759418172
v -61.67511749267578 413.1552987664735 -49.20833917290339
v -59.705909729003906 410.6895723652294 -51.44199314284626
v -59.705909729003906 268.1583898436084 -56.41929226762908
v -59.29308319091797 409.50896870015583 -51.90864866376808
v -58.246803283691406 279.7035990760745 -57.51357195360759
v -46.61168670654297 267.21810688496294 -66.71602589838301
v -23.66808319091797 276.0974397762016 -78.32101400810434
v -16.517616271972656 268.99495681298697 -80.37613723007644
v -16.517616271972656 413.99296822363425 -75.3126973237294
v -19.966148376464844 410.38134323932377 -74.65223960807053
v -21.263084411621094 405.3726341308485 -74.49069714669282
v -21.263084411621094 280.4487893999015 -78.85313235092256
v -1.3602826595306396 332.05594051392904 -79.85106049329444
v -5.510490417480469 337.45558416411683 -79.48485632193207
v -1.3586194515228271 342.86795404313625 -79.4735332306599
v -16.386390686035156 414.05007787825264 -75.33557648292054
v 0.08950066566467285 343.05882349951463 -79.47957954609275
v 1.5444414615631104 342.8661521824419 -79.47347311557488
v 16.696327209472656 413.96954576557414 -75.31201499464723
v 16.57318878173828 414.0676550569859 -75.33536886936163
v 14.201835632324219 415.0802259353511 -75.74781359911341
v 5.689506530761719 337.45558416411683 -79.48485632193207
v 1.5402758121490479 332.05621486399775 -79.85104044338277
v 16.656166076660156 268.23853858276567 -80.2055814929004
v 20.14514923095703 410.38134323932377 -74.65223960807053
v 21.44208526611328 405.3726341308485 -74.49069714669282
v 39.762916564941406 267.37097887325695 -71.09377014936237
v 59.88489532470703 268.1583898436084 -56.41929226762908
v 58.42578887939453 279.7035990760745 -57.51357195360759
v 58.42578887939453 404.6274437404458 -53.15113293526158
v 59.88489532470703 410.6895723652294 -51.44199314284626
v 61.854103088378906 413.1552987664735 -49.20833917290339
v 65.16959381103516 267.1832219391878 -49.98536876056129
v 63.43494415283203 414.09120217951113 -47.335591484982345
v 76.21814727783203 410.655298673278 -30.089787102305575
v 70.1026382446289 414.10846349304927 -38.11431562863355
v 75.75806427001953 406.63696712113074 -27.60039635242695
v 80.97187042236328 407.9051843365031 -17.34407867666746
v 73.97797393798828 266.69005208524476 -35.86226236585452
v 65.0667495727539 414.3595850721676 -45.30550147180637
v 80.98554229736328 264.56287341980897 3.5616665023470633
v 79.77838897705078 276.9225130617822 22.12675593493436
v 78.33780670166016 390.3463295630629 30.880898412638842
v 79.77838897705078 381.85854688761515 25.79120272528695
v 74.15839385986328 264.90670584713183 36.696240096426884
v 70.1026382446289 264.6516863663778 43.99882507377632
v 74.15839385986328 391.32965162163623 41.111026462028775
v -81.04827117919922 381.8449987785888 26.179180352574118
v -81.04827117919922 276.9089649527558 22.51473356222153
v -61.343589782714844 387.6728563544387 61.95212562764606
v -64.31316375732422 390.37351476094756 58.6844909196803
v -59.307472229003906 275.594777917191 60.14798694491533
v -65.95613861083984 390.78622424928324 56.672523583062194
v -73.1120376586914 273.9620584949257 42.94649255237474
v -68.7192611694336 390.916153124175 52.95170935036377
v -76.04035186767578 391.35870411382797 40.27895208757656
v -77.88306427001953 391.50718184191805 36.02705439647471
v 59.48645782470703 380.5308117763118 63.81243182820978
v 59.48645782470703 275.594777917191 60.14798694491533
v 79.02368927001953 276.66504983616994 29.499398273340677
v 81.2272720336914 276.9089649527558 22.51473356222153
v 81.2272720336914 381.8449987785888 26.179180352574118
v 80.41938018798828 388.81513055064795 29.241897555420337
v 78.99442291259766 391.25014665772136 33.5811693062032
v 78.06208038330078 391.50718184191805 36.02705439647471
v 76.21936798095703 391.35870411382797 40.27895208757656
v 68.89826202392578 275.9862139290046 48.938263585427265
v 68.89826202392578 390.916153124175 52.95170935036377
v 66.13513946533203 390.78622424928324 56.672523583062194
v 64.49976348876953 390.37699785543674 58.67554384513406
v -21.65129852294922 379.7720727775654 85.54000227280022
v -21.65129852294922 274.83603898502025 81.8755535753895
v -7.231575012207031 274.7473058418318 84.41658253128567
v 18.98627471923828 386.8157957753097 86.49551332626022
v 14.591743469238281 389.36805603291054 87.47696583831143
v 22.04468536376953 273.52100514058145 81.95330766160494
v 12.016426086425781 389.69579395677624 87.89894102370248
v 7.456413269042969 272.49831106115556 84.86219464588062
v 7.410591125488281 389.67724510357783 88.43002448210589
v -7.231575012207031 389.67724510357783 88.43002448210589
v -11.837440490722656 389.69579395677624 87.89894102370248
v -14.401100158691406 389.3711626475639 87.47909557589485
v 72.9214859008789 312.45377238026697 64.8313041031532
v -35.13880157470703 261.6809595046575 -57.17974792647415
v 0.08950066566467285 261.3268962417983 -47.04095419255782
v -29.029884338378906 261.22261259052505 -44.05493461183677
v -8.665153503417969 437.3686897899578 98.10294714884735
v -17.03772735595703 437.4670268824662 95.28624120573302
v 42.292152404785156 437.7114289038783 88.28767067342314
v 62.541664123535156 438.28251305305974 71.93384146188765
v 82.41117095947266 439.25630587873445 44.0479725463915
v 85.61206817626953 439.40277730546006 -23.18259012486126
v 49.88251495361328 443.27235247970674 -70.95643363721202
v 56.032875061035156 440.8524421025062 -64.69542907461333
v 34.319618225097656 443.5523798422987 -78.97478615240952
v 25.586280822753906 441.40022303605883 -80.38218972834032
v -15.863075256347656 442.73371067474545 -84.21178008833766
v 47.86853790283203 438.07282463296184 77.93863429518518
v 46.00843048095703 262.966416823945 55.03697405009632
v 47.369911193847656 262.71780450481475 56.39790134160162
v -8.105125427246094 261.86326015941967 80.86882741145662
v 42.27875518798828 262.89546705347504 51.30984542273407
v 0.08950066566467285 261.84874626310636 81.28415708011487
v -24.158912658691406 261.9784072190347 77.57169744574057
v -53.16020965576172 262.7116958416602 62.33120114761052
v -80.8065414428711 264.53242340222846 4.433586857035489
v -79.97643280029297 264.24754552068794 12.591684657673866
v 53.339210510253906 267.04119816145766 -61.65017318728629
v 11.849205017089844 266.4009673326923 -43.31611664616875
v 8.360008239746094 267.71484698193905 -80.94050296450544
v -8.181007385253906 267.71484698193905 -80.94050296450544
v -8.718223571777344 309.7391877462296 106.97116282379434
v 105.08951568603516 372.88883911877855 -5.320861077372006
v -9.338005065917969 368.89537230838494 109.03693813535264
v -81.93488311767578 312.32544207401094 68.50600044731564
v -62.701576232910156 312.1033556108405 74.8661074003824
v -66.37853240966797 291.7947373116235 83.35490022801042
v -64.96431732177734 317.5077550460122 -79.89593802270342
v -97.9104995727539 329.66997311280835 10.637208021824463
v -97.9104995727539 334.90658703339795 -6.49090044631715
v 21.830299377441406 405.42321198453993 -75.93869678299086
v 21.830299377441406 280.49936725359294 -80.30113198722059
v 18.98841094970703 412.5141934346567 -76.4001411570771
v -5.510490417480469 337.5080590183376 -80.98732791248504
v -7.277412414550781 278.3756953131955 -83.44360084928073
v 5.689506530761719 337.5080590183376 -80.98732791248504
v 7.410591125488281 415.50585073008057 -78.13074011371003
v 12.016426086425781 415.4873020100335 -77.59966428353916
v 14.580116271972656 415.13417317505076 -77.2034918070557
v 0.08950066566467285 343.111147562619 -80.97865817098206
v -7.231575012207031 415.50585073008057 -78.13074011371003
v -14.412742614746094 415.1309652109787 -77.20156385753435
v -21.86566925048828 279.1929803471685 -80.47045700528531
v -11.837440490722656 415.4873020100335 -77.59966428353916
v 81.2272720336914 278.4264421513408 -20.940361557564117
v 81.2272720336914 403.7895391595341 -16.562584743912137
v 77.1509780883789 406.6564403302798 -28.158206869738557
v 73.29105377197266 276.9119475465471 -41.52787968519351
v 68.89826202392578 414.2669124628559 -42.652440771038165
v 68.89826202392578 279.3491623292837 -47.36387304279368
v 66.13513946533203 414.3968719172534 -46.37325828524768
v 64.4921646118164 414.1255066826685 -48.40910038125204
v 61.52259063720703 411.6593680887794 -51.857160829888464
v 59.48645782470703 279.7406287874518 -58.573592055560304
v 59.48645782470703 404.6644735183987 -54.211156851330564
v -59.307472229003906 404.6644735183987 -54.211156851330564
v -59.307472229003906 279.7406287874518 -58.573592055560304
v -78.73294830322266 406.50307710974255 -23.766308880010996
v -80.95809173583984 406.408215440277 -16.80514465813294
v -61.34209442138672 411.65719978533684 -51.858839247456764
v -64.32074737548828 414.1283380337536 -48.39994389041119
v -68.7192611694336 279.3491623292837 -47.36387304279368
v -76.04035186767578 278.90661113990376 -34.69110433765768
v -76.97199249267578 406.6564403302798 -28.158206869738557
v -81.04827117919922 278.4264421513408 -20.940361557564117
v 93.9922866821289 436.4511851427036 17.259500939382164
v 64.9524917602539 428.30930809470794 74.86313645472543
v -90.8046646118164 431.78171498626443 19.24224757115003
v -80.85846710205078 434.8573849498979 -42.58396678752949
v -87.40457916259766 434.5120734050698 -29.559487122163716
v -22.879066467285156 429.9673356985613 95.34998148008756
v -69.44019317626953 430.5442032737195 66.40176757361387
v 39.86438751220703 430.11954662746115 89.23001698407403
v -30.547447204589844 440.2723362140628 -83.02266044036048
v -76.85150909423828 439.5126991608944 -48.52245034264091
v -82.69017791748047 271.70226399864896 30.726575070322976
v 73.80863189697266 436.53769208369005 58.8622032489519
v 72.84308624267578 440.0663119157471 -42.183747643775575
v -33.395301818847656 435.548507064095 87.18923882847092
v 12.838523864746094 279.1597760089273 124.28015685942934
v 12.838523864746094 289.0970077118672 93.27085356567882
v 11.539497375488281 314.325585163538 94.32484650144863
v 12.289512634277344 289.5762852911267 147.24791118704138
v 12.600166320800781 260.85357690086494 149.50600792843102
v 12.838523864746094 248.1800208102658 119.8229436881104
v 12.838523864746094 162.66551365028693 132.80724165783818
v 13.039482116699219 168.48929169294107 121.97894007565932
v 13.039482116699219 165.04957112982947 162.74899357822994
v 12.600166320800781 161.54102980191487 159.1929567920341
v 11.539497375488281 138.97683342742198 158.5651596718945
v 13.039482116699219 139.831869071636 134.08007604917503
v -11.496391296386719 139.09897915905717 155.06729272438633
v -12.521156311035156 160.19398337665137 158.86648038592375
v -12.210502624511719 165.86150256553063 130.7233892303974
v -12.960502624511719 289.84755805173046 93.26860179050861
v -12.210502624511719 309.0821720532914 126.58856915465437
v -12.960502624511719 312.83353675020066 94.0712900208911
v -12.521156311035156 267.5794441567985 152.5002503436413
v -12.960502624511719 266.3596195183978 128.75949480613232
v -12.759529113769531 236.89362622452583 108.1644765046924
v 12.925315856933594 284.1330848870469 216.2791659507698
v 6.801612854003906 298.98524424626714 212.9628087917213
v 12.925315856933594 325.7708773479287 197.84785656548928
v -12.960502624511719 284.0116315544937 215.7181687409968
v -12.846321105957031 316.12056479089773 204.02446180875216
v -1.7854688167572021 304.0050172981306 211.0080802327507
v 0.03949761390686035 304.25086813178126 210.9052385589187
v 1.8625872135162354 304.0055705254121 211.00786097266774
v -6.022682189941406 355.26259705314965 168.4789804079713
v -12.846321105957031 362.1323084058719 154.3459274131485
v 12.925315856933594 350.2950495806101 173.93257458780832
v 3.5394976139068604 352.5614437690816 172.41321191130345
v -6.022682189941406 362.7289503011329 155.24684306440543
v -12.846321105957031 371.9031955652429 121.51447375792665
v -4.992912292480469 364.20766004009226 152.03291805771605
v -3.4605023860931396 365.51236982253965 148.95496935248522
v -2.043617010116577 366.193331842118 147.24068631273866
v -1.0930707454681396 366.4408460335776 146.5966535471661
v 0.03949761390686035 366.5424911794023 146.32876389593764
v 5.071037292480469 364.20864508740743 152.03069186811052
v 5.999992370605469 362.66271175683437 155.3083489979507
v 6.532112121582031 361.77717936090517 157.1858499568879
v 13.039482116699219 372.7969998120336 96.1652653304184
v 13.039482116699219 272.76227175611405 217.5610004083564
v 12.925315856933594 249.94148760551718 218.3549824073218
v -12.846321105957031 249.94148760551718 218.3549824073218
v -12.521156311035156 187.185801210385 192.5325146560502
v 12.113533020019531 186.9757340130913 192.7807020739882
v -11.460502624511719 139.88420799175157 132.58102057528592
v 13.039482116699219 180.68152179970664 108.31870214834892
v -12.210502624511719 196.94788636687113 98.84897269092667
v 13.039482116699219 227.70663219111918 102.20094120545622
v -12.960502624511719 187.4234011787573 103.93709300632734
v -12.759529113769531 171.48562326280683 175.78614010017927
v -12.759529113769531 207.2328772156069 192.7143059829705
v 13.039482116699219 201.70753993207938 192.88073354031997
v 12.289512634277344 217.95462946637164 191.43017670471338
v -12.759529113769531 228.41536497074352 188.75099027550942
v -12.960502624511719 236.11764849829228 185.76000389278136
v 13.039482116699219 236.11764849829228 185.76000389278136
v 1.8684465885162354 305.167104549777 177.69958845597924
v 12.289512634277344 303.1975481914128 178.94389263064434
v 0.03949761390686035 305.4150733294594 177.5663378297918
v -1.7794568538665771 291.4403388487283 183.48974434201
v -12.759529113769531 325.154049841845 163.6765982967158
v -12.759529113769531 264.35188008557043 187.97569185273886
v 13.039482116699219 271.12464722272114 188.66598903992352
v 12.838523864746094 314.9502358810348 172.45404715147083
v -12.759529113769531 343.24561653798787 135.54280329369234
v 12.289512634277344 346.4602010710738 122.50780127802778
v 12.289512634277344 348.5091713311251 95.42096604529888
v -12.960502624511719 349.81098678651705 95.3625765008551
v -12.521156311035156 373.85485849305655 96.26382827608138
v 13.039482116699219 261.38388875173325 218.25182294453475
v 12.925315856933594 305.8928259974794 209.18900437791524
v -12.846321105957031 366.4989976772757 143.75301231049218
v -12.960502624511719 271.12464722272114 188.66598903992352
v -12.960502624511719 244.2296717334976 185.55665283878065
v -12.960502624511719 238.78890469107233 185.13856034269313
v -9.473930358886719 160.70429616020328 153.43985242870855
v 10.039497375488281 150.45580948116748 144.80739114155108
v 6.896659851074219 160.24642504175893 136.3868753088246
v 10.039497375488281 147.20623081386756 147.83770281539657
v 2.0313494205474854 359.700967071548 108.71586412917382
v -6.960502624511719 360.6408946088728 114.7523449215078
v 6.101676940917969 364.138776812846 114.87449091944558
v 45.971412658691406 437.72211584572415 85.80089854381598
v 92.53531646728516 431.41432657859286 13.203834880192462
v 77.57971954345703 427.31438389869766 70.83031924332441
v 100.6882095336914 429.8888155188704 -2.891604183668743
v 9.078514099121094 426.064262021001 106.62933025273013
v 66.57950592041016 434.277874893058 -57.829297467741895
v 18.78394317626953 443.6247697070303 -83.22866437470456
v 64.86734771728516 432.2794578639973 -71.35108210972041
v -8.899528503417969 433.0859539924237 -94.44548941155028
v -31.172889709472656 432.6985045157159 -83.35049437713627
v -77.40071868896484 431.8358011357674 -58.64645223593587
v 18.159095764160156 432.8800931911883 -86.70852391779091
v -100.50920867919922 429.2613697735753 15.07545641135675
v -93.22510528564453 429.92074802105185 17.722485788419988
v -80.51667022705078 427.4512156779034 66.91163163124396
v -87.74764251708984 430.8196413746676 -29.546923554204177
v -90.45079803466797 429.5195708716419 31.081520201511072
v -64.68834686279297 426.87072776964857 83.53491479006254
v -32.259925842285156 431.2453628485847 92.64834102604972
v -13.875434875488281 426.08411234245455 106.0604066891843
v 25.61762237548828 437.4191704900328 94.47649055331735
v 66.22919464111328 442.76489856714363 -56.4241704976654
v 49.22364044189453 443.25395468392736 -70.42875840093733
v 58.60041046142578 442.75374263836454 -64.49665866987857
v -25.11858367919922 443.56864922486017 -81.62225193097596
v 7.815925598144531 443.68060926670205 -84.8277258652929
v -91.7579574584961 438.1379146660438 -2.743517059686967
v -54.769371032714844 443.05597068895224 -66.94105139990074
v -83.1341781616211 441.33826743467057 -33.25896362755417
v -89.70081329345703 441.1390265614689 -12.046959459741107
v -90.43115997314453 439.984475049759 21.015163488700214
v 3.761406183242798 437.3846560787939 97.6463767811505
v 14.804725646972656 437.33410867299347 96.91210640715815
v 35.90723419189453 437.63749976694095 90.40549265947567
v 82.44818878173828 440.7324689990527 -40.231085521729014
v 67.0984878540039 442.79376604833647 -57.25089145069181
v 85.49625396728516 436.98400192347924 47.36250366503869
v 88.92371368408203 440.12934724043805 -26.317191955662835
v 91.9870376586914 439.7043374148226 -16.38224695543558
v 92.40702056884766 439.63845780886595 -14.837493791390168
v -35.571800231933594 443.4400049745848 -77.93831283200396
v -79.36980438232422 438.8960751180822 52.182966002969906
v -66.0973892211914 438.2781788881936 69.87746812759146
v -57.95769500732422 438.0155985681863 77.39638476252301
v -7.274162292480469 437.3924630667741 97.42293774126414
v 71.16126251220703 438.47097469952314 64.35608523732891
v 89.46512603759766 439.9176550642295 25.110816327867035
v 91.33155059814453 440.3438793465854 12.90478608935652
v 91.65375518798828 440.5959001410257 5.6883134929315045
v 90.74890899658203 440.1638440772783 18.060579012136593
v 90.36783599853516 440.08139838328225 20.314842167557195
v 46.420753479003906 440.43027976076496 10.430951635174296
v 63.38727569580078 438.2721589402454 72.2315118804819
v -1.5664136409759521 442.1901989700648 -39.96638082976778
v -12.639411926269531 442.1292380884444 -38.220802846271155
v 91.40229034423828 440.3992141425136 11.320653556648022
v -45.50377655029297 443.26827684663783 -73.02062377943845
v -39.09563446044922 441.44213540604494 -18.544397620572582
v -77.27396392822266 442.2093464861292 -42.696549757760195
v -84.30852508544922 439.24239046684403 42.26597558566582
v -45.84258270263672 440.3155460934999 13.716638689439513
v -37.21430206298828 439.5995422047025 34.219948366669286
v -73.26970672607422 438.5731117396066 61.43184332721303
v 37.39331817626953 441.5372353613219 -21.26832480765183
v 20.21918487548828 442.0312880612997 -35.41578015977321
v 39.743934631347656 443.3772060997422 -76.13989480341023
v -3.265022039413452 443.6898366696106 -85.09232222626514
v -43.94837188720703 441.08946968937926 -8.445451058803801
v -86.80835723876953 441.5124482311379 -22.740483923763307
v -29.486671447753906 439.3161359893346 42.33570128160926
v -48.96959686279297 437.7892428498692 83.87867397494335
v -20.040184020996094 439.10551965148886 48.36742522903533
v -39.264427185058594 437.60238252446334 89.22962897304355
v 12.818412780761719 439.00756962434406 51.17244791553327
v 55.21485137939453 437.9355881473824 79.68774154768143
v 32.144630432128906 439.39278230386833 40.14090006943978
v 99.75513458251953 444.59932082210025 -2.0180329531305725
v 79.76258087158203 446.4094745516061 -53.8541871953783
v 70.29401397705078 447.0735469699172 -65.19224002340702
v 13.648979187011719 447.7572303820074 -92.44885608475178
v -1.2584912776947021 447.1322897960476 -95.5282860131695
v -67.48682403564453 446.24137693642126 -70.01598501125905
v -75.3497085571289 445.94369448507183 -61.49152351014082
v -100.5080795288086 444.65302993537665 4.121935283549366
v -100.3592300415039 444.5253079501606 7.7792671107022695
v -71.20316314697266 441.011954450454 79.73492322582102
v -13.469963073730469 440.8390575633157 105.66101006732517
v 1.4374926090240479 440.0008617974423 108.68929270743091
v 67.66584014892578 440.8917742576147 83.17701459021808
v 77.33478546142578 441.30963956482935 71.21030916005203
v 100.68708038330078 444.47887195815724 9.108885619591767
v 98.29068756103516 444.1068988362674 19.76138964978989
v 49.277809143066406 444.16688747276305 18.04353367694241
v 99.55359649658203 444.22687875564066 16.325526092973252
v 38.195533752441406 443.556869634534 -21.795176919734132
v -41.98314666748047 443.59117846006455 34.529426234510886
v 75.33283233642578 446.8887553409102 -59.90034757773382
v 72.98694610595703 446.9869010311576 -62.71133394426056
v -14.186271667480469 442.8754127142724 55.02608717691772
v 1.7810137271881104 440.9104978818154 53.98657425852309
v 100.53824615478516 444.6065936749903 5.45156916809507
v 9.807426452636719 444.18983965375514 -39.92134740777896
v 20.29035186767578 442.9506969554284 52.870849517838955
v -50.04340362548828 444.353829441196 12.689649970152995
v -47.438682556152344 445.16162304333875 -10.44236858984317
v -98.11168670654297 445.02503330181355 -6.530552838387371
v -41.98314666748047 441.59239739951215 34.45962567677085
v -23.46862030029297 444.00664785832123 -34.67564531885086
v -46.241783142089844 444.70409047258215 2.6602716648702764
v -37.21430206298828 443.5971043923829 34.35954566803309
v -9.628410339355469 442.9433113405539 53.082388429086784
v 29.66565704345703 445.81820366450677 -29.24447470005359
v -1.5664136409759521 446.1877611577452 -39.82678352840398
v -12.759529113769531 317.27069020688896 -122.31396840226327
v -12.759529113769531 281.89084289174633 -125.59194242012023
v -12.210502624511719 256.12317356797496 -120.35415360391949
v -12.210502624511719 265.64449265413475 -124.47575893583692
v -12.521156311035156 268.5090126944372 -146.26055077196415
v -12.759529113769531 181.60932072280488 -121.81940411255903
v -12.960502624511719 150.2496562325999 -164.24635938726294
v -12.960502624511719 158.94179314868103 -155.2734393254801
v -12.960502624511719 149.46566373589397 -141.7959445354503
v 11.539497375488281 175.3915535817306 -136.68481422828074
v 11.539497375488281 149.4133242831732 -140.2968585486311
v 10.039497375488281 158.94179314868103 -155.2734393254801
v 13.039482116699219 179.54882198504322 -174.1404102378407
v 11.539497375488281 294.77698603373324 -90.87284583627573
v 12.838523864746094 290.2546842068444 -120.00967536292997
v 3.5394976139068604 315.16282207652904 -128.44444002342846
v 11.539497375488281 320.7611668193182 -89.96545528314894
v 12.838523864746094 319.84346802715424 -113.17559625713312
v 12.838523864746094 291.00760505440496 -148.33719135808687
v 12.289512634277344 263.67211387759176 -134.5022178033463
v 3.5394976139068604 317.9208492929526 -207.42470756944317
v -12.846321105957031 299.14929310539065 -213.728831966091
v -12.960502624511719 309.7586047246556 -209.44139741548682
v 12.925315856933594 287.999120365701 -216.3653744498822
v 12.925315856933594 320.36144668180106 -205.13806688529422
v 0.03949761390686035 318.84319768748776 -206.96466212940803
v -6.746574401855469 368.44660301214435 -157.98209753959128
v -12.846321105957031 362.19613699696316 -166.8701858375901
v 7.039497375488281 370.0529088980534 -154.77236139914066
v 12.925315856933594 355.479121578805 -176.15247817149088
v 6.532112121582031 372.48210157274116 -149.36329758808722
v 6.101676940917969 373.2963080130884 -147.36262273557557
v 12.925315856933594 380.0951377797745 -113.07245395319262
v 5.071922302246094 374.54721589931864 -144.05337635773526
v 3.5394976139068604 375.6340522626124 -140.89192865297838
v 2.122612237930298 376.19376450135087 -139.13431878246445
v 1.1720812320709229 376.3957517027492 -138.47458046749122
v 0.03949761390686035 376.4784707832077 -138.20026789290765
v -1.0929486751556396 376.395781150469 -138.47451890902573
v -2.444099187850952 376.06933659561696 -139.53364589486338
v -3.4605023860931396 375.6340522626124 -140.89192865297838
v -4.992057800292969 374.54806109520734 -144.05108769888895
v -5.921012878417969 373.23452320233025 -147.42862196987952
v -6.453117370605469 372.48210157274116 -149.36329758808722
v -6.960502624511719 370.0529088980534 -154.77236139914066
v -12.846321105957031 339.3999610124083 -192.43789790110847
v -12.846321105957031 253.75865495261536 -217.3486465492186
v 12.925315856933594 265.18578331531745 -218.18468234839213
v 12.113533020019531 210.23141165836424 -203.40608967036292
v -12.034523010253906 200.58944425798308 -197.06496130937452
v -12.521156311035156 172.87374091545038 -165.33329337059635
v 12.289512634277344 178.73314694609718 -122.41636782250106
v -12.960502624511719 197.46755960419586 -106.98261019125299
v 12.838523864746094 224.059873832203 -102.29585741317489
v -12.960502624511719 230.52536790222103 -102.58445301303838
v -11.460502624511719 320.7611668193182 -89.96545528314894
v 0.03949761390686035 316.0443718576472 -126.81686849476404
v 12.838523864746094 234.6731912280331 -104.54146008692479
v 12.838523864746094 202.72170915700244 -105.31049591833246
v -12.960502624511719 184.50811402643265 -180.6895607146761
v 12.600166320800781 200.78168959724755 -196.80273138782363
v -11.460502624511719 220.77596627676309 -194.8358383137793
v -12.759529113769531 251.59679068923012 -185.09159216156135
v 13.039482116699219 249.1219182381338 -186.63340203492936
v 13.039482116699219 316.22248272032687 -176.27379195023832
v 0.03949761390686035 303.9141182641694 -180.60304668580991
v 12.289512634277344 270.7312757189601 -186.29868097564776
v -12.759529113769531 315.84170236101176 -175.6276596313913
v -12.759529113769531 344.2814823108877 -147.48152242719408
v 12.838523864746094 347.52049162935515 -141.57590415823
v 13.039482116699219 356.23249382793864 -88.52532174099906
v -11.460502624511719 354.74044528145 -88.77887059332407
v -12.960502624511719 379.2185068534552 -87.72263291143575
v 12.600166320800781 380.2806812807103 -87.74716708042568
v -12.960502624511719 265.19850540028165 -217.6108102918305
v -12.960502624511719 276.59311982292263 -217.2835705935237
v -12.960502624511719 287.8955923624999 -215.80076531391086
v -12.846321105957031 347.854112139169 -184.70451902678326
v 13.039482116699219 309.7586047246556 -209.44139741548682
v 13.039482116699219 298.98901449820903 -213.1776512230211
v 13.039482116699219 251.74330179151306 -185.8271385505423
v 9.552940368652344 171.63773736674176 -159.65256813050297
v -8.066612243652344 169.95743485999446 -143.18100218515366
v 0.03949761390686035 365.8806093647893 -101.1963245119032
v 6.800987243652344 370.1992340262846 -107.04919081482653
v -3.4605023860931396 374.4470479972243 -106.9008530433473
v -6.960502624511719 368.38859929740204 -107.11241658855353
v -105.83258819580078 291.86032453410706 14.139674402042509
v -92.11180877685547 317.14027810850854 13.722666922519418
v -125.9154052734375 263.9111617157172 12.614321770175541
v -151.88320922851562 272.4430959104844 13.223121811545976
v -115.07762908935547 248.90602313760166 12.840757915686972
v -128.84005737304688 310.85118624803516 14.253503311655866
v -139.15374755859375 301.0183047704916 14.660558747658547
v -148.70089721679688 285.0893721823068 14.104308097739837
v -162.43258666992188 144.24566822125502 7.685054233755121
v -155.43258666992188 144.41446760598325 6.690308210648292
v -178.02548217773438 177.83655308584548 10.35895682787301
v -148.2825927734375 155.28317472381332 6.5695625076396595
v -149.57424926757812 168.05368793133675 9.26690480306869
v -136.633544921875 144.2195061231272 8.43459736031604
v -129.14389038085938 168.9621013761975 9.29862800757261
v -133.7293701171875 171.12094872061417 -14.390476017899905
v -151.73257446289062 153.99053996552792 -13.487768254902619
v -162.23162841796875 145.0745418838486 -16.0504929371069
v -163.06503295898438 168.78043349363557 -15.533508457219407
v -170.04803466796875 174.76907031531746 -15.013537429762424
v -92.11180877685547 317.94298967297425 -9.26333712178168
v -92.11180877685547 291.9588088374576 -10.170724814321272
v -125.0529556274414 281.03726779655614 -11.851932091046299
v -123.42597198486328 258.5961411693579 -12.635592681301903
v -149.40960693359375 286.23508692659925 -11.670419272284276
v -209.400390625 310.73016661849795 -1.5103380468244116
v -215.04556274414062 291.18974288326535 14.203101724714417
v -211.212890625 306.12185240768906 8.597091204345409
v -195.17233276367188 332.1339732170103 15.632905482803823
v -208.97280883789062 311.54529076525756 2.0202600089881573
v -209.08392333984375 311.2402475774325 3.833808250495789
v -161.751220703125 362.5598670012512 10.591921429432595
v -167.56307983398438 359.1163065427446 8.328167265503774
v -168.81820678710938 358.3323494367428 7.156233410965031
v -179.45794677734375 349.66097298694524 -9.542384071388591
v -150.42794799804688 367.8332380960185 -8.907793951817036
v -164.7921142578125 360.80356610735714 9.80627205007192
v -153.27850341796875 367.3544720776837 -2.5274124003807614
v -151.30746459960938 368.2224435892224 -2.0664046579150828
v -117.27546691894531 376.4471286506644 -8.606990061686243
v -148.04388427734375 369.55132632172104 -0.9896014458822879
v -144.92227172851562 370.69362977187245 0.5836320182930281
v -143.18527221679688 371.2644813842072 2.02131593377938
v -142.53298950195312 371.45607684354854 2.979131828013479
v -142.26174926757812 371.50872340778244 4.114229422309287
v -139.68902587890625 370.92574896490316 16.987544161110588
v -148.0416259765625 369.2010261260717 9.068249836574068
v -105.83258819580078 376.1299738629401 17.169280389860624
v -215.04556274414062 292.0891510243062 -11.552835832301053
v -217.81094360351562 269.44045750481445 -12.457997309890597
v -217.07904052734375 245.72811889861214 12.615546610843458
v -214.69415283203125 235.42762994483186 -13.531499967305054
v -200.94061279296875 204.0745160122109 -14.626374646960675
v -143.43258666992188 145.50039235971207 -13.918304468781983
v -155.43258666992188 145.99540036698994 -13.76696503099095
v -123.5950927734375 174.85945773239507 -15.559742116051467
v -104.81572723388672 193.35099086409315 10.900732953300842
v -106.14705657958984 191.58293761274763 -15.176841161701645
v -100.3198013305664 227.74148196861884 -13.163700313930805
v -138.22933959960938 304.7938484520995 -5.219772143193114
v -130.37197875976562 310.73016661849795 -1.5103380468244116
v -103.0060806274414 230.84916851452158 12.210198668250326
v -119.09002685546875 177.00159219001907 10.128719153335762
v -128.6453857421875 172.84895428698502 -15.080589476411946
v -190.646484375 198.69901827431184 -14.177885383072992
v -186.3714599609375 257.0402743946278 12.92373088926592
v -184.22433471679688 245.4828527635005 -12.544158072957593
v -175.75540161132812 311.2384370924675 3.8396083013226727
v -186.3082275390625 283.85141254187215 13.859996865391869
v -181.76937866210938 298.3689206104147 5.062263945028415
v -177.06768798828125 309.8059981499704 -10.297943669156075
v -182.45925903320312 297.57974911418523 -10.724893815390008
v -138.35128784179688 344.4904712489972 15.428213005148347
v -91.9104995727539 353.4736934414948 -9.52349133782277
v -92.11180877685547 351.1195871168583 14.90925023789133
v -92.11180877685547 377.103741270205 15.816636510872325
v -91.9720687866211 377.50438250057414 -8.244707511196497
v -117.27546691894531 375.54772050962356 17.148947495329228
v -218.3843994140625 268.5626966193223 13.412948139431712
v -211.18338012695312 224.52772083656387 -13.91213334765962
v -139.68902587890625 371.825157105944 -8.768393395904882
v -217.29135131835938 280.8606110261279 -11.944945572455495
v -174.09332275390625 315.8644214709356 -10.635740589060397
v -159.3502197265625 166.08279803555553 -9.87121398656625
v -141.28836059570312 165.27739814833728 -12.469966950279288
v -104.9104995727539 365.73184781785494 1.919415002141427
v -109.9104995727539 305.76835416195274 -0.17455619153685697
v -110.9104995727539 370.69362977187245 0.5836320182930281
v -110.9104995727539 360.80356610735714 9.80627205007192
v 106.0115737915039 292.75719773365716 -11.542729759542281
v 92.11792755126953 292.75719773365716 -11.542729759542281
v 92.08948516845703 316.499727373537 -10.914703050817863
v 138.40835571289062 304.7973325036777 -5.3197021438695495
v 125.23197174072266 281.0407521144368 -11.951877348187807
v 152.4979248046875 273.230103067512 -10.924797015193606
v 104.3674087524414 231.28800906911312 -13.139919622044339
v 160.48379516601562 170.13897778366578 -15.824651778164734
v 162.611572265625 145.05184858083382 -15.400880077524999
v 148.46157836914062 152.10808157422358 -16.655385285712693
v 128.60113525390625 172.37033382701463 -15.746731199014256
v 136.61160278320312 144.249168328206 7.585078729986048
v 151.91159057617188 153.29603741042357 6.400118403997159
v 155.182373046875 168.05637372902873 9.716308491285165
v 92.29080963134766 317.1437934719246 13.622691685052933
v 92.29080963134766 291.1596126364079 12.715303992513345
v 115.45478057861328 315.3723447753052 14.860695313614306
v 116.13074493408203 290.1879388727221 14.182317816350185
v 149.56539916992188 265.44756677359686 12.39180470324207
v 107.2901382446289 241.6504252351746 11.736893247150595
v 213.37567138671875 300.84361778479354 7.612357260418147
v 215.22454833984375 292.0926658551171 -11.652780556837387
v 158.77850341796875 364.2721824089862 10.765724213091001
v 170.59475708007812 355.7976308279575 16.359221991505315
v 151.4864501953125 367.8027842370346 9.950623023846134
v 117.4544448852539 375.5512042948991 17.049032751117867
v 148.22286987304688 369.2035496468168 8.969141477187208
v 145.10128784179688 370.4528223268924 7.479437819691009
v 143.36428833007812 371.1225842538863 6.085062089069481
v 142.71200561523438 371.3804900698552 5.142958478535133
v 142.44073486328125 371.5122379722907 4.014299954238029
v 142.71194458007812 371.45958953353625 2.8793097511534125
v 92.08948516845703 376.4631905185895 -8.820732508935889
v 143.759033203125 371.1437600194578 1.5163068799687935
v 145.10128784179688 370.6971138234506 0.48370201761659337
v 148.22061157226562 369.5557105736342 -1.0886453731296055
v 170.59475708007812 356.6970395016035 -9.396746078440307
v 187.91769409179688 341.7504726240993 -9.918692164351397
v 218.49237060546875 257.1156654545752 12.913172745064415
v 217.258056640625 246.63102661399876 -13.240335937010935
v 214.87313842773438 235.43111426271258 -13.631445224446566
v 186.95245361328125 185.2159932601374 10.402380459573434
v 211.36236572265625 224.5312051544446 -14.012078604801129
v 178.20449829101562 178.74742709136956 -15.725119631341947
v 155.611572265625 145.50387667759279 -14.018249725923495
v 143.61160278320312 145.50387667759279 -14.018249725923495
v 107.69840240478516 189.4610352511293 -15.350991624753595
v 102.7740249633789 194.93228033508205 10.105459044222455
v 108.3635025024414 241.80035924850097 -13.523262725542262
v 92.29080963134766 317.94647372455245 -9.363267122458115
v 134.31076049804688 307.78537114203067 7.742227712083432
v 191.33901977539062 197.6342105142481 10.749188825908753
v 189.65762329101562 234.586251119032 12.039582533569725
v 186.39968872070312 242.16783787882255 12.505418826299008
v 180.195068359375 303.8076180436524 -10.607478539845166
v 170.94186401367188 320.9015250710171 15.254859316687618
v 184.55953979492188 290.3236547884407 13.436599367061882
v 184.22314453125 248.48559159828358 -12.539367376011127
v 185.91336059570312 250.26289213835233 12.788104155308227
v 186.55047607421875 257.9371170812477 -12.75867380492405
v 126.01801300048828 350.23214013979526 -9.535660159707842
v 92.08948516845703 352.56981780239846 16.3607399555805
v 92.09674835205078 353.08754775133394 -9.585926015464555
v 92.15106964111328 376.6311575727832 16.76135154332899
v 218.56338500976562 269.4655890948878 -12.442935628254332
v 185.68539428710938 244.81415010702574 12.597829613826203
v 156.73114013671875 165.84074635066983 6.351305125252871
v 147.31161499023438 153.99402428340863 -13.587713512044129
v 105.08951568603516 362.21790285544574 3.6897349833953337
v 110.08948516845703 306.5838222391542 0.5962549458022077
v 111.08951568603516 370.6971138234506 0.48370201761659337
v 111.08951568603516 357.695869751309 5.3446482180092225
v -144.54278564453125 281.1510489118987 130.9125000068165
v -129.52792358398438 279.4593626017062 149.0836653191874
v -115.31111907958984 253.10702238037976 133.93795986429402
v -133.69589233398438 253.74862987323147 115.56437817755103
v -145.71493530273438 269.5146726631768 161.3956242975991
v -154.03778076171875 270.2887724415077 136.60401249379967
v -139.30838012695312 244.27085348783768 120.95707099932892
v -127.27593231201172 210.67897899380668 144.23885220444473
v -82.4605941772461 305.27068797538345 102.88901497967714
v -97.65071868896484 302.8691642368265 114.46686218935197
v -69.79061126708984 296.98566481484715 89.92199661933215
v -78.76441192626953 257.4860324234785 97.33232575768442
v -84.75521087646484 263.98823186703646 103.74341971454166
v -61.708900451660156 206.98164420431894 78.50276046059216
v -119.83082580566406 239.3452506583055 137.79025898245234
v -70.73741912841797 242.95399404122523 88.27502774760647
v -61.63800811767578 215.7864590689941 78.73929402984956
v -87.45032501220703 299.90974557183375 70.9026196097105
v -88.51097869873047 305.7917023849252 72.16930808100723
v -104.55362701416016 262.72408125778963 86.71779522613063
v -98.1492691040039 263.8990550179796 81.0580875382117
v -83.15177154541016 233.00099430986938 64.97246968278168
v -122.44466400146484 254.88015116845978 105.05336552305084
v -145.1806640625 220.17820877295924 125.88387384716239
v -86.93682098388672 183.24564177871508 66.50439204002426
v -86.2857894897461 243.15655809484878 67.86323034627094
v 124.15555572509766 268.8909974497512 142.87685324779224
v 148.23309326171875 280.1058938120683 130.56876773000857
v 139.55831909179688 245.23272286289227 120.86048568024472
v 109.71595001220703 257.63618620993617 128.03543857542886
v 158.74386596679688 270.01469543335077 140.73352512742153
v 145.23690795898438 269.58063987169896 161.8112981217862
v 127.1513442993164 201.99824825414686 142.8309735858895
v 88.49579620361328 297.63222667129077 71.40709193452598
v 130.01394653320312 280.63775686829183 145.6113621983968
v 160.88458251953125 270.0378431873399 146.41410032082214
v 144.86318969726562 281.15598828532814 130.7711614859856
v 88.8313980102539 305.7966416252033 72.02797718840891
v 113.5502700805664 304.0016278318576 97.17318621925978
v 111.02738189697266 298.0203444732674 97.50361743410141
v 95.9231948852539 251.55780627380196 77.93758758417331
v 111.50516510009766 263.38879793524535 93.2346840346031
v 126.01935577392578 253.57547907395931 107.60456992643181
v 141.82156372070312 232.55850594483059 122.68252109134569
v 78.9433364868164 221.45991613445878 59.60325540968885
v 84.81702423095703 237.25646414973107 65.61771322092002
v 146.4022216796875 201.47998597484192 127.40612723470123
v 145.79165649414062 211.31892351808813 125.91332925881335
v 79.7922134399414 196.9379447845926 60.05540370790583
v 70.4466323852539 305.1550186095839 90.40157386531438
v 81.86649322509766 284.3634476444374 101.10233715640149
v 118.06244659423828 242.69431114464277 135.6756565908689
v 86.48926544189453 262.08739801505357 104.95003049750761
v 63.62116241455078 228.75172463257869 80.9038794427308
v 157.11160278320312 141.18643187551487 9.329259351707481
v 143.61160278320312 164.85950561652254 6.603804179412704
v 134.695556640625 143.62906919910463 11.0155395962471
v 158.5667724609375 166.505992652981 -11.794918788564184
v 138.93408203125 144.90091691149397 -25.405635924933648
v 157.11160278320312 142.2334191641125 -20.652451201569537
v 163.29074096679688 145.15876034643588 -22.30136275614888
v 163.20486450195312 144.048634439331 13.327701401182143
v 141.33660888671875 141.17917702449108 9.536804041374142
v 134.56161499023438 137.13303067741185 10.788692074472786
v 157.66159057617188 136.88872394103248 17.784426656715546
v 164.66159057617188 138.1835020009437 -19.2929475259516
v 160.78012084960938 142.1026319386042 -20.74603180438276
v 161.66159057617188 137.13303067741185 10.788692074472786
v 137.56158447265625 138.1835020009437 -19.2929475259516
v -134.88259887695312 143.9913686695918 11.128288838989816
v -158.54110717773438 165.16570879466408 5.1688232152719555
v -156.1575927734375 141.17569270661036 9.636749298515651
v -140.86972045898438 166.50143638796436 -12.089950811044389
v -159.1649169921875 145.2609713067714 -25.22809093746681
v -141.93258666992188 142.22991958976667 -20.552506210730616
v -161.662353515625 143.43546951573964 16.559369952342987
v -164.48257446289062 137.12953057046087 10.888667578241856
v -141.38259887695312 136.88523909054658 17.884402426787204
v -164.48257446289062 138.18001821566816 -19.19303278174024
v -134.38259887695312 138.18001821566816 -19.19303278174024
v -159.07156372070312 142.15252182109754 -22.174726694971614
v -161.48260498046875 138.18001821566816 -19.19303278174024
v -157.48260498046875 136.98993378505835 14.886200206521135
v 235.0321044921875 264.45144646726226 94.46997068319868
v 194.05584716796875 294.43333267877574 50.27049534966865
v 236.72503662109375 270.3362690667198 92.12420523978375
v 152.56039428710938 323.2293355336934 9.755325705970641
v 75.6049575805664 321.94489370722215 82.8653247823116
v 7.802253723144531 319.5786149153917 150.62671393870286
v 9.296440124511719 324.0552971864123 152.27813816033728
v 111.2431411743164 323.1886549976532 47.24885538421783
v 150.01065063476562 328.9661619385434 11.649608473740873
v 80.71378326416016 322.12320074254103 77.75958103673024
v 49.09894561767578 289.3744109724793 195.1390569257748
v 9.097679138183594 322.6470657186387 156.2753033428735
v 91.7681655883789 265.2773471606965 236.9927782582387
v 70.6557388305664 274.41489692009094 216.1866334937389
v 56.93146514892578 312.6520216147161 124.95183846359666
v 73.75177764892578 313.23903568114656 108.14177399399082
v 37.689308166503906 311.98048704966004 144.18224423071726
v 149.21810913085938 314.5046889161937 36.42991816473305
v 146.13259887695312 317.17934580477254 38.02674062255916
v 123.6966323852539 316.7519226466633 59.48519195563523
v 181.572021484375 295.7674213218477 64.0045569996159
v 206.40521240234375 278.53429431404703 88.25105797990099
v 202.48794555664062 281.25267247878577 84.42639670995193
v 186.50054931640625 273.1686939425038 120.80543993773966
v 139.37149047851562 271.8794792774629 166.94192149990837
v 136.55569458007812 269.65586813599873 169.46201541307306
v 100.49323272705078 268.39728899158206 205.50248511719434
v 197.75872802734375 263.1506224631491 131.72060367414738
v 236.52627563476562 268.9280679787251 96.12137858315768
v 95.81204986572266 264.017203226594 236.7499082697541
v 162.12054443359375 261.90686117271804 167.33707307224114
v 167.22940063476562 262.08516767543176 162.23135983958994
v 234.90151977539062 267.3488785343689 93.23266018789239
v 205.74270629882812 273.8402285075599 101.57503417061906
v 151.10641479492188 325.3580063594679 11.55874106054997
v 97.78437042236328 312.8152086802503 87.54629472295171
v 96.55194854736328 309.27041911865 98.27051731153533
v 9.331535339355469 320.410111613013 153.24730705909326
v 41.862159729003906 306.1363460600383 162.30429294166876
v 88.66455841064453 271.668658244128 207.33695739138403
v 92.95984649658203 262.4307243635536 234.54808744043322
v 139.45553588867188 271.97644135775676 166.60309275593224
v 149.59161376953125 276.3646688324567 145.53656151369967
v 166.4864501953125 272.825791882201 139.8435156462546
v 151.25241088867188 325.86301818055506 11.368654168404008
v 151.99948120117188 328.10132865334003 12.19437432837765
v 9.123939514160156 320.9027908561726 153.4105324082806
v 9.871025085449219 323.14113239113675 154.2362216344002
v 235.20458984375 267.60389190479293 93.33756774181248
v 235.95166015625 269.842202926827 94.16325643532689
v 93.07611846923828 262.64366486335695 235.37942977169493
v 93.8232192993164 264.8819753527858 236.2051489781395
v 93.04761505126953 262.5608505078686 235.3343985018611
v 93.0214614868164 262.49023356999504 235.2655438851324
v 9.108238220214844 320.77979325653246 153.36641741533188
v 93.0058364868164 262.4512907791354 235.2076349609245
v 9.139518737792969 320.65087002348366 153.3225499956756
v 92.98456573486328 262.41231472820635 235.05545755866348
v 151.13983154296875 325.4828860949216 11.467050689712176
v 151.17324829101562 325.60776637962437 11.375328852415166
v 151.19296264648438 325.67308273006313 11.364906752510251
v 151.22262573242188 325.7711797901153 11.349248080730636
v 235.09609985351562 267.4485453478906 93.27745147950625
v 235.1624755859375 267.5205964365597 93.30611046505399
v -135.76068115234375 280.4187357921356 -153.47948662006863
v -145.377685546875 281.38604022273876 -126.38432039009818
v -134.67678833007812 262.02665411358487 -116.35294650979876
v -114.37937927246094 262.89139704187266 -132.80495236490978
v -126.97846221923828 234.9390153585643 -146.19824041881378
v -139.2379150390625 253.6925561243715 -121.39748031181395
v -83.91478729248047 316.9401610733685 -63.64238971054112
v -112.66559600830078 311.1577107058864 -92.6126488945709
v -87.64008331298828 303.513764788801 -67.83881569971406
v -95.60277557373047 257.008085145062 -78.13792883561496
v -88.17540740966797 302.5147198154633 -68.409354997134
v -122.4365463256836 268.45641681804415 -103.88071594675755
v -141.50115966796875 241.17630833895066 -124.09919481932322
v -145.18002319335938 205.84214962372272 -130.23969195878564
v -62.701576232910156 317.18694387108076 -70.70915875483205
v -71.1868667602539 311.7828606501182 -87.87878089933447
v -97.65071868896484 310.73766116122977 -110.85756843505361
v -69.79061126708984 303.1563422984775 -86.7829211611093
v -85.30403900146484 270.05402344106153 -103.46174832733237
v -79.5431900024414 285.2936098823974 -96.97562338587801
v -72.18404388427734 252.92420032684907 -90.93193809122411
v -65.6858901977539 191.00425100073318 -86.17766811704772
v -75.9518051147461 180.21402814236012 -96.53355346023494
v -62.04328155517578 216.97155161678157 -81.33296840288892
v -60.45476531982422 213.95521138469704 -79.14128132751124
v -63.25084686279297 229.97770618929752 -82.08708211110175
v -127.2760009765625 220.82243874963893 -146.47097160070865
v -86.47554779052734 245.31724490374597 -68.89542505847616
v -81.68550872802734 233.8228529131108 -64.31427286244072
v -83.30290985107422 195.0540012991564 -67.28649368777262
v 94.17642974853516 275.93439484407213 -234.3591452834505
v 48.95752716064453 302.90812304648625 -192.41595146982297
v 91.62671661376953 281.78934599391636 -235.84865033678778
v 7.462074279785156 328.80778133729575 -149.9907732243416
v 111.10169219970703 326.32369032130504 -42.52723508101714
v 149.33322143554688 324.9032063130274 -4.614887174763157
v 149.86923217773438 329.60384086103204 -6.61169137721186
v 44.93421173095703 328.63290599999954 -108.65443775985584
v 9.154991149902344 334.5147057130266 -147.2402267849827
v 75.46350860595703 327.56745161173603 -78.14370447911091
v 80.57239532470703 327.38914457641715 -73.03796073352954
v 193.91439819335938 297.84920100731165 -47.54737082313548
v 153.91314697265625 328.32980362862156 -6.457299560925944
v 235.6636962890625 271.69593326005867 -90.55853871718801
v 106.13724517822266 319.5108353826299 -71.4587544852168
v 142.79736328125 320.08467071908086 -35.95233456351058
v 35.927406311035156 323.52689579277677 -143.74348491638213
v 73.6103286743164 320.64599294813854 -103.96585927037914
v 62.63666534423828 304.28393673675436 -179.8764805832786
v 120.1916275024414 283.8658533938732 -185.52105374269524
v 168.94119262695312 280.31129792714785 -135.66984180113937
v 207.22177124023438 279.262779449901 -96.42628935485423
v 206.72280883789062 281.9712842314397 -87.6915394866889
v 152.6885986328125 315.5550497725381 -32.93419839395473
v 131.44979858398438 274.63357017420253 -197.1084741513391
v 95.6706314086914 280.5153395074508 -235.69427133730363
v 167.08798217773438 273.38983966300424 -161.49201947710523
v 236.3848876953125 275.60447462216837 -95.06573402247469
v 161.9791259765625 273.56811591909036 -166.5977484988267
v 92.83875274658203 278.78057561042226 -234.12910917516803
v 100.94947052001953 284.53738822523184 -204.75147476628092
v 9.190132141113281 330.94602547094865 -148.46127940996777
v 85.56909942626953 319.20790891217746 -95.51660982794061
v 76.95621490478516 328.4245557524117 -81.02247205822607
v 97.03858184814453 314.95694259984475 -97.26619101153351
v 94.4598159790039 311.7993334552032 -110.98623031501128
v 111.05158233642578 305.6605894481554 -91.01050504513758
v 105.47476959228516 315.75765144205684 -85.07768426034094
v 99.19947052001953 314.6327101914743 -95.960272270551
v 150.96502685546875 325.99813087428896 -6.772721993186107
v 234.23977661132812 273.8435574440276 -92.27328705532138
v 166.00302124023438 282.6305314449456 -138.49048244825582
v 147.05377197265625 289.6662130857689 -128.06715515415092
v 129.14266967773438 290.2913011981231 -145.96734311936328
v 139.23007202148438 283.4889002609151 -165.50792178739061
v 96.66312408447266 316.7729353456558 -94.6212102031737
v 8.982521057128906 331.4488939430527 -148.58977552320573
v 9.729606628417969 333.7393661415908 -149.25733092189978
v 151.11099243164062 326.4886664022994 -6.5478848874512625
v 151.85806274414062 328.7791386174813 -7.2154412396743695
v 92.93470001220703 279.04953878987465 -234.42295230581627
v 93.68180084228516 281.3399804754825 -235.09050823711547
v 235.06317138671875 274.0893419950662 -92.38107448686355
v 235.81027221679688 276.3797836806741 -93.04863041816276
v 235.02105712890625 274.0040438947598 -92.35550541667737
v 234.95465087890625 273.9301961110535 -92.33194171135837
v 151.0711669921875 326.3637239795315 -6.536536788520328
v 234.89816284179688 273.88871296479186 -92.3177556945741
v 151.03182983398438 326.2345075407775 -6.5723495505847715
v 234.74746704101562 273.8437454165362 -92.29804493074701
v 9.094108581542969 331.0687146506456 -148.49042314484836
v 8.998115539550781 331.19143434327265 -148.51956634712374
v 8.985420227050781 331.2569953444862 -148.53701001171686
v 8.966316223144531 331.3554599632374 -148.56323440404617
v 92.88004302978516 278.88850762264644 -234.32001886051944
v 92.90619659423828 278.9637595768233 -234.38380924255472
v 116.47101593017578 262.6682768629016 -134.72652793023911
v 139.20962524414062 256.9436968575205 -120.99469332334728
v 123.92310333251953 269.21541476560833 -141.24701626543816
v 161.2977294921875 280.2722737379553 -144.35775916498292
v 142.2947998046875 279.00347781258756 -159.4927882897382
v 65.70902252197266 317.5817838226852 -82.0159711309815
v 83.41895294189453 297.1945671121917 -64.36421349184589
v 70.30521392822266 311.3441896200705 -86.83278776956448
v 70.46778106689453 249.3924763695869 -88.96928180529108
v 80.21869659423828 267.25373930415844 -96.87691906375628
v 123.48487091064453 241.81131428871043 -142.28342501351895
v 92.34610748291016 265.44603026799416 -110.48992511343086
v 60.384559631347656 220.1736527739867 -79.98210900250099
v 63.638343811035156 204.09918008510286 -83.19939364985888
v 68.50543975830078 186.36981632797227 -89.28841236371416
v 127.4549331665039 220.8488445863185 -146.9879234739638
v 98.66724395751953 278.6832092571451 -80.2682557415995
v 104.73261260986328 268.75470805272676 -85.97648187579182
v 125.5159683227539 260.7602079657622 -107.75921533451022
v 88.68997955322266 310.7025668707537 -68.4592063491241
v 145.43157958984375 224.60176754608904 -128.43168469303404
v 91.4526138305664 181.8928574833818 -75.9112387022344
v 78.69306182861328 213.39895564710253 -61.961795966633915
v 80.0254898071289 201.34007254491286 -64.0228929488525
v 81.86450958251953 233.8228529131108 -64.31427286244072
v 98.14795684814453 315.63572955403043 -93.6956952731797
v -7.802268981933594 329.73375963481044 -146.2327072952852
v -48.778526306152344 302.90812304648625 -192.41595146982297
v -9.097679138183594 333.1887245858369 -151.65350584235046
v -90.27397918701172 277.0083999157002 -234.8411308470903
v -167.22940063476562 273.18980746893396 -161.81961131740098
v -235.0321044921875 270.82352867710347 -94.05822216100975
v -236.52630615234375 275.4044730741795 -95.39333295839782
v -131.59121704101562 274.433568759365 -197.43608071549477
v -95.81204986572266 280.3153380926133 -236.02187790145933
v -162.12057495117188 273.36811450425284 -166.92535506298236
v -193.73541259765625 297.84920100731165 -47.54737082313548
v -236.72503662109375 276.5304224067529 -91.30766862602344
v -151.66317749023438 324.01371466517776 -4.858953728461968
v -169.08261108398438 280.11129677861294 -135.99746362176012
v -205.74270629882812 280.6851010695285 -100.49101371972893
v -97.8971176147461 284.7363527984385 -207.28465831340824
v -136.55569458007812 281.2464542109702 -168.50456077868992
v -120.33306121826172 283.6658519790356 -185.84866030685092
v -62.457679748535156 304.28393700305696 -179.87649583974368
v -74.34943389892578 322.27837563438976 -104.82752377778758
v -57.529136657714844 322.8653894345176 -121.63757299092835
v -38.28697967529297 323.5369547788065 -140.86799348190885
v -142.93878173828125 319.88463865816186 -36.279934032038895
v -106.87635040283203 321.14321806888114 -72.32041899262524
v -145.534912109375 317.65334979461613 -33.540309482952935
v -154.16983032226562 314.6608984446427 -34.144087184538165
v -207.72174072265625 281.0940001469912 -89.38338504200891
v -45.07563018798828 328.43293496494084 -108.9820361631738
v -9.296424865722656 334.3147040318865 -147.56781809267326
v -80.71381378173828 327.18920405428867 -73.36555860424234
v -150.01068115234375 329.40387009227595 -6.939305036994892
v -75.6049575805664 327.3674805766774 -78.47130288242886
v -9.215690612792969 330.8628076176611 -148.8154315748797
v -92.96329498291016 278.5466398048404 -234.2944567251835
v -146.28240966796875 284.7588274626561 -145.5678045330926
v -145.04998779296875 281.97075828957367 -156.5132106542503
v -145.61764526367188 289.75542710333514 -136.65797103085
v -234.73818969726562 273.59877592083785 -92.60591021814544
v -151.06985473632812 325.64296919547036 -7.422918411147773
v -104.57418060302734 320.86009260465624 -75.86828948717609
v -92.51554107666016 316.81260532119757 -95.76079763249426
v -94.53023529052734 318.4740777913638 -95.29538209319387
v -77.5432357788086 321.8794706722059 -102.62194572960559
v -93.07611846923828 278.8495371087345 -234.75054361350686
v -93.8232192993164 281.1399793269476 -235.41813005773625
v -235.20458984375 273.8893099341472 -92.70867395539186
v -235.95169067382812 276.17978213268526 -93.37622935408591
v -9.123954772949219 331.2488922619126 -148.91736683089633
v -9.871040344238281 333.53939523968336 -149.58493695345027
v -151.25241088867188 326.2886648543106 -6.875483823374397
v -151.99951171875 328.57916783208134 -7.5430539459283334
v -151.22262573242188 326.1957122202549 -6.862530046697101
v -151.19271850585938 326.09910423973815 -6.876224933879368
v -235.1429443359375 273.7779876064727 -92.67500528572117
v -151.17327880859375 326.03453648907487 -6.899947000373661
v -235.03958129882812 273.68874192973317 -92.64535409789207
v -151.13986206054688 325.9163025362306 -7.000142602343699
v -92.98458099365234 278.5961238221799 -234.4435181565287
v -93.00586700439453 278.6456383524495 -234.59257905526877
v -93.0225601196289 278.6928303410399 -234.64005673996743
v -93.04761505126953 278.7637886749159 -234.71141527410524
v -9.118080139160156 331.0574465638517 -148.86431871395845
v -9.107749938964844 331.15542776916715 -148.89082624434192
v -1.0192334651947021 57.21050197210104 141.10447521626025
v -0.7283704280853271 76.77261770682006 151.35700387783672
v -0.01862311363220215 97.99013959404502 134.21991463073027
v -1.3432691097259521 107.08978214524902 153.53133997649908
v -1.0345838069915771 112.3975072810269 135.49776709002322
v -1.5825269222259521 24.928650915258658 158.5523273216968
v -8.215721130371094 160.55519951054094 137.19669353586315
v -9.519447326660156 160.46135569892922 153.66185789339747
v 9.079170227050781 160.67060714949858 154.88290466840317
v 1.7511065006256104 29.665738312260146 155.0765338940335
v -148.51651000976562 324.2622186487148 10.452396081077971
v -193.73541259765625 294.42839397110276 50.41179572933683
v -154.0545654296875 327.47866599609154 11.860917249953042
v -235.23086547851562 265.63235685571436 90.92696095973774
v -131.59121704101562 260.6140845067715 198.3020304661542
v -94.31786346435547 259.3132598369019 235.5527015982656
v -95.81204986572266 263.7899118612949 237.20411003082975
v -197.75872802734375 262.9233005849199 132.1748049026179
v -236.52630615234375 268.70077674657733 96.57557271600082
v -167.22940063476562 261.8578457972026 162.68556106806045
v -162.12057495117188 261.679569807419 167.7912748333168
v -48.778526306152344 289.3694715990499 195.28039544660564
v -91.7681655883789 265.0500560617 237.4469647628493
v -9.097679138183594 322.4197438404095 156.729504571344
v -27.221702575683594 304.3289505254842 174.23286404885593
v -137.15335083007812 271.2192012312433 170.57676465158312
v -120.33306121826172 270.63218769741803 187.3867986082588
v -100.49324798583984 268.169997626283 205.95668687827
v -101.0909194946289 269.9606520671516 206.61726540123973
v -207.96087646484375 274.0459244889379 98.84855639993296
v -186.50057983398438 272.94140271035604 121.2596340705828
v -166.48648071289062 272.59850078320454 140.29770215086518
v -181.25161743164062 295.7624820149939 64.14589170633049
v -104.6581802368164 315.50463106661834 79.93006906398571
v -106.87635040283203 315.9375868351549 76.74945002547905
v -123.0989761352539 314.7339465272924 59.27880321878722
v -123.69664764404297 316.52460090158536 59.9393855558732
v -142.93878173828125 317.196135932671 40.70895308993871
v -83.37361907958984 277.10191348035784 203.28927280858466
v -150.01068115234375 328.7388706564639 12.103805467171215
v -45.07563018798828 320.6521785997411 113.83025272850486
v -9.296424865722656 323.8280060874158 152.7323246649479
v -75.6049575805664 321.71763285485326 83.31952707599244
v -80.71381378173828 321.89593989017214 78.2137833304111
v -151.13705444335938 325.25045067604947 11.901203986125088
v -234.73818969726562 267.09391053022443 93.66897355160278
v -157.12384033203125 271.40890883177923 145.93806302443855
v -137.21820068359375 274.1226115316515 156.59227096375565
v -92.96329498291016 262.14604651307053 235.35752768687334
v -35.970115661621094 308.0090055880413 156.3415756289939
v -9.648521423339844 320.01785553993614 153.65908780565405
v -37.689308166503906 311.7531654377334 144.6364302027227
v -77.8852767944336 314.4762353732999 106.94154939470965
v -146.76425170898438 274.66182736874214 146.49342350361582
v -96.23151397705078 309.2654793457667 98.4118787170638
v -235.20458984375 267.37657069232023 93.79173082912028
v -235.95169067382812 269.6148810485978 94.6174576637974
v -93.07611846923828 262.4163734980579 235.8336315327706
v -93.8232192993164 264.6546845200919 236.65932022628505
v -151.25241088867188 325.6357271647782 11.822835905369274
v -151.99951171875 327.8740678675467 12.648572807942237
v -9.123954772949219 320.67549949087356 153.8647341693563
v -9.871040344238281 322.9138710061627 154.6904544410112
v -9.107749938964844 320.5841425959887 153.83173215743903
v -9.118080139160156 320.48821222351495 153.79845192069922
v -93.03858184814453 262.3084907281455 235.76817063357612
v -9.139533996582031 320.4235786581846 153.77675175675125
v -93.00586700439453 262.2240002127441 235.66179095260495
v -9.235527038574219 320.30315408300794 153.7391066048547
v -234.88888549804688 267.13740344969113 93.69177740164804
v -235.03958129882812 267.180895969704 93.71460413639093
v -235.08871459960938 267.2257804364898 93.73287683363392
v -235.16250610351562 267.29330467180677 93.76033511082728
v -151.19271850585938 325.446554647492 11.810352419445735
v -151.22262573242188 325.54385799510567 11.803444541555802
f 1 2 3
f 4 5 6
f 6 5 7
f 8 4 9
f 4 6 9
f 10 7 11
f 10 11 4
f 12 4 8
f 13 16 14
f 17 18 16
f 19 17 20
f 20 17 13
f 20 13 14
f 21 22 23
f 24 25 23
f 25 26 23
f 23 26 21
f 26 25 24
f 27 26 24
f 22 21 26
f 27 22 26
f 28 29 30
f 30 29 31
f 30 31 32
f 32 31 33
f 34 31 29
f 29 28 34
f 35 36 37
f 38 39 40
f 40 36 41
f 41 36 42
f 36 35 42
f 43 44 45
f 46 47 48
f 47 45 49
f 49 45 44
f 50 43 46
f 46 43 47
f 43 50 51
f 52 53 54
f 54 53 55
f 54 55 52
f 52 55 56
f 52 56 57
f 52 57 58
f 52 59 53
f 59 60 18
f 18 60 15
f 40 61 38
f 38 62 63
f 63 62 64
f 62 65 64
f 64 65 66
f 66 65 61
f 66 61 67
f 67 40 41
f 40 67 61
f 68 69 70
f 68 70 71
f 70 72 71
f 71 72 241
f 72 70 69
f 66 67 69
f 66 69 73
f 73 69 68
f 71 74 68
f 74 75 68
f 68 75 76
f 75 77 76
f 76 77 78
f 30 9 79
f 30 79 28
f 28 79 6
f 28 6 7
f 32 80 30
f 80 81 82
f 82 81 83
f 83 84 82
f 82 84 85
f 85 84 86
f 86 84 87
f 87 32 86
f 9 88 89
f 89 88 90
f 90 88 82
f 82 88 80
f 8 91 12
f 12 91 92
f 92 91 93
f 91 94 93
f 94 91 89
f 91 95 89
f 89 95 9
f 9 95 8
f 96 97 71
f 71 41 42
f 241 41 71
f 98 99 63
f 63 99 38
f 38 99 100
f 99 98 101
f 101 98 102
f 101 102 103
f 103 102 104
f 103 104 100
f 105 78 77
f 12 92 93
f 12 93 119
f 119 93 106
f 107 86 33
f 33 86 32
f 108 3 107
f 107 3 2
f 107 2 86
f 109 110 111
f 112 7 113
f 7 112 114
f 71 42 96
f 37 39 38
f 37 38 100
f 37 100 104
f 23 104 49
f 23 49 24
f 22 27 44
f 22 44 3
f 118 3 108
f 118 108 33
f 118 33 34
f 34 33 31
f 10 4 12
f 10 12 119
f 120 10 119
f 58 57 15
f 15 57 121
f 15 121 122
f 122 121 120
f 53 59 18
f 53 18 123
f 123 18 124
f 125 126 124
f 126 125 127
f 127 125 128
f 127 128 129
f 129 128 130
f 130 128 77
f 77 131 130
f 130 131 132
f 132 97 96
f 71 97 74
f 74 97 131
f 74 131 77
f 78 105 133
f 133 105 125
f 133 125 135
f 17 19 18
f 18 19 134
f 18 134 124
f 124 134 135
f 124 135 125
f 48 47 49
f 48 49 136
f 136 49 104
f 136 104 137
f 137 104 102
f 44 43 51
f 44 51 3
f 3 51 138
f 3 138 1
f 119 106 139
f 119 139 122
f 119 122 120
f 122 14 15
f 15 14 16
f 140 112 204
f 204 112 141
f 142 141 143
f 145 146 147
f 148 149 150
f 289 151 152
f 153 152 154
f 153 154 155
f 156 157 158
f 159 160 161
f 161 160 162
f 161 162 163
f 164 163 165
f 165 166 164
f 164 166 167
f 167 166 168
f 168 166 169
f 168 169 170
f 170 171 168
f 168 171 172
f 172 171 162
f 173 162 174
f 173 174 159
f 159 174 160
f 175 176 177
f 177 176 62
f 177 178 179
f 179 178 180
f 179 180 181
f 181 180 182
f 183 179 184
f 184 179 181
f 184 181 185
f 181 182 185
f 185 182 176
f 186 187 188
f 189 75 190
f 75 191 190
f 75 74 191
f 187 74 188
f 188 74 186
f 74 187 191
f 191 187 192
f 192 187 193
f 187 186 193
f 193 186 194
f 194 195 193
f 193 195 196
f 197 196 189
f 197 189 190
f 198 199 200
f 198 201 199
f 202 203 204
f 202 204 205
f 204 206 205
f 205 206 201
f 205 201 202
f 202 201 207
f 202 207 208
f 208 209 202
f 202 209 203
f 209 210 203
f 203 210 200
f 200 210 198
f 211 212 213
f 212 214 213
f 213 214 140
f 214 212 140
f 215 140 216
f 216 140 212
f 212 32 216
f 216 32 217
f 217 32 87
f 217 87 211
f 87 212 211
f 204 218 140
f 140 218 219
f 219 220 140
f 140 220 221
f 140 221 222
f 222 223 140
f 223 224 140
f 140 224 213
f 213 224 225
f 225 224 226
f 225 226 227
f 226 228 227
f 227 228 88
f 227 88 229
f 227 229 203
f 203 229 204
f 204 229 230
f 204 230 231
f 204 231 218
f 232 233 192
f 233 234 192
f 192 234 191
f 191 234 235
f 191 235 236
f 236 235 237
f 237 235 238
f 237 238 239
f 239 238 175
f 175 238 240
f 185 176 175
f 185 175 240
f 241 192 240
f 240 192 185
f 241 232 192
f 172 162 173
f 172 173 242
f 172 242 243
f 243 242 244
f 243 244 245
f 243 245 246
f 243 246 247
f 247 246 248
f 247 248 249
f 249 248 199
f 249 199 206
f 206 199 201
f 215 216 217
f 215 217 250
f 250 217 251
f 251 217 252
f 251 252 253
f 252 254 253
f 253 254 255
f 253 255 256
f 256 255 257
f 256 257 258
f 258 257 259
f 258 259 260
f 260 259 261
f 260 261 262
f 262 261 263
f 262 263 264
f 265 266 267
f 267 266 264
f 267 264 263
f 268 269 158
f 269 270 158
f 158 270 271
f 158 271 272
f 272 273 158
f 158 273 274
f 158 274 275
f 275 274 276
f 275 276 265
f 265 276 277
f 265 277 278
f 278 279 265
f 265 279 280
f 265 280 281
f 281 282 265
f 265 282 283
f 265 283 266
f 266 283 26
f 266 26 157
f 157 26 284
f 157 284 158
f 158 284 285
f 158 285 268
f 158 286 156
f 156 286 287
f 156 287 288
f 288 287 289
f 289 287 290
f 289 290 291
f 289 291 292
f 292 291 293
f 293 294 292
f 292 294 295
f 292 295 296
f 296 295 183
f 183 295 297
f 183 297 177
f 183 177 179
f 193 196 197
f 193 197 298
f 193 298 299
f 299 298 300
f 300 298 301
f 300 301 302
f 301 303 302
f 302 303 304
f 302 304 305
f 305 304 306
f 305 306 307
f 307 306 308
f 307 308 164
f 164 308 161
f 164 161 163
f 175 309 239
f 239 309 310
f 239 310 236
f 311 294 312
f 312 294 290
f 312 290 287
f 313 314 315
f 313 315 267
f 267 315 316
f 317 211 203
f 242 318 244
f 244 318 396
f 319 320 321
f 320 319 322
f 323 319 322
f 319 323 322
f 319 321 324
f 324 320 325
f 320 326 325
f 324 325 327
f 328 329 330
f 331 328 332
f 332 328 330
f 317 333 334
f 335 336 337
f 314 338 339
f 314 340 315
f 315 340 316
f 341 342 343
f 341 343 344
f 344 343 316
f 344 316 340
f 345 346 344
f 344 346 341
f 345 312 346
f 346 312 347
f 312 345 348
f 311 349 350
f 311 350 351
f 349 311 352
f 312 348 352
f 312 352 311
f 353 337 354
f 354 337 355
f 354 355 349
f 349 355 356
f 349 356 350
f 353 309 337
f 337 309 335
f 309 353 357
f 309 357 310
f 357 358 310
f 359 310 360
f 360 310 358
f 360 358 361
f 361 358 362
f 361 362 363
f 363 362 364
f 363 364 365
f 331 365 328
f 328 365 364
f 328 364 329
f 329 364 366
f 329 366 367
f 367 366 368
f 368 366 369
f 369 366 370
f 369 370 371
f 371 370 372
f 372 370 373
f 372 373 374
f 375 376 377
f 377 378 379
f 377 379 375
f 375 379 374
f 375 374 373
f 380 381 375
f 375 381 376
f 381 382 376
f 376 382 383
f 383 382 384
f 385 386 387
f 387 388 385
f 385 388 384
f 384 388 383
f 385 389 386
f 389 390 391
f 391 390 478
f 478 390 380
f 478 380 375
f 392 386 391
f 391 386 389
f 391 318 393
f 391 393 392
f 318 391 394
f 318 394 396
f 396 394 395
f 397 396 398
f 398 396 395
f 398 395 399
f 399 395 400
f 399 400 401
f 402 403 404
f 317 405 333
f 406 317 334
f 406 334 404
f 406 404 400
f 400 404 403
f 400 403 407
f 400 407 401
f 317 406 211
f 211 406 408
f 211 408 409
f 410 411 409
f 410 409 412
f 412 409 408
f 340 314 339
f 340 339 413
f 413 339 414
f 413 414 412
f 412 414 410
f 335 309 415
f 415 309 416
f 335 415 416
f 417 418 419
f 419 418 420
f 419 420 421
f 421 420 422
f 421 422 423
f 421 423 424
f 421 424 416
f 416 424 336
f 416 336 335
f 417 419 351
f 351 419 311
f 338 314 425
f 425 314 426
f 338 425 426
f 427 428 429
f 427 429 430
f 430 431 427
f 427 431 432
f 427 432 433
f 427 433 434
f 434 433 435
f 434 435 436
f 434 436 426
f 426 436 437
f 426 437 338
f 429 428 411
f 411 428 409
f 347 312 438
f 438 312 439
f 347 438 439
f 347 439 440
f 441 442 443
f 443 442 444
f 443 444 445
f 445 444 446
f 445 446 440
f 440 446 447
f 440 447 448
f 440 448 449
f 440 449 347
f 441 443 342
f 342 443 343
f 372 374 301
f 107 450 108
f 50 46 102
f 2 138 51
f 2 1 138
f 85 90 82
f 89 90 94
f 106 93 94
f 322 139 106
f 451 78 133
f 66 73 64
f 64 98 63
f 102 46 48
f 102 48 136
f 102 136 137
f 327 452 323
f 323 452 321
f 98 64 453
f 98 453 102
f 76 78 451
f 451 133 320
f 320 133 135
f 320 135 19
f 19 135 134
f 323 102 453
f 327 325 452
f 452 325 451
f 451 326 453
f 73 68 76
f 73 76 453
f 453 76 451
f 452 451 320
f 453 64 73
f 19 20 320
f 320 20 321
f 453 327 323
f 321 322 323
f 14 122 20
f 20 122 321
f 321 122 139
f 321 139 322
f 2 51 50
f 50 102 2
f 2 102 323
f 322 106 323
f 323 106 94
f 323 94 90
f 323 90 85
f 323 85 2
f 2 85 86
f 115 454 455
f 455 454 456
f 457 456 114
f 457 114 458
f 458 114 112
f 112 113 459
f 459 113 460
f 459 460 461
f 461 460 462
f 461 462 463
f 463 462 464
f 463 464 109
f 111 110 117
f 243 144 305
f 144 243 143
f 143 243 247
f 142 143 204
f 142 204 141
f 155 465 153
f 153 465 266
f 153 266 152
f 152 266 289
f 150 151 148
f 148 151 184
f 148 184 149
f 149 184 192
f 145 193 146
f 146 193 109
f 109 193 305
f 109 305 144
f 466 344 467
f 467 344 340
f 468 469 345
f 340 412 467
f 468 470 469
f 469 470 466
f 466 470 344
f 352 348 469
f 469 348 471
f 469 471 345
f 352 469 472
f 412 408 467
f 472 469 408
f 408 469 467
f 473 474 472
f 349 472 474
f 357 473 373
f 472 373 473
f 358 357 373
f 408 322 472
f 475 322 406
f 322 319 472
f 472 319 476
f 322 408 406
f 322 475 394
f 322 394 477
f 476 324 472
f 324 327 472
f 472 327 453
f 322 477 478
f 322 478 320
f 472 453 326
f 472 326 373
f 373 326 478
f 478 326 320
f 17 16 13
f 45 47 479
f 479 47 43
f 45 479 43
f 9 480 79
f 480 6 79
f 52 58 60
f 15 60 58
f 49 44 24
f 24 44 481
f 44 27 481
f 24 481 27
f 99 482 100
f 483 99 484
f 99 483 482
f 483 484 103
f 103 484 101
f 483 103 482
f 482 103 100
f 101 484 99
f 105 485 125
f 77 485 105
f 485 77 128
f 485 128 125
f 450 107 33
f 450 33 108
f 231 88 9
f 231 30 80
f 231 9 30
f 486 69 67
f 487 72 69
f 487 69 486
f 72 487 241
f 67 241 486
f 91 8 198
f 91 198 95
f 80 83 81
f 80 84 83
f 84 80 32
f 77 75 189
f 77 189 74
f 319 324 476
f 467 469 466
f 393 318 488
f 488 318 489
f 490 488 489
f 491 380 492
f 492 380 390
f 390 493 492
f 493 494 492
f 492 494 495
f 492 495 489
f 489 495 496
f 489 496 490
f 494 493 385
f 494 385 497
f 494 497 498
f 498 497 491
f 377 499 500
f 500 499 501
f 500 501 492
f 492 501 498
f 492 498 491
f 377 500 378
f 378 500 379
f 501 383 498
f 498 383 388
f 498 388 494
f 494 388 495
f 502 503 317
f 317 503 405
f 333 405 504
f 504 405 503
f 503 502 504
f 504 502 505
f 504 505 402
f 402 505 506
f 506 505 507
f 506 507 508
f 508 507 509
f 509 507 510
f 507 511 512
f 507 512 510
f 512 511 397
f 397 511 396
f 508 407 506
f 506 407 403
f 506 403 402
f 371 372 513
f 513 372 514
f 515 516 360
f 517 513 514
f 518 517 514
f 518 514 330
f 330 514 519
f 330 519 332
f 332 519 331
f 331 519 520
f 331 520 521
f 521 520 515
f 515 520 522
f 515 522 516
f 310 359 522
f 522 359 516
f 268 285 26
f 26 285 284
f 268 26 269
f 269 26 270
f 270 26 271
f 271 26 272
f 26 274 273
f 26 273 272
f 283 21 26
f 276 21 277
f 21 279 278
f 21 278 277
f 283 282 21
f 21 282 281
f 21 281 280
f 21 280 279
f 274 26 276
f 276 26 21
f 346 448 447
f 346 447 341
f 341 447 446
f 341 446 444
f 432 410 433
f 433 410 414
f 433 414 435
f 435 414 339
f 435 339 436
f 420 356 355
f 336 424 337
f 337 424 423
f 337 423 355
f 355 423 422
f 355 422 420
f 36 179 181
f 179 36 181
f 39 37 36
f 181 39 36
f 504 404 334
f 504 334 333
f 402 404 504
f 521 363 331
f 331 363 365
f 363 521 361
f 361 521 515
f 361 515 360
f 114 34 523
f 121 56 55
f 34 28 7
f 524 118 34
f 525 96 35
f 126 123 124
f 526 130 527
f 35 96 42
f 37 525 35
f 525 37 104
f 104 23 528
f 528 23 22
f 118 524 3
f 3 524 22
f 57 56 121
f 55 53 123
f 127 129 126
f 126 129 526
f 129 130 526
f 527 130 132
f 527 132 96
f 96 525 116
f 116 525 529
f 116 529 454
f 529 528 454
f 34 114 530
f 523 34 7
f 531 526 532
f 532 526 117
f 526 116 117
f 532 117 110
f 10 460 113
f 527 116 526
f 126 526 55
f 22 524 528
f 532 110 531
f 55 460 10
f 10 113 7
f 96 116 527
f 126 55 123
f 104 528 529
f 524 530 528
f 524 34 530
f 456 454 528
f 114 456 530
f 523 7 114
f 55 464 462
f 531 109 464
f 110 109 531
f 55 531 464
f 460 55 462
f 528 530 456
f 454 115 116
f 55 526 531
f 121 55 120
f 120 55 10
f 525 104 529
f 232 241 487
f 235 234 232
f 233 232 234
f 238 486 240
f 240 486 241
f 235 487 238
f 487 235 232
f 238 487 486
f 224 223 221
f 221 223 222
f 224 88 226
f 80 220 231
f 220 80 224
f 80 88 224
f 231 230 229
f 218 220 219
f 221 220 224
f 226 88 228
f 231 220 218
f 88 231 229
f 324 452 320
f 324 321 452
f 326 451 325
f 87 84 212
f 84 32 212
f 209 208 207
f 209 207 201
f 210 95 198
f 198 8 201
f 209 201 8
f 210 209 95
f 209 8 95
f 194 196 195
f 194 186 74
f 189 196 194
f 194 74 189
f 182 180 61
f 62 38 178
f 178 38 180
f 61 65 176
f 38 61 180
f 62 178 177
f 65 62 176
f 61 176 182
f 301 374 306
f 199 396 200
f 294 293 290
f 237 239 236
f 306 374 308
f 287 286 275
f 275 286 158
f 290 293 291
f 294 297 295
f 533 177 297
f 533 175 177
f 197 301 298
f 306 304 301
f 301 304 303
f 159 161 308
f 173 159 242
f 248 246 244
f 244 246 245
f 199 248 396
f 396 248 244
f 203 211 227
f 227 211 225
f 225 211 213
f 211 313 217
f 313 254 217
f 217 254 252
f 313 255 254
f 255 313 259
f 255 259 257
f 313 267 263
f 313 263 259
f 259 263 261
f 267 275 265
f 391 477 394
f 400 475 406
f 353 349 474
f 357 474 473
f 400 395 394
f 370 366 364
f 358 364 362
f 349 353 354
f 340 413 412
f 475 400 394
f 477 391 478
f 478 375 373
f 358 373 370
f 358 370 364
f 474 357 353
f 472 349 352
f 468 345 344
f 344 470 468
f 348 345 471
f 266 465 258
f 215 465 140
f 206 204 143
f 206 143 247
f 243 305 167
f 305 193 302
f 193 145 192
f 258 465 256
f 251 256 465
f 251 465 215
f 249 206 247
f 184 151 292
f 292 151 289
f 289 266 156
f 264 266 262
f 262 266 260
f 260 266 258
f 253 256 251
f 250 251 215
f 172 243 168
f 168 243 167
f 164 167 305
f 164 305 307
f 300 302 193
f 300 193 299
f 192 184 185
f 183 184 296
f 296 184 292
f 288 289 156
f 157 156 266
f 533 421 416
f 533 416 175
f 533 297 294
f 421 533 311
f 311 533 294
f 311 419 421
f 175 416 309
f 343 443 316
f 440 439 287
f 440 287 275
f 316 275 267
f 440 275 445
f 445 275 316
f 445 316 443
f 439 312 287
f 409 428 211
f 426 313 427
f 427 313 211
f 427 211 428
f 427 434 426
f 426 314 313
f 396 511 200
f 200 317 203
f 317 200 505
f 505 200 507
f 507 200 511
f 317 505 502
f 379 500 374
f 374 159 308
f 242 159 489
f 489 159 492
f 492 159 374
f 492 374 500
f 489 318 242
f 310 522 520
f 191 236 190
f 190 236 310
f 301 197 372
f 372 197 190
f 520 190 310
f 520 519 190
f 190 519 372
f 372 519 514
f 410 432 431
f 410 431 430
f 410 430 411
f 411 430 429
f 356 420 418
f 356 418 350
f 350 418 417
f 350 417 351
f 347 449 346
f 346 449 448
f 341 444 442
f 341 442 441
f 341 441 342
f 371 513 369
f 369 513 517
f 369 517 368
f 368 517 367
f 367 517 518
f 367 518 329
f 329 518 330
f 516 359 360
f 383 501 499
f 383 499 377
f 383 377 376
f 495 388 496
f 496 388 490
f 393 488 392
f 392 488 386
f 386 488 490
f 386 490 387
f 387 490 388
f 407 508 401
f 401 508 509
f 401 509 399
f 399 509 510
f 399 510 398
f 398 510 512
f 398 512 397
f 338 437 339
f 339 437 436
f 52 60 59
f 480 9 6
f 67 41 241
f 29 31 216
f 216 31 29
f 36 40 39
f 181 36 39
f 169 18 15
f 169 15 162
f 162 15 16
f 16 18 169
f 497 385 384
f 497 384 382
f 497 382 381
f 497 381 491
f 491 381 380
f 390 389 493
f 493 389 385
f 165 163 166
f 169 171 170
f 171 169 162
f 16 166 162
f 16 169 166
f 174 162 160
f 163 162 166
f 534 457 458
f 534 458 112
f 535 459 461
f 535 461 143
f 143 461 463
f 143 463 144
f 144 463 109
f 147 109 111
f 147 111 145
f 145 111 192
f 192 111 117
f 192 117 150
f 150 117 116
f 150 116 115
f 150 115 151
f 151 115 536
f 536 115 455
f 536 455 154
f 154 455 155
f 155 455 456
f 155 456 465
f 465 456 457
f 140 457 534
f 140 534 112
f 141 112 459
f 141 459 535
f 465 457 140
f 141 535 143
f 109 147 146
f 192 150 149
f 151 536 152
f 152 536 154
f 11 202 205
f 202 11 5
f 202 5 4
f 4 205 202
f 4 11 205
f 5 11 7
f 132 187 131
f 132 131 97
f 187 132 131
f 537 538 539
f 537 539 540
f 537 541 542
f 540 541 537
f 543 544 545
f 546 547 620
f 548 543 545
f 546 620 545
f 545 620 548
f 548 620 547
f 549 550 551
f 552 556 553
f 554 552 553
f 553 556 555
f 555 556 557
f 563 558 559
f 560 565 559
f 560 559 558
f 561 563 562
f 564 565 560
f 566 567 562
f 568 579 569
f 567 566 570
f 567 570 571
f 570 572 571
f 571 572 573
f 571 573 574
f 571 574 575
f 576 577 568
f 568 577 578
f 568 578 579
f 580 571 568
f 568 571 576
f 576 571 575
f 569 566 568
f 568 566 562
f 568 562 560
f 560 562 564
f 564 562 563
f 558 563 561
f 558 561 581
f 581 561 582
f 582 561 583
f 582 583 584
f 582 584 585
f 585 584 546
f 546 584 550
f 549 547 550
f 550 547 546
f 551 543 586
f 586 543 548
f 543 551 587
f 587 551 588
f 587 588 589
f 589 588 557
f 589 557 542
f 542 557 556
f 542 556 537
f 537 556 552
f 537 552 538
f 553 539 554
f 539 553 540
f 540 553 555
f 541 555 542
f 542 555 557
f 542 557 589
f 589 557 588
f 589 588 590
f 589 590 587
f 587 590 551
f 587 551 544
f 544 551 545
f 545 551 591
f 545 591 592
f 545 592 593
f 593 592 594
f 594 592 595
f 594 595 596
f 594 596 597
f 601 598 599
f 600 601 602
f 602 601 603
f 604 601 599
f 597 596 603
f 597 603 604
f 604 603 601
f 598 600 599
f 599 600 602
f 599 602 605
f 605 602 606
f 605 606 607
f 607 606 608
f 609 608 606
f 571 580 610
f 545 593 585
f 585 593 594
f 585 594 582
f 608 580 607
f 607 580 568
f 582 597 611
f 611 597 604
f 611 604 581
f 581 604 558
f 558 604 612
f 604 599 612
f 612 599 605
f 612 605 560
f 582 594 597
f 560 605 568
f 568 605 607
f 583 595 584
f 584 595 592
f 610 609 571
f 571 609 613
f 561 603 614
f 561 614 583
f 583 614 615
f 583 615 616
f 609 606 613
f 613 606 567
f 606 602 567
f 567 602 562
f 616 596 583
f 583 596 595
f 562 602 603
f 562 603 561
f 549 617 547
f 547 617 618
f 548 619 586
f 549 586 619
f 617 549 619
f 547 620 548
f 548 620 619
f 620 547 618
f 620 618 619
f 618 617 619
f 621 580 608
f 621 609 610
f 609 621 608
f 621 610 580
f 539 552 554
f 539 538 552
f 563 601 600
f 563 600 564
f 598 565 564
f 598 564 600
f 601 563 559
f 601 559 598
f 598 559 565
f 575 622 576
f 623 577 576
f 623 576 622
f 575 574 622
f 622 574 573
f 622 573 572
f 622 572 570
f 622 570 566
f 622 566 621
f 621 566 569
f 621 569 579
f 621 579 623
f 623 579 578
f 623 578 577
f 621 623 622
f 551 590 588
f 543 587 544
f 613 567 571
f 591 584 592
f 584 591 550
f 558 612 560
f 582 611 581
f 585 546 545
f 540 555 541
f 551 550 591
f 596 616 615
f 615 603 596
f 614 603 615
f 586 549 551
f 624 625 626
f 626 625 627
f 626 628 624
f 629 630 631
f 625 629 627
f 627 629 631
f 632 633 634
f 631 635 632
f 636 637 638
f 634 639 636
f 636 639 637
f 638 640 641
f 641 640 642
f 641 642 643
f 643 642 644
f 643 644 628
f 630 645 646
f 646 645 647
f 648 630 649
f 650 651 652
f 652 653 650
f 653 654 650
f 644 655 656
f 657 624 644
f 645 658 659
f 629 658 645
f 629 625 658
f 624 660 625
f 644 624 628
f 639 650 640
f 639 634 650
f 650 634 651
f 630 629 645
f 661 658 662
f 662 658 625
f 662 625 663
f 640 637 639
f 632 635 633
f 631 630 635
f 635 630 648
f 635 648 633
f 633 648 651
f 633 651 634
f 648 664 651
f 640 650 654
f 640 654 665
f 640 665 666
f 667 642 666
f 666 642 640
f 668 644 642
f 655 644 668
f 660 624 669
f 660 670 625
f 671 625 670
f 671 672 625
f 672 663 625
f 659 661 662
f 659 662 663
f 659 663 672
f 659 658 661
f 673 671 674
f 677 678 648
f 678 664 648
f 676 672 679
f 659 676 645
f 645 676 675
f 678 651 680
f 678 680 664
f 659 672 676
f 681 682 678
f 678 682 651
f 683 684 665
f 665 684 685
f 665 685 686
f 679 671 676
f 676 671 673
f 676 673 674
f 675 687 645
f 645 687 647
f 647 687 688
f 647 688 646
f 688 689 646
f 648 690 677
f 677 690 649
f 677 649 688
f 688 649 630
f 688 630 689
f 691 692 681
f 681 692 682
f 686 685 666
f 666 685 693
f 666 693 667
f 684 653 691
f 691 653 692
f 683 654 684
f 684 654 653
f 667 693 694
f 694 693 695
f 694 695 696
f 696 695 697
f 696 697 668
f 668 697 655
f 655 697 656
f 656 697 644
f 644 697 657
f 657 697 624
f 624 697 698
f 698 697 699
f 698 699 676
f 676 699 675
f 674 670 676
f 676 670 669
f 637 640 638
f 700 627 701
f 701 627 631
f 702 631 703
f 703 631 632
f 704 632 705
f 705 632 634
f 706 634 707
f 707 634 636
f 708 636 709
f 709 636 638
f 709 641 710
f 710 641 643
f 711 628 712
f 712 628 626
f 713 626 714
f 714 626 627
f 631 702 701
f 703 632 704
f 706 705 634
f 636 708 707
f 641 709 638
f 628 711 710
f 628 710 643
f 626 713 712
f 627 700 714
f 705 706 681
f 712 715 716
f 716 715 717
f 716 717 718
f 718 717 714
f 708 709 719
f 731 703 704
f 731 704 681
f 681 704 705
f 720 721 718
f 722 710 723
f 723 710 711
f 714 724 718
f 718 724 720
f 731 725 703
f 703 725 702
f 702 725 718
f 702 718 721
f 712 716 726
f 712 726 711
f 711 726 723
f 719 709 722
f 722 709 710
f 707 708 727
f 681 706 728
f 728 706 729
f 728 729 727
f 727 729 707
f 708 719 727
f 671 679 672
f 670 674 671
f 630 646 689
f 648 649 690
f 664 680 651
f 651 682 652
f 652 682 692
f 652 692 653
f 654 683 665
f 665 686 666
f 667 694 642
f 642 694 696
f 642 696 668
f 698 669 624
f 660 669 670
f 669 698 676
f 721 720 701
f 702 721 701
f 700 701 720
f 700 720 724
f 700 724 714
f 714 717 715
f 713 714 715
f 713 715 712
f 706 707 729
f 730 727 719
f 730 719 722
f 726 716 699
f 699 716 675
f 675 716 718
f 732 681 728
f 728 727 730
f 733 730 723
f 723 730 722
f 723 726 699
f 732 728 730
f 732 730 733
f 733 723 734
f 735 718 725
f 735 725 736
f 736 725 731
f 736 731 681
f 695 734 697
f 697 734 723
f 697 723 699
f 735 675 718
f 695 733 734
f 691 681 732
f 691 732 684
f 684 732 733
f 684 733 685
f 685 733 693
f 693 733 695
f 687 675 735
f 687 735 688
f 688 735 736
f 688 736 677
f 677 736 678
f 678 736 681
f 792 737 738
f 738 737 741
f 739 740 738
f 738 741 739
f 742 743 744
f 745 789 742
f 742 744 745
f 745 744 743
f 746 747 748
f 746 748 749
f 750 751 752
f 753 750 754
f 754 750 752
f 752 751 755
f 794 756 751
f 756 755 751
f 757 758 762
f 759 762 758
f 760 757 761
f 809 763 764
f 764 763 765
f 766 765 767
f 766 767 768
f 766 768 769
f 768 770 769
f 769 770 771
f 769 771 772
f 769 772 773
f 774 775 809
f 809 775 776
f 776 777 809
f 809 777 778
f 809 778 779
f 809 779 780
f 809 780 781
f 809 781 763
f 809 769 774
f 774 769 773
f 764 765 766
f 764 766 782
f 782 766 761
f 782 761 759
f 759 761 762
f 762 761 757
f 758 757 760
f 758 760 783
f 783 760 784
f 783 784 785
f 783 785 786
f 786 785 749
f 786 749 787
f 748 743 749
f 749 743 787
f 745 744 747
f 745 743 744
f 746 789 747
f 747 789 745
f 789 746 788
f 789 788 790
f 789 790 791
f 791 790 794
f 791 794 740
f 740 794 751
f 740 751 738
f 738 751 750
f 738 750 792
f 737 792 754
f 754 792 753
f 737 793 741
f 741 793 752
f 737 754 752
f 737 752 793
f 741 752 755
f 741 755 756
f 741 756 739
f 739 756 791
f 791 756 794
f 791 794 790
f 791 790 795
f 791 795 789
f 789 795 742
f 742 795 746
f 742 746 749
f 742 749 796
f 796 749 797
f 796 797 798
f 798 797 800
f 798 800 799
f 799 800 803
f 799 803 801
f 799 801 802
f 804 801 805
f 805 801 806
f 805 806 807
f 808 805 807
f 769 809 810
f 796 798 786
f 786 798 783
f 808 809 805
f 811 799 812
f 812 799 813
f 813 799 758
f 758 799 759
f 799 804 759
f 759 804 782
f 782 804 814
f 783 798 811
f 811 798 799
f 764 805 809
f 814 804 805
f 814 805 764
f 784 800 785
f 800 797 785
f 810 807 769
f 815 803 816
f 816 803 760
f 760 803 784
f 784 803 817
f 807 806 769
f 769 806 766
f 817 800 784
f 806 801 766
f 766 801 761
f 761 801 815
f 815 801 803
f 748 818 743
f 743 818 744
f 744 819 747
f 747 819 818
f 748 747 818
f 744 818 819
f 820 809 808
f 809 820 810
f 820 807 810
f 807 820 808
f 792 750 753
f 752 792 793
f 792 752 793
f 757 802 801
f 757 801 762
f 802 757 762
f 802 762 801
f 773 821 774
f 777 776 822
f 822 776 775
f 822 775 774
f 822 774 821
f 777 822 778
f 778 822 823
f 773 772 821
f 821 772 771
f 821 771 770
f 821 770 768
f 821 768 767
f 821 767 765
f 821 765 820
f 820 765 763
f 820 763 823
f 823 763 781
f 823 781 780
f 823 780 779
f 823 779 778
f 820 823 821
f 746 795 788
f 788 795 790
f 739 791 740
f 816 760 761
f 816 761 815
f 785 797 749
f 787 743 742
f 787 742 796
f 782 814 764
f 758 783 812
f 783 811 812
f 812 813 758
f 786 787 796
f 817 803 800
f 802 804 799
f 801 804 802
f 822 821 823
f 826 827 828
f 825 829 824
f 824 829 830
f 824 830 826
f 826 830 831
f 831 827 826
f 832 833 834
f 834 833 835
f 836 834 835
f 837 838 836
f 836 835 837
f 837 835 833
f 839 877 840
f 841 840 877
f 841 842 843
f 839 840 843
f 843 840 841
f 844 845 883
f 883 845 846
f 883 846 848
f 848 846 847
f 849 850 851
f 852 854 851
f 852 851 850
f 853 854 852
f 855 856 857
f 855 857 852
f 858 861 859
f 855 860 856
f 859 861 862
f 859 862 863
f 862 864 863
f 863 864 865
f 863 865 866
f 863 866 867
f 869 868 870
f 869 870 855
f 871 863 869
f 869 863 868
f 868 863 867
f 857 861 852
f 852 861 858
f 852 858 872
f 852 872 853
f 853 872 849
f 850 849 872
f 850 872 873
f 850 873 874
f 874 873 875
f 874 875 876
f 874 876 834
f 834 876 842
f 841 832 842
f 842 832 834
f 841 877 878
f 841 878 832
f 832 878 833
f 839 838 877
f 877 838 837
f 838 839 879
f 838 879 880
f 880 879 881
f 880 881 885
f 885 881 882
f 885 882 828
f 828 882 847
f 826 847 846
f 826 846 824
f 846 845 824
f 829 825 883
f 883 825 844
f 883 848 884
f 829 884 831
f 829 883 884
f 831 884 848
f 831 848 827
f 827 848 847
f 827 847 828
f 828 847 885
f 885 847 882
f 885 882 880
f 880 882 881
f 880 881 886
f 886 881 879
f 886 879 887
f 886 887 836
f 836 887 839
f 836 839 843
f 836 843 834
f 834 843 888
f 834 888 889
f 889 888 890
f 891 892 893
f 894 891 893
f 894 893 895
f 889 890 895
f 889 895 892
f 892 895 893
f 891 894 896
f 896 894 897
f 896 897 898
f 871 899 863
f 863 899 900
f 874 834 889
f 898 899 871
f 898 871 901
f 874 889 902
f 902 889 892
f 902 892 850
f 850 892 852
f 852 892 896
f 852 896 869
f 869 896 901
f 901 896 898
f 875 890 903
f 903 890 888
f 903 888 876
f 900 897 863
f 863 897 904
f 872 895 890
f 872 890 905
f 905 890 873
f 904 897 894
f 904 894 859
f 859 894 858
f 873 890 875
f 858 894 906
f 858 906 872
f 872 906 895
f 878 907 833
f 833 907 835
f 837 908 877
f 840 878 877
f 878 840 907
f 840 877 908
f 907 840 908
f 833 835 837
f 837 835 908
f 835 907 908
f 899 909 900
f 900 909 897
f 909 899 898
f 897 909 898
f 825 910 844
f 910 845 844
f 824 910 825
f 845 910 824
f 883 910 884
f 910 883 884
f 849 893 891
f 849 891 853
f 891 854 853
f 893 849 851
f 893 851 891
f 891 851 854
f 867 911 868
f 909 868 911
f 868 909 870
f 870 909 912
f 867 866 911
f 911 866 865
f 911 865 864
f 911 864 862
f 911 862 861
f 911 861 909
f 909 861 857
f 909 857 912
f 912 857 856
f 912 856 860
f 912 860 855
f 912 855 870
f 886 836 838
f 880 886 838
f 847 826 828
f 843 842 888
f 888 842 876
f 904 859 863
f 872 905 873
f 875 903 876
f 855 852 869
f 869 901 871
f 850 874 902
f 879 839 887
f 906 894 895
f 891 896 892
f 829 831 830
f 913 914 915
f 915 916 913
f 913 916 917
f 917 916 918
f 919 917 918
f 920 921 922
f 920 922 923
f 923 922 958
f 958 922 921
f 960 924 925
f 960 925 926
f 927 928 929
f 929 928 930
f 929 930 931
f 931 930 932
f 935 936 948
f 936 935 937
f 936 937 938
f 937 939 938
f 938 939 940
f 938 940 941
f 938 941 942
f 943 944 945
f 945 944 946
f 946 947 945
f 945 947 948
f 945 948 949
f 945 938 943
f 943 938 942
f 949 948 936
f 949 936 950
f 950 936 933
f 950 933 934
f 934 933 951
f 934 951 952
f 952 951 953
f 953 951 954
f 953 954 955
f 955 954 956
f 956 954 926
f 956 926 920
f 925 921 926
f 926 921 920
f 958 921 957
f 921 925 957
f 958 924 959
f 959 924 960
f 959 932 961
f 961 932 917
f 917 932 930
f 917 930 913
f 930 928 913
f 913 928 914
f 916 962 929
f 929 962 927
f 931 963 929
f 916 929 963
f 916 963 918
f 918 963 931
f 918 931 919
f 919 931 932
f 919 932 959
f 959 960 923
f 923 960 926
f 923 926 920
f 920 926 956
f 956 926 964
f 956 964 970
f 970 964 965
f 970 965 966
f 968 967 969
f 970 966 971
f 970 971 972
f 972 971 969
f 972 969 967
f 967 968 973
f 973 968 974
f 975 973 974
f 938 945 976
f 956 970 955
f 975 945 973
f 973 945 949
f 970 972 952
f 952 972 977
f 977 972 967
f 977 967 934
f 934 967 950
f 953 955 970
f 953 970 952
f 950 967 949
f 949 967 973
f 951 965 954
f 954 965 964
f 976 974 938
f 938 974 936
f 951 969 971
f 951 971 978
f 954 964 926
f 936 974 968
f 978 966 951
f 951 966 965
f 936 968 933
f 933 968 969
f 933 969 951
f 925 979 957
f 957 979 922
f 958 980 924
f 924 980 979
f 925 924 979
f 957 922 958
f 958 922 980
f 922 979 980
f 914 962 915
f 981 945 975
f 945 981 976
f 981 974 976
f 974 981 975
f 982 962 914
f 962 982 927
f 982 928 927
f 928 982 914
f 982 963 916
f 982 916 963
f 942 981 943
f 947 946 983
f 983 946 944
f 983 944 943
f 983 943 981
f 947 983 948
f 948 983 981
f 942 941 981
f 981 941 940
f 981 940 939
f 981 939 937
f 981 937 935
f 981 935 984
f 984 935 948
f 984 948 981
f 958 959 923
f 919 961 917
f 934 952 977
f 966 978 971
f 959 961 919
f 962 916 915
f 985 986 987
f 985 987 988
f 987 989 990
f 987 990 991
f 987 991 992
f 985 989 986
f 985 990 989
f 993 483 994
f 483 993 995
f 999 997 987
f 996 997 1000
f 996 1000 1001
f 989 987 986
f 992 999 987
f 1002 1003 483
f 1004 1002 1005
f 1004 1006 1007
f 988 1008 991
f 990 985 991
f 991 985 988
f 1004 1007 988
f 1009 1006 1010
f 988 1007 1008
f 1006 1004 1005
f 1006 1005 1010
f 994 1003 993
f 995 993 1003
f 1002 995 1003
f 995 1002 1004
f 995 1004 997
f 997 1004 988
f 997 988 987
f 992 1008 999
f 999 1008 1007
f 999 1007 997
f 997 1007 1006
f 997 1006 1000
f 1000 1006 1001
f 1001 1006 998
f 998 1006 1009
f 998 1009 1010
f 998 1010 1001
f 1001 1010 996
f 996 1010 1005
f 996 1005 997
f 997 1005 1002
f 997 1002 995
f 995 1002 483
f 483 1003 994
f 992 991 1008
f 1011 1012 1013
f 1011 1013 1014
f 1013 1015 1011
f 1015 1016 1011
f 1013 1011 1017
f 107 450 1018
f 107 1018 1035
f 1020 1012 1019
f 1019 1012 1021
f 1016 1020 1019
f 1022 1023 1024
f 1015 1012 1020
f 1023 1022 450
f 450 1022 1018
f 1025 1018 1026
f 1027 1013 1028
f 1013 1027 1026
f 1015 1013 1012
f 1029 1025 1030
f 1026 1027 1025
f 1028 1013 1031
f 1028 1031 1032
f 1029 1030 1033
f 1016 1019 1011
f 1014 1036 1011
f 1036 1017 1011
f 1037 1036 1014
f 1038 1037 1035
f 1024 1034 1022
f 1024 1023 1034
f 1018 1022 1034
f 1018 1034 1035
f 1018 1035 1026
f 1026 1035 1037
f 1026 1037 1014
f 1026 1014 1013
f 1031 1017 1032
f 1032 1017 1036
f 1032 1036 1028
f 1028 1036 1027
f 1027 1036 1037
f 1027 1037 1025
f 1025 1037 1038
f 1025 1038 1030
f 1030 1038 1033
f 1029 1033 1038
f 1029 1038 1025
f 1025 1038 1035
f 1025 1035 1018
f 450 1034 1023
f 1015 1020 1016
f 1013 1017 1031
f 1012 1011 1021
f 1021 1011 1019
f 107 1035 450
f 450 1035 1034
f 1039 1040 1041
f 1040 1039 1042
f 1042 1039 957
f 957 980 1042
f 958 980 957
f 980 958 1040
f 1040 958 1041
f 1040 1042 980
f 1043 1044 1045
f 1045 957 1039
f 1045 1039 1046
f 957 1045 1044
f 957 1044 1043
f 1043 958 957
f 1043 1041 958
f 1039 1047 1046
f 1046 1047 1041
f 1041 1047 1039
f 1041 1048 1046
f 1046 1048 1049
f 1043 1053 1041
f 1041 1053 1048
f 1045 1050 1043
f 1043 1050 1053
f 1046 1049 1045
f 1045 1049 1050
f 1051 1050 1052
f 1051 1053 1050
f 1052 1050 1049
f 1052 1049 1048
f 1039 1051 1052
f 1048 1053 1047
f 1047 1053 958
f 958 1053 1044
f 1039 1044 1051
f 1047 1052 1048
f 1053 1051 1044
f 1044 1039 1047
f 1047 958 1044
f 1039 1052 1047
f 1054 1055 1056
f 1055 1054 1057
f 1057 1054 877
f 877 840 1057
f 878 840 877
f 840 878 1055
f 1055 878 1056
f 1055 1057 840
f 1058 1059 1064
f 1064 877 1054
f 877 1064 1059
f 877 1059 1058
f 877 1065 878
f 1065 1058 878
f 1058 1065 877
f 1060 1056 1058
f 1058 1056 878
f 1054 1056 1060
f 1060 1061 1054
f 1054 1061 1062
f 1058 1063 1060
f 1060 1063 1061
f 1058 1064 1063
f 1054 1062 1064
f 1059 1064 1062
f 1065 1066 1059
f 1059 1066 1064
f 1065 1067 1066
f 1066 1063 1064
f 1067 1061 1066
f 1066 1061 1063
f 1067 1062 1061
f 1054 1059 1062
f 1067 1065 1056
f 1056 1062 1067
f 1059 1054 1056
f 1056 1065 1059
f 1054 1062 1056
f 1068 1069 1070
f 1070 1069 1076
f 1076 1069 1071
f 1072 1073 1074
f 1071 1075 1076
f 1076 1075 1077
f 1076 1077 1074
f 1074 1077 1072
f 1073 1078 1079
f 1079 1078 1080
f 1080 1078 1081
f 1082 1083 1084
f 1085 1086 1087
f 1086 1085 1088
f 1089 1090 1088
f 1092 1093 1094
f 1095 1068 1096
f 1097 1098 1096
f 1096 1098 1099
f 1096 1099 1095
f 1090 1089 1100
f 1100 1089 1101
f 1090 1100 1088
f 1088 1100 1102
f 1088 1102 1086
f 1103 1083 1104
f 1103 1104 1023
f 1083 1103 1087
f 1083 1087 1102
f 1102 1087 1086
f 1105 1084 1083
f 1084 1105 1106
f 1106 1105 1107
f 1108 1094 1107
f 1109 1092 1108
f 1108 1092 1094
f 1019 1110 1021
f 1100 1101 1108
f 1108 1101 1091
f 1108 1091 1111
f 1021 1110 1111
f 1108 1111 1110
f 1108 1110 1109
f 1081 1094 1080
f 1068 1101 1069
f 1071 1085 1075
f 1071 1088 1085
f 1078 1073 1084
f 1093 1110 1098
f 1080 1094 1097
f 1097 1094 1093
f 1097 1093 1098
f 1081 1107 1094
f 1078 1084 1106
f 1078 1106 1081
f 1081 1106 1107
f 1104 1083 1072
f 1072 1083 1082
f 1072 1082 1073
f 1073 1082 1084
f 1085 1087 1075
f 1077 1103 1104
f 1104 1103 1023
f 1103 1077 1075
f 1103 1075 1087
f 1069 1089 1088
f 1069 1088 1071
f 1069 1101 1089
f 1099 1111 1095
f 1095 1111 1091
f 1095 1091 1068
f 1068 1091 1101
f 1021 1111 1099
f 1110 1019 1021
f 1077 1104 1072
f 1099 1098 1021
f 1021 1098 1110
f 1093 1092 1109
f 1093 1109 1110
f 1112 1113 1114
f 1114 1113 1115
f 1116 1117 1112
f 1112 1117 1113
f 1118 1119 1116
f 1116 1119 1117
f 1114 1115 1118
f 1118 1115 1119
f 1119 1097 1117
f 1117 1097 1096
f 1076 1113 1070
f 1070 1113 1117
f 1070 1117 1096
f 1080 1097 1119
f 1080 1119 1079
f 1079 1119 1115
f 1074 1079 1115
f 1074 1115 1076
f 1076 1115 1113
f 1074 1073 1079
f 1096 1068 1070
f 1118 1120 1114
f 1114 1120 1121
f 1114 1121 1122
f 1122 1121 1123
f 1122 1123 1124
f 1124 1123 1105
f 1105 1123 1125
f 1107 1125 1108
f 1125 1107 1105
f 1124 1105 1102
f 1102 1126 1124
f 1124 1126 1127
f 1124 1127 1122
f 1122 1127 1128
f 1122 1128 1114
f 1114 1128 1129
f 1114 1129 1112
f 1105 1083 1102
f 1100 1108 1125
f 1100 1125 1130
f 1130 1125 1123
f 1123 1121 1130
f 1130 1121 1120
f 1130 1120 1131
f 1131 1120 1118
f 1131 1118 1116
f 1116 1112 1131
f 1131 1112 1129
f 1131 1129 1130
f 1129 1128 1130
f 1130 1128 1127
f 1130 1127 1100
f 1102 1100 1126
f 1126 1100 1127
f 1132 1133 1134
f 1132 1134 1135
f 1133 1132 1136
f 1133 1136 1137
f 1138 1139 1140
f 1141 1142 1143
f 1134 1144 1143
f 1134 1133 1137
f 1137 1144 1134
f 1137 1145 1144
f 1146 1147 1148
f 1147 1146 1149
f 1150 1151 1152
f 1149 1146 1151
f 1136 1132 1135
f 1153 1154 1155
f 1149 1151 1150
f 1150 1152 1135
f 1156 1153 1157
f 1158 1136 1135
f 1156 1157 1152
f 1140 1139 1147
f 1147 1139 1148
f 1149 1140 1147
f 1142 1149 1150
f 1142 1150 1143
f 1143 1150 1135
f 1143 1135 1134
f 1145 1158 1144
f 1144 1158 1135
f 1144 1135 1143
f 1143 1135 1152
f 1143 1152 1141
f 1141 1152 1159
f 1159 1152 1157
f 1159 1157 1160
f 1160 1157 1155
f 1160 1155 1161
f 1161 1155 1154
f 1161 1154 1153
f 1161 1153 1156
f 1161 1156 1160
f 1160 1156 1159
f 1159 1156 1152
f 1159 1152 1141
f 1141 1152 1151
f 1141 1151 1142
f 1142 1151 1146
f 1142 1146 1140
f 1138 1146 1148
f 1138 1148 1139
f 1137 1136 1145
f 1145 1136 1158
f 1140 1149 1142
f 1138 1140 1146
f 1153 1155 1157
f 1162 1163 1164
f 1164 1163 1170
f 1170 1163 1165
f 1166 1167 1168
f 1165 1169 1170
f 1170 1169 1171
f 1170 1171 1168
f 1168 1171 1172
f 1168 1172 1166
f 1167 1173 1174
f 1174 1173 1189
f 1189 1173 1175
f 1166 1176 1177
f 1203 1182 1183
f 1173 1185 1184
f 1186 1162 1187
f 1175 1188 1189
f 1189 1188 1187
f 1187 1188 1190
f 1187 1190 1186
f 1191 1180 1192
f 1180 1191 1193
f 1180 1193 1178
f 1194 1195 1196
f 1194 1196 1197
f 1195 1194 1179
f 1195 1179 1193
f 1193 1179 1178
f 1197 1196 1198
f 1176 1199 1195
f 1195 1199 1200
f 1185 1177 1201
f 1201 1177 1195
f 1195 1177 1176
f 1185 1201 1184
f 1202 1183 1184
f 1202 1203 1183
f 1206 1204 1203
f 1204 1206 1205
f 1191 1192 1202
f 1202 1192 1181
f 1202 1181 1206
f 1207 1195 1200
f 1196 1200 1198
f 1207 1196 1195
f 1202 1206 1203
f 1196 1197 1198
f 1162 1192 1163
f 1165 1178 1169
f 1165 1180 1178
f 1173 1167 1185
f 1167 1177 1185
f 1204 1206 1182
f 1182 1206 1188
f 1175 1183 1188
f 1188 1183 1182
f 1175 1184 1183
f 1175 1173 1184
f 1199 1176 1172
f 1172 1176 1166
f 1167 1166 1177
f 1200 1199 1172
f 1178 1179 1169
f 1171 1194 1196
f 1196 1194 1197
f 1194 1171 1169
f 1194 1169 1179
f 1163 1180 1165
f 1163 1192 1180
f 1190 1206 1186
f 1186 1206 1181
f 1186 1181 1162
f 1162 1181 1192
f 1206 1204 1205
f 1198 1200 1196
f 1171 1196 1172
f 1172 1196 1207
f 1172 1207 1200
f 1190 1188 1206
f 1182 1203 1204
f 1208 1209 1210
f 1210 1209 1211
f 1212 1213 1208
f 1208 1213 1209
f 1214 1215 1212
f 1212 1215 1213
f 1210 1211 1214
f 1214 1211 1215
f 1215 1189 1213
f 1213 1189 1187
f 1170 1209 1164
f 1164 1209 1213
f 1164 1213 1187
f 1189 1215 1174
f 1174 1215 1211
f 1168 1174 1211
f 1168 1211 1170
f 1170 1211 1209
f 1168 1167 1174
f 1187 1162 1164
f 1214 1216 1210
f 1210 1216 1217
f 1210 1217 1218
f 1218 1217 1219
f 1218 1219 1220
f 1220 1219 1201
f 1201 1219 1221
f 1184 1221 1202
f 1221 1184 1201
f 1220 1201 1193
f 1193 1222 1220
f 1220 1222 1223
f 1220 1223 1218
f 1218 1223 1224
f 1218 1224 1210
f 1210 1224 1225
f 1210 1225 1208
f 1201 1195 1193
f 1191 1202 1221
f 1191 1221 1226
f 1226 1221 1219
f 1219 1217 1226
f 1226 1217 1216
f 1226 1216 1227
f 1227 1216 1214
f 1227 1214 1212
f 1212 1208 1227
f 1227 1208 1225
f 1227 1225 1226
f 1225 1224 1226
f 1226 1224 1223
f 1226 1223 1191
f 1193 1191 1222
f 1222 1191 1223
f 1204 1205 1228
f 1204 1228 1229
f 1230 1231 1229
f 1232 1231 1230
f 1230 1229 1248
f 1232 1205 1231
f 1204 1231 1205
f 1232 1230 1205
f 1235 1233 1197
f 1236 1237 1239
f 1239 1237 1235
f 1235 1237 1233
f 1238 1239 1228
f 1205 1230 1228
f 1240 1241 1242
f 1230 1238 1228
f 1230 1243 1238
f 1237 1236 1240
f 1240 1236 1241
f 1245 1252 1246
f 1247 1234 1245
f 1231 1204 1229
f 1249 1250 1251
f 1234 1244 1245
f 1245 1246 1229
f 1246 1248 1229
f 1252 1245 1244
f 1235 1253 1198
f 1197 1253 1235
f 1197 1198 1253
f 1247 1235 1198
f 1235 1247 1245
f 1235 1245 1239
f 1239 1245 1228
f 1228 1245 1229
f 1243 1248 1238
f 1238 1248 1246
f 1238 1246 1239
f 1239 1246 1252
f 1239 1252 1236
f 1236 1252 1241
f 1241 1252 1250
f 1241 1250 1242
f 1242 1250 1249
f 1242 1249 1251
f 1242 1251 1240
f 1240 1251 1252
f 1240 1252 1237
f 1237 1252 1244
f 1237 1244 1233
f 1233 1244 1234
f 119 1247 1233
f 1247 1197 1233
f 1247 1198 1253
f 1247 1253 1197
f 1253 1198 1197
f 1230 1248 1243
f 119 1234 1247
f 1233 1234 119
f 1251 1250 1252
f 1254 1255 1256
f 1256 1255 1262
f 1262 1255 1257
f 1258 1259 1260
f 1257 1261 1262
f 1262 1261 1263
f 1262 1263 1260
f 1260 1263 1258
f 1259 1264 1265
f 1265 1264 1284
f 1284 1264 1266
f 1270 1269 1271
f 1273 1274 1275
f 1276 1277 1278
f 1278 1279 1276
f 1264 1280 1279
f 1281 1254 1282
f 1266 1283 1284
f 1284 1283 1282
f 1282 1283 1285
f 1282 1285 1281
f 1286 1272 1275
f 1272 1286 1287
f 1272 1287 1269
f 1289 1288 1270
f 1289 1270 1271
f 1289 1271 1287
f 1287 1271 1269
f 1268 1267 1289
f 1289 1267 1290
f 1280 1268 1291
f 1291 1268 1289
f 1280 1291 1279
f 1292 1276 1279
f 1292 1293 1277
f 1292 1277 1276
f 1286 1275 1292
f 1292 1275 1274
f 1292 1274 1273
f 1289 1290 1288
f 1294 1295 1296
f 1273 1296 1292
f 1292 1296 1295
f 1292 1295 1293
f 1293 1295 1294
f 1254 1275 1255
f 1257 1269 1261
f 1257 1272 1269
f 1264 1259 1280
f 1259 1268 1280
f 1293 1294 1277
f 1277 1294 1283
f 1266 1278 1283
f 1283 1278 1277
f 1266 1279 1278
f 1266 1264 1279
f 1258 1267 1259
f 1259 1267 1268
f 1258 1290 1267
f 1269 1270 1261
f 1263 1289 1288
f 1289 1263 1261
f 1289 1261 1270
f 1289 1270 1288
f 1255 1272 1257
f 1255 1275 1272
f 1285 1273 1281
f 1281 1273 1254
f 1254 1273 1275
f 1294 1273 1285
f 1263 1288 1258
f 1258 1288 1290
f 1285 1283 1294
f 1273 1294 1296
f 1297 1298 1299
f 1299 1298 1300
f 1301 1302 1297
f 1297 1302 1298
f 1303 1304 1301
f 1301 1304 1302
f 1299 1300 1303
f 1303 1300 1304
f 1304 1284 1302
f 1302 1284 1282
f 1262 1298 1256
f 1256 1298 1302
f 1256 1302 1282
f 1284 1304 1265
f 1265 1304 1300
f 1260 1265 1300
f 1260 1300 1262
f 1262 1300 1298
f 1260 1259 1265
f 1282 1254 1256
f 1303 1305 1299
f 1299 1305 1306
f 1299 1306 1307
f 1307 1306 1308
f 1307 1308 1309
f 1309 1308 1291
f 1291 1308 1310
f 1279 1310 1292
f 1310 1279 1291
f 1309 1291 1287
f 1287 1311 1309
f 1309 1311 1312
f 1309 1312 1307
f 1307 1312 1313
f 1307 1313 1299
f 1299 1313 1314
f 1299 1314 1297
f 1291 1289 1287
f 1286 1292 1310
f 1286 1310 1315
f 1315 1310 1308
f 1308 1306 1315
f 1315 1306 1305
f 1315 1305 1316
f 1316 1305 1303
f 1316 1303 1301
f 1301 1297 1316
f 1316 1297 1314
f 1316 1314 1315
f 1314 1313 1315
f 1315 1313 1312
f 1315 1312 1286
f 1287 1286 1311
f 1311 1286 1312
f 1317 1318 1319
f 1319 1318 1320
f 1319 1320 1321
f 1318 1317 1322
f 618 1321 1323
f 618 1319 1321
f 1324 1323 1321
f 1325 1324 1320
f 618 620 1320
f 1320 620 1325
f 1325 620 618
f 618 1323 1325
f 1325 1323 1324
f 1323 620 618
f 1323 618 620
f 1318 1317 1319
f 1318 1319 1320
f 1322 1326 1318
f 1318 1326 1317
f 1321 1320 1324
f 1320 1319 618
f 1317 1326 1322
f 1327 1328 1329
f 1329 1328 1335
f 1335 1328 1330
f 1331 1332 1333
f 1330 1334 1335
f 1335 1334 1336
f 1335 1336 1333
f 1333 1336 1337
f 1333 1337 1331
f 1332 1338 1339
f 1339 1338 1340
f 1340 1338 1341
f 1342 1343 1344
f 1344 1343 1345
f 1348 1346 1347
f 1350 1351 1352
f 1352 1351 1353
f 1352 1353 1354
f 1344 1345 1355
f 1340 1357 1358
f 1358 1357 1359
f 1358 1359 1356
f 1356 1359 1360
f 1356 1360 1327
f 1361 1349 1354
f 1349 1361 1362
f 1349 1362 1346
f 1363 1348 1347
f 1363 1347 1362
f 1362 1347 1346
f 1342 1364 1363
f 1365 1345 1363
f 1363 1345 1343
f 1363 1343 1342
f 1345 1365 1355
f 1355 1365 1366
f 1367 1368 1366
f 1367 1369 1368
f 1361 1354 1367
f 1367 1354 1353
f 1367 1353 1351
f 1370 1363 1364
f 1351 1350 1367
f 1367 1350 1371
f 1367 1371 1369
f 1341 1368 1340
f 1327 1354 1328
f 1330 1346 1334
f 1330 1349 1346
f 1338 1332 1344
f 1369 1371 1359
f 1340 1368 1357
f 1357 1368 1369
f 1357 1369 1359
f 1341 1366 1368
f 1338 1344 1355
f 1338 1355 1341
f 1341 1355 1366
f 1364 1342 1337
f 1337 1342 1331
f 1331 1342 1332
f 1332 1342 1344
f 1346 1348 1334
f 1363 1336 1334
f 1363 1334 1348
f 1328 1349 1330
f 1328 1354 1349
f 1360 1350 1327
f 1327 1350 1352
f 1327 1352 1354
f 1371 1350 1360
f 1370 1336 1363
f 1336 1370 1337
f 1337 1370 1364
f 1360 1359 1371
f 1372 1373 1374
f 1374 1373 1375
f 1376 1377 1372
f 1372 1377 1373
f 1378 1379 1376
f 1376 1379 1377
f 1374 1375 1378
f 1378 1375 1379
f 1379 1358 1377
f 1377 1358 1356
f 1335 1373 1329
f 1329 1373 1377
f 1329 1377 1356
f 1340 1358 1379
f 1340 1379 1339
f 1339 1379 1375
f 1333 1339 1375
f 1333 1375 1335
f 1335 1375 1373
f 1333 1332 1339
f 1356 1327 1329
f 1378 1380 1374
f 1374 1380 1381
f 1374 1381 1382
f 1382 1381 1383
f 1382 1383 1384
f 1384 1383 1365
f 1365 1383 1385
f 1366 1385 1367
f 1385 1366 1365
f 1384 1365 1362
f 1362 1386 1384
f 1384 1386 1387
f 1384 1387 1382
f 1382 1387 1388
f 1382 1388 1374
f 1374 1388 1389
f 1374 1389 1372
f 1365 1363 1362
f 1361 1367 1385
f 1361 1385 1390
f 1390 1385 1383
f 1383 1381 1390
f 1390 1381 1380
f 1390 1380 1391
f 1391 1380 1378
f 1391 1378 1376
f 1376 1372 1391
f 1391 1372 1389
f 1391 1389 1390
f 1389 1388 1390
f 1390 1388 1387
f 1390 1387 1361
f 1362 1361 1386
f 1386 1361 1387
