seed,timestamp,observer_id,observed_id,f1_0,f1_1,f1_2,f1_3,f1_4,f1_5,f1_6,f1_7,f1_8,f1_9,f2_0,f2_1,f2_2,f2_3,f2_4,f2_5,f2_6,f2_7,f2_8,f2_9,f3_0,f3_1,f3_2,f3_3,f3_4,f3_5,f3_6,f3_7,f3_8,f3_9,f4_0,f4_1,f4_2,f4_3,f4_4,f4_5,f4_6,f4_7,f4_8,f4_9,f5,F1,F2,F3,F4,F5,F6,RUL,fault_status,fault_type,movement_pattern
24,124.51,remora9,remora8,17.86,17.85,17.8,17.8,17.66,17.65,17.49,17.49,17.36,17.31,18.34,18.32,18.27,18.27,18.14,18.12,17.97,17.97,17.84,17.79,2.01,1.97,1.94,1.9,1.87,1.83,1.8,1.76,1.73,1.69,2.02,2.01,1.99,1.97,1.95,1.93,1.92,1.91,1.91,1.9,188.74,0,1,1,0,0,0,98.42,1,GradualMotor,aggregation
24,125.51,remora9,remora8,17.29,17.27,17.24,17.2,17.19,17.17,0,0,0,0,17.77,17.75,17.72,17.68,17.66,17.65,0,0,0,0,1.66,1.62,1.59,1.56,1.52,1.49,1.48,1.48,1.48,1.48,1.89,1.87,1.85,1.83,1.81,1.79,1.78,1.78,1.77,1.77,178.33,0,1,1,0,0,0,97.42,1,GradualMotor,aggregation
24,126.51,remora9,remora8,0,0,0,0,0,0,0,0,0,0,0,0,0,0,0,0,0,0,0,0,1.47,1.47,1.47,1.47,1.47,1.47,1.47,1.47,1.47,1.47,1.78,1.79,1.8,1.81,1.81,1.8,1.8,1.79,1.79,1.78,159.04,1,1,1,0,0,0,96.42,1,GradualMotor,aggregation
24,127.51,remora9,remora8,0,0,0,0,0,0,0,0,0,0,0,0,0,0,0,0,0,0,0,0,1.47,1.47,1.47,1.47,1.47,1.47,1.47,1.47,1.47,1.47,1.78,1.77,1.78,1.79,1.8,1.8,1.8,1.8,1.79,1.79,141.05,1,1,1,0,0,0,95.42,1,GradualMotor,aggregation
24,128.51,remora9,remora8,0,0,0,0,0,0,0,0,0,0,0,0,0,0,0,0,0,0,0,0,1.47,1.47,1.47,1.47,1.47,1.47,1.47,1.47,1.47,1.47,1.78,1.78,1.77,1.77,1.78,1.79,1.8,1.79,1.79,1.78,124.54,1,1,1,0,0,0,94.42,1,GradualMotor,aggregation
24,129.51,remora9,remora8,0,0,0,0,0,0,0,0,0,0,0,0,0,0,0,0,0,0,0,0,1.47,1.47,1.47,1.47,1.47,1.47,1.47,1.47,1.47,1.47,1.78,1.78,1.79,1.8,1.8,1.79,1.79,1.78,1.78,1.77,104.53,1,1,1,0,0,0,93.42,1,GradualMotor,aggregation
24,130.51,remora9,remora8,0,0,0,0,0,0,0,0,0,0,0,0,0,0,0,0,0,0,0,0,1.47,1.47,1.47,1.47,1.47,1.47,1.47,1.47,1.47,1.47,1.78,1.79,1.81,1.82,1.82,1.81,1.81,1.8,1.8,1.79,84.05,1,1,1,0,0,0,92.42,1,GradualMotor,aggregation
24,131.51,remora9,remora8,0,0,0,0,0,0,0,0,0,0,0,0,0,0,0,0,0,0,0,0,1.47,1.47,1.47,1.47,1.47,1.47,1.47,1.47,1.47,1.47,1.79,1.78,1.78,1.78,1.79,1.8,1.79,1.79,1.78,1.78,65.98,1,1,1,0,0,0,91.42,1,GradualMotor,aggregation
24,132.51,remora9,remora8,0,0,0,0,0,-6.66,-6.66,-6.62,-6.4,-6.4,0,0,0,0,0,-7.4,-7.4,-7.37,-7.14,-7.14,1.47,1.47,1.47,1.47,1.49,1.51,1.55,1.57,1.6,1.63,1.77,1.77,1.78,1.79,1.79,1.8,1.81,1.82,1.83,1.86,50.33,0,1,1,0,0,0,90.42,1,GradualMotor,aggregation
24,133.51,remora9,remora8,-6.3,-6.3,-6.13,-6.13,-6.13,-5.7,-5.69,-5.69,-5.57,-5.56,-7.04,-7.04,-6.88,-6.88,-6.87,-6.44,-6.43,-6.42,-6.3,-6.3,1.66,1.69,1.72,1.75,1.78,1.81,1.84,1.87,1.9,1.93,1.89,1.91,1.92,1.93,1.94,1.95,1.96,1.97,1.98,2,38.1,0,1,0,0,0,0,89.42,1,GradualMotor,aggregation
24,134.51,remora9,remora8,-5.43,-5.43,-5.15,-5.15,-5.07,-4.86,-4.86,-4.86,-4.61,-4.61,-6.17,-6.16,-5.88,-5.88,-5.8,-5.59,-5.58,-5.58,-5.34,-5.34,1.96,1.99,2.02,2.05,2.08,2.08,2.07,2.06,2.05,2.05,2.02,2.05,2.07,2.08,2.08,2.09,2.1,2.11,2.12,2.14,25.6,0,1,0,0,0,0,88.42,1,GradualMotor,aggregation
24,135.51,remora9,remora8,-4.49,-4.49,-4.32,-4.31,-4.31,-4.09,-3.98,-3.98,-3.8,-3.8,-5.22,-5.22,-5.04,-5.03,-5.03,-4.82,-4.7,-4.7,-4.52,-4.52,2.07,2.08,2.07,2.06,2.05,2.04,2.05,2.08,2.1,2.11,2.16,2.18,2.19,2.2,2.21,2.22,2.24,2.27,2.3,2.32,19.64,0,1,0,0,0,0,87.42,1,GradualMotor,aggregation
24,136.51,remora9,remora8,-3.73,-3.45,-3.44,-3.33,-3.33,-3.33,-3.21,-2.76,-2.76,-2.75,-4.45,-4.16,-4.16,-4.05,-4.04,-4.04,-3.92,-3.47,-3.47,-3.46,2.1,2.09,2.08,2.07,2.06,2.05,2.04,2.03,2.05,2.06,2.33,2.34,2.35,2.36,2.37,2.38,2.38,2.4,2.42,2.06,23.2,0,1,0,0,0,0,86.42,1,GradualMotor,aggregation
24,137.51,remora9,remora8,-2.67,-2.67,-2.56,-2.14,-2.14,-2.14,-2.07,-2.07,-1.98,-1.97,-3.38,-3.38,-3.27,-2.84,-2.84,-2.84,-2.77,-2.77,-2.68,-2.68,2.05,2.04,2.03,2.03,2.06,2.08,2.08,2.07,2.06,2.05,2.05,2.04,2.03,2.03,2.06,2.08,2.08,2.07,2.06,2.05,25.79,0,1,0,0,0,0,85.42,1,GradualMotor,aggregation
24,138.51,remora9,remora8,-1.69,-1.59,-1.59,-1.58,-1.46,-1.46,-1.05,-0.93,-0.92,-0.92,-2.39,-2.29,-2.29,-2.28,-2.16,-2.16,-1.75,-1.62,-1.62,-1.62,2.04,2.03,2.02,2.01,2.03,2.06,2.08,2.1,2.1,2.09,2.04,2.03,2.02,2.01,2.03,2.06,2.08,2.1,2.1,2.09,27.46,0,1,0,0,0,0,84.42,1,GradualMotor,aggregation
24,139.51,remora9,remora8,-0.93,-0.93,-0.9,13.55,13.53,13.53,-0.47,-0.37,-0.37,-0.37,-1.63,-1.63,-1.59,13.1,13.09,13.09,-1.16,-1.06,-1.06,-1.06,2.08,2.07,2.06,2.05,2.04,2.04,2.03,2.02,2.03,2.06,2.08,2.07,2.06,2.05,2.04,2.04,2.03,2.02,2.03,2.06,32.13,0,1,0,0,0,0,83.42,1,GradualMotor,aggregation
24,140.51,remora9,remora8,-0.28,-0.28,13.88,13.88,-0.18,-0.12,-0.12,-0.18,-0.18,-0.18,-0.97,-0.97,13.45,13.45,-0.86,-0.8,-0.8,-0.86,-0.86,-0.86,2.08,2.1,2.1,2.09,2.08,2.07,2.06,2.05,2.04,2.03,2.08,2.1,2.1,2.09,2.08,2.07,2.06,2.05,2.04,2.03,35.29,0,1,0,0,0,0,82.42,1,GradualMotor,aggregation
24,141.51,remora9,remora8,-0.08,14.3,14.28,0.08,0.08,0.08,0.08,0.12,0.12,0.12,-0.76,13.89,13.87,-0.6,-0.6,-0.6,-0.59,-0.55,-0.55,-0.55,2.02,2.02,2.04,2.07,2.09,2.12,2.11,2.1,2.09,2.08,2.02,2.02,2.04,2.07,2.09,2.12,2.11,2.1,2.09,2.08,38.32,0,1,0,0,0,0,81.42,1,GradualMotor,aggregation
24,142.51,remora9,remora8,0.21,0.21,0.16,0.15,0.23,0.28,0.28,0.21,0.21,0.21,-0.46,-0.46,-0.51,-0.51,-0.44,-0.39,-0.39,-0.46,-0.46,-0.46,2.07,2.06,2.05,2.04,2.03,2.02,2.04,2.06,2.09,2.11,2.07,2.06,2.05,2.04,2.03,2.02,2.04,2.06,2.09,2.11,34.98,0,1,0,0,0,0,80.42,1,GradualMotor,aggregation
24,143.51,remora9,remora8,0.36,0.36,0.28,0.28,0.3,0.3,0.38,0.38,0.45,0.41,-0.3,-0.3,-0.38,-0.38,-0.36,-0.36,-0.27,-0.27,-0.2,-0.24,2.12,2.11,2.1,2.09,2.08,2.07,2.06,2.05,2.04,2.03,2.12,2.11,2.1,2.09,2.08,2.07,2.06,2.05,2.04,2.03,28.74,0,1,0,0,0,0,79.42,1,GradualMotor,aggregation
24,144.51,remora9,remora8,0.41,0.41,0.28,0.34,0.34,0.41,0.41,0.36,0.36,0.36,-0.24,-0.24,-0.37,-0.31,-0.31,-0.23,-0.23,-0.29,-0.29,-0.29,2.05,2.07,2.06,2.05,2.04,2.03,2.05,2.08,2.1,2.12,2.05,2.07,2.06,2.05,2.04,2.03,2.05,2.08,2.1,2.12,23.43,0,1,0,0,0,0,78.42,1,GradualMotor,aggregation
24,145.51,remora9,remora8,0.26,0.32,0.32,0.32,0.32,0.37,0.36,0.36,0.36,0.43,-0.38,-0.32,-0.32,-0.32,-0.32,-0.27,-0.27,-0.27,-0.27,-0.21,2.12,2.11,2.1,2.09,2.08,2.07,2.06,2.05,2.04,2.03,2.12,2.11,2.1,2.09,2.08,2.07,2.06,2.05,2.04,2.03,18.94,0,1,0,0,0,0,77.42,1,GradualMotor,aggregation
24,146.51,remora9,remora8,0.43,0.43,0.49,0.41,0.41,0.41,0.48,0.47,0.47,0.36,-0.21,-0.21,-0.14,-0.22,-0.22,-0.22,-0.15,-0.15,-0.15,-0.27,2.05,2.07,2.1,2.12,2.11,2.1,2.09,2.08,2.07,2.06,2.05,2.07,2.1,2.12,2.11,2.1,2.09,2.08,2.07,2.06,15.5,0,1,0,0,0,0,76.42,1,GradualMotor,aggregation
24,147.51,remora9,remora8,0.36,0.36,0.34,0.34,0.31,0.31,0.41,0.41,0.44,0.44,-0.27,-0.27,-0.29,-0.29,-0.31,-0.31,-0.21,-0.21,-0.17,-0.17,2.05,2.04,2.03,2.03,2.02,2.04,2.07,2.09,2.11,2.1,2.05,2.04,2.03,2.03,2.02,2.04,2.07,2.09,2.11,2.1,12.97,0,1,0,0,0,0,75.42,1,GradualMotor,aggregation
24,148.51,remora9,remora8,0.3,0.28,0.27,0.27,0.38,0.38,0.38,0.37,0.37,0.34,-0.32,-0.34,-0.34,-0.34,-0.23,-0.23,-0.24,-0.24,-0.24,-0.27,2.09,2.08,2.07,2.06,2.05,2.04,2.03,2.02,2.04,2.06,2.09,2.08,2.07,2.06,2.05,2.04,2.03,2.02,2.04,2.06,11.35,0,1,0,0,0,0,74.42,1,GradualMotor,aggregation
24,149.51,remora9,remora8,0.34,0.34,0.3,0.3,0.32,0.31,0.31,0.31,0.31,0.45,-0.27,-0.27,-0.31,-0.31,-0.28,-0.3,-0.3,-0.3,-0.3,-0.15,2.09,2.12,2.14,2.14,2.13,2.12,2.11,2.1,2.09,2.08,2.09,2.12,2.14,2.14,2.13,2.12,2.11,2.1,2.09,2.08,6.71,0,1,0,0,0,0,73.42,1,GradualMotor,aggregation
24,150.51,remora9,remora8,0.45,0.64,0.64,0.75,0.75,0.76,0.76,0.76,0.86,0.86,-0.15,0.04,0.04,0.16,0.16,0.17,0.17,0.17,0.28,0.28,2.07,2.06,2.05,2.04,2.03,2.03,2.04,2.07,2.1,2.12,2.07,2.06,2.05,2.04,2.03,2.03,2.04,2.07,2.1,2.12,3.98,0,1,0,0,0,0,72.42,1,GradualMotor,aggregation
24,151.51,remora9,remora8,0.98,0.98,0.98,1.06,1.06,1.05,1.18,1.36,1.36,1.36,0.4,0.4,0.4,0.48,0.48,0.48,0.61,0.79,0.79,0.79,2.12,2.11,2.1,2.09,2.08,2.07,2.06,2.05,2.04,2.03,2.12,2.11,2.1,2.09,2.08,2.07,2.06,2.05,2.04,2.03,1.8,0,1,0,0,0,0,71.42,1,GradualMotor,aggregation
24,152.51,remora9,remora8,1.46,1.45,1.45,1.45,1.58,1.58,1.74,1.74,1.74,1.74,0.89,0.88,0.88,0.88,1.02,1.02,1.18,1.18,1.19,1.19,2.05,2.07,2.1,2.12,2.12,2.11,2.1,2.09,2.08,2.07,2.05,2.07,2.1,2.12,2.12,2.11,2.1,2.09,2.08,2.07,2.99,0,1,0,0,0,0,70.42,1,GradualMotor,aggregation
24,153.51,remora9,remora8,1.86,1.86,2.12,2.12,2.12,2.09,2.09,2.3,2.29,2.29,1.31,1.31,1.57,1.57,1.58,1.55,1.55,1.76,1.76,1.76,2.06,2.05,2.05,2.05,2.07,2.1,2.13,2.15,2.15,2.14,2.06,2.05,2.05,2.05,2.07,2.1,2.13,2.15,2.15,2.14,4.78,0,1,0,0,0,0,69.41,1,GradualMotor,aggregation
24,154.51,remora9,remora8,2.36,2.36,2.35,2.36,2.54,2.72,2.71,2.71,2.72,2.94,1.82,1.82,1.82,1.83,2.01,2.19,2.19,2.19,2.2,2.43,2.13,2.12,2.11,2.1,2.1,2.09,2.08,2.08,2.11,2.13,2.13,2.12,2.11,2.1,2.1,2.09,2.08,2.08,2.11,2.13,7.03,0,1,0,0,0,0,68.41,1,GradualMotor,aggregation
24,155.51,remora9,remora8,2.94,2.94,2.99,2.99,3,3.25,3.25,3.25,3.31,3.31,2.43,2.43,2.48,2.48,2.49,2.75,2.74,2.74,2.81,2.81,2.12,2.12,2.11,2.1,2.09,2.08,2.1,2.13,2.16,2.18,2.12,2.12,2.11,2.1,2.09,2.08,2.1,2.13,2.16,2.18,9.87,0,1,0,0,0,0,67.41,1,GradualMotor,aggregation
24,156.51,remora9,remora8,3.32,3.32,3.47,3.46,3.72,3.72,3.71,4.18,4.18,4.18,2.82,2.82,2.98,2.97,3.23,3.23,3.23,3.7,3.7,3.7,2.17,2.16,2.16,2.15,2.14,2.13,2.12,2.12,2.11,2.12,2.17,2.16,2.16,2.15,2.14,2.13,2.12,2.12,2.11,2.12,13.23,0,1,0,0,0,0,66.41,1,GradualMotor,aggregation
24,157.51,remora9,remora8,4.44,4.59,4.58,4.83,4.82,5.08,5.07,5.25,5.24,5.23,3.97,4.12,4.11,4.37,4.36,4.62,4.62,4.8,4.79,4.79,2.14,2.16,2.16,2.15,2.15,2.14,2.13,2.13,2.14,2.17,2.14,2.16,2.16,2.15,2.15,2.14,2.13,2.13,2.14,2.17,17.85,0,1,0,0,0,0,65.41,1,GradualMotor,aggregation
24,124.51,remora9,remora5,13.02,13.02,13.02,13.02,13.02,13.21,13.21,13.21,13.41,13.41,12.43,12.43,12.43,12.43,12.42,12.62,12.62,12.62,12.83,12.83,8.19,8.19,8.21,8.24,8.24,8.25,8.25,8.26,8.29,8.32,8.19,8.19,8.21,8.24,8.24,8.25,8.25,8.26,8.29,8.32,80.47,0,0,1,0,0,0,-1,0,None,aggregation
24,125.51,remora9,remora5,13.41,13.19,13.19,13.4,13.4,13.8,13.8,13.98,13.98,13.98,12.83,12.61,12.61,12.82,12.82,13.22,13.22,13.41,13.41,13.41,8.35,8.38,8.41,8.45,8.48,8.51,8.54,8.57,8.6,8.64,8.35,8.38,8.41,8.45,8.48,8.51,8.54,8.57,8.6,8.64,90.32,0,0,1,0,0,0,-1,0,None,aggregation
24,126.51,remora9,remora5,13.98,14.19,14.19,14.17,14.17,14.17,14.36,14.56,14.56,14.74,13.41,13.62,13.62,13.61,13.61,13.61,13.79,14,14,14.18,8.67,8.7,8.73,8.76,8.8,8.83,8.86,8.89,8.92,8.96,8.67,8.7,8.73,8.76,8.8,8.83,8.86,8.89,8.92,8.96,103.36,0,0,1,0,0,0,-1,0,None,aggregation
24,127.51,remora9,remora5,14.74,14.73,14.73,14.73,14.73,14.73,14.72,14.72,14.72,14.71,14.18,14.18,14.18,14.17,14.17,14.17,14.16,14.16,14.16,14.15,8.99,9.02,9.05,9.08,9.11,9.15,9.18,9.21,9.24,9.27,8.99,9.02,9.05,9.08,9.11,9.15,9.18,9.21,9.24,9.27,113.83,0,0,1,0,0,0,-1,0,None,aggregation
24,128.51,remora9,remora5,14.71,14.7,14.7,15.08,15.08,15.46,15.46,15.65,15.65,15.65,14.15,14.14,14.14,14.53,14.53,14.92,14.92,15.11,15.11,15.11,9.3,9.33,9.36,9.39,9.42,9.45,9.48,9.51,9.54,9.57,9.3,9.33,9.36,9.39,9.42,9.45,9.48,9.51,9.54,9.57,121.8,0,0,1,0,0,0,-1,0,None,aggregation
24,129.51,remora9,remora5,15.65,15.64,15.64,15.63,15.63,15.63,15.63,15.8,15.8,16.17,15.11,15.1,15.1,15.09,15.09,15.09,15.09,15.26,15.26,15.64,9.6,9.63,9.66,9.68,9.71,9.74,9.77,9.79,9.81,9.81,9.6,9.63,9.66,9.68,9.71,9.74,9.77,9.79,9.81,9.81,128.57,0,0,1,0,0,0,-1,0,None,aggregation
24,130.51,remora9,remora5,16.17,16.53,16.53,16.71,16.71,16.71,16.71,16.51,16.51,16.51,15.64,16.01,16.01,16.2,16.2,16.19,16.19,15.99,15.99,15.99,9.82,9.83,9.84,9.85,9.85,9.86,9.87,9.88,9.89,9.9,9.82,9.83,9.84,9.85,9.85,9.86,9.87,9.88,9.89,9.9,135.27,0,0,1,0,0,0,-1,0,None,aggregation
24,131.51,remora9,remora5,16.32,16.31,16.31,16.31,16.49,16.49,16.67,16.66,16.66,16.66,15.8,15.79,15.79,15.79,15.96,15.96,16.15,16.14,16.14,16.14,9.9,9.91,9.92,9.93,9.94,9.95,9.95,9.96,9.97,9.98,9.9,9.91,9.92,9.93,9.94,9.95,9.95,9.96,9.97,9.98,141.2,0,0,1,0,0,0,-1,0,None,aggregation
24,132.51,remora9,remora5,16.65,16.82,16.82,16.82,17,16.99,16.99,17.01,17.01,17.01,16.13,16.31,16.31,16.31,16.49,16.48,16.48,16.5,16.5,16.5,9.99,10,10,10,10,10,10,10,10,10,9.99,10,10,10,10,10,10,10,10,10,146.39,0,0,1,0,0,0,-1,0,None,aggregation
24,133.51,remora9,remora5,17.34,17.34,17.33,17.33,17.33,17.31,17.31,17.31,17.28,17.28,16.83,16.83,16.82,16.82,16.82,16.8,16.8,16.8,16.78,16.78,10,10,10,10,10,10,10,10,10,10,10,10,10,10,10,10,10,10,10,10,151.3,0,0,1,0,0,0,-1,0,None,aggregation
24,134.51,remora9,remora5,17.3,17.3,17.64,17.64,17.99,18.33,18.33,18.33,18.46,18.46,16.79,16.79,17.14,17.14,17.5,17.85,17.85,17.85,17.98,17.98,10,10,10,10,10,10,10,10,10,10,10,10,10,10,10,10,10,10,10,10,156.17,0,0,1,0,0,0,-1,0,None,aggregation
24,135.51,remora9,remora5,18.83,18.83,19.16,19.16,19.16,19.31,19.31,19.31,18.96,18.96,18.36,18.36,18.7,18.7,18.7,18.85,18.85,18.85,18.49,18.49,10,10,10,10,10,10,10,10,10,10,10,10,10,10,10,10,10,10,10,10,161.71,0,0,1,0,0,0,-1,0,None,aggregation
24,136.51,remora9,remora5,19.13,19.28,19.28,19.4,19.4,19.4,19.6,19.59,19.59,19.63,18.66,18.82,18.82,18.94,18.94,18.94,19.14,19.13,19.13,19.17,10,10,10,10,10,10,10,10,10,10,10,10,10,10,10,10,10,10,10,10,166.89,0,0,1,0,0,0,-1,0,None,aggregation
24,137.51,remora9,remora5,19.63,19.63,19.57,19.73,19.73,19.73,19.88,19.88,20.04,20.2,19.17,19.17,19.11,19.28,19.28,19.28,19.43,19.43,19.59,19.76,10,10,10,10,10,10,10,10,10,10,10,10,10,10,10,10,10,10,10,10,172.02,0,0,1,0,0,0,-1,0,None,aggregation
24,138.51,remora9,remora5,20.2,20.34,20.34,20.53,20.53,0,0,0,0,0,19.76,19.91,19.91,20.1,20.1,0,0,0,0,0,10,10,10,10,10,10,10,10,10,10,10,10,10,10,10,10,10,10,10,10,167.16,0,0,1,0,0,0,-1,0,None,aggregation
24,139.51,remora9,remora5,0,0,0,0,0,0,0,0,0,0,0,0,0,0,0,0,0,0,0,0,9.98,9.95,9.92,9.89,9.86,9.83,9.81,9.78,9.75,9.71,9.98,9.95,9.92,9.89,9.86,9.83,9.81,9.78,9.75,9.71,151.71,0,0,1,0,0,0,-1,0,None,aggregation
24,124.51,remora9,remora1,-21.01,-21.01,-20.73,-20.73,-20.46,-20.27,-20.27,-20,-20,-19.73,-20.18,-20.18,-19.9,-19.9,-19.63,-19.45,-19.45,-19.18,-19.18,-18.91,2.01,1.97,1.94,1.9,1.87,1.83,1.8,1.76,1.73,1.69,2.19,2.17,2.15,2.13,2.1,2.08,2.06,2.05,2.03,2.02,165.43,0,1,1,0,0,0,-1,0,None,aggregation
24,125.51,remora9,remora1,-19.73,-19.45,-19.45,-19.28,-19.28,0,0,0,0,0,-18.91,-18.62,-18.62,-18.45,-18.45,0,0,0,0,0,1.66,1.62,1.59,1.56,1.52,1.49,1.48,1.48,1.48,1.48,2,1.97,1.95,1.93,1.91,1.89,1.88,1.87,1.87,1.87,160.1,0,1,1,0,0,0,-1,0,None,aggregation
24,126.51,remora9,remora1,0,0,0,0,0,0,0,0,0,0,0,0,0,0,0,0,0,0,0,0,1.47,1.47,1.47,1.47,1.47,1.47,1.47,1.47,1.47,1.47,1.87,1.88,1.89,1.89,1.89,1.89,1.88,1.88,1.88,1.88,155.43,1,1,1,0,0,0,-1,0,None,aggregation
24,127.51,remora9,remora1,0,0,0,0,0,0,0,0,0,0,0,0,0,0,0,0,0,0,0,0,1.47,1.47,1.47,1.47,1.47,1.47,1.47,1.47,1.47,1.47,1.87,1.87,1.87,1.88,1.88,1.89,1.88,1.88,1.88,1.88,137.02,1,1,1,0,0,0,-1,0,None,aggregation
24,128.51,remora9,remora1,0,0,0,0,0,0,0,0,0,0,0,0,0,0,0,0,0,0,0,0,1.47,1.47,1.47,1.47,1.47,1.47,1.47,1.47,1.47,1.47,1.87,1.87,1.87,1.87,1.87,1.88,1.88,1.88,1.88,1.87,124.5,1,1,1,0,0,0,-1,0,None,aggregation
24,129.51,remora9,remora1,0,0,0,0,0,0,0,0,0,0,0,0,0,0,0,0,0,0,0,0,1.47,1.47,1.47,1.47,1.47,1.47,1.47,1.47,1.47,1.47,1.87,1.87,1.87,1.88,1.88,1.88,1.88,1.87,1.87,1.87,107.49,1,1,1,0,0,0,-1,0,None,aggregation
24,130.51,remora9,remora1,0,0,0,0,0,0,0,0,0,0,0,0,0,0,0,0,0,0,0,0,1.47,1.47,1.47,1.47,1.47,1.47,1.47,1.47,1.47,1.47,1.87,1.88,1.89,1.89,1.89,1.89,1.89,1.88,1.88,1.88,87.45,1,1,1,0,0,0,-1,0,None,aggregation
24,131.51,remora9,remora1,0,0,0,0,0,0,0,0,0,0,0,0,0,0,0,0,0,0,0,0,1.47,1.47,1.47,1.47,1.47,1.47,1.47,1.47,1.47,1.47,1.87,1.87,1.87,1.87,1.88,1.88,1.88,1.87,1.87,1.87,72.67,1,1,1,0,0,0,-1,0,None,aggregation
24,132.51,remora9,remora1,0,0,0,0,0,24.32,24.32,24.54,24.54,24.54,0,0,0,0,0,23.99,23.99,24.21,24.21,24.21,1.47,1.47,1.47,1.47,1.49,1.51,1.55,1.57,1.6,1.63,1.86,1.86,1.87,1.87,1.88,1.89,1.91,1.92,1.94,1.97,62.65,0,1,1,0,0,0,-1,0,None,aggregation
24,133.51,remora9,remora1,24.76,24.76,24.82,24.82,24.82,25.15,25.15,25.29,25.29,25.44,24.44,24.44,24.5,24.5,24.5,24.84,24.84,24.98,24.98,25.14,1.66,1.69,1.72,1.75,1.78,1.81,1.84,1.87,1.9,1.93,2,2.02,2.04,2.05,2.07,2.09,2.1,2.12,2.14,2.16,66.54,0,1,1,0,0,0,-1,0,None,aggregation
24,134.51,remora9,remora1,25.44,25.62,25.62,25.62,25.72,25.82,25.82,25.82,26.01,26.01,25.14,25.33,25.33,25.33,25.44,25.53,25.53,25.53,25.74,25.74,1.96,1.99,2.02,2.05,2.08,2.11,2.14,2.17,2.19,2.23,2.19,2.21,2.23,2.25,2.27,2.29,2.31,2.33,2.34,2.37,72.13,0,1,1,0,0,0,-1,0,None,aggregation
24,135.51,remora9,remora1,26.23,26.23,26.27,26.37,26.37,26.51,26.51,26.66,26.66,26.66,25.96,25.96,26,26.1,26.1,26.25,26.25,26.41,26.41,26.41,2.25,2.29,2.31,2.34,2.38,2.4,2.43,2.46,2.49,2.52,2.39,2.42,2.44,2.46,2.48,2.5,2.52,2.55,2.58,2.6,88.94,0,1,1,0,0,0,-1,0,None,aggregation
24,124.51,remora9,remora3,-21.4,-21.4,8.41,8.41,8.46,-21.8,-21.8,-22,-22,8.56,-22.22,-22.22,10.56,10.56,10.56,-22.62,-22.62,-22.82,-22.82,10.55,2.03,2.04,2.04,2.03,2.03,2.02,2.04,2.07,2.09,2.11,2.21,2.21,2.2,2.19,2.18,2.18,2.19,2.2,2.22,2.23,103.6,0,1,1,0,0,0,-1,0,None,aggregation
24,125.51,remora9,remora3,8.56,8.58,8.58,8.66,8.66,8.74,8.74,8.81,8.81,-22.88,10.55,10.55,10.55,10.54,10.54,10.54,10.54,10.53,10.53,-23.7,2.11,2.11,2.1,2.1,2.09,2.09,2.08,2.08,2.07,2.06,2.22,2.22,2.21,2.2,2.19,2.19,2.18,2.17,2.17,2.16,111.62,0,1,1,0,0,0,-1,0,None,aggregation
24,126.51,remora9,remora3,-22.88,-23.05,-23.05,8.87,8.87,8.89,8.89,8.95,8.95,9.01,-23.7,-23.87,-23.87,10.52,10.52,10.52,10.52,10.51,10.51,10.5,2.08,2.1,2.13,2.14,2.14,2.13,2.12,2.11,2.1,2.1,2.17,2.19,2.21,2.23,2.22,2.22,2.21,2.2,2.19,2.19,117.82,0,1,1,0,0,0,-1,0,None,aggregation
24,127.51,remora9,remora3,9.01,9.01,-23.51,-23.78,-23.78,-23.78,9.08,9.1,9.1,9.15,10.5,10.5,-24.34,-24.61,-24.61,-24.61,10.48,10.48,10.48,10.46,2.09,2.08,2.08,2.1,2.12,2.14,2.13,2.12,2.11,2.1,2.18,2.17,2.17,2.19,2.21,2.22,2.21,2.21,2.2,2.19,127.06,0,1,1,0,0,0,-1,0,None,aggregation
24,128.51,remora9,remora3,9.15,9.19,9.19,-24.14,-24.14,9.24,9.24,9.24,9.24,9.28,10.46,10.45,10.45,-24.96,-24.96,10.44,10.44,10.44,10.44,10.43,2.09,2.08,2.07,2.07,2.1,2.12,2.12,2.11,2.11,2.1,2.18,2.18,2.17,2.17,2.19,2.21,2.21,2.2,2.19,2.19,130.58,0,1,1,0,0,0,-1,0,None,aggregation
24,129.51,remora9,remora3,9.28,-24.57,-24.57,9.32,9.32,9.32,9.32,9.35,9.35,-24.81,10.43,-25.39,-25.39,10.41,10.41,10.41,10.41,10.4,10.4,-25.63,2.09,2.08,2.1,2.13,2.13,2.12,2.11,2.1,2.09,2.08,2.18,2.17,2.19,2.21,2.21,2.2,2.2,2.19,2.18,2.17,133.81,0,1,1,0,0,0,-1,0,None,aggregation
24,130.51,remora9,remora3,-24.81,-24.9,-24.9,9.38,9.38,9.38,9.38,9.41,9.41,9.41,-25.63,-25.72,-25.72,10.39,10.39,10.39,10.39,10.38,10.38,10.38,2.09,2.12,2.14,2.16,2.16,2.15,2.14,2.14,2.13,2.12,2.18,2.2,2.22,2.24,2.24,2.23,2.23,2.22,2.21,2.2,135.13,0,1,1,0,0,0,-1,0,None,aggregation
24,131.51,remora9,remora3,9.44,9.47,9.47,9.47,-25.22,-25.22,9.49,9.5,9.5,9.5,10.37,10.35,10.35,10.35,-26.05,-26.05,10.34,10.34,10.34,10.34,2.11,2.1,2.09,2.09,2.11,2.13,2.12,2.11,2.1,2.09,2.19,2.18,2.18,2.18,2.2,2.21,2.2,2.19,2.19,2.18,136.44,0,1,1,0,0,0,-1,0,None,aggregation
24,132.51,remora9,remora3,9.53,9.53,-25.38,-25.38,9.55,9.56,9.56,9.56,-25.3,-25.3,10.33,10.33,-26.21,-26.21,10.32,10.31,10.31,10.31,-26.12,-26.12,2.08,2.08,2.1,2.11,2.1,2.09,2.08,2.07,2.07,2.09,2.17,2.17,2.19,2.19,2.19,2.18,2.18,2.17,2.18,2.2,139.01,0,1,1,0,0,0,-1,0,None,aggregation
24,133.51,remora9,remora3,-25.23,-25.23,9.57,9.57,9.57,9.59,9.59,9.59,-24.92,-24.92,-26.05,-26.05,10.31,10.31,10.31,10.3,10.3,10.3,-25.74,-25.74,2.11,2.13,2.12,2.11,2.1,2.09,2.08,2.07,2.06,2.07,2.22,2.24,2.24,2.23,2.23,2.23,2.22,2.22,2.21,2.23,144.6,0,1,1,0,0,0,-1,0,None,aggregation
24,134.51,remora9,remora3,-24.76,9.62,9.62,9.62,9.61,9.63,9.63,9.63,9.65,9.65,-25.58,10.28,10.28,10.28,10.29,10.28,10.28,10.28,10.27,10.27,2.09,2.11,2.11,2.1,2.09,2.08,2.07,2.06,2.05,2.05,2.25,2.28,2.28,2.28,2.28,2.28,2.27,2.27,2.27,2.28,138.98,0,1,1,0,0,0,-1,0,None,aggregation
24,135.51,remora9,remora3,-24.42,-24.42,9.66,9.66,9.66,-24.06,-24.06,-24.06,-23.9,-23.9,-25.24,-25.24,10.26,10.26,10.26,-24.88,-24.88,-24.88,-24.72,-24.72,2.07,2.08,2.07,2.06,2.05,2.04,2.05,2.08,2.1,2.11,2.3,2.32,2.32,2.32,2.31,2.31,2.33,2.36,2.38,2.4,148.16,0,1,1,0,0,0,-1,0,None,aggregation
24,136.51,remora9,remora3,9.66,9.66,9.66,9.68,9.68,9.69,9.69,-23.56,-23.56,-23.56,10.26,10.26,10.26,10.25,10.25,10.24,10.24,-24.38,-24.38,-24.38,2.1,2.09,2.08,2.07,2.06,2.05,2.04,2.03,2.05,2.06,2.4,2.4,2.4,2.4,2.4,2.4,2.4,2.41,2.43,2.06,148.5,0,1,1,0,0,0,-1,0,None,aggregation
24,137.51,remora9,remora3,9.71,9.71,9.71,-30.37,-30.37,-30.37,9.74,9.74,9.76,9.77,10.23,10.23,10.23,-29.55,-29.55,-29.55,10.21,10.21,10.2,10.19,2.05,2.04,2.03,2.03,2.06,2.08,2.08,2.07,2.06,2.05,2.05,2.04,2.03,2.03,2.06,2.08,2.08,2.07,2.06,2.05,148.95,0,1,1,0,0,0,-1,0,None,aggregation
24,138.51,remora9,remora3,9.77,9.78,9.78,-30.26,-30.26,-30.26,-23.22,9.8,9.8,9.79,10.19,10.18,10.18,-29.44,-29.44,-29.44,-24.04,10.17,10.17,10.18,2.04,2.03,2.02,2.01,2.03,2.06,2.08,2.1,2.1,2.09,2.04,2.03,2.02,2.01,2.03,2.06,2.08,2.1,2.1,2.09,153.48,0,1,1,0,0,0,-1,0,None,aggregation
24,139.51,remora9,remora3,9.79,9.79,9.8,9.81,9.81,9.81,9.82,-23.4,-23.4,-23.37,10.18,10.18,10.17,10.16,10.16,10.16,10.16,-24.22,-24.22,-24.19,2.08,2.07,2.06,2.05,2.04,2.04,2.03,2.02,2.03,2.06,2.08,2.07,2.06,2.05,2.04,2.04,2.03,2.02,2.03,2.06,153.19,0,1,1,0,0,0,-1,0,None,aggregation
24,140.51,remora9,remora3,-23.37,-23.37,9.81,9.8,9.8,9.81,9.81,9.82,9.82,9.82,-24.19,-24.19,10.16,10.17,10.17,10.16,10.16,10.16,10.16,10.16,2.08,2.1,2.1,2.09,2.08,2.07,2.06,2.05,2.04,2.03,2.08,2.1,2.1,2.09,2.08,2.07,2.06,2.05,2.04,2.03,151.43,0,1,1,0,0,0,-1,0,None,aggregation
24,141.51,remora9,remora3,9.83,-23.96,-23.96,-23.73,-23.73,-23.73,9.81,9.8,9.8,9.8,10.15,-24.78,-24.78,-24.56,-24.56,-24.56,10.16,10.17,10.17,10.17,2.02,2.02,2.04,2.07,2.09,2.12,2.11,2.1,2.09,2.08,2.02,2.02,2.04,2.07,2.09,2.12,2.11,2.1,2.09,2.08,155.48,0,1,1,0,0,0,-1,0,None,aggregation
24,142.51,remora9,remora3,9.81,9.81,9.82,9.83,9.83,-24.5,-24.5,-24.66,-24.66,-24.66,10.16,10.16,10.16,10.15,10.15,-25.32,-25.32,-25.48,-25.48,-25.48,2.07,2.06,2.05,2.04,2.03,2.02,2.04,2.06,2.09,2.11,2.07,2.06,2.05,2.04,2.03,2.02,2.04,2.06,2.09,2.11,156.71,0,1,1,0,0,0,-1,0,None,aggregation
24,143.51,remora9,remora3,9.81,9.8,9.8,9.81,9.81,9.81,9.82,9.83,9.83,-25.34,10.16,10.17,10.17,10.16,10.16,10.16,10.16,10.15,10.15,-26.16,2.12,2.11,2.1,2.09,2.08,2.07,2.06,2.05,2.04,2.03,2.12,2.11,2.1,2.09,2.08,2.07,2.06,2.05,2.04,2.03,152.12,0,1,1,0,0,0,-1,0,None,aggregation
24,144.51,remora9,remora3,-25.34,9.83,9.83,9.83,9.83,-25.7,-25.7,-25.84,-25.84,9.81,-26.16,10.14,10.14,10.15,10.15,-26.52,-26.52,-26.66,-26.66,10.16,2.05,2.07,2.06,2.05,2.04,2.03,2.05,2.08,2.1,2.12,2.05,2.07,2.06,2.05,2.04,2.03,2.05,2.08,2.1,2.12,158.68,0,1,1,0,0,0,-1,0,None,aggregation
24,145.51,remora9,remora3,9.81,9.8,9.8,9.81,9.81,9.82,9.82,9.82,9.83,-26.47,10.16,10.17,10.17,10.16,10.16,10.15,10.15,10.15,10.15,-27.3,2.12,2.11,2.1,2.09,2.08,2.07,2.06,2.05,2.04,2.03,2.12,2.11,2.1,2.09,2.08,2.07,2.06,2.05,2.04,2.03,150.2,0,1,1,0,0,0,-1,0,None,aggregation
24,146.51,remora9,remora3,-26.47,-26.54,-26.54,9.82,9.82,9.81,9.81,9.81,9.82,9.83,-27.3,-27.36,-27.36,10.16,10.16,10.16,10.16,10.16,10.15,10.15,2.05,2.07,2.1,2.12,2.11,2.1,2.09,2.08,2.07,2.06,2.05,2.07,2.1,2.12,2.11,2.1,2.09,2.08,2.07,2.06,151.11,0,1,1,0,0,0,-1,0,None,aggregation
24,147.51,remora9,remora3,9.83,9.83,9.84,9.84,-27.12,-27.12,-27.18,-27.18,9.83,9.82,10.15,10.15,10.14,10.14,-27.94,-27.94,-28,-28,10.15,10.16,2.05,2.04,2.03,2.03,2.02,2.04,2.07,2.09,2.11,2.1,2.05,2.04,2.03,2.03,2.02,2.04,2.07,2.09,2.11,2.1,152.15,0,1,1,0,0,0,-1,0,None,aggregation
24,148.51,remora9,remora3,9.82,9.82,9.82,9.83,9.83,9.83,9.84,-27.59,-27.59,-27.64,10.16,10.15,10.15,10.14,10.14,10.14,10.14,-28.41,-28.41,-28.46,2.09,2.08,2.07,2.06,2.05,2.04,2.03,2.02,2.04,2.06,2.09,2.08,2.07,2.06,2.05,2.04,2.03,2.02,2.04,2.06,150.24,0,1,1,0,0,0,-1,0,None,aggregation
24,149.51,remora9,remora3,-27.64,-27.64,9.83,9.83,9.81,9.81,9.81,9.81,9.81,9.83,-28.46,-28.46,10.15,10.15,10.16,10.16,10.16,10.16,10.16,10.15,2.09,2.12,2.14,2.14,2.13,2.12,2.11,2.1,2.09,2.08,2.09,2.12,2.14,2.14,2.13,2.12,2.11,2.1,2.09,2.08,149.71,0,1,1,0,0,0,-1,0,None,aggregation
24,150.51,remora9,remora3,9.83,9.84,9.84,9.85,9.85,-27.85,-27.85,-27.85,-27.85,9.83,10.15,10.14,10.14,10.14,10.14,-28.67,-28.67,-28.67,-28.67,10.15,2.07,2.06,2.05,2.04,2.03,2.03,2.04,2.07,2.1,2.12,2.07,2.06,2.05,2.04,2.03,2.03,2.04,2.07,2.1,2.12,154.27,0,1,1,0,0,0,-1,0,None,aggregation
24,151.51,remora9,remora3,9.83,9.83,9.82,9.83,9.83,9.83,9.84,9.85,9.85,-27.85,10.15,10.15,10.15,10.15,10.15,10.15,10.14,10.13,10.13,-28.67,2.12,2.11,2.1,2.09,2.08,2.07,2.06,2.05,2.04,2.03,2.12,2.11,2.1,2.09,2.08,2.07,2.06,2.05,2.04,2.03,148.98,0,1,1,0,0,0,-1,0,None,aggregation
24,152.51,remora9,remora3,-27.85,-27.8,-27.8,-27.8,9.83,9.83,9.83,9.83,9.84,9.84,-28.67,-28.62,-28.62,-28.62,10.14,10.14,10.15,10.15,10.14,10.14,2.05,2.07,2.1,2.12,2.12,2.11,2.1,2.09,2.08,2.07,2.05,2.07,2.1,2.12,2.12,2.11,2.1,2.09,2.08,2.07,148.76,0,1,1,0,0,0,-1,0,None,aggregation
24,153.51,remora9,remora3,9.84,9.85,9.85,9.85,-27.74,-27.74,-27.74,9.83,9.83,9.83,10.14,10.13,10.13,10.13,-28.56,-28.56,-28.56,10.15,10.15,10.15,2.06,2.05,2.05,2.05,2.07,2.1,2.13,2.15,2.15,2.14,2.06,2.05,2.05,2.05,2.07,2.1,2.13,2.15,2.15,2.14,152.63,0,1,1,0,0,0,-1,0,None,aggregation
24,154.51,remora9,remora3,9.82,9.82,9.83,9.83,9.84,9.85,9.85,9.85,-27.68,9.85,10.15,10.15,10.15,10.15,10.14,10.13,10.13,10.13,-28.5,10.14,2.13,2.12,2.11,2.1,2.1,2.09,2.08,2.08,2.11,2.13,2.13,2.12,2.11,2.1,2.1,2.09,2.08,2.08,2.11,2.13,146.39,0,1,1,0,0,0,-1,0,None,aggregation
24,155.51,remora9,remora3,9.85,9.85,9.84,9.85,9.85,-27.59,-27.59,-27.59,-27.59,-27.59,10.14,10.14,10.14,10.13,10.13,-28.41,-28.41,-28.41,-28.41,-28.41,2.12,2.12,2.11,2.1,2.09,2.08,2.1,2.13,2.16,2.18,2.12,2.12,2.11,2.1,2.09,2.08,2.1,2.13,2.16,2.18,153.71,0,1,1,0,0,0,-1,0,None,aggregation
24,156.51,remora9,remora3,9.83,9.83,9.83,9.84,9.84,9.84,9.84,9.85,9.85,9.85,10.14,10.14,10.15,10.14,10.14,10.14,10.14,10.13,10.13,10.13,2.17,2.16,2.16,2.15,2.14,2.13,2.12,2.12,2.11,2.12,2.17,2.16,2.16,2.15,2.14,2.13,2.12,2.12,2.11,2.12,148.63,0,1,1,0,0,0,-1,0,None,aggregation
24,157.51,remora9,remora3,-27.08,9.85,9.85,9.85,9.85,9.85,9.85,-26.57,-26.57,-26.37,-27.91,10.13,10.13,10.14,10.14,10.13,10.13,-27.39,-27.39,-27.19,2.14,2.16,2.16,2.15,2.15,2.14,2.13,2.13,2.14,2.17,2.14,2.16,2.16,2.15,2.15,2.14,2.13,2.13,2.14,2.17,148.44,0,1,1,0,0,0,-1,0,None,aggregation
24,158.51,remora9,remora3,-26.37,9.84,9.84,9.84,9.83,9.84,9.84,9.85,9.85,9.85,-27.19,10.14,10.14,10.14,10.15,10.14,10.14,10.14,10.14,10.14,2.2,2.23,10,10,10,2.21,2.21,10,10,10,2.2,2.23,10,10,10,2.21,2.21,10,10,10,144.71,0,0,1,0,0,0,-1,0,None,aggregation
24,159.51,remora9,remora3,9.85,9.85,-25.19,9.85,9.85,9.84,9.84,9.85,9.85,-24.33,10.13,10.13,-26.01,10.13,10.13,10.14,10.14,10.13,10.13,-25.15,10,10,10,10,2.25,2.25,10,10,10,10,10,10,10,10,2.25,2.25,10,10,10,10,144.14,0,0,1,0,0,0,-1,0,None,aggregation
24,160.51,remora9,remora3,-24.33,-24.33,-23.97,-23.97,9.83,9.83,9.83,9.83,9.84,9.84,-25.15,-25.15,-24.79,-24.79,10.15,10.15,10.15,10.15,10.14,10.14,10,10,10,10,10,10,10,10,10,10,10,10,10,10,10,10,10,10,10,10,142.65,0,0,1,0,0,0,-1,0,None,aggregation
24,161.51,remora9,remora3,9.84,9.84,-22.82,-22.52,-22.52,-22.52,9.83,9.82,9.82,9.82,10.14,10.14,-23.65,-23.34,-23.34,-23.34,10.15,10.15,10.15,10.15,10,10,10,10,10,10,10,10,10,10,10,10,10,10,10,10,10,10,10,10,146.03,0,0,1,0,0,0,-1,0,None,aggregation
24,162.51,remora9,remora3,9.83,9.83,9.84,-21.19,-21.19,9.84,9.84,9.84,9.83,-20.32,10.15,10.15,10.14,-22.01,-22.01,10.14,10.14,10.14,10.14,-21.14,10,10,10,10,10,10,10,10,10,10,10,10,10,10,10,10,10,10,10,10,142.13,0,0,1,0,0,0,-1,0,None,aggregation
24,163.51,remora9,remora3,-20.32,9.83,9.83,9.83,9.83,-19.75,-19.75,-19.75,-19.44,9.82,-21.14,10.14,10.14,10.15,10.15,-20.57,-20.57,-20.57,-20.26,10.16,10,10,10,10,10,10,10,10,10,10,10,10,10,10,10,10,10,10,10,10,141.8,0,0,1,0,0,0,-1,0,None,aggregation
24,129.51,remora9,remora6,-21.63,-20.96,-20.96,-20.28,-20.28,-19.58,-19.58,0,0,0,-22.45,-21.78,-21.78,-21.1,-21.1,-20.4,-20.4,0,0,0,1.65,1.62,1.6,1.58,1.57,1.55,1.53,1.51,1.51,1.51,5.62,5.63,5.63,5.63,5.64,5.64,5.65,5.65,5.66,5.66,204.98,0,0,1,0,0,0,-1,0,None,aggregation
24,130.51,remora9,remora6,0,0,0,0,0,0,0,0,0,0,0,0,0,0,0,0,0,0,0,0,1.51,1.51,1.51,1.5,1.5,1.5,1.5,1.5,1.5,1.5,5.66,5.67,5.67,5.68,5.68,5.68,5.69,5.69,5.7,5.7,175.47,0,1,1,0,0,0,-1,0,None,aggregation
24,131.51,remora9,remora6,0,0,0,0,0,0,0,0,0,0,0,0,0,0,0,0,0,0,0,0,1.5,1.5,1.5,1.5,1.5,1.5,1.5,1.5,1.5,1.5,5.7,5.71,5.71,5.72,5.72,5.72,5.73,5.73,5.74,5.74,145.66,0,1,1,0,0,0,-1,0,None,aggregation
24,132.51,remora9,remora6,0,0,0,0,0,0,0,0,0,0,0,0,0,0,0,0,0,0,0,0,1.5,1.5,1.5,1.5,1.5,1.5,1.5,1.5,1.5,1.5,5.75,5.75,1.5,1.5,1.5,1.5,1.5,1.5,1.5,1.5,142.67,0,1,1,0,0,0,-1,0,None,aggregation
24,133.51,remora9,remora6,0,0,0,0,0,0,0,0,0,0,0,0,0,0,0,0,0,0,0,0,1.5,1.5,1.5,1.5,1.5,1.5,1.5,1.5,1.5,1.5,1.5,1.5,1.5,1.5,1.5,1.5,1.5,1.5,1.5,1.5,130.71,0,1,1,0,0,0,-1,0,None,aggregation
24,134.51,remora9,remora6,0,0,0,0,0,0,0,0,0,0,0,0,0,0,0,0,0,0,0,0,1.5,1.5,1.5,1.5,1.5,1.5,1.5,1.5,1.5,1.5,1.5,1.5,1.5,1.5,1.5,1.5,1.5,1.5,1.5,1.5,121.84,0,1,1,0,0,0,-1,0,None,aggregation
24,135.51,remora9,remora6,0,0,0,0,0,0,0,0,0,0,0,0,0,0,0,0,0,0,0,0,1.5,1.5,1.5,1.5,1.5,1.5,1.5,1.5,1.5,1.5,1.5,1.5,1.5,1.5,1.5,1.5,1.5,1.5,1.5,1.5,92.71,0,1,1,0,0,0,-1,0,None,aggregation
24,136.51,remora9,remora6,0,0,0,25.83,25.83,25.83,26.04,26.55,26.55,26.55,0,0,0,26.1,26.1,26.1,26.31,26.8,26.8,26.8,1.5,1.5,1.5,1.5,1.52,1.55,1.57,1.6,1.63,1.66,1.5,1.5,1.5,1.5,1.52,1.55,1.57,1.6,1.63,1.66,83.06,0,1,1,0,0,0,-1,0,None,aggregation
24,137.51,remora9,remora6,26.93,26.93,27.38,27.71,27.71,27.71,28.02,28.02,28.24,28.24,27.17,27.17,27.6,27.92,27.92,27.92,28.21,28.21,28.42,28.42,1.69,1.73,1.76,1.79,1.82,1.86,1.9,1.94,1.97,2.01,1.69,1.73,1.76,1.79,1.82,1.86,1.9,1.94,1.97,2.01,84.51,0,1,1,0,0,0,-1,0,None,aggregation
24,138.51,remora9,remora6,28.51,28.76,28.76,28.93,28.93,29.09,29.09,29.23,29.23,29.36,28.67,28.91,28.91,29.06,29.06,29.21,29.21,29.35,29.35,29.47,2.05,2.09,2.13,2.17,2.21,2.26,2.3,2.34,2.39,2.43,2.05,2.09,2.13,2.17,2.21,2.26,2.3,2.34,2.39,2.43,89.87,0,1,1,0,0,0,-1,0,None,aggregation
24,139.51,remora9,remora6,29.36,29.36,29.45,29.56,29.56,29.56,29.62,29.69,29.69,29.69,29.47,29.47,29.54,29.64,29.64,29.64,29.7,29.76,29.76,29.76,2.48,2.52,2.57,2.62,2.66,2.72,2.76,2.81,2.86,2.91,6.23,6.24,6.25,6.25,6.26,6.27,6.28,6.29,6.3,6.31,104.85,0,1,1,0,0,0,-1,0,None,aggregation
24,140.51,remora9,remora6,29.74,29.74,29.79,29.79,0,0,0,-29.12,-29.12,-29.12,29.81,29.81,29.85,29.85,0,0,0,-29.94,-29.94,-29.94,2.95,3.01,3.05,3.1,3.12,3.14,3.16,3.18,3.19,3.18,6.32,6.33,3.05,3.1,3.12,3.14,3.16,3.18,3.19,3.18,125.63,0,0,1,0,0,0,-1,0,None,aggregation
24,141.51,remora9,remora6,-29.11,-29.11,0,0,0,0,0,-29.25,-29.25,0,-29.94,-29.94,0,0,0,0,0,-30.07,-30.07,0,3.17,3.17,3.19,3.2,3.2,3.2,3.19,3.16,3.11,3.08,3.17,3.17,3.19,3.2,3.2,3.2,3.19,3.16,3.11,3.08,137.46,0,0,1,0,0,0,-1,0,None,aggregation
24,142.51,remora9,remora6,0,0,0,-29.12,-29.12,-29.13,-29.13,-28.98,-28.98,-28.98,0,0,0,-29.95,-29.95,-29.95,-29.95,-29.8,-29.8,-29.8,3.07,3.07,3.07,3.07,3.03,2.99,2.95,2.9,2.86,2.81,3.07,3.07,3.07,3.07,3.03,2.99,2.95,2.9,2.86,2.81,158.1,0,0,1,0,0,0,-1,0,None,aggregation
24,143.51,remora9,remora6,-28.82,-28.82,-28.64,-28.45,-28.45,-28.45,-28.25,-28.02,-28.02,-27.79,-29.64,-29.64,-29.47,-29.27,-29.27,-29.27,-29.07,-28.85,-28.85,-28.61,2.77,2.73,2.69,2.65,2.6,2.56,2.52,2.48,2.44,2.4,2.77,2.73,2.69,2.65,2.6,2.56,2.52,2.48,2.44,2.4,186.88,0,1,1,0,0,0,-1,0,None,aggregation
24,144.51,remora9,remora6,-27.79,-25.17,-25.17,-25.54,-25.54,-27.15,-27.15,-26.87,-26.87,-26.87,-28.61,-24.35,-24.35,-24.72,-24.72,-27.97,-27.97,-27.69,-27.69,-27.69,2.36,2.33,2.29,2.26,2.22,2.19,2.15,2.12,2.08,2.05,2.36,2.33,2.29,2.26,2.22,2.19,2.15,2.12,2.08,2.05,213.38,0,1,1,0,0,0,-1,0,None,aggregation
24,145.51,remora9,remora6,-26.57,-26.57,-25.93,-25.93,-25.93,-25.27,-25.27,-25.27,-24.92,-24.17,-25.75,-25.75,-26.75,-26.75,-26.75,-26.09,-26.09,-26.09,-25.75,-24.99,2.01,1.98,1.95,1.92,1.88,1.85,1.82,1.79,1.76,1.74,2.01,1.98,1.95,1.92,1.88,1.85,1.82,1.79,1.76,1.74,239.21,0,1,1,0,0,0,-1,0,None,aggregation
24,146.51,remora9,remora6,-24.17,-28.69,-28.69,-29.01,-29.01,-22.58,-22.58,-22.58,-22.58,0,-24.99,-27.87,-27.87,-28.18,-28.18,-23.41,-23.41,-23.41,-23.41,0,1.71,1.68,1.65,1.62,1.59,1.57,1.54,1.52,1.49,1.48,1.71,1.68,1.65,1.62,1.59,1.57,1.54,1.52,1.49,1.48,243.83,0,1,1,0,0,0,-1,0,None,aggregation
24,147.51,remora9,remora6,0,0,0,0,0,0,0,0,0,0,0,0,0,0,0,0,0,0,0,0,1.47,1.47,1.47,1.47,1.47,1.47,1.47,1.47,1.47,1.47,1.47,1.47,1.47,1.47,1.47,1.47,1.47,1.47,1.47,1.47,216.04,1,0,1,0,0,0,-1,0,None,aggregation
24,148.51,remora9,remora6,0,0,0,0,0,0,0,0,0,0,0,0,0,0,0,0,0,0,0,0,1.47,1.47,1.47,1.47,1.46,1.46,1.46,1.46,1.46,1.46,1.47,1.47,1.47,1.47,1.46,1.46,1.46,1.46,1.46,1.46,186.98,1,0,1,0,0,0,-1,0,None,aggregation
24,149.51,remora9,remora6,0,0,0,0,0,0,0,0,0,0,0,0,0,0,0,0,0,0,0,0,1.46,1.46,1.46,1.46,1.46,1.46,1.46,1.46,1.46,1.46,1.46,1.46,1.46,1.46,1.46,1.46,1.46,1.46,1.46,1.46,157.39,1,0,1,0,0,0,-1,0,None,aggregation
24,150.51,remora9,remora6,0,0,0,0,0,0,0,0,0,0,0,0,0,0,0,0,0,0,0,0,1.46,1.46,1.46,1.46,1.46,1.46,1.46,1.46,1.46,1.46,1.46,1.46,1.46,1.46,1.46,1.46,1.46,1.46,1.46,1.46,136.61,1,0,1,0,0,0,-1,0,None,aggregation
24,151.51,remora9,remora6,0,0,0,0,0,0,0,0,0,0,0,0,0,0,0,0,0,0,0,0,1.46,1.47,1.47,1.47,1.47,1.47,1.47,1.47,1.47,1.47,1.46,1.47,1.47,1.47,1.47,1.47,1.47,1.47,1.47,1.47,124.77,1,0,1,0,0,0,-1,0,None,aggregation
24,152.51,remora9,remora6,0,0,0,0,0,0,0,0,0,0,0,0,0,0,0,0,0,0,0,0,1.47,1.47,1.47,1.47,1.47,1.47,1.47,1.47,1.47,1.47,1.47,1.47,1.47,1.47,1.47,1.47,1.47,1.47,1.47,1.47,104.14,1,0,1,0,0,0,-1,0,None,aggregation
24,153.51,remora9,remora6,0,0,0,0,0,0,0,0,0,0,0,0,0,0,0,0,0,0,0,0,1.47,1.47,1.47,1.47,1.47,1.47,1.48,1.48,1.49,1.5,1.47,1.47,1.47,1.47,1.47,1.47,1.48,1.48,1.49,1.5,75.36,1,0,1,0,0,0,-1,0,None,aggregation
24,154.51,remora9,remora6,0,0,0,0,0,0,0,0,0,0,0,0,0,0,0,0,0,0,0,0,1.51,1.52,1.53,1.54,1.55,1.56,1.57,1.58,1.58,1.59,1.51,1.52,1.53,1.54,1.55,1.56,1.57,1.58,1.58,1.59,48.86,0,1,1,0,0,0,-1,0,None,aggregation
24,155.51,remora9,remora6,0,0,0,0,0,0,0,0,0,0,0,0,0,0,0,0,0,0,0,0,1.6,1.62,1.63,1.64,1.65,1.65,1.67,1.68,1.69,1.71,1.6,1.62,1.63,1.64,1.65,1.65,1.67,1.68,1.69,1.71,23.03,0,1,0,0,0,0,-1,0,None,aggregation
24,156.51,remora9,remora6,0,0,0,0,0,0,0,0,0,0,0,0,0,0,0,0,0,0,0,0,1.72,1.74,1.75,1.77,1.78,1.8,1.82,1.83,1.85,1.87,1.72,1.74,1.75,1.77,1.78,1.8,1.82,1.83,1.85,1.87,0,0,1,0,0,0,0,-1,0,None,aggregation
24,157.51,remora9,remora6,0,0,0,0,0,0,0,0,0,0,0,0,0,0,0,0,0,0,0,0,1.88,1.89,1.91,1.92,1.94,1.95,1.97,1.99,2,2.02,1.88,1.89,1.91,1.92,1.94,1.95,1.97,1.99,2,2.02,0,0,1,0,0,0,0,-1,0,None,aggregation
24,158.51,remora9,remora6,0,0,0,0,0,0,0,0,0,0,0,0,0,0,0,0,0,0,0,0,2.04,2.06,2.09,2.11,2.12,2.14,2.16,2.17,2.17,2.16,2.04,2.06,2.09,2.11,2.12,2.14,2.16,2.17,2.17,2.16,0,0,1,0,0,0,0,-1,0,None,aggregation
24,159.51,remora9,remora6,0,0,0,0,0,0,0,0,0,0,0,0,0,0,0,0,0,0,0,0,2.16,2.15,2.14,2.14,2.13,2.12,2.13,2.13,2.15,2.16,2.16,2.15,2.14,2.14,2.13,2.12,2.13,2.13,2.15,2.16,0,0,1,0,0,0,0,-1,0,None,aggregation
24,160.51,remora9,remora6,0,29.87,29.87,29.87,28.06,28.06,29.85,29.85,28.18,29.87,0,29.91,29.91,29.91,27.87,27.87,29.9,29.9,27.99,29.91,2.16,2.16,2.18,2.2,2.22,2.25,2.27,2.3,2.33,2.36,2.16,2.16,2.18,2.2,2.22,2.25,2.27,2.3,2.33,2.36,26.33,0,1,0,0,0,0,-1,0,None,aggregation
24,161.51,remora9,remora6,29.87,29.87,29.9,29.9,28.07,28.07,29.9,29.9,29.9,29.9,29.91,29.91,29.94,29.94,27.88,27.88,29.94,29.94,29.94,29.94,2.4,2.44,2.46,2.49,2.51,2.54,2.56,2.59,2.62,2.65,2.4,2.44,2.46,2.49,2.51,2.54,2.56,2.59,2.62,2.65,55.86,0,1,1,0,0,0,-1,0,None,aggregation
24,162.51,remora9,remora6,29.9,29.9,28.28,29.9,29.9,29.9,29.9,29.9,28.28,29.93,29.94,29.94,28.09,29.94,29.94,29.94,29.94,29.94,28.1,29.96,2.67,2.7,2.73,2.76,2.78,2.82,2.85,2.88,2.9,2.93,2.67,2.7,2.73,2.76,2.78,2.82,2.85,2.88,2.9,2.93,85.44,0,1,1,0,0,0,-1,0,None,aggregation
24,163.51,remora9,remora6,29.93,29.93,29.93,29.93,29.93,0,0,0,30,30,29.96,29.96,29.96,29.96,29.96,0,0,0,30,30,2.96,2.99,3.02,3.05,3.08,3.11,3.12,3.12,3.14,3.17,2.96,2.99,3.02,3.05,3.08,3.11,3.12,3.12,3.14,3.17,106.41,0,0,1,0,0,0,-1,0,None,aggregation
24,164.51,remora9,remora6,30,0,0,-26.41,-26.41,-26.41,0,0,0,0,30,0,0,-25.59,-25.59,-25.59,0,0,0,0,3.2,3.23,3.24,3.24,3.23,3.2,3.19,3.19,3.19,3.19,3.2,3.23,3.24,3.24,3.23,3.2,3.19,3.19,3.19,3.19,117.21,0,0,1,0,0,0,-1,0,None,aggregation
24,165.51,remora9,remora6,-29.36,-29.36,-29.36,-26.19,-26.19,-26.19,-29.37,-29.37,-29.45,-29.37,-30.18,-30.18,-30.18,-25.37,-25.37,-25.37,-30.19,-30.19,-30.28,-30.19,3.18,3.15,3.12,3.09,3.06,3.03,3.01,2.97,2.94,2.92,3.18,3.15,3.12,3.09,3.06,3.03,3.01,2.97,2.94,2.92,145.79,0,0,1,0,0,0,-1,0,None,aggregation
24,166.51,remora9,remora6,-29.37,-25.92,-25.92,-29.37,-29.37,-29.37,-25.63,-29.42,-29.42,-29.42,-30.19,-25.1,-25.1,-30.19,-30.19,-30.19,-24.81,-30.24,-30.24,-30.24,2.89,2.86,2.83,2.8,2.77,2.74,2.72,2.69,2.66,2.63,2.89,2.86,2.83,2.8,2.77,2.74,2.72,2.69,2.66,2.63,174.28,0,1,1,0,0,0,-1,0,None,aggregation
24,167.51,remora9,remora6,-29.42,-29.42,-29.38,-29.38,-25.53,-25.43,-25.43,-25.43,-25.26,-25.26,-30.24,-30.24,-30.2,-30.2,-24.71,-24.61,-24.61,-24.61,-24.44,-24.44,2.6,2.57,2.55,2.52,2.49,2.46,2.44,2.41,2.38,2.36,2.6,2.57,2.55,2.52,2.49,2.46,2.44,2.41,2.38,2.36,201.19,0,1,1,0,0,0,-1,0,None,aggregation
24,168.51,remora9,remora6,-29.39,-29.39,-29.39,-24.84,-24.84,-24.78,-24.78,-24.78,-24.4,-24.05,-30.21,-30.21,-30.21,-24.02,-24.02,-23.95,-23.95,-23.95,-23.58,-23.23,2.33,2.3,2.26,2.24,2.21,2.18,2.14,2.1,2.06,2.02,2.33,2.3,2.26,2.24,2.21,2.18,2.14,2.1,2.06,2.02,227.09,0,1,1,0,0,0,-1,0,None,aggregation
24,169.51,remora9,remora6,-24.05,-24.05,-23.69,-29.59,-29.59,-30.4,-30.4,-30.4,-30.4,-21.46,-23.23,-23.23,-22.87,-30.41,-30.41,-29.58,-29.58,-29.58,-29.58,-20.64,1.97,1.93,1.89,1.84,1.8,1.75,1.71,1.66,1.61,1.57,1.97,1.93,1.89,1.84,1.8,1.75,1.71,1.66,1.61,1.57,254.25,0,1,1,0,0,0,-1,0,None,aggregation
24,170.51,remora9,remora6,-21.46,-21.46,0,0,0,0,0,0,0,0,-20.64,-20.64,0,0,0,0,0,0,0,0,1.53,1.49,1.48,1.48,1.48,1.47,1.47,1.47,1.47,1.47,1.53,1.49,1.48,1.48,1.48,1.47,1.47,1.47,1.47,1.47,232.13,1,0,1,0,0,0,-1,0,None,aggregation
24,171.51,remora9,remora6,0,0,0,0,0,0,0,0,0,0,0,0,0,0,0,0,0,0,0,0,1.47,1.47,1.47,1.47,1.47,1.47,1.47,1.47,1.47,1.47,1.47,1.47,1.47,1.47,1.47,1.47,1.47,1.47,1.47,1.47,202.6,1,0,1,0,0,0,-1,0,None,aggregation
24,172.51,remora9,remora6,0,0,0,0,0,0,0,0,0,0,0,0,0,0,0,0,0,0,0,0,1.47,1.47,1.47,1.47,1.47,1.47,1.47,1.47,1.46,1.46,1.47,1.47,1.47,1.47,1.47,1.47,1.47,1.47,1.46,1.46,173.02,1,0,1,0,0,0,-1,0,None,aggregation
24,173.51,remora9,remora6,0,0,0,0,0,0,0,0,0,0,0,0,0,0,0,0,0,0,0,0,1.46,1.46,1.46,1.46,1.46,1.46,1.46,1.46,1.46,1.46,1.46,1.46,1.46,1.46,1.46,1.46,1.46,1.46,1.46,1.46,152.05,1,0,1,0,0,0,-1,0,None,aggregation
24,174.51,remora9,remora6,0,0,0,0,0,0,0,0,0,0,0,0,0,0,0,0,0,0,0,0,1.46,1.46,1.46,1.46,1.46,1.46,1.46,1.46,1.46,1.46,1.46,1.46,1.46,1.46,1.46,1.46,1.46,1.46,1.46,1.46,141.25,1,0,1,0,0,0,-1,0,None,aggregation
24,175.51,remora9,remora6,0,0,0,0,0,0,0,0,0,0,0,0,0,0,0,0,0,0,0,0,1.46,1.46,1.46,1.46,1.46,1.46,1.46,1.46,1.46,1.46,1.46,1.46,1.46,1.46,1.46,1.46,1.46,1.46,1.46,1.46,112.66,1,0,1,0,0,0,-1,0,None,aggregation
24,176.51,remora9,remora6,0,0,0,0,0,0,0,0,0,0,0,0,0,0,0,0,0,0,0,0,1.46,1.46,1.46,1.46,1.46,1.46,1.46,1.46,1.46,1.46,1.46,1.46,1.46,1.46,1.46,1.46,1.46,1.46,1.46,1.46,84.18,1,0,1,0,0,0,-1,0,None,aggregation
24,177.51,remora9,remora6,0,23.55,23.55,23.55,24.06,24.06,24.49,24.9,24.9,25.22,0,23.19,23.19,23.19,23.72,23.72,24.16,24.58,24.58,24.92,1.47,1.51,1.54,1.59,1.62,1.67,1.7,1.74,1.78,1.83,1.47,1.51,1.54,1.59,1.62,1.67,1.7,1.74,1.78,1.83,78.94,0,1,1,0,0,0,-1,0,None,aggregation
24,178.51,remora9,remora6,25.22,25.54,25.54,25.91,25.91,25.91,26.21,26.21,26.21,26.72,24.92,25.25,25.25,25.63,25.63,25.63,25.94,25.94,25.94,26.47,1.87,1.92,1.96,2,2.04,2.09,2.13,2.18,2.22,2.26,1.87,1.92,1.96,2,2.04,2.09,2.13,2.18,2.22,2.26,78.84,0,1,1,0,0,0,-1,0,None,aggregation
24,179.51,remora9,remora6,26.72,26.9,26.9,26.9,27.04,27.04,27.19,27.37,27.37,27.37,26.47,26.65,26.65,26.65,26.8,26.8,26.95,27.14,27.14,27.14,2.28,2.31,2.33,2.35,2.38,2.4,2.42,2.45,2.49,2.53,2.28,2.31,2.33,2.35,2.38,2.4,2.42,2.45,2.49,2.53,78.64,0,1,1,0,0,0,-1,0,None,aggregation
24,180.51,remora9,remora6,27.49,27.49,27.62,27.62,27.74,27.74,27.91,27.91,27.99,27.99,27.27,27.27,27.4,27.4,27.53,27.53,27.71,27.71,27.8,27.8,2.56,2.59,2.61,2.63,2.65,2.67,2.69,2.72,2.75,2.81,2.56,2.59,2.61,2.63,2.65,2.67,2.69,2.72,2.75,2.81,102.08,0,1,1,0,0,0,-1,0,None,aggregation
24,181.51,remora9,remora6,28.12,28.12,28.12,28.22,28.28,28.36,28.36,28.36,28.45,28.45,27.93,27.93,27.93,28.03,28.09,28.18,28.18,28.18,28.27,28.27,2.86,2.91,2.97,2.99,3.01,3.03,3.06,3.08,3.1,3.12,2.86,2.91,2.97,2.99,3.01,3.03,3.06,3.08,3.1,3.12,130.27,0,0,1,0,0,0,-1,0,None,aggregation
24,182.51,remora9,remora6,28.49,28.49,28.55,28.59,28.59,28.59,28.59,25.19,25.19,25.19,28.32,28.32,28.38,28.43,28.43,28.43,28.43,24.89,24.89,24.89,3.14,3.16,3.18,3.2,3.22,3.25,3.27,3.28,3.3,3.32,3.14,3.16,3.18,3.2,3.22,3.25,3.27,3.28,3.3,3.32,157.71,0,0,1,0,0,0,-1,0,None,aggregation
24,183.51,remora9,remora6,25.33,28.65,28.65,28.65,28.65,25.62,25.62,25.62,25.65,25.65,25.03,28.49,28.49,28.49,28.49,25.33,25.33,25.33,25.36,25.36,3.34,3.38,3.44,3.49,3.51,3.53,3.55,3.56,3.58,3.6,3.34,3.38,3.44,3.49,3.51,3.53,3.55,3.56,3.58,3.6,184.41,0,0,1,0,0,0,-1,0,None,aggregation
24,184.51,remora9,remora6,25.68,25.68,25.68,25.94,25.94,25.94,25.97,25.97,0,0,25.39,25.39,25.39,25.66,25.66,25.66,25.69,25.69,0,0,3.61,3.63,3.66,3.69,3.73,3.76,3.78,3.8,3.8,3.8,3.61,3.63,3.66,3.69,3.73,3.76,3.78,3.8,3.8,3.8,204.97,0,0,1,0,0,0,-1,0,None,aggregation
24,185.51,remora9,remora6,0,0,0,0,0,-14.74,-14.74,-14.09,-14.09,-29.43,0,0,0,0,0,-13.91,-13.91,-13.27,-13.27,-30.26,3.8,3.81,3.84,3.86,3.86,3.85,3.83,3.81,3.78,3.76,3.8,3.81,3.84,3.86,3.86,3.85,3.83,3.81,3.78,3.76,213.56,0,0,1,0,0,0,-1,0,None,aggregation
24,186.51,remora9,remora6,-29.43,-29.43,-27.49,-27.49,-12.93,-27.31,-27.31,-27.21,-27.21,-11.2,-30.26,-30.26,-26.67,-26.67,-12.11,-26.48,-26.48,-26.38,-26.38,-10.38,3.72,3.68,3.66,3.63,3.59,3.56,3.51,3.47,3.42,3.38,3.72,3.68,3.66,3.63,3.59,3.56,3.51,3.47,3.42,3.38,238.02,0,0,1,0,0,0,-1,0,None,aggregation
24,187.51,remora9,remora6,-11.2,-26.88,-26.88,-29.52,-29.52,-29.52,-29.52,-26.82,-26.82,-26.75,-10.38,-26.05,-26.05,-30.34,-30.34,-30.34,-30.34,-26,-26,-25.93,3.34,3.31,3.26,3.21,3.15,3.1,3.04,2.98,2.93,2.88,3.34,3.31,3.26,3.21,3.15,3.1,3.04,2.98,2.93,2.88,242.6,0,0,1,0,0,0,-1,0,None,aggregation
24,188.51,remora9,remora6,-26.75,-26.75,-26.68,-26.63,-26.63,-26.49,-26.49,-29.57,-29.57,-29.57,-25.93,-25.93,-25.86,-25.81,-25.81,-25.66,-25.66,-30.39,-30.39,-30.39,2.82,2.77,2.72,2.67,2.61,2.56,2.51,2.45,2.4,2.34,2.82,2.77,2.72,2.67,2.61,2.56,2.51,2.45,2.4,2.34,244.15,0,1,1,0,0,0,-1,0,None,aggregation
24,189.51,remora9,remora6,-26.32,-26.28,-26.28,-26.28,-26.24,-26.1,-26.1,-26.06,-26.06,-26.06,-25.5,-25.45,-25.45,-25.45,-25.41,-25.28,-25.28,-25.23,-25.23,-25.23,2.29,2.23,2.18,2.12,2.08,2.02,1.97,1.91,1.86,1.8,2.29,2.23,2.18,2.12,2.08,2.02,1.97,1.91,1.86,1.8,242.95,0,1,1,0,0,0,-1,0,None,aggregation
24,190.51,remora9,remora6,-26.02,-26.02,-25.8,-25.8,-25.78,-25.66,-25.66,0,0,0,-25.2,-25.2,-24.98,-24.98,-24.96,-24.84,-24.84,0,0,0,1.76,1.7,1.65,1.6,1.54,1.49,1.43,1.38,1.36,1.36,1.76,1.7,1.65,1.6,1.54,1.49,1.43,1.38,1.36,1.36,233.09,0,0,1,0,0,0,-1,0,None,aggregation
24,191.51,remora9,remora6,0,0,0,0,0,0,0,0,0,0,0,0,0,0,0,0,0,0,0,0,1.36,1.36,1.36,1.36,1.36,1.36,1.36,1.35,1.35,1.35,1.36,1.36,1.36,1.36,1.36,1.36,1.36,1.35,1.35,1.35,204.9,1,0,1,0,0,0,-1,0,None,aggregation
24,192.51,remora9,remora6,0,0,0,0,0,0,0,0,0,0,0,0,0,0,0,0,0,0,0,0,1.35,1.35,1.35,1.35,1.35,1.35,1.35,1.35,1.35,1.35,1.35,1.35,1.35,1.35,1.35,1.35,1.35,1.35,1.35,1.35,177.46,1,0,1,0,0,0,-1,0,None,aggregation
24,193.51,remora9,remora6,0,0,0,0,0,0,0,0,0,0,0,0,0,0,0,0,0,0,0,0,1.35,1.35,1.35,1.35,1.35,1.35,1.35,1.35,1.35,1.35,1.35,1.35,1.35,1.35,1.35,1.35,1.35,1.35,1.35,1.35,150.76,1,0,1,0,0,0,-1,0,None,aggregation
24,194.51,remora9,remora6,0,0,0,0,0,0,0,0,0,0,0,0,0,0,0,0,0,0,0,0,1.35,1.35,1.35,1.35,1.35,1.35,1.35,1.35,1.35,1.35,1.35,1.35,1.35,1.35,1.35,1.35,1.35,1.35,1.35,1.35,130.2,1,0,1,0,0,0,-1,0,None,aggregation
24,195.51,remora9,remora6,0,0,0,0,0,0,0,0,0,0,0,0,0,0,0,0,0,0,0,0,1.35,1.35,1.35,1.35,1.35,1.35,1.35,1.35,1.35,1.35,1.35,1.35,1.35,1.35,1.35,1.35,1.35,1.35,1.35,1.35,121.61,1,0,1,0,0,0,-1,0,None,aggregation
24,196.51,remora9,remora6,0,0,0,0,0,0,0,0,0,0,0,0,0,0,0,0,0,0,0,0,1.35,1.35,1.35,1.35,1.35,1.35,1.35,1.35,1.35,1.35,1.35,1.35,1.35,1.35,1.35,1.35,1.35,1.35,1.35,1.35,97.16,1,0,1,0,0,0,-1,0,None,aggregation
24,197.51,remora9,remora6,0,0,0,0,0,0,0,0,0,0,0,0,0,0,0,0,0,0,0,0,1.35,1.35,1.35,1.35,1.36,1.38,1.4,1.42,1.45,1.47,1.35,1.35,1.35,1.35,1.36,1.38,1.4,1.42,1.45,1.47,70.9,1,0,1,0,0,0,-1,0,None,aggregation
24,198.51,remora9,remora6,0,0,0,0,0,0,0,0,0,0,0,0,0,0,0,0,0,0,0,0,1.5,1.52,1.55,1.57,1.6,1.63,1.65,1.68,1.7,1.72,1.5,1.52,1.55,1.57,1.6,1.63,1.65,1.68,1.7,1.72,43.55,0,1,0,0,0,0,-1,0,None,aggregation
24,199.51,remora9,remora6,0,0,0,0,0,0,0,0,0,0,0,0,0,0,0,0,0,0,0,0,1.74,1.77,1.8,1.83,1.85,1.87,1.9,1.92,1.95,1.97,1.74,1.77,1.8,1.83,1.85,1.87,1.9,1.92,1.95,1.97,17.79,0,1,0,0,0,0,-1,0,None,aggregation
24,200.51,remora9,remora6,0,0,0,0,0,0,0,0,0,0,0,0,0,0,0,0,0,0,0,0,1.99,2.02,2.04,2.07,2.09,2.12,2.14,2.17,2.2,2.22,1.99,2.02,2.04,2.07,2.09,2.12,2.14,2.17,2.2,2.22,0,0,1,0,0,0,0,-1,0,None,aggregation
24,201.51,remora9,remora6,0,0,0,0,0,0,0,0,0,0,0,0,0,0,0,0,0,0,0,0,2.25,2.27,2.3,2.33,2.35,2.38,2.41,2.43,2.46,2.48,2.25,2.27,2.3,2.33,2.35,2.38,2.41,2.43,2.46,2.48,0,0,1,0,0,0,0,-1,0,None,aggregation
24,202.51,remora9,remora6,0,0,0,0,0,0,0,0,0,0,0,0,0,0,0,0,0,0,0,0,2.51,2.54,2.56,2.57,2.56,2.56,2.54,2.54,2.53,2.52,2.51,2.54,2.56,2.57,2.56,2.56,2.54,2.54,2.53,2.52,0,0,1,0,0,0,0,-1,0,None,aggregation
24,203.51,remora9,remora6,0,0,0,0,0,0,0,0,0,0,0,0,0,0,0,0,0,0,0,0,2.51,2.51,2.53,2.55,2.55,2.54,2.53,2.52,2.51,2.51,2.51,2.51,2.53,2.55,2.55,2.54,2.53,2.52,2.51,2.51,0,0,1,0,0,0,0,-1,0,None,aggregation
24,204.51,remora9,remora6,0,0,0,0,0,0,0,0,0,0,0,0,0,0,0,0,0,0,0,0,2.53,2.55,2.54,2.53,2.52,2.51,2.5,2.5,2.52,2.55,2.53,2.55,2.54,2.53,2.52,2.51,2.5,2.5,2.52,2.55,0,0,1,0,0,0,0,-1,0,None,aggregation
24,205.51,remora9,remora6,0,0,0,0,0,0,0,0,0,0,0,0,0,0,0,0,0,0,0,0,2.57,2.59,2.58,2.57,2.56,2.55,2.54,2.53,2.52,2.51,2.57,2.59,2.58,2.57,2.56,2.55,2.54,2.53,2.52,2.51,0,0,1,0,0,0,0,-1,0,None,aggregation
24,206.51,remora9,remora6,0,0,0,0,0,0,0,0,0,0,0,0,0,0,0,0,0,0,0,0,2.5,2.5,2.51,2.53,2.56,2.58,2.57,2.56,2.55,2.54,2.5,2.5,2.51,2.53,2.56,2.58,2.57,2.56,2.55,2.54,0,0,1,0,0,0,0,-1,0,None,aggregation
24,207.51,remora9,remora6,0,0,0,0,0,0,0,0,0,0,0,0,0,0,0,0,0,0,0,0,2.53,2.52,2.51,2.5,2.52,2.54,2.57,2.59,2.59,2.59,2.53,2.52,2.51,2.5,2.52,2.54,2.57,2.59,2.59,2.59,0,0,1,0,0,0,0,-1,0,None,aggregation
24,208.51,remora9,remora6,0,0,0,0,0,0,0,0,0,0,0,0,0,0,0,0,0,0,0,0,2.58,2.57,2.56,2.55,2.54,2.53,2.52,2.52,2.54,2.56,2.58,2.57,2.56,2.55,2.54,2.53,2.52,2.52,2.54,2.56,0,0,1,0,0,0,0,-1,0,None,aggregation
24,209.51,remora9,remora6,0,0,0,0,0,0,0,0,0,0,0,0,0,0,0,0,0,0,0,0,2.55,2.55,2.54,2.53,2.52,2.52,2.54,2.55,2.55,2.54,2.55,2.55,2.54,2.53,2.52,2.52,2.54,2.55,2.55,2.54,0,0,1,0,0,0,0,-1,0,None,aggregation
24,210.51,remora9,remora6,0,0,0,19.93,19.93,19.93,19.78,19.69,19.69,19.86,0,0,0,19.48,19.48,19.48,19.33,19.24,19.24,19.41,2.53,2.52,2.51,2.51,2.54,2.58,2.59,2.6,2.61,2.63,2.53,2.52,2.51,2.51,2.54,2.58,2.59,2.6,2.61,2.63,13.72,0,1,0,0,0,0,-1,0,None,aggregation
24,211.51,remora9,remora6,19.86,19.86,19.96,19.96,20.08,20.34,20.34,20.44,20.44,20.66,19.41,19.41,19.52,19.52,19.64,19.91,19.91,20.01,20.01,20.23,2.67,2.71,2.72,2.73,2.74,2.75,2.76,2.77,2.81,2.86,2.67,2.71,2.72,2.73,2.74,2.75,2.76,2.77,2.81,2.86,33.7,0,1,0,0,0,0,-1,0,None,aggregation
24,212.51,remora9,remora6,20.66,20.83,20.83,20.83,20.89,21.15,21.15,21.15,21.15,21.58,20.23,20.41,20.41,20.41,20.46,20.74,20.74,20.74,20.74,21.18,2.91,2.95,2.97,2.99,3,3.01,3.02,3.03,3.04,3.05,2.91,2.95,2.97,2.99,3,3.01,3.02,3.03,3.04,3.05,54.51,0,0,1,0,0,0,-1,0,None,aggregation
24,213.51,remora9,remora6,21.88,21.88,22.17,22.45,22.45,8.91,8.91,8.91,23.06,23.38,21.48,21.48,21.77,22.06,22.06,8.24,8.24,8.24,22.7,23.02,3.06,3.08,3.09,3.09,3.09,3.09,3.07,3.05,3.05,3.05,3.06,3.08,3.09,3.09,3.09,3.09,3.07,3.05,3.05,3.05,72.68,0,0,1,0,0,0,-1,0,None,aggregation
24,214.51,remora9,remora6,23.38,23.82,23.82,23.82,24.12,12.87,12.87,12.87,24.81,24.96,23.02,23.47,23.47,23.47,23.78,12.27,12.27,12.27,24.5,24.65,3.04,3.04,3.04,3.03,3.03,3.03,3.02,3.01,3,3,3.04,3.04,3.04,3.03,3.03,3.03,3.02,3.01,3,3,93.2,0,0,1,0,0,0,-1,0,None,aggregation
24,215.51,remora9,remora6,24.96,25.35,25.35,25.62,25.62,25.87,25.87,26.22,26.22,26.47,24.65,25.05,25.05,25.33,25.33,25.59,25.59,25.95,25.95,26.21,3,2.99,2.99,2.99,2.99,2.99,2.99,2.99,2.99,2.99,3,2.99,2.99,2.99,2.99,2.99,2.99,2.99,2.99,2.99,118.81,0,1,1,0,0,0,-1,0,None,aggregation
24,216.51,remora9,remora6,26.47,26.7,26.7,19.19,19.19,27.14,27.14,27.35,27.35,27.5,26.21,26.45,26.45,18.73,18.73,26.9,26.9,27.12,27.12,27.28,2.99,2.99,2.99,2.99,2.98,2.98,2.98,2.98,2.98,2.98,2.99,2.99,2.99,2.99,2.98,2.98,2.98,2.98,2.98,2.98,144.14,0,1,1,0,0,0,-1,0,None,aggregation
24,217.51,remora9,remora6,27.5,27.78,27.78,27.93,27.93,27.93,28.06,28.2,28.2,23.24,27.28,27.57,27.57,27.73,27.73,27.73,27.87,28.01,28.01,22.88,2.98,2.99,2.99,2.99,2.99,3,3,3,3.01,3.01,2.98,2.99,2.99,2.99,2.99,3,3,3,3.01,3.01,171.49,0,1,1,0,0,0,-1,0,None,aggregation
24,218.51,remora9,remora6,23.24,28.58,28.58,28.67,28.67,28.75,28.75,28.84,28.84,24.97,22.88,28.41,28.41,28.5,28.5,28.6,28.6,28.68,28.68,24.66,3.01,3.01,3.01,3.01,3.02,3.02,3.03,3.03,3.03,3.04,3.01,3.01,3.01,3.01,3.02,3.02,3.03,3.03,3.03,3.04,199.18,0,0,1,0,0,0,-1,0,None,aggregation
24,219.51,remora9,remora6,24.97,29.07,29.07,29.15,29.15,29.22,29.22,29.28,29.28,29.28,24.66,28.94,28.94,29.02,29.02,29.09,29.09,29.16,29.16,29.16,3.04,3.04,3.05,3.05,3.06,3.06,3.07,3.07,3.08,3.09,3.04,3.04,3.05,3.05,3.06,3.06,3.07,3.07,3.08,3.09,227.87,0,0,1,0,0,0,-1,0,None,aggregation
24,220.51,remora9,remora6,29.32,29.36,29.36,29.42,29.42,26.6,26.6,26.63,26.63,29.57,29.21,29.24,29.24,29.31,29.31,26.35,26.35,26.37,26.37,29.48,3.09,3.1,3.11,3.11,3.12,3.13,3.13,3.14,3.14,3.15,3.09,3.1,3.11,3.11,3.12,3.13,3.13,3.14,3.14,3.15,242.35,0,0,1,0,0,0,-1,0,None,aggregation
24,221.51,remora9,remora6,29.57,29.57,29.57,29.63,29.63,29.63,29.58,29.68,29.68,29.58,29.48,29.66,29.66,29.54,29.54,29.54,29.66,29.6,29.6,29.66,3.16,3.18,3.18,3.19,3.2,3.21,3.22,3.23,3.23,3.24,3.16,3.18,3.18,3.19,3.2,3.21,3.22,3.23,3.23,3.24,251.98,0,0,1,0,0,0,-1,0,None,aggregation
24,222.51,remora9,remora6,29.58,29.73,29.73,29.73,29.58,27.63,27.63,0,0,0,29.66,29.65,29.65,29.65,29.66,27.42,27.42,0,0,0,3.25,3.26,3.28,3.3,3.31,3.31,3.32,3.33,3.32,3.3,3.25,3.26,3.28,3.3,3.31,3.31,3.32,3.33,3.32,3.3,251.51,0,0,1,0,0,0,-1,0,None,aggregation
24,223.51,remora9,remora6,0,0,-27.84,-27.84,-27.86,-27.86,-27.61,-27.61,-30.03,-27.38,0,0,-28.66,-28.66,-28.68,-28.68,-28.43,-28.43,-29.21,-28.2,3.28,3.26,3.23,3.18,3.14,3.09,3.04,2.99,2.95,2.9,3.28,3.26,3.23,3.18,3.14,3.09,3.04,2.99,2.95,2.9,255.99,0,0,1,0,0,0,-1,0,None,aggregation
24,224.51,remora9,remora6,-27.38,-27.38,-30.06,-27.14,-27.14,-30.11,-30.11,-26.73,-26.73,-30.15,-28.2,-28.2,-29.24,-27.96,-27.96,-29.29,-29.29,-27.55,-27.55,-29.33,2.86,2.81,2.77,2.72,2.67,2.63,2.58,2.54,2.49,2.45,2.86,2.81,2.77,2.72,2.67,2.63,2.58,2.54,2.49,2.45,263.84,0,1,1,0,0,0,-1,0,None,aggregation
24,225.51,remora9,remora6,-30.15,-26.3,-26.3,-30.2,-30.2,-25.85,-25.85,-30.28,-30.28,-30.32,-29.33,-27.13,-27.13,-29.38,-29.38,-26.67,-26.67,-29.46,-29.46,-29.49,2.4,2.36,2.31,2.27,2.22,2.18,2.13,2.09,2.05,2.01,2.4,2.36,2.31,2.27,2.22,2.18,2.13,2.09,2.05,2.01,266.72,0,1,1,0,0,0,-1,0,None,aggregation
24,226.51,remora9,remora6,-30.32,-30.32,-30.32,-30.33,-30.33,-30.34,-30.34,-30.35,-30.35,-30.35,-29.49,-29.49,-29.5,-29.51,-29.51,-29.51,-29.51,-29.53,-29.53,-29.53,1.96,1.91,1.87,1.81,1.76,1.71,1.67,1.62,1.58,1.54,1.96,1.91,1.87,1.81,1.76,1.71,1.67,1.62,1.58,1.54,271.32,0,1,1,0,0,0,-1,0,None,aggregation
24,227.51,remora9,remora6,-30.36,-30.36,0,0,0,0,0,0,0,0,-29.53,-29.53,0,0,0,0,0,0,0,0,1.5,1.47,1.46,1.46,1.46,1.46,1.46,1.46,1.46,1.46,1.5,1.47,1.46,1.46,1.46,1.46,1.46,1.46,1.46,1.46,249.96,1,0,1,0,0,0,-1,0,None,aggregation
24,228.51,remora9,remora6,0,0,0,0,0,0,0,0,0,0,0,0,0,0,0,0,0,0,0,0,1.46,1.46,1.46,1.46,1.46,1.46,1.46,1.46,1.46,1.46,1.46,1.46,1.46,1.46,1.46,1.46,1.46,1.46,1.46,1.46,222.27,1,0,1,0,0,0,-1,0,None,aggregation
24,229.51,remora9,remora6,0,0,0,0,0,0,0,0,0,0,0,0,0,0,0,0,0,0,0,0,1.46,1.46,1.46,1.46,1.46,1.46,1.46,1.46,1.46,1.46,1.46,1.46,1.46,1.46,1.46,1.46,1.46,1.46,1.46,1.46,193.57,1,0,1,0,0,0,-1,0,None,aggregation
24,230.51,remora9,remora6,0,0,0,0,0,0,0,0,0,0,0,0,0,0,0,0,0,0,0,0,1.46,1.46,1.46,1.46,1.46,1.46,1.46,1.46,1.46,1.46,1.46,1.46,1.46,1.46,1.46,1.46,1.46,1.46,1.46,1.46,165.37,1,0,1,0,0,0,-1,0,None,aggregation
24,231.51,remora9,remora6,0,0,0,0,0,0,0,0,0,0,0,0,0,0,0,0,0,0,0,0,1.46,1.46,1.46,1.46,1.46,1.46,1.46,1.46,1.46,1.46,1.46,1.46,1.46,1.46,1.46,1.46,1.46,1.46,1.46,1.46,135.76,1,0,1,0,0,0,-1,0,None,aggregation
24,232.51,remora9,remora6,0,0,0,0,0,0,0,0,0,0,0,0,0,0,0,0,0,0,0,0,1.46,1.46,1.46,1.46,1.46,1.46,1.46,1.46,1.46,1.46,1.46,1.46,1.46,1.46,1.46,1.46,1.46,1.46,1.46,1.46,115.43,1,0,1,0,0,0,-1,0,None,aggregation
24,233.51,remora9,remora6,0,0,0,0,0,0,0,0,0,29.63,0,0,0,0,0,0,0,0,0,29.55,1.46,1.46,1.46,1.46,1.46,1.46,1.46,1.46,1.46,1.48,1.46,1.46,1.46,1.46,1.46,1.46,1.46,1.46,1.46,1.48,95.74,1,0,1,0,0,0,-1,0,None,aggregation
24,234.51,remora9,remora6,29.63,29.63,29.63,29.63,29.63,29.63,29.62,29.63,29.63,29.65,29.55,29.54,29.54,29.54,29.55,29.55,29.54,29.55,29.55,29.56,1.51,1.54,1.58,1.62,1.66,1.7,1.73,1.77,1.81,1.85,1.51,1.54,1.58,1.62,1.66,1.7,1.73,1.77,1.81,1.85,96.95,0,1,1,0,0,0,-1,0,None,aggregation
24,235.51,remora9,remora6,29.65,29.65,29.65,29.65,29.65,29.66,29.66,29.67,29.67,29.67,29.56,29.56,29.57,29.56,29.56,29.58,29.58,29.59,29.59,29.59,1.89,1.93,1.97,2.01,2.05,2.09,2.13,2.17,2.21,2.25,1.89,1.93,1.97,2.01,2.05,2.09,2.13,2.17,2.21,2.25,98.08,0,1,1,0,0,0,-1,0,None,aggregation
24,236.51,remora9,remora6,29.67,29.67,29.68,29.68,29.68,29.68,29.68,29.69,29.69,29.7,29.59,29.59,29.6,29.6,29.6,29.6,29.59,29.61,29.61,29.62,2.3,2.34,2.38,2.42,2.47,2.51,2.55,2.59,2.64,2.68,2.3,2.34,2.38,2.42,2.47,2.51,2.55,2.59,2.64,2.68,97.79,0,1,1,0,0,0,-1,0,None,aggregation
24,237.51,remora9,remora6,29.7,29.7,29.7,29.73,29.73,29.71,29.71,29.74,29.74,29.74,29.62,29.62,29.62,29.65,29.65,29.63,29.63,29.66,29.66,29.66,2.73,2.77,2.81,2.85,2.9,2.94,2.99,3.03,3.07,3.12,2.73,2.77,2.81,2.85,2.9,2.94,2.99,3.03,3.07,3.12,121.48,0,1,1,0,0,0,-1,0,None,aggregation
24,238.51,remora9,remora6,29.74,29.75,29.75,29.75,27.86,29.76,29.76,29.78,29.78,29.79,29.66,29.68,29.68,29.68,27.65,29.69,29.69,29.71,29.71,29.72,3.16,3.21,3.23,3.27,3.29,3.32,3.35,3.38,3.41,3.44,3.16,3.21,3.23,3.27,3.29,3.32,3.35,3.38,3.41,3.44,151.01,0,0,1,0,0,0,-1,0,None,aggregation
24,239.51,remora9,remora6,29.79,28.31,28.31,29.79,29.79,29.82,29.82,29.82,29.82,28.58,29.72,28.12,28.12,29.72,29.72,29.75,29.75,29.75,29.75,28.41,3.48,3.52,3.56,3.6,3.63,3.66,3.69,3.72,3.76,3.81,3.48,3.52,3.56,3.6,3.63,3.66,3.69,3.72,3.76,3.81,180.35,0,0,1,0,0,0,-1,0,None,aggregation
24,240.51,remora9,remora6,28.58,28.59,28.59,29.84,29.84,29.84,29.84,29.84,0,0,28.41,28.42,28.42,29.78,29.78,29.78,29.78,29.78,0,0,3.85,3.89,3.94,3.97,4.01,4.04,4.08,4.12,4.14,4.16,3.85,3.89,3.94,3.97,4.01,4.04,4.08,4.12,4.14,4.16,203.8,0,0,1,0,0,0,-1,0,None,aggregation
24,241.51,remora9,remora6,0,0,0,0,0,-29.92,-29.92,-29.92,-29.93,-29.93,0,0,0,0,0,-29.1,-29.1,-29.1,-29.11,-29.11,4.17,4.19,4.2,4.21,4.21,4.21,4.19,4.16,4.14,4.12,4.17,4.19,4.2,4.21,4.21,4.21,4.19,4.16,4.14,4.12,218.56,0,0,1,0,0,0,-1,0,None,aggregation
24,242.51,remora9,remora6,-24.16,-24.16,-23.7,0,0,0,0,0,-29.69,-28.64,-23.34,-23.34,-22.88,0,0,0,0,0,-28.87,-29.46,4.1,4.07,4.05,4.03,4.03,4.04,4.04,4.04,4.01,3.99,4.1,4.07,4.05,4.03,4.03,4.04,4.04,4.04,4.01,3.99,231.47,0,0,1,0,0,0,-1,0,None,aggregation
24,243.51,remora9,remora6,-28.64,-29.63,-29.63,-28.66,-28.66,-28.66,-28.66,-22.24,-22.24,-21.77,-29.46,-28.81,-28.81,-29.48,-29.48,-29.48,-29.48,-21.42,-21.42,-20.95,3.97,3.95,3.92,3.89,3.85,3.82,3.79,3.76,3.74,3.71,3.97,3.95,3.92,3.89,3.85,3.82,3.79,3.76,3.74,3.71,255.39,0,0,1,0,0,0,-1,0,None,aggregation
24,136.51,remora9,remora2,0,0,0,16.91,16.91,16.91,17.11,18.04,18.04,18.04,0,0,0,17.41,17.41,17.41,17.6,18.51,18.51,18.51,1.5,1.5,1.5,1.5,1.52,1.55,1.57,1.6,1.63,1.66,1.5,1.5,1.5,1.5,1.52,1.55,1.57,1.6,1.63,1.66,34.39,0,1,0,0,0,0,-1,0,None,aggregation
24,137.51,remora9,remora2,18.94,18.94,19.81,20.48,20.48,20.48,21.14,21.14,21.77,22.38,19.4,19.4,20.25,20.91,20.91,20.91,21.54,21.54,22.16,22.75,1.69,1.73,1.76,1.79,1.82,1.86,1.9,1.94,1.97,2.01,1.69,1.73,1.76,1.79,1.82,1.86,1.9,1.94,1.97,2.01,43.88,0,1,0,0,0,0,-1,0,None,aggregation
24,138.51,remora9,remora2,22.38,22.96,22.96,23.39,23.39,23.39,23.81,24.21,24.21,24.61,22.75,23.32,23.32,23.74,23.74,23.74,24.15,24.54,24.54,24.92,2.05,2.09,2.13,2.17,2.21,2.26,2.3,2.34,2.39,2.43,2.05,2.09,2.13,2.17,2.21,2.26,2.3,2.34,2.39,2.43,59.88,0,1,1,0,0,0,-1,0,None,aggregation
24,139.51,remora9,remora2,24.61,24.61,24.98,25.23,25.23,25.23,25.48,25.72,25.72,25.95,24.92,24.92,25.28,25.52,25.52,25.52,25.76,25.99,25.99,26.22,2.48,2.52,2.57,2.62,2.66,2.72,2.76,2.81,2.86,2.91,2.48,2.52,2.57,2.62,2.66,2.72,2.76,2.81,2.86,2.91,82.26,0,1,1,0,0,0,-1,0,None,aggregation
24,140.51,remora9,remora2,25.95,25.95,26.17,26.17,26.39,26.6,26.6,26.79,26.79,26.79,26.22,26.22,26.44,26.44,26.65,26.84,26.84,27.03,27.03,27.03,2.95,3.01,3.05,3.1,3.12,3.14,3.16,3.18,3.19,3.18,2.95,3.01,3.05,3.1,3.12,3.14,3.16,3.18,3.19,3.18,108.8,0,0,1,0,0,0,-1,0,None,aggregation
24,141.51,remora9,remora2,26.79,26.96,26.96,0,0,0,0,-19.01,-19.01,-19.01,27.03,27.2,27.2,0,0,0,0,-19.83,-19.83,-19.83,3.17,3.17,3.19,3.2,3.2,3.2,3.19,3.16,3.11,3.08,3.17,3.17,3.19,3.2,3.2,3.2,3.19,3.16,3.11,3.08,122.73,0,0,1,0,0,0,-1,0,None,aggregation
24,142.51,remora9,remora2,0,0,0,-18.64,-18.64,-18.67,-18.67,-18.25,-18.25,-18.25,0,0,0,-19.46,-19.46,-19.49,-19.49,-19.08,-19.08,-19.08,3.07,3.07,3.07,3.07,3.03,2.99,2.95,2.9,2.86,2.81,3.07,3.07,3.07,3.07,3.03,2.99,2.95,2.9,2.86,2.81,135.96,0,0,1,0,0,0,-1,0,None,aggregation
24,143.51,remora9,remora2,-17.83,-17.4,-17.4,-16.97,-16.97,-16.97,-16.53,-16.09,-16.09,-15.65,-18.65,-18.22,-18.22,-17.79,-17.79,-17.79,-17.35,-16.91,-16.91,-16.47,2.77,2.73,2.69,2.65,2.6,2.56,2.52,2.48,2.44,2.4,2.77,2.73,2.69,2.65,2.6,2.56,2.52,2.48,2.44,2.4,153.16,0,1,1,0,0,0,-1,0,None,aggregation
24,144.51,remora9,remora2,-15.65,-15.2,-15.2,-14.46,-14.46,-13.99,-13.99,-13.26,-13.26,-13.26,-16.47,-16.02,-16.02,-15.28,-15.28,-14.81,-14.81,-14.08,-14.08,-14.08,2.36,2.33,2.29,2.26,2.22,2.19,2.15,2.12,2.08,2.05,2.36,2.33,2.29,2.26,2.22,2.19,2.15,2.12,2.08,2.05,167.85,0,1,1,0,0,0,-1,0,None,aggregation
24,145.51,remora9,remora2,-12.51,-12.04,-12.04,-11.3,-11.3,-10.54,-10.54,-10.54,-10.06,-9.03,-13.33,-12.87,-12.87,-12.12,-12.12,-11.36,-11.36,-11.36,-10.88,-9.85,2.01,1.98,1.95,1.92,1.88,1.85,1.82,1.79,1.76,1.74,2.01,1.98,1.95,1.92,1.88,1.85,1.82,1.79,1.76,1.74,179.25,0,1,1,0,0,0,-1,0,None,aggregation
24,146.51,remora9,remora2,-9.03,-8.25,-8.25,-7.5,-7.5,-6.47,-6.47,-6.47,-5.7,0,-9.85,-9.07,-9.07,-8.32,-8.32,-7.29,-7.29,-7.29,-6.52,0,1.71,1.68,1.65,1.62,1.59,1.57,1.54,1.52,1.49,1.48,1.71,1.68,1.65,1.62,1.59,1.57,1.54,1.52,1.49,1.48,173.81,0,1,1,0,0,0,-1,0,None,aggregation
24,147.51,remora9,remora2,0,0,0,0,0,0,0,0,0,0,0,0,0,0,0,0,0,0,0,0,1.47,1.47,1.47,1.47,1.47,1.47,1.47,1.47,1.47,1.47,1.47,1.47,1.47,1.47,1.47,1.47,1.47,1.47,1.47,1.47,153.05,1,0,1,0,0,0,-1,0,None,aggregation
24,148.51,remora9,remora2,0,0,0,0,0,0,0,0,0,0,0,0,0,0,0,0,0,0,0,0,1.47,1.47,1.47,1.47,1.46,1.46,1.46,1.46,1.46,1.46,1.47,1.47,1.47,1.47,1.46,1.46,1.46,1.46,1.46,1.46,129.34,1,0,1,0,0,0,-1,0,None,aggregation
24,149.51,remora9,remora2,0,0,0,0,0,0,0,0,0,0,0,0,0,0,0,0,0,0,0,0,1.46,1.46,1.46,1.46,1.46,1.46,1.46,1.46,1.46,1.46,1.46,1.46,1.46,1.46,1.46,1.46,1.46,1.46,1.46,1.46,103.92,1,0,1,0,0,0,-1,0,None,aggregation
24,150.51,remora9,remora2,0,0,0,0,0,0,0,0,0,0,0,0,0,0,0,0,0,0,0,0,1.46,1.46,1.46,1.46,1.46,1.46,1.46,1.46,1.46,1.46,1.46,1.46,1.46,1.46,1.46,1.46,1.46,1.46,1.46,1.46,77.38,1,0,1,0,0,0,-1,0,None,aggregation
24,151.51,remora9,remora2,0,0,0,0,0,0,0,0,0,0,0,0,0,0,0,0,0,0,0,0,1.46,1.47,1.47,1.47,1.47,1.47,1.47,1.47,1.47,1.47,1.46,1.47,1.47,1.47,1.47,1.47,1.47,1.47,1.47,1.47,63.44,1,0,1,0,0,0,-1,0,None,aggregation
24,152.51,remora9,remora2,0,0,0,0,0,0,0,0,0,0,0,0,0,0,0,0,0,0,0,0,1.47,1.47,1.47,1.47,1.47,1.47,1.47,1.47,1.47,1.47,1.47,1.47,1.47,1.47,1.47,1.47,1.47,1.47,1.47,1.47,50.22,1,0,1,0,0,0,-1,0,None,aggregation
24,153.51,remora9,remora2,0,0,0,0,0,18.16,18.16,18.51,18.51,18.87,0,0,0,0,0,18.63,18.63,18.98,18.98,19.33,1.47,1.47,1.47,1.47,1.47,1.47,1.48,1.48,1.49,1.5,1.47,1.47,1.47,1.47,1.47,1.47,1.48,1.48,1.49,1.5,42.36,1,0,0,0,0,0,-1,0,None,aggregation
24,154.51,remora9,remora2,18.87,18.87,19.55,19.55,19.89,20.38,20.38,20.38,10.87,21.33,19.33,19.33,20,20,20.33,20.81,20.81,20.81,11.49,21.74,1.51,1.52,1.53,1.54,1.55,1.56,1.57,1.58,1.58,1.59,1.51,1.52,1.53,1.54,1.55,1.56,1.57,1.58,1.58,1.59,46.91,0,1,1,0,0,0,-1,0,None,aggregation
24,155.51,remora9,remora2,21.33,21.33,21.64,12.11,12.11,22.39,22.39,22.39,22.68,22.68,21.74,21.74,22.04,12.71,12.71,22.77,22.77,22.77,23.05,23.05,1.6,1.62,1.63,1.64,1.65,1.65,1.67,1.68,1.69,1.71,1.6,1.62,1.63,1.64,1.65,1.65,1.67,1.68,1.69,1.71,55.82,0,1,1,0,0,0,-1,0,None,aggregation
24,156.51,remora9,remora2,23.1,23.1,23.38,23.91,23.91,23.91,23.91,24.42,24.42,24.42,23.46,23.46,23.73,24.24,24.24,24.24,24.24,24.74,24.74,24.74,1.72,1.74,1.75,1.77,1.78,1.8,1.82,1.83,1.85,1.87,1.72,1.74,1.75,1.77,1.78,1.8,1.82,1.83,1.85,1.87,72.91,0,1,1,0,0,0,-1,0,None,aggregation
24,157.51,remora9,remora2,15,24.92,24.92,15.59,15.59,25.39,25.39,25.61,25.61,25.83,15.54,25.22,25.22,16.12,16.12,25.68,25.68,25.89,25.89,26.11,1.88,1.89,1.91,1.92,1.94,1.95,1.97,1.99,2,2.02,1.88,1.89,1.91,1.92,1.94,1.95,1.97,1.99,2,2.02,95.47,0,1,1,0,0,0,-1,0,None,aggregation
24,158.51,remora9,remora2,25.83,26.05,26.05,26.05,16.81,26.46,26.46,-4.38,-4.38,-4.38,26.11,26.32,26.32,26.32,17.32,26.71,26.71,-14.84,-14.84,-14.84,2.04,2.06,2.09,2.11,2.12,2.14,2.16,2.17,2.17,2.16,2.04,2.06,2.09,2.11,2.12,2.14,2.16,2.17,2.17,2.16,115.83,0,1,1,0,0,0,-1,0,None,aggregation
24,159.51,remora9,remora2,-4.29,-4.29,-4.07,-3.79,-3.79,11.82,11.82,22.99,22.99,-3.29,-14.76,-14.76,-14.53,-14.26,-14.26,12.42,12.42,23.35,23.35,-13.76,2.16,2.15,2.14,2.14,2.13,2.12,2.13,2.13,2.15,2.16,2.16,2.15,2.14,2.14,2.13,2.12,2.13,2.13,2.15,2.16,128.39,0,1,1,1,1,0,-1,0,None,aggregation
24,160.51,remora9,remora2,-3.29,-3.29,-3.17,-3.17,-2.78,-2.78,-2.35,-2.35,19.48,18.85,-13.76,-13.76,-13.63,-13.63,-13.25,-13.25,-12.82,-12.82,19.92,19.31,2.16,2.16,2.18,2.2,2.22,2.25,2.27,2.3,2.33,2.36,2.16,2.16,2.18,2.2,2.22,2.25,2.27,2.3,2.33,2.36,138.77,0,1,1,0,0,0,-1,0,None,aggregation
24,161.51,remora9,remora2,18.85,18.85,-1.61,-1.61,-1.39,-1.39,-0.87,-0.31,-0.31,-0.31,19.31,19.31,-12.08,-12.08,-11.86,-11.86,-11.33,-10.77,-10.77,-10.77,2.4,2.44,2.46,2.49,2.51,2.54,2.56,2.59,2.62,2.65,2.4,2.44,2.46,2.49,2.51,2.54,2.56,2.59,2.62,2.65,147.55,0,1,1,1,1,0,-1,0,None,aggregation
24,162.51,remora9,remora2,0.28,0.28,-5.47,12.61,12.61,12.67,12.67,12.67,-5.89,1.03,-10.19,-10.19,-4.65,13.2,13.2,13.25,13.25,13.25,-5.07,-9.43,2.67,2.7,2.73,2.76,2.78,2.82,2.85,2.88,2.9,2.93,2.67,2.7,2.73,2.76,2.78,2.82,2.85,2.88,2.9,2.93,156.48,0,1,1,0,0,0,-1,0,None,aggregation
24,163.51,remora9,remora2,1.03,12.45,12.45,1.72,1.72,2.01,2.01,2.01,2.83,-13.42,-9.43,13.05,13.05,-8.75,-8.75,-8.45,-8.45,-8.45,-7.63,-12.59,2.96,2.99,3.02,3.05,3.08,3.11,3.12,3.12,3.14,3.17,2.96,2.99,3.02,3.05,3.08,3.11,3.12,3.12,3.14,3.17,153.33,0,0,1,0,0,0,-1,0,None,aggregation
24,164.51,remora9,remora2,-13.42,7.04,7.04,7.1,7.1,-28.97,-28.97,0,0,0,-12.59,7.73,7.73,7.79,7.79,-28.15,-28.15,0,0,0,3.2,3.23,3.24,3.24,3.23,3.2,3.19,3.19,3.19,3.19,3.2,3.23,3.24,3.24,3.23,3.2,3.19,3.19,3.19,3.19,144.07,0,0,1,0,0,0,-1,0,None,aggregation
24,165.51,remora9,remora2,0,22.8,22.8,13.22,13.22,0,0,0,0,13.04,0,22.43,22.43,12.64,12.64,0,0,0,0,12.45,3.18,3.15,3.12,3.09,3.06,3.03,3.01,2.97,2.94,2.92,3.18,3.15,3.12,3.09,3.06,3.03,3.01,2.97,2.94,2.92,132.14,0,0,1,0,0,0,-1,0,None,aggregation
24,166.51,remora9,remora2,13.04,22.51,22.51,3.63,3.63,3.63,4.01,4.69,4.69,4.69,12.45,22.12,22.12,-6.84,-6.84,-6.84,-6.46,-5.78,-5.78,-5.78,2.89,2.86,2.83,2.8,2.77,2.74,2.72,2.69,2.66,2.63,2.89,2.86,2.83,2.8,2.77,2.74,2.72,2.69,2.66,2.63,114.63,0,1,1,0,0,0,-1,0,None,aggregation
24,167.51,remora9,remora2,5.32,5.32,5.78,6.22,6.22,6.64,6.64,6.64,7.03,7.39,-5.05,-5.05,-4.14,-3.25,-3.25,-2.41,-2.41,-2.41,-1.61,-0.86,2.6,2.57,2.55,2.52,2.49,2.46,2.44,2.41,2.38,2.36,2.6,2.57,2.55,2.52,2.49,2.46,2.44,2.41,2.38,2.36,93.7,0,1,1,0,0,0,-1,0,None,aggregation
24,168.51,remora9,remora2,7.39,7.39,7.73,8.04,8.04,24.51,24.51,24.51,29.44,29.42,-0.86,-0.86,-0.15,0.53,0.53,24.18,24.18,24.18,29.34,29.31,2.33,2.3,2.26,2.24,2.21,2.18,2.14,2.1,2.06,2.02,2.33,2.3,2.26,2.24,2.21,2.18,2.14,2.1,2.06,2.02,88.41,0,1,1,0,0,0,-1,0,None,aggregation
24,169.51,remora9,remora2,29.42,29.42,29.38,24.04,24.04,29.21,29.21,29.21,29.21,29.08,29.31,29.31,29.26,23.7,23.7,29.09,29.09,29.09,29.09,28.94,1.97,1.93,1.89,1.84,1.8,1.75,1.71,1.66,1.61,1.57,1.97,1.93,1.89,1.84,1.8,1.75,1.71,1.66,1.61,1.57,104,0,1,1,0,0,0,-1,0,None,aggregation
24,170.51,remora9,remora2,29.08,0,0,0,0,0,0,0,0,0,28.94,0,0,0,0,0,0,0,0,0,1.53,1.49,1.48,1.48,1.48,1.47,1.47,1.47,1.47,1.47,1.53,1.49,1.48,1.48,1.48,1.47,1.47,1.47,1.47,1.47,96.51,1,0,1,0,0,0,-1,0,None,aggregation
24,171.51,remora9,remora2,0,0,0,0,0,0,0,0,0,0,0,0,0,0,0,0,0,0,0,0,1.47,1.47,1.47,1.47,1.47,1.47,1.47,1.47,1.47,1.47,1.47,1.47,1.47,1.47,1.47,1.47,1.47,1.47,1.47,1.47,87.73,1,0,1,0,0,0,-1,0,None,aggregation
24,172.51,remora9,remora2,0,0,0,0,0,0,0,0,0,0,0,0,0,0,0,0,0,0,0,0,1.47,1.47,1.47,1.47,1.47,1.47,1.47,1.47,1.46,1.46,1.47,1.47,1.47,1.47,1.47,1.47,1.47,1.47,1.46,1.46,78.8,1,0,1,0,0,0,-1,0,None,aggregation
24,173.51,remora9,remora2,0,0,0,0,0,0,0,0,0,0,0,0,0,0,0,0,0,0,0,0,1.46,1.46,1.46,1.46,1.46,1.46,1.46,1.46,1.46,1.46,1.46,1.46,1.46,1.46,1.46,1.46,1.46,1.46,1.46,1.46,72.62,1,0,1,0,0,0,-1,0,None,aggregation
24,174.51,remora9,remora2,0,0,0,0,0,0,0,0,0,0,0,0,0,0,0,0,0,0,0,0,1.46,1.46,1.46,1.46,1.46,1.46,1.46,1.46,1.46,1.46,1.46,1.46,1.46,1.46,1.46,1.46,1.46,1.46,1.46,1.46,62.64,1,0,1,0,0,0,-1,0,None,aggregation
24,175.51,remora9,remora2,0,0,0,0,0,0,0,0,0,0,0,0,0,0,0,0,0,0,0,0,1.46,1.46,1.46,1.46,1.46,1.46,1.46,1.46,1.46,1.46,1.46,1.46,1.46,1.46,1.46,1.46,1.46,1.46,1.46,1.46,54.26,1,0,1,0,0,0,-1,0,None,aggregation
24,176.51,remora9,remora2,0,0,0,0,0,0,0,0,0,0,0,0,0,0,0,0,0,0,0,0,1.46,1.46,1.46,1.46,1.46,1.46,1.46,1.46,1.46,1.46,1.46,1.46,1.46,1.46,1.46,1.46,1.46,1.46,1.46,1.46,47.75,1,0,1,0,0,0,-1,0,None,aggregation
24,177.51,remora9,remora2,0,-25.68,-25.68,-25.68,-25.94,-25.94,-25.93,-26.18,-26.18,-26.35,0,-24.86,-24.86,-24.86,-25.12,-25.12,-25.11,-25.36,-25.36,-25.53,1.47,1.51,1.54,1.59,1.62,1.67,1.7,1.74,1.78,1.83,1.47,1.51,1.54,1.59,1.62,1.67,1.7,1.74,1.78,1.83,69.1,0,1,1,0,0,0,-1,0,None,aggregation
24,178.51,remora9,remora2,-26.35,-26.35,-26.28,-26.37,-26.37,-26.53,-26.53,-26.53,-26.53,8.39,-25.53,-25.53,-25.46,-25.55,-25.55,-25.71,-25.71,-25.71,-25.71,1.3,1.87,1.92,1.96,2,2.04,2.09,2.13,2.18,2.22,2.26,1.87,1.92,1.96,2,2.04,2.09,2.13,2.18,2.22,2.26,77.93,0,1,1,0,0,0,-1,0,None,aggregation
24,179.51,remora9,remora2,8.39,8.49,8.49,8.73,8.73,8.73,8.95,-28.87,-28.87,9.27,1.3,1.52,1.52,2.07,2.07,2.07,2.59,-28.05,-28.05,3.35,2.28,2.31,2.33,2.35,2.38,2.4,2.42,2.45,2.49,2.53,2.28,2.31,2.33,2.35,2.38,2.4,2.42,2.45,2.49,2.53,59.79,0,1,1,0,0,0,-1,0,None,aggregation
24,180.51,remora9,remora2,9.27,9.34,9.34,9.5,9.5,9.65,9.65,9.65,-30.12,-30.12,3.35,3.54,3.54,3.95,3.95,4.35,4.35,4.35,-29.29,-29.29,2.56,2.59,2.61,2.63,2.65,2.67,2.69,2.72,2.75,2.81,2.56,2.59,2.61,2.63,2.65,2.67,2.69,2.72,2.75,2.81,68.2,0,1,1,0,0,0,-1,0,None,aggregation
24,181.51,remora9,remora2,-30.22,-30.22,-30.22,9.86,9.85,9.95,9.95,9.95,10.05,10.05,-29.4,-29.4,-29.4,4.95,4.92,5.22,5.22,5.22,5.53,5.53,2.86,2.91,2.97,2.99,3.01,3.03,3.06,3.08,3.1,3.12,2.86,2.91,2.97,2.99,3.01,3.03,3.06,3.08,3.1,3.12,82.45,0,0,1,0,0,0,-1,0,None,aggregation
24,182.51,remora9,remora2,10.13,10.21,10.21,10.28,10.28,10.28,10.28,10.38,10.38,10.38,5.83,6.1,6.1,6.35,6.35,6.35,6.35,6.81,6.81,6.81,3.14,3.16,3.18,3.2,3.22,3.25,3.27,3.28,3.3,3.32,3.14,3.16,3.18,3.2,3.22,3.25,3.27,3.28,3.3,3.32,90.79,0,0,1,0,0,0,-1,0,None,aggregation
24,183.51,remora9,remora2,-28.56,-28.28,-28.28,10.47,10.47,10.48,10.48,10.51,10.51,10.51,-29.39,-29.1,-29.1,7.26,7.26,7.37,7.37,7.53,7.53,7.53,3.34,3.38,3.44,3.49,3.51,3.53,3.55,3.56,3.58,3.6,3.34,3.38,3.44,3.49,3.51,3.53,3.55,3.56,3.58,3.6,105.69,0,0,1,0,0,0,-1,0,None,aggregation
24,184.51,remora9,remora2,10.53,10.53,10.53,-10.32,-10.32,10.55,10.55,10.55,10.56,10.56,7.69,7.69,7.69,-11.14,-11.14,8,8,8,8.08,8.08,3.61,3.63,3.66,3.69,3.73,3.76,3.78,3.8,3.8,3.8,3.61,3.63,3.66,3.69,3.73,3.76,3.78,3.8,3.8,3.8,115.21,0,0,1,0,0,0,-1,0,None,aggregation
24,185.51,remora9,remora2,-7.93,-24.46,-24.46,10.56,10.56,10.56,10.56,10.56,10.56,10.55,-8.75,-25.28,-25.28,8.3,8.3,8.36,8.36,8.46,8.46,8.55,3.8,3.81,3.84,3.86,3.86,3.85,3.83,3.81,3.78,3.76,3.8,3.81,3.84,3.86,3.86,3.85,3.83,3.81,3.78,3.76,127.66,0,0,1,0,0,0,-1,0,None,aggregation
24,186.51,remora9,remora2,10.55,10.55,0,20.11,20.11,19.81,19.81,19.49,19.49,19.17,8.55,8.55,0,20.54,20.54,20.25,20.25,19.94,19.94,19.62,3.72,3.68,3.66,3.63,3.59,3.56,3.51,3.47,3.42,3.38,3.72,3.68,3.66,3.63,3.59,3.56,3.51,3.47,3.42,3.38,143.52,0,0,1,0,0,0,-1,0,None,aggregation
24,187.51,remora9,remora2,19.17,26.68,26.68,26.63,26.63,29.98,29.98,26.49,26.49,26.48,19.62,26.92,26.92,26.87,26.87,29.96,29.96,26.74,26.74,26.73,3.34,3.31,3.26,3.21,3.15,3.1,3.04,2.98,2.93,2.88,3.34,3.31,3.26,3.21,3.15,3.1,3.04,2.98,2.93,2.88,147.16,0,0,1,0,0,0,-1,0,None,aggregation
24,188.51,remora9,remora2,26.48,26.48,26.36,26.35,26.35,29.98,29.98,26.26,26.26,26.26,26.73,26.73,26.61,26.6,26.6,29.96,29.96,26.52,26.52,26.52,2.82,2.77,2.72,2.67,2.61,2.56,2.51,2.45,2.4,2.34,2.82,2.77,2.72,2.67,2.61,2.56,2.51,2.45,2.4,2.34,150.43,0,1,1,0,0,0,-1,0,None,aggregation
24,189.51,remora9,remora2,29.98,26.21,26.21,26.21,26.24,29.97,29.97,26.26,26.26,26.26,29.96,26.47,26.47,26.47,26.5,29.94,29.94,26.52,26.52,26.52,2.29,2.23,2.18,2.12,2.08,2.02,1.97,1.91,1.86,1.8,2.29,2.23,2.18,2.12,2.08,2.02,1.97,1.91,1.86,1.8,167.87,0,1,1,0,0,0,-1,0,None,aggregation
24,190.51,remora9,remora2,26.3,26.3,29.97,29.97,29.97,26.39,26.39,0,0,0,26.56,26.56,29.94,29.94,29.94,26.65,26.65,0,0,0,1.76,1.7,1.65,1.6,1.54,1.49,1.43,1.38,1.36,1.36,1.76,1.7,1.65,1.6,1.54,1.49,1.43,1.38,1.36,1.36,176.14,0,0,1,0,0,0,-1,0,None,aggregation
24,191.51,remora9,remora2,0,0,0,0,0,0,0,0,0,0,0,0,0,0,0,0,0,0,0,0,1.36,1.36,1.36,1.36,1.36,1.36,1.36,1.35,1.35,1.35,1.36,1.36,1.36,1.36,1.36,1.36,1.36,1.35,1.35,1.35,161.89,1,0,1,0,0,0,-1,0,None,aggregation
24,192.51,remora9,remora2,0,0,0,0,0,0,0,0,0,0,0,0,0,0,0,0,0,0,0,0,1.35,1.35,1.35,1.35,1.35,1.35,1.35,1.35,1.35,1.35,1.35,1.35,1.35,1.35,1.35,1.35,1.35,1.35,1.35,1.35,153.55,1,0,1,0,0,0,-1,0,None,aggregation
24,193.51,remora9,remora2,0,0,0,0,0,0,0,0,0,0,0,0,0,0,0,0,0,0,0,0,1.35,1.35,1.35,1.35,1.35,1.35,1.35,1.35,1.35,1.35,1.35,1.35,1.35,1.35,1.35,1.35,1.35,1.35,1.35,1.35,138.65,1,0,1,0,0,0,-1,0,None,aggregation
24,194.51,remora9,remora2,0,0,0,0,0,0,0,0,0,0,0,0,0,0,0,0,0,0,0,0,1.35,1.35,1.35,1.35,1.35,1.35,1.35,1.35,1.35,1.35,1.35,1.35,1.35,1.35,1.35,1.35,1.35,1.35,1.35,1.35,129.13,1,0,1,0,0,0,-1,0,None,aggregation
24,195.51,remora9,remora2,0,0,0,0,0,0,0,0,0,0,0,0,0,0,0,0,0,0,0,0,1.35,1.35,1.35,1.35,1.35,1.35,1.35,1.35,1.35,1.35,1.35,1.35,1.35,1.35,1.35,1.35,1.35,1.35,1.35,1.35,116.68,1,0,1,0,0,0,-1,0,None,aggregation
24,196.51,remora9,remora2,0,0,0,0,0,0,0,0,0,0,0,0,0,0,0,0,0,0,0,0,1.35,1.35,1.35,1.35,1.35,1.35,1.35,1.35,1.35,1.35,1.35,1.35,1.35,1.35,1.35,1.35,1.35,1.35,1.35,1.35,100.82,1,0,1,0,0,0,-1,0,None,aggregation
24,197.51,remora9,remora2,0,0,0,-21.64,-21.64,-21.67,-21.67,-21.77,-21.77,-30.37,0,0,0,-22.47,-22.47,-22.49,-22.49,-22.59,-22.59,-29.55,1.35,1.35,1.35,1.35,1.36,1.38,1.4,1.42,1.45,1.47,1.35,1.35,1.35,1.35,1.36,1.38,1.4,1.42,1.45,1.47,90.45,1,0,1,0,0,0,-1,0,None,aggregation
24,198.51,remora9,remora2,-30.37,-30.37,-22.05,-30.4,-30.4,-22.45,-22.45,-22.75,-22.75,-22.7,-29.55,-29.55,-22.87,-29.58,-29.58,-23.28,-23.28,-23.57,-23.57,-23.52,1.5,1.52,1.55,1.57,1.6,1.63,1.65,1.68,1.7,1.72,1.5,1.52,1.55,1.57,1.6,1.63,1.65,1.68,1.7,1.72,89.03,0,1,1,0,0,0,-1,0,None,aggregation
24,199.51,remora9,remora2,-22.7,-30.41,-30.41,-23.05,-23.05,-23.05,-23.36,-23.36,-23.49,-23.56,-23.52,-29.58,-29.58,-23.87,-23.87,-23.87,-24.18,-24.18,-24.31,-24.38,1.74,1.77,1.8,1.83,1.85,1.87,1.9,1.92,1.95,1.97,1.74,1.77,1.8,1.83,1.85,1.87,1.9,1.92,1.95,1.97,86.48,0,1,1,0,0,0,-1,0,None,aggregation
24,200.51,remora9,remora2,-23.56,-23.8,-23.8,-23.8,-23.93,-23.93,-29.59,-24.23,-24.23,-24.37,-24.38,-24.62,-24.62,-24.62,-24.75,-24.75,-30.41,-25.06,-25.06,-25.19,1.99,2.02,2.04,2.07,2.09,2.12,2.14,2.17,2.2,2.22,1.99,2.02,2.04,2.07,2.09,2.12,2.14,2.17,2.2,2.22,91.84,0,1,1,0,0,0,-1,0,None,aggregation
24,201.51,remora9,remora2,-24.37,-24.39,-24.39,-24.39,-29.57,-24.74,-24.74,-24.87,-24.87,-24.94,-25.19,-25.21,-25.21,-25.21,-30.39,-25.56,-25.56,-25.69,-25.69,-25.76,2.25,2.27,2.3,2.33,2.35,2.38,2.41,2.43,2.46,2.48,2.25,2.27,2.3,2.33,2.35,2.38,2.41,2.43,2.46,2.48,117.37,0,1,1,0,0,0,-1,0,None,aggregation
24,202.51,remora9,remora2,-24.94,-24.94,-25.08,10.48,10.48,10.47,10.47,10.46,10.46,10.45,-25.76,-25.76,-25.9,9.07,9.07,9.12,9.12,9.16,9.16,9.21,2.51,2.54,2.56,2.57,2.56,2.56,2.54,2.54,2.53,2.52,2.51,2.54,2.56,2.57,2.56,2.56,2.54,2.54,2.53,2.52,131.85,0,1,1,0,0,0,-1,0,None,aggregation
24,203.51,remora9,remora2,10.45,-24.97,-24.97,10.42,10.42,10.42,10.41,10.4,10.4,-24.88,9.21,-25.79,-25.79,9.28,9.28,9.28,9.32,9.35,9.35,-25.7,2.51,2.51,2.53,2.55,2.55,2.54,2.53,2.52,2.51,2.51,2.51,2.51,2.53,2.55,2.55,2.54,2.53,2.52,2.51,2.51,146.36,0,1,1,0,0,0,-1,0,None,aggregation
24,204.51,remora9,remora2,-24.88,10.38,10.38,10.36,10.36,10.36,10.35,-24.78,-24.78,-24.78,-25.7,9.42,9.42,9.45,9.45,9.45,9.48,-25.6,-25.6,-25.6,2.53,2.55,2.54,2.53,2.52,2.51,2.5,2.5,2.52,2.55,2.53,2.55,2.54,2.53,2.52,2.51,2.5,2.5,2.52,2.55,162.38,0,1,1,0,0,0,-1,0,None,aggregation
24,205.51,remora9,remora2,-24.86,10.32,10.32,10.3,10.3,10.29,10.29,10.29,10.28,10.28,-25.69,9.55,9.55,9.58,9.58,9.6,9.6,9.6,9.62,9.62,2.57,2.59,2.58,2.57,2.56,2.55,2.54,2.53,2.52,2.51,2.57,2.59,2.58,2.57,2.56,2.55,2.54,2.53,2.52,2.51,173.86,0,1,1,0,0,0,-1,0,None,aggregation
24,206.51,remora9,remora2,10.27,-24.93,-24.93,-24.85,-24.85,10.24,10.24,10.22,10.22,10.22,9.64,-25.76,-25.76,-25.67,-25.67,9.7,9.7,9.72,9.72,9.72,2.5,2.5,2.51,2.53,2.56,2.58,2.57,2.56,2.55,2.54,2.5,2.5,2.51,2.53,2.56,2.58,2.57,2.56,2.55,2.54,189.96,0,1,1,0,0,0,-1,0,None,aggregation
24,207.51,remora9,remora2,10.21,10.21,10.21,-25.01,-25.01,-28.26,-28.26,10.17,10.17,10.16,9.73,9.75,9.75,-25.83,-25.83,-29.08,-29.08,9.8,9.8,9.81,2.53,2.52,2.51,2.5,2.52,2.54,2.57,2.59,2.59,2.59,2.53,2.52,2.51,2.5,2.52,2.54,2.57,2.59,2.59,2.59,190.51,0,1,1,0,0,0,-1,0,None,aggregation
24,208.51,remora9,remora2,10.16,10.16,10.15,10.15,10.15,10.15,10.14,-25.16,-25.16,10.12,9.81,9.81,9.82,9.82,9.83,9.83,9.84,-25.98,-25.98,9.86,2.58,2.57,2.56,2.55,2.54,2.53,2.52,2.52,2.54,2.56,2.58,2.57,2.56,2.55,2.54,2.53,2.52,2.52,2.54,2.56,177.86,0,1,1,0,0,0,-1,0,None,aggregation
24,209.51,remora9,remora2,10.12,10.11,10.11,10.11,10.11,10.11,-25.15,-25.15,10.09,10.08,9.86,9.88,9.88,9.88,9.88,9.88,-25.98,-25.98,9.9,9.91,2.55,2.55,2.54,2.53,2.52,2.52,2.54,2.55,2.55,2.54,2.55,2.55,2.54,2.53,2.52,2.52,2.54,2.55,2.55,2.54,166.08,0,1,1,0,0,0,-1,0,None,aggregation
24,210.51,remora9,remora2,10.08,10.08,10.08,-27.64,-27.64,-27.64,10.06,10.05,10.05,-25.41,9.91,9.92,9.92,-28.46,-28.46,-28.46,9.94,9.94,9.94,-26.24,2.53,2.52,2.51,2.51,2.54,2.58,2.59,2.6,2.61,2.63,2.53,2.52,2.51,2.51,2.54,2.58,2.59,2.6,2.61,2.63,158.14,0,1,1,0,0,0,-1,0,None,aggregation
24,211.51,remora9,remora2,-25.41,10.04,10.04,10.04,10.03,10.03,10.03,-27.44,-27.44,-27.42,-26.24,9.96,9.96,9.96,9.97,9.97,9.97,-28.26,-28.26,-28.24,2.67,2.71,2.72,2.73,2.74,2.75,2.76,2.77,2.81,2.86,2.67,2.71,2.72,2.73,2.74,2.75,2.76,2.77,2.81,2.86,149.54,0,1,1,0,0,0,-1,0,None,aggregation
24,212.51,remora9,remora2,-27.42,10,10,9.99,9.99,9.99,9.99,9.99,9.99,9.99,-28.24,10,10,10.01,10.01,10.01,10.01,10.01,10.01,10.01,2.91,2.95,2.97,2.99,3,3.01,3.02,3.03,3.04,3.05,2.91,2.95,2.97,2.99,3,3.01,3.02,3.03,3.04,3.05,146.85,0,0,1,0,0,0,-1,0,None,aggregation
24,213.51,remora9,remora2,9.99,9.99,9.99,27.61,27.61,29.35,29.35,29.35,27.51,27.42,10.01,10.01,10.01,27.82,27.82,29.46,29.46,29.46,27.72,27.64,3.06,3.08,3.09,3.09,3.09,3.09,3.07,3.05,3.05,3.05,3.06,3.08,3.09,3.09,3.09,3.09,3.07,3.05,3.05,3.05,155.22,0,0,1,0,0,0,-1,0,None,aggregation
24,214.51,remora9,remora2,27.42,27.41,27.41,27.41,25.68,29.27,29.27,27.11,27.11,27.01,27.64,27.63,27.63,27.63,25.96,29.38,29.38,27.33,27.33,27.24,3.04,3.04,3.04,3.03,3.03,3.03,3.02,3.01,3,3,3.04,3.04,3.04,3.03,3.03,3.03,3.02,3.01,3,3,166.8,0,0,1,0,0,0,-1,0,None,aggregation
24,215.51,remora9,remora2,27.01,27,27,26.89,26.89,29.27,29.27,24.71,24.71,26.55,27.24,27.23,27.23,27.13,27.13,29.38,29.38,25.02,25.02,26.8,3,2.99,2.99,2.99,2.99,2.99,2.99,2.99,2.99,2.99,3,2.99,2.99,2.99,2.99,2.99,2.99,2.99,2.99,2.99,182.37,0,1,1,0,0,0,-1,0,None,aggregation
24,216.51,remora9,remora2,26.55,29.18,29.18,26.43,26.43,26.31,26.31,26.2,26.2,26.19,26.8,29.3,29.3,26.68,26.68,26.57,26.57,26.46,26.46,26.45,2.99,2.99,2.99,2.99,2.98,2.98,2.98,2.98,2.98,2.98,2.99,2.99,2.99,2.99,2.98,2.98,2.98,2.98,2.98,2.98,193.28,0,1,1,0,0,0,-1,0,None,aggregation
24,217.51,remora9,remora2,26.19,26.06,26.06,25.94,25.94,25.94,25.81,25.81,25.69,25.56,26.45,26.33,26.33,26.21,26.21,26.21,26.09,26.09,25.97,25.84,2.98,2.99,2.99,2.99,2.99,3,3,3,3.01,3.01,2.98,2.99,2.99,2.99,2.99,3,3,3,3.01,3.01,202.51,0,1,1,0,0,0,-1,0,None,aggregation
24,218.51,remora9,remora2,25.56,25.3,25.3,25.17,25.17,24.91,24.91,24.65,24.65,24.45,25.84,25.6,25.6,25.47,25.47,25.21,25.21,24.96,24.96,24.76,3.01,3.01,3.01,3.01,3.02,3.02,3.03,3.03,3.03,3.04,3.01,3.01,3.01,3.01,3.02,3.02,3.03,3.03,3.03,3.04,214.56,0,0,1,0,0,0,-1,0,None,aggregation
24,219.51,remora9,remora2,24.45,24.23,24.23,23.95,23.95,23.67,23.67,23.46,23.46,23.46,24.76,24.56,24.56,24.29,24.29,24.01,24.01,23.81,23.81,23.81,3.04,3.04,3.05,3.05,3.06,3.06,3.07,3.07,3.08,3.09,3.04,3.04,3.05,3.05,3.06,3.06,3.07,3.07,3.08,3.09,225.48,0,0,1,0,0,0,-1,0,None,aggregation
24,220.51,remora9,remora2,23.24,22.95,22.95,22.65,22.65,22.36,22.36,22.14,22.14,13.25,23.59,23.31,23.31,23.02,23.02,22.73,22.73,22.52,22.52,13.83,3.09,3.1,3.11,3.11,3.12,3.13,3.13,3.14,3.14,3.15,3.09,3.1,3.11,3.11,3.12,3.13,3.13,3.14,3.14,3.15,230.35,0,0,1,0,0,0,-1,0,None,aggregation
24,221.51,remora9,remora2,13.25,21.77,21.77,21.63,21.63,21.63,21.33,21.04,21.04,20.89,13.83,22.16,22.16,22.03,22.03,22.03,21.74,21.45,21.45,21.3,3.16,3.18,3.18,3.19,3.2,3.21,3.22,3.23,3.23,3.24,3.16,3.18,3.18,3.19,3.2,3.21,3.22,3.23,3.23,3.24,234.22,0,0,1,0,0,0,-1,0,None,aggregation
24,222.51,remora9,remora2,20.89,9.53,9.53,9.53,20.74,20.59,20.59,20.47,20.47,20.19,21.3,10.18,10.18,10.18,21.16,21.01,21.01,20.89,20.89,20.62,3.25,3.26,3.28,3.3,3.31,3.31,3.32,3.33,3.32,3.3,3.25,3.26,3.28,3.3,3.31,3.31,3.32,3.33,3.32,3.3,239.94,0,0,1,0,0,0,-1,0,None,aggregation
24,223.51,remora9,remora2,20.19,20.19,20.13,20.13,19.93,19.93,19.91,19.91,19.9,19.69,20.62,20.62,20.56,20.56,20.36,20.36,20.34,20.34,20.34,20.13,3.28,3.26,3.23,3.18,3.14,3.09,3.04,2.99,2.95,2.9,3.28,3.26,3.23,3.18,3.14,3.09,3.04,2.99,2.95,2.9,237.26,0,0,1,0,0,0,-1,0,None,aggregation
24,224.51,remora9,remora2,19.69,19.69,19.69,19.69,19.69,19.52,19.52,19.55,19.55,19.35,20.13,20.13,20.13,20.13,20.13,19.96,19.96,20,20,19.8,2.86,2.81,2.77,2.72,2.67,2.63,2.58,2.54,2.49,2.45,2.86,2.81,2.77,2.72,2.67,2.63,2.58,2.54,2.49,2.45,229.47,0,1,1,0,0,0,-1,0,None,aggregation
24,225.51,remora9,remora2,19.35,19.24,19.24,19.17,19.17,18.99,18.99,18.92,18.92,18.8,19.8,19.7,19.7,19.62,19.62,19.45,19.45,19.38,19.38,19.26,2.4,2.36,2.31,2.27,2.22,2.18,2.13,2.09,2.05,2.01,2.4,2.36,2.31,2.27,2.22,2.18,2.13,2.09,2.05,2.01,221.73,0,1,1,0,0,0,-1,0,None,aggregation
24,226.51,remora9,remora2,18.8,18.8,28.51,28.37,28.37,18,18,18,17.67,17.67,19.26,19.26,28.67,28.54,28.54,18.48,18.48,18.48,18.16,18.16,1.96,1.91,1.87,1.81,1.76,1.71,1.67,1.62,1.58,1.54,1.96,1.91,1.87,1.81,1.76,1.71,1.67,1.62,1.58,1.54,216.13,0,1,1,0,0,0,-1,0,None,aggregation
24,227.51,remora9,remora2,17.32,17.32,0,0,0,0,0,0,0,0,17.81,17.81,0,0,0,0,0,0,0,0,1.5,1.47,1.46,1.46,1.46,1.46,1.46,1.46,1.46,1.46,1.5,1.47,1.46,1.46,1.46,1.46,1.46,1.46,1.46,1.46,193.61,1,0,1,0,0,0,-1,0,None,aggregation
24,228.51,remora9,remora2,0,0,0,0,0,0,0,0,0,0,0,0,0,0,0,0,0,0,0,0,1.46,1.46,1.46,1.46,1.46,1.46,1.46,1.46,1.46,1.46,1.46,1.46,1.46,1.46,1.46,1.46,1.46,1.46,1.46,1.46,168.45,1,0,1,0,0,0,-1,0,None,aggregation
24,229.51,remora9,remora2,0,0,0,0,0,0,0,0,0,0,0,0,0,0,0,0,0,0,0,0,1.46,1.46,1.46,1.46,1.46,1.46,1.46,1.46,1.46,1.46,1.46,1.46,1.46,1.46,1.46,1.46,1.46,1.46,1.46,1.46,144.43,1,0,1,0,0,0,-1,0,None,aggregation
24,230.51,remora9,remora2,0,0,0,0,0,0,0,0,0,0,0,0,0,0,0,0,0,0,0,0,1.46,1.46,1.46,1.46,1.46,1.46,1.46,1.46,1.46,1.46,1.46,1.46,1.46,1.46,1.46,1.46,1.46,1.46,1.46,1.46,122.56,1,0,1,0,0,0,-1,0,None,aggregation
24,231.51,remora9,remora2,0,0,0,0,0,0,0,0,0,0,0,0,0,0,0,0,0,0,0,0,1.46,1.46,1.46,1.46,1.46,1.46,1.46,1.46,1.46,1.46,1.46,1.46,1.46,1.46,1.46,1.46,1.46,1.46,1.46,1.46,101.75,1,0,1,0,0,0,-1,0,None,aggregation
24,232.51,remora9,remora2,0,0,0,0,0,0,0,0,0,0,0,0,0,0,0,0,0,0,0,0,1.46,1.46,1.46,1.46,1.46,1.46,1.46,1.46,1.46,1.46,1.46,1.46,1.46,1.46,1.46,1.46,1.46,1.46,1.46,1.46,84.26,1,0,1,0,0,0,-1,0,None,aggregation
24,233.51,remora9,remora2,0,0,0,0,0,0,0,0,0,-12.65,0,0,0,0,0,0,0,0,0,-13.47,1.46,1.46,1.46,1.46,1.46,1.46,1.46,1.46,1.46,1.48,1.46,1.46,1.46,1.46,1.46,1.46,1.46,1.46,1.46,1.48,65.35,1,0,1,0,0,0,-1,0,None,aggregation
24,234.51,remora9,remora2,-12.65,-12.99,-12.99,-12.99,-13.16,-13.16,-13.71,-13.87,-13.87,-14.29,-13.47,-13.81,-13.81,-13.81,-13.98,-13.98,-14.54,-14.69,-14.69,-15.11,1.51,1.54,1.58,1.62,1.66,1.7,1.73,1.77,1.81,1.85,1.51,1.54,1.58,1.62,1.66,1.7,1.73,1.77,1.81,1.85,59.32,0,1,1,0,0,0,-1,0,None,aggregation
24,235.51,remora9,remora2,-14.29,-14.44,-14.44,-14.48,-14.48,-14.76,-14.76,-15.03,-15.03,-15.2,-15.11,-15.26,-15.26,-15.3,-15.3,-15.58,-15.58,-15.85,-15.85,-16.02,1.89,1.93,1.97,2.01,2.05,2.09,2.13,2.17,2.21,2.25,1.89,1.93,1.97,2.01,2.05,2.09,2.13,2.17,2.21,2.25,55.11,0,1,1,0,0,0,-1,0,None,aggregation
24,236.51,remora9,remora2,-15.2,-15.48,-15.48,-15.5,-15.5,-15.68,-15.68,-15.79,-15.79,-15.97,-16.02,-16.3,-16.3,-16.32,-16.32,-16.5,-16.5,-16.62,-16.62,-16.79,2.3,2.34,2.38,2.42,2.47,2.51,2.55,2.59,2.64,2.68,2.3,2.34,2.38,2.42,2.47,2.51,2.55,2.59,2.64,2.68,49.71,0,1,1,0,0,0,-1,0,None,aggregation
24,237.51,remora9,remora2,-15.97,-15.87,-15.87,-16.25,-16.25,-16.29,-16.29,-16.33,-16.33,-16.36,-16.79,-16.69,-16.69,-17.07,-17.07,-17.11,-17.11,-17.15,-17.15,-17.18,2.73,2.77,2.81,2.85,2.9,2.94,2.99,3.03,3.07,3.12,2.73,2.77,2.81,2.85,2.9,2.94,2.99,3.03,3.07,3.12,62.8,0,1,1,0,0,0,-1,0,None,aggregation
24,238.51,remora9,remora2,-16.36,-16.36,-0.36,-0.36,-0.36,-0.35,-0.35,-0.1,-0.1,-15.8,-17.18,-17.18,-1.18,-1.18,-1.18,-1.17,-1.17,-0.92,-0.92,-16.62,3.16,3.21,3.23,3.27,3.29,3.32,3.35,3.38,3.41,3.44,3.16,3.21,3.23,3.27,3.29,3.32,3.35,3.38,3.41,3.44,68.26,0,0,1,0,0,0,-1,0,None,aggregation
24,239.51,remora9,remora2,-15.8,-15.72,-15.72,-0.08,-0.08,-0.32,-0.32,-15.57,-15.57,-15.49,-16.62,-16.54,-16.54,-0.91,-0.91,-1.15,-1.15,-16.39,-16.39,-16.31,3.48,3.52,3.56,3.6,3.63,3.66,3.69,3.72,3.76,3.81,3.48,3.52,3.56,3.6,3.63,3.66,3.69,3.72,3.76,3.81,78.14,0,0,1,0,0,0,-1,0,None,aggregation
24,240.51,remora9,remora2,-15.49,-15.52,-15.52,-0.57,-0.57,-15.31,-15.31,-15.31,-15.06,-15.06,-16.31,-16.35,-16.35,-1.39,-1.39,-16.14,-16.14,-16.14,-15.88,-15.88,3.85,3.89,3.94,3.97,4.01,4.04,4.08,4.12,4.14,4.16,3.85,3.89,3.94,3.97,4.01,4.04,4.08,4.12,4.14,4.16,90.92,0,0,1,0,0,0,-1,0,None,aggregation
24,241.51,remora9,remora2,-14.82,-14.62,-14.62,-14.62,0.82,1.35,1.35,1.35,-13.44,-13.44,-15.64,-15.44,-15.44,-15.44,0.01,0.54,0.54,0.54,-14.27,-14.27,4.17,4.19,4.2,4.21,4.21,4.21,4.19,4.16,4.14,4.12,4.17,4.19,4.2,4.21,4.21,4.21,4.19,4.16,4.14,4.12,100.05,0,0,1,0,0,0,-1,0,None,aggregation
24,242.51,remora9,remora2,2.63,2.63,2.9,-12.52,-12.52,-12.52,4.15,4.15,4.65,-11.41,1.84,1.84,2.12,-13.34,-13.34,-13.34,3.39,3.39,3.91,-12.23,4.1,4.07,4.05,4.03,4.03,4.04,4.04,4.04,4.01,3.99,4.1,4.07,4.05,4.03,4.03,4.04,4.04,4.04,4.01,3.99,106.99,0,0,1,0,0,0,-1,0,None,aggregation
24,243.51,remora9,remora2,-11.41,5.64,5.64,6.13,6.13,6.87,6.87,7.56,7.56,-9.54,-12.23,4.91,4.91,5.41,5.41,6.16,6.16,6.87,6.87,-10.36,3.97,3.95,3.92,3.89,3.85,3.82,3.79,3.76,3.74,3.71,3.97,3.95,3.92,3.89,3.85,3.82,3.79,3.76,3.74,3.71,112.82,0,0,1,0,0,0,-1,0,None,aggregation
24,124.51,remora7,remora4,10.01,10.01,10.01,10.01,10.01,0,0,0,0,28.33,9.99,9.99,9.99,9.99,9.99,0,0,0,0,28.5,2.97,2.98,2.98,2.99,3,3.01,3.03,3.04,3.06,3.07,4.57,4.58,4.58,4.59,4.59,4.6,4.6,4.61,4.62,4.63,141.98,0,0,1,0,0,0,-1,0,None,aggregation
24,125.51,remora7,remora4,28.33,29.98,29.98,29.98,29.98,29.98,29.98,29.99,29.99,28.09,28.5,29.96,29.96,29.96,29.96,29.96,29.96,29.98,29.98,28.27,3.07,3.06,3.05,3.04,3.03,3.02,3.02,3.01,3,2.99,4.62,4.62,4.61,4.59,4.59,4.58,4.57,4.56,4.55,4.54,153.87,0,0,1,0,0,0,-1,0,None,aggregation
24,126.51,remora7,remora4,28.09,29.99,29.99,27.93,27.93,27.93,27.93,30,30,30,28.27,29.98,29.98,28.12,28.12,28.12,28.12,29.99,29.99,30,2.97,2.96,2.95,2.95,2.94,2.93,2.92,2.9,2.9,2.89,4.53,4.52,4.51,4.51,4.5,4.49,4.48,4.47,4.46,4.45,172.91,0,1,1,0,0,0,-1,0,None,aggregation
24,127.51,remora7,remora4,30,27.75,27.75,30,30,30,27.6,27.6,27.6,27.4,30,27.94,27.94,30,30,30,27.81,27.81,27.81,27.62,2.88,2.87,2.86,2.86,2.85,2.83,2.83,2.82,2.81,2.8,4.45,4.43,4.43,4.42,4.41,4.4,4.39,4.39,4.38,4.37,184.38,0,1,1,0,0,0,-1,0,None,aggregation
24,128.51,remora7,remora4,27.4,27.4,27.4,27.4,27.4,27.31,27.31,27.31,27.31,29.98,27.62,27.62,27.62,27.62,27.62,27.53,27.53,27.53,27.53,29.99,2.8,2.8,2.79,2.78,2.77,2.76,2.75,2.74,2.73,2.72,4.36,4.36,4.35,4.34,4.33,4.32,4.31,4.31,4.3,4.29,199.07,0,1,1,0,0,0,-1,0,None,aggregation
24,129.51,remora7,remora4,29.98,27.13,27.13,27.12,27.12,29.96,29.96,26.98,26.98,26.94,29.99,27.35,27.35,27.35,27.35,29.98,29.98,27.21,27.21,27.17,2.71,2.7,2.69,2.69,2.68,2.67,2.66,2.65,2.64,2.63,4.28,4.27,4.26,4.25,4.24,4.24,4.23,4.22,4.21,4.2,213.25,0,1,1,0,0,0,-1,0,None,aggregation
24,130.51,remora7,remora4,26.94,29.93,29.93,26.83,26.83,29.9,29.9,26.74,26.74,26.74,27.17,29.96,29.96,27.07,27.07,29.94,29.94,26.98,26.98,26.98,2.63,2.62,2.61,2.6,2.59,2.59,2.58,2.57,2.57,2.56,4.19,4.19,4.18,4.17,4.16,4.15,4.14,4.14,4.13,4.12,223.74,0,1,1,0,0,0,-1,0,None,aggregation
24,131.51,remora7,remora4,29.87,26.52,26.52,26.52,26.46,26.46,26.4,29.83,29.83,29.83,29.91,26.77,26.77,26.77,26.71,26.71,26.65,29.88,29.88,29.88,2.55,2.54,2.54,2.54,2.54,2.53,2.53,2.52,2.52,2.51,4.11,4.1,4.1,4.1,4.09,4.08,4.08,4.07,4.06,4.05,235.96,0,1,1,0,0,0,-1,0,None,aggregation
24,132.51,remora7,remora4,26.24,26.24,26.18,26.18,26.18,29.76,29.76,29.76,29.73,29.73,26.5,26.5,26.44,26.44,26.44,29.82,29.82,29.82,29.8,29.8,2.5,2.5,2.5,2.51,2.5,2.49,2.49,2.49,2.49,2.48,4.05,4.04,4.04,4.03,4.03,4.02,4.01,4.01,4,3.99,252.12,0,1,1,0,0,0,-1,0,None,aggregation
24,133.51,remora7,remora4,25.88,25.88,29.68,29.68,29.68,25.64,25.64,29.62,29.62,29.62,26.15,26.15,29.75,29.75,29.75,25.92,25.92,29.7,29.7,29.7,2.48,2.47,2.46,2.46,2.45,2.44,2.44,2.43,2.42,2.42,3.99,3.98,3.97,3.96,3.95,3.95,3.94,3.93,3.92,3.92,263.13,0,1,1,0,0,0,-1,0,None,aggregation
24,134.51,remora7,remora4,25.49,25.41,25.41,25.41,25.34,29.55,29.55,29.55,29.52,29.52,25.77,25.7,25.7,25.7,25.63,29.64,29.64,29.64,29.61,29.61,2.41,2.41,2.41,2.41,2.41,2.41,2.41,2.4,2.39,2.38,3.91,3.9,3.9,3.89,3.89,3.89,3.88,3.87,3.86,3.85,282.86,0,1,1,0,0,0,-1,0,None,aggregation
24,135.51,remora7,remora4,29.48,29.48,29.44,25.08,25.08,25.07,25.07,25.07,29.36,29.36,29.57,29.57,29.54,25.38,25.38,25.37,25.37,25.37,29.47,29.47,2.38,2.37,2.37,2.37,2.36,2.35,2.35,2.35,2.35,2.34,3.84,3.83,3.83,3.82,3.81,3.81,3.8,3.79,3.79,3.78,280.57,0,1,1,0,0,0,-1,0,None,aggregation
24,136.51,remora7,remora4,24.81,24.81,24.81,24.81,24.81,24.81,24.73,24.65,24.65,24.66,25.11,25.12,25.12,25.12,25.12,25.12,25.04,24.97,24.97,24.97,2.34,2.34,2.33,2.34,2.34,2.34,2.33,2.33,2.33,2.33,3.77,3.77,3.76,3.76,3.75,3.75,3.74,3.73,3.73,3.72,276.46,0,1,1,0,0,0,-1,0,None,aggregation
24,137.51,remora7,remora4,24.66,24.66,29.23,29.19,29.19,29.19,29.14,29.14,24.38,20.84,24.97,24.97,29.35,29.31,29.31,29.31,29.26,29.26,24.7,21.25,2.33,2.33,2.32,2.31,2.31,2.31,2.31,2.3,2.3,2.3,3.72,3.71,3.7,3.69,3.69,3.68,3.67,3.67,3.66,3.65,274.89,0,1,1,0,0,0,-1,0,None,aggregation
24,138.51,remora7,remora4,20.84,20.82,20.82,24.22,24.22,24.22,24.22,20.71,20.71,29.04,21.25,21.24,21.24,24.55,24.55,24.55,24.54,21.13,21.13,29.17,2.31,2.31,2.31,2.31,2.31,2.31,2.32,2.32,2.33,2.33,3.65,3.65,3.64,3.64,3.63,3.63,3.63,3.63,3.63,3.63,270.33,0,1,1,0,0,0,-1,0,None,aggregation
24,139.51,remora7,remora4,29.04,29.04,23.99,23.79,23.79,23.79,23.67,28.94,28.94,28.94,29.17,29.17,24.33,24.13,24.13,24.13,24.01,29.08,29.08,29.08,2.32,2.31,2.31,2.31,2.32,2.32,2.33,2.33,2.33,2.32,3.62,3.62,3.61,3.61,3.61,3.61,3.61,3.61,3.6,3.6,268.83,0,1,1,0,0,0,-1,0,None,aggregation
24,140.51,remora7,remora4,23.43,23.43,23.31,23.31,28.89,23.09,23.09,22.95,22.95,22.95,23.78,23.78,23.66,23.66,29.03,23.45,23.45,23.32,23.32,23.32,2.32,2.32,2.32,2.33,2.33,2.33,2.33,2.34,2.34,2.34,3.6,3.6,3.6,3.6,3.59,3.59,3.59,3.59,3.59,3.59,264.61,0,1,1,0,0,0,-1,0,None,aggregation
24,141.51,remora7,remora4,22.83,28.84,28.84,22.68,22.68,22.68,22.45,23.57,23.57,23.57,23.19,28.98,28.98,23.05,23.05,23.05,22.83,23.92,23.92,23.92,2.34,2.34,2.35,2.35,2.35,2.36,2.37,2.37,2.37,2.38,3.59,3.59,3.59,3.59,3.59,3.59,3.6,3.6,3.6,3.6,261.03,0,1,1,0,0,0,-1,0,None,aggregation
24,142.51,remora7,remora4,22.31,22.31,22.17,28.78,28.78,22.02,22.02,21.88,21.88,21.88,22.68,22.68,22.55,28.93,28.93,22.41,22.41,22.27,22.27,22.27,2.38,2.39,2.4,2.4,2.4,2.4,2.41,2.41,2.41,2.42,3.6,3.6,3.61,3.61,3.61,3.61,3.61,3.61,3.61,3.61,256.55,0,1,1,0,0,0,-1,0,None,aggregation
24,143.51,remora7,remora4,21.75,21.75,21.75,21.6,21.6,21.6,28.79,21.46,21.46,21.31,22.14,22.14,22.14,21.99,21.99,21.99,28.93,21.86,21.86,21.71,2.43,2.43,2.44,2.45,2.46,2.46,2.46,2.47,2.47,2.48,3.62,3.62,3.62,3.63,3.63,3.63,3.63,3.63,3.64,3.64,250.87,0,1,1,0,0,0,-1,0,None,aggregation
24,144.51,remora7,remora4,21.31,21.18,21.18,21.17,21.17,21.12,21.12,28.85,28.85,28.85,21.71,21.58,21.58,21.58,21.58,21.53,21.53,28.99,28.99,28.99,2.49,2.5,2.5,2.51,2.52,2.53,2.53,2.54,2.55,2.55,3.65,3.65,3.65,3.66,3.66,3.66,3.67,3.67,3.67,3.68,246.94,0,1,1,0,0,0,-1,0,None,aggregation
24,145.51,remora7,remora4,20.98,20.85,20.85,20.72,20.72,15.44,15.44,15.44,20.56,20.55,21.39,21.26,21.26,21.13,21.13,15.97,15.97,15.97,20.98,20.97,2.55,2.56,2.57,2.58,2.59,2.6,2.61,2.62,2.63,2.64,3.68,3.68,3.69,3.69,3.7,3.7,3.71,3.72,3.72,3.73,238.97,0,1,1,0,0,0,-1,0,None,aggregation
24,146.51,remora7,remora4,20.55,22.81,22.81,20.38,20.38,14.76,14.76,20.34,20.34,28.97,20.97,23.18,23.18,20.81,20.81,15.31,15.31,20.77,20.77,29.1,2.65,2.65,2.66,2.66,2.67,2.68,2.7,2.71,2.72,2.73,3.74,3.75,3.75,3.76,3.77,3.77,3.78,3.8,3.81,3.81,234.88,0,1,1,0,0,0,-1,0,None,aggregation
24,147.51,remora7,remora4,28.97,28.97,20.19,20.19,20.2,29.07,29.07,29.07,20.15,29.07,29.1,29.1,20.62,20.62,20.63,29.2,29.2,29.2,20.58,29.2,2.73,2.73,2.74,2.75,2.76,2.76,2.77,2.77,2.77,2.78,3.82,3.82,3.83,3.84,3.85,3.86,3.87,3.88,3.89,3.9,233.43,0,1,1,0,0,0,-1,0,None,aggregation
24,148.51,remora7,remora4,29.07,20.02,20.02,20.02,20.01,20.01,19.98,19.97,19.97,29.08,29.2,20.45,20.45,20.45,20.44,20.44,20.42,20.4,20.4,29.2,2.79,2.79,2.8,2.8,2.81,2.82,2.83,2.84,2.85,2.86,3.91,3.91,3.92,3.93,3.94,3.95,3.96,3.97,3.98,3.99,232.27,0,1,1,0,0,0,-1,0,None,aggregation
24,149.51,remora7,remora4,29.08,0,0,0,0,29.18,29.18,29.18,29.18,19.97,29.2,0,0,0,0,29.29,29.29,29.29,29.29,20.4,2.86,2.87,2.89,2.91,2.94,2.97,2.98,2.98,2.98,2.99,4,4.01,4.02,4.04,4.06,4.08,4.09,4.1,4.11,4.12,222.39,0,1,1,0,0,0,-1,0,None,aggregation
24,150.51,remora7,remora4,19.97,29.18,29.18,19.94,19.94,8.11,8.11,8.11,20.09,20.07,20.4,29.3,29.3,20.37,20.37,8.79,8.79,8.79,20.53,20.5,3,3.01,3.02,3.02,3.03,3.03,3.05,3.07,3.08,3.09,4.14,4.15,4.16,4.17,4.18,4.2,4.21,4.23,4.24,4.26,216.97,0,0,1,0,0,0,-1,0,None,aggregation
24,151.51,remora7,remora4,20.07,20.07,20.07,4.38,4.38,4.38,20.07,20.03,20.03,20.03,20.5,20.5,20.5,5.12,5.12,5.12,20.5,20.46,20.46,20.46,3.1,3.11,3.12,3.13,3.15,3.17,3.18,3.18,3.16,3.15,4.27,4.29,4.3,4.31,4.33,4.35,4.37,4.38,4.38,4.38,208.25,0,0,1,0,0,0,-1,0,None,aggregation
24,152.51,remora7,remora4,20.03,29.36,29.36,29.36,29.36,29.36,29.35,29.35,4.3,4.3,20.46,29.46,29.46,29.46,29.46,29.46,29.46,29.46,5.04,5.04,3.15,3.15,3.14,3.1,3.06,3,2.95,2.89,2.85,2.82,4.39,4.4,4.41,4.4,4.39,4.38,4.37,4.35,4.34,4.33,208.22,0,0,1,0,0,0,-1,0,None,aggregation
24,153.51,remora7,remora4,20.05,20.05,20.14,20.14,19.91,29.16,29.16,19.86,19.86,29,20.49,20.49,20.57,20.57,20.35,29.28,29.28,20.29,20.29,29.13,2.78,2.74,2.69,2.64,2.59,2.55,2.49,2.44,2.4,2.35,4.32,4.31,4.3,4.29,4.28,4.27,4.26,4.25,4.23,4.22,208.63,0,1,1,0,0,0,-1,0,None,aggregation
24,154.51,remora7,remora4,29,29,28.94,28.94,28.83,19.29,19.29,19.29,19.06,28.38,29.13,29.13,29.08,29.08,28.97,19.74,19.74,19.74,19.52,28.55,2.3,2.24,2.19,2.13,2.08,2.03,1.99,1.94,1.89,1.85,4.21,4.2,4.19,4.18,4.17,4.15,4.15,4.14,4.12,4.1,210.12,0,1,1,0,0,0,-1,0,None,aggregation
24,155.51,remora7,remora4,28.38,28.38,18.65,18.34,18.34,27.78,27.78,27.78,27.53,27.53,28.55,28.55,19.12,18.81,18.81,27.97,27.97,27.97,27.74,27.74,1.81,1.76,1.72,1.67,1.63,1.59,1.54,1.49,1.45,1.42,4.09,4.07,4.05,4.04,4.02,4,3.98,3.97,3.95,3.94,215.93,0,1,1,0,0,0,-1,0,None,aggregation
24,156.51,remora7,remora4,0,0,0,0,0,0,0,0,0,0,0,0,0,0,0,0,0,0,0,0,1.42,1.42,1.42,1.42,1.42,1.42,1.42,1.42,1.42,1.42,3.93,3.92,3.91,3.9,3.89,3.87,3.86,3.85,3.84,3.83,195.11,1,0,1,0,0,0,-1,0,None,aggregation
24,157.51,remora7,remora4,0,0,0,0,0,0,0,0,0,0,0,0,0,0,0,0,0,0,0,0,1.42,1.42,1.42,1.42,1.42,1.42,1.42,1.42,1.42,1.42,3.82,3.81,3.8,3.79,3.78,3.78,3.78,3.78,3.78,3.77,169.49,1,0,1,0,0,0,-1,0,None,aggregation
24,158.51,remora7,remora4,0,0,0,0,0,0,0,0,0,0,0,0,0,0,0,0,0,0,0,0,1.42,1.42,1.42,1.42,1.42,1.42,1.42,1.42,1.42,1.42,3.76,3.75,3.73,3.72,3.71,3.7,3.69,3.68,3.67,3.66,147.49,1,0,1,0,0,0,-1,0,None,aggregation
24,159.51,remora7,remora4,0,0,0,0,0,0,0,0,0,0,0,0,0,0,0,0,0,0,0,0,1.42,1.42,1.42,1.42,1.42,1.42,1.42,1.42,1.42,1.42,3.65,3.63,3.63,3.61,3.6,3.59,3.58,3.57,3.57,3.57,130.87,1,0,1,0,0,0,-1,0,None,aggregation
24,160.51,remora7,remora4,0,0,0,0,0,0,0,0,0,0,0,0,0,0,0,0,0,0,0,0,1.42,1.42,1.42,1.42,1.42,1.42,1.42,1.42,1.42,1.42,3.57,3.57,3.56,3.55,3.55,3.55,3.55,3.55,3.54,3.53,112.38,1,0,1,0,0,0,-1,0,None,aggregation
24,161.51,remora7,remora4,0,0,0,0,0,0,0,0,0,0,0,0,0,0,0,0,0,0,0,0,1.42,1.42,1.42,1.42,1.42,1.42,1.42,1.42,1.42,1.42,3.52,3.51,3.5,3.49,3.48,3.47,3.46,3.45,3.44,3.43,96.77,1,0,1,0,0,0,-1,0,None,aggregation
24,162.51,remora7,remora4,0,0,0,0,0,0,0,0,-11.39,-11.62,0,0,0,0,0,0,0,0,-12.21,-12.45,1.42,1.42,1.42,1.42,1.42,1.42,1.42,1.42,1.43,1.44,3.42,3.41,3.4,3.39,3.38,3.37,3.36,3.35,3.34,3.33,75.61,1,0,1,0,0,0,-1,0,None,aggregation
24,163.51,remora7,remora4,-11.62,-6.39,-6.39,-11.83,-11.83,-12.06,-12.06,-12.06,-12.04,-12.4,-12.45,-7.22,-7.22,-12.65,-12.65,-12.88,-12.88,-12.88,-12.86,-13.22,1.45,1.46,1.47,1.47,1.48,1.49,1.5,1.51,1.52,1.53,3.32,3.32,3.31,3.3,3.29,3.29,3.28,3.27,3.27,3.26,63.98,1,0,1,0,0,0,-1,0,None,aggregation
24,164.51,remora7,remora4,-12.4,-7.29,-7.29,-12.61,-12.61,-12.61,-12.84,-12.94,-12.94,-12.94,-13.22,-8.11,-8.11,-13.43,-13.43,-13.43,-13.66,-13.76,-13.76,-13.76,1.54,1.55,1.56,1.57,1.58,1.59,1.6,1.61,1.62,1.63,3.26,3.25,3.24,3.24,3.23,3.23,3.22,3.22,3.21,3.21,50.91,0,1,1,0,0,0,-1,0,None,aggregation
24,165.51,remora7,remora4,-13.16,-13.53,-13.53,-13.5,-13.5,-13.73,-13.73,-13.71,-13.71,-14.05,-13.98,-14.35,-14.35,-14.32,-14.32,-14.55,-14.55,-14.53,-14.53,-14.87,1.64,1.66,1.67,1.68,1.69,1.7,1.72,1.73,1.74,1.75,3.2,3.2,3.19,3.19,3.19,3.18,3.18,3.18,3.17,3.17,39.75,0,1,0,0,0,0,-1,0,None,aggregation
24,166.51,remora7,remora4,-14.05,-9.01,-9.01,-14.39,-14.39,-14.39,-14.51,-14.6,-14.6,-14.6,-14.87,-9.83,-9.83,-15.21,-15.21,-15.21,-15.33,-15.42,-15.42,-15.42,1.76,1.78,1.78,1.79,1.8,1.82,1.83,1.84,1.86,1.87,3.17,3.16,3.16,3.15,3.15,3.15,3.15,3.15,3.14,3.14,53.51,0,1,1,0,0,0,-1,0,None,aggregation
24,167.51,remora7,remora4,-14.83,-14.83,-14.8,-15.02,-15.02,-15.13,-15.13,-15.13,-15.47,-10.4,-15.65,-15.65,-15.62,-15.84,-15.84,-15.96,-15.96,-15.96,-16.29,-11.22,1.88,1.89,1.91,1.92,1.93,1.95,1.96,1.98,1.99,2,3.14,3.14,3.14,3.14,3.14,3.14,3.14,3.14,3.14,3.14,68.5,0,1,1,0,0,0,-1,0,None,aggregation
24,168.51,remora7,remora4,-10.4,-10.4,-15.68,-15.66,-15.66,-10.96,-10.96,-10.96,-15.86,-15.85,-11.22,-11.22,-16.5,-16.48,-16.48,-11.78,-11.78,-11.78,-16.68,-16.67,2.01,2.02,2.04,2.05,2.06,2.08,2.09,2.1,2.11,2.12,3.14,3.13,3.14,3.14,3.14,3.14,3.14,3.14,3.14,3.14,82.15,0,1,1,0,0,0,-1,0,None,aggregation
24,169.51,remora7,remora4,-15.85,-16.06,-16.06,-11.54,-11.54,-16.39,-16.39,-16.39,-16.39,-22.31,-16.67,-16.89,-16.89,-12.36,-12.36,-17.21,-17.21,-17.21,-17.21,-23.14,2.14,2.15,2.17,2.18,2.21,2.24,2.28,2.32,2.36,2.4,3.15,3.15,3.15,3.15,3.16,3.18,3.19,3.21,3.23,3.24,98.45,0,1,1,0,0,0,-1,0,None,aggregation
24,170.51,remora7,remora4,-22.31,-16.78,-16.78,-17.09,-17.09,-17.09,-17.09,-12.74,-12.74,-17.42,-23.14,-17.61,-17.61,-17.91,-17.91,-17.91,-17.91,-13.56,-13.56,-18.24,2.44,2.48,2.53,2.57,2.61,2.65,2.7,2.73,2.77,2.81,3.26,3.28,3.3,3.32,3.33,3.35,3.37,3.39,3.41,3.43,115.57,0,1,1,0,0,0,-1,0,None,aggregation
24,171.51,remora7,remora4,-13.09,-13.09,-13.02,-12.96,-12.96,-12.96,-17.15,-17.15,-17.15,0,-13.91,-13.91,-13.84,-13.78,-13.78,-13.78,-17.97,-17.97,-17.97,0,2.84,2.88,2.91,2.95,2.99,3.03,3.06,3.1,3.14,3.16,3.45,3.47,3.49,3.51,3.53,3.55,3.57,3.59,3.6,3.62,128.9,0,0,1,0,0,0,-1,0,None,aggregation
24,172.51,remora7,remora4,0,0,0,23.51,23.51,23.51,18.81,18.81,23.2,23.2,0,0,0,23.85,23.85,23.85,19.27,19.27,23.56,23.56,3.18,3.21,3.22,3.23,3.23,3.24,3.24,3.25,3.26,3.26,3.63,3.64,3.65,3.65,3.65,3.65,3.65,3.65,3.66,3.66,142.1,0,0,1,0,0,0,-1,0,None,aggregation
24,173.51,remora7,remora4,18.53,18.53,23.03,23.03,18.24,18.24,22.86,22.86,21.22,22.68,18.99,18.99,23.39,23.39,18.72,18.72,23.22,23.22,21.62,23.05,3.27,3.28,3.29,3.29,3.29,3.3,3.31,3.32,3.33,3.33,3.66,3.67,3.67,3.67,3.67,3.67,3.68,3.68,3.68,3.69,151.94,0,0,1,0,0,0,-1,0,None,aggregation
24,174.51,remora7,remora4,22.68,22.68,17.77,17.77,0,0,0,0,0,22.46,23.05,23.05,18.25,18.25,0,0,0,0,0,22.84,3.34,3.35,3.35,3.36,3.37,3.39,3.41,3.44,3.46,3.47,3.69,3.69,3.69,3.7,3.7,3.71,3.72,3.74,3.75,3.75,150.33,0,0,1,0,0,0,-1,0,None,aggregation
24,175.51,remora7,remora4,22.46,17.14,17.14,17.14,28.48,28.48,28.48,21.95,21.95,21.95,22.84,17.63,17.63,17.63,28.64,28.64,28.64,22.34,22.34,22.34,3.47,3.48,3.48,3.49,3.5,3.5,3.51,3.52,3.53,3.53,3.75,3.75,3.76,3.76,3.77,3.77,3.77,3.78,3.78,3.78,158.99,0,0,1,0,0,0,-1,0,None,aggregation
24,176.51,remora7,remora4,9.75,9.75,15.88,21.9,21.9,21.73,21.73,16.16,16.16,16.16,10.39,10.39,16.41,22.29,22.29,22.13,22.13,16.68,16.68,16.68,3.54,3.56,3.57,3.58,3.59,3.6,3.6,3.61,3.62,3.63,3.79,3.8,3.8,3.81,3.81,3.82,3.82,3.82,3.83,3.84,162.59,0,0,1,0,0,0,-1,0,None,aggregation
24,177.51,remora7,remora4,16.16,8.27,8.27,8.28,8.28,8.28,15.74,14.69,14.69,14.68,16.68,8.94,8.94,8.95,8.95,8.95,16.27,15.24,15.24,15.23,3.65,3.66,3.67,3.7,3.71,3.73,3.75,3.76,3.77,3.79,3.84,3.85,3.86,3.87,3.88,3.89,3.9,3.9,3.91,3.92,159.64,0,0,1,0,0,0,-1,0,None,aggregation
24,178.51,remora7,remora4,14.68,21.57,21.57,15.8,15.8,15.8,15.03,15.03,15.03,15.9,15.23,21.97,21.97,16.33,16.33,16.33,15.57,15.57,15.57,16.42,3.8,3.82,3.83,3.83,3.85,3.86,3.87,3.89,3.9,3.92,3.93,3.93,3.94,3.94,3.95,3.96,3.96,3.97,3.98,3.99,162.87,0,0,1,0,0,0,-1,0,None,aggregation
24,179.51,remora7,remora4,15.9,21.91,21.91,15.37,15.37,15.37,8.19,8.47,8.47,8.47,16.42,22.3,22.3,15.91,15.91,15.91,8.86,9.13,9.13,9.13,3.93,3.94,3.95,3.95,3.96,3.98,3.99,4.01,4.03,4.05,4,4,4.01,4.01,4.02,4.02,4.03,4.04,4.05,4.06,160.78,0,0,1,0,0,0,-1,0,None,aggregation
24,180.51,remora7,remora4,16.13,16.13,9.02,16.44,16.44,16.44,22.67,22.67,16.79,16.78,16.64,16.64,9.67,16.96,16.96,16.96,23.04,23.04,17.3,17.28,4.07,4.08,4.08,4.08,4.08,4.09,4.09,4.09,4.09,4.09,4.07,4.08,4.09,4.1,4.1,4.11,4.12,4.12,4.13,4.13,160.86,0,0,1,0,0,0,-1,0,None,aggregation
24,181.51,remora7,remora4,16.78,16.78,16.78,16.77,22.72,9.05,9.05,9.05,17.1,17.1,17.28,17.28,17.28,17.27,23.09,9.7,9.7,9.7,17.6,17.6,4.1,4.1,4.1,4.1,4.11,4.11,4.11,4.11,4.11,4.12,4.14,4.15,4.16,4.16,4.16,4.15,4.15,4.15,4.14,4.12,162.92,0,0,1,0,0,0,-1,0,None,aggregation
24,182.51,remora7,remora4,17.09,17.09,17.27,16.74,16.74,16.74,16.74,17.41,17.41,17.41,17.59,17.59,17.77,17.24,17.24,17.24,17.24,17.9,17.9,17.9,4.09,4.05,4,3.96,3.92,3.87,3.82,3.78,3.74,3.7,4.1,4.08,4.06,4.04,4.02,4,3.98,3.96,3.94,3.93,164.65,0,0,1,0,0,0,-1,0,None,aggregation
24,183.51,remora7,remora4,9.11,23.24,23.24,23.24,23.24,9.22,9.22,9.22,23.19,23.19,9.76,23.59,23.59,23.59,23.59,9.87,9.87,9.87,23.55,23.55,3.66,3.62,3.58,3.53,3.47,3.43,3.39,3.36,3.33,3.28,3.91,3.89,3.87,3.84,3.82,3.8,3.78,3.77,3.75,3.74,161.37,0,0,1,0,0,0,-1,0,None,aggregation
24,184.51,remora7,remora4,23.22,23.22,23.22,22.98,22.98,22.98,23.01,23.01,22.82,22.82,23.57,23.57,23.57,23.34,23.34,23.34,23.37,23.37,23.19,23.19,3.24,3.19,3.14,3.1,3.05,3,2.96,2.91,2.87,2.82,3.73,3.72,3.7,3.69,3.68,3.67,3.66,3.65,3.64,3.62,174.14,0,0,1,0,0,0,-1,0,None,aggregation
24,185.51,remora7,remora4,22.61,16.31,16.31,16.31,16.1,22.32,22.32,22.11,22.11,15.72,22.98,16.83,16.83,16.83,16.62,22.7,22.7,22.49,22.49,16.24,2.78,2.73,2.69,2.64,2.6,2.56,2.51,2.47,2.42,2.38,3.61,3.6,3.59,3.58,3.58,3.57,3.56,3.55,3.54,3.53,170.89,0,1,1,0,0,0,-1,0,None,aggregation
24,186.51,remora7,remora4,15.72,15.72,21.61,21.4,21.4,21.01,21.01,20.79,20.79,20.39,16.24,16.24,22.01,21.8,21.8,21.42,21.42,21.21,21.21,20.82,2.34,2.29,2.24,2.2,2.16,2.11,2.07,2.03,1.98,1.94,3.52,3.51,3.49,3.47,3.45,3.44,3.41,3.38,3.35,3.33,173.73,0,1,1,0,0,0,-1,0,None,aggregation
24,187.51,remora7,remora4,20.39,19.97,19.97,19.97,19.97,12.98,12.98,18.67,18.67,18.3,20.82,20.41,20.41,20.41,20.41,13.56,13.56,19.14,19.14,18.77,1.9,1.86,1.82,1.78,1.73,1.7,1.66,1.63,1.59,1.55,3.3,3.27,3.25,3.22,3.19,3.17,3.14,3.12,3.09,3.06,180.12,0,1,1,0,0,0,-1,0,None,aggregation
24,188.51,remora7,remora4,18.3,0,0,0,0,0,0,0,0,0,18.77,0,0,0,0,0,0,0,0,0,1.51,1.49,1.48,1.48,1.48,1.48,1.48,1.48,1.48,1.48,3.04,3.02,3.01,3,2.99,2.98,2.97,2.96,2.95,2.94,165.1,1,0,1,0,0,0,-1,0,None,aggregation
24,189.51,remora7,remora4,0,0,0,0,0,0,0,0,0,0,0,0,0,0,0,0,0,0,0,0,1.48,1.48,1.48,1.48,1.48,1.48,1.48,1.48,1.48,1.48,2.93,2.92,2.91,2.9,2.89,2.88,2.87,2.86,2.85,2.84,150.88,1,0,1,0,0,0,-1,0,None,aggregation
24,190.51,remora7,remora4,0,0,0,0,0,0,0,0,0,0,0,0,0,0,0,0,0,0,0,0,1.48,1.48,1.48,1.48,1.48,1.48,1.48,1.48,1.48,1.48,2.83,2.82,2.81,2.8,2.79,2.78,2.77,2.76,2.75,2.74,133.68,1,0,1,0,0,0,-1,0,None,aggregation
24,191.51,remora7,remora4,0,0,0,0,0,0,0,0,0,0,0,0,0,0,0,0,0,0,0,0,1.48,1.48,1.48,1.48,1.48,1.48,1.48,1.48,1.48,1.48,2.74,2.73,2.72,2.71,2.7,2.69,2.68,2.67,2.67,2.66,118.29,1,0,1,0,0,0,-1,0,None,aggregation
24,192.51,remora7,remora4,0,0,0,0,0,0,0,0,0,0,0,0,0,0,0,0,0,0,0,0,1.48,1.48,1.48,1.48,1.48,1.48,1.49,1.49,1.49,1.49,2.65,2.64,2.63,2.63,2.62,2.61,2.6,2.59,2.59,2.58,100.98,1,0,1,0,0,0,-1,0,None,aggregation
24,193.51,remora7,remora4,0,0,0,0,0,0,0,0,0,0,0,0,0,0,0,0,0,0,0,0,1.49,1.49,1.49,1.49,1.49,1.49,1.49,1.49,1.49,1.49,2.57,2.56,2.56,2.55,2.54,2.53,2.53,2.52,2.52,2.52,83.13,1,0,1,0,0,0,-1,0,None,aggregation
24,194.51,remora7,remora4,0,0,0,0,0,0,0,0,0,0,0,0,0,0,0,0,0,0,0,0,1.49,1.49,1.49,1.49,1.49,1.49,1.49,1.49,1.49,1.49,2.52,2.52,2.52,2.52,2.52,2.52,2.52,2.52,2.52,2.52,59.93,1,0,1,0,0,0,-1,0,None,aggregation
24,195.51,remora7,remora4,0,0,0,0,-7.29,-7.38,-7.38,-7.47,-7.47,-7.65,0,0,0,0,-8.11,-8.2,-8.2,-8.29,-8.29,-8.47,1.49,1.49,1.49,1.49,1.49,1.5,1.51,1.51,1.52,1.52,2.52,2.52,2.52,2.52,2.52,2.52,2.52,2.53,2.53,2.53,45.19,0,0,1,0,0,0,-1,0,None,aggregation
24,196.51,remora7,remora4,-7.65,-11.84,-11.84,-12.08,-12.08,-8.27,-8.27,-8.35,-8.35,-8.53,-8.47,-12.66,-12.66,-12.91,-12.91,-9.09,-9.09,-9.17,-9.17,-9.35,1.53,1.54,1.55,1.55,1.56,1.57,1.58,1.59,1.59,1.6,2.53,2.54,2.54,2.55,2.55,2.55,2.56,2.56,2.56,2.57,35.13,0,1,0,0,0,0,-1,0,None,aggregation
24,197.51,remora7,remora4,-8.53,-8.81,-8.81,-8.89,-8.89,-9.07,-9.07,-9.25,-9.25,-9.42,-9.35,-9.63,-9.63,-9.71,-9.71,-9.89,-9.89,-10.07,-10.07,-10.24,1.61,1.61,1.62,1.63,1.63,1.64,1.65,1.66,1.66,1.67,2.57,2.57,2.58,2.58,2.58,2.59,2.59,2.59,2.6,2.6,26.11,0,1,0,0,0,0,-1,0,None,aggregation
24,198.51,remora7,remora4,-9.42,-9.42,-9.59,-9.85,-9.85,-9.85,-10.02,-10.28,-10.28,-10.45,-10.24,-10.24,-10.42,-10.67,-10.67,-10.67,-10.84,-11.11,-11.11,-11.27,1.68,1.69,1.69,1.7,1.71,1.72,1.72,1.73,1.74,1.75,2.6,2.61,2.61,2.61,2.62,2.62,2.62,2.63,2.63,2.63,34.57,0,1,0,0,0,0,-1,0,None,aggregation
24,199.51,remora7,remora4,-10.45,-10.62,-10.62,-10.78,-10.78,-10.78,-10.94,-10.94,-11.1,-11.34,-11.27,-11.44,-11.44,-11.6,-11.6,-11.6,-11.76,-11.76,-11.92,-12.16,1.76,1.76,1.77,1.78,1.79,1.8,1.81,1.82,1.83,1.83,2.64,2.64,2.65,2.65,2.65,2.66,2.66,2.67,2.67,2.67,45.82,0,1,1,0,0,0,-1,0,None,aggregation
24,200.51,remora7,remora4,-11.34,-11.59,-11.59,-11.59,-11.75,-11.75,-11.9,-12.05,-12.05,-17.7,-12.16,-12.42,-12.42,-12.42,-12.57,-12.57,-12.72,-12.87,-12.87,-18.52,1.84,1.85,1.86,1.87,1.88,1.89,1.9,1.91,1.92,1.93,2.68,2.68,2.69,2.69,2.7,2.7,2.71,2.72,2.73,2.74,58.56,0,1,1,0,0,0,-1,0,None,aggregation
24,201.51,remora7,remora4,-17.7,-12.04,-12.04,-12.04,-18.35,-12.39,-12.39,-18.76,-18.76,-19.08,-18.52,-12.86,-12.86,-12.86,-19.17,-13.21,-13.21,-19.58,-19.58,-19.9,1.94,1.96,1.97,1.98,1.99,2.01,2.02,2.03,2.04,2.06,2.75,2.76,2.77,2.79,2.8,2.81,2.82,2.83,2.84,2.86,74.32,0,1,1,0,0,0,-1,0,None,aggregation
24,202.51,remora7,remora4,-19.08,-19.08,-7.72,-19.48,-19.48,-12.82,-12.82,-12.82,-19,-20.15,-19.9,-19.9,-8.54,-20.3,-20.3,-13.64,-13.64,-13.64,-19.82,-20.98,2.09,2.12,2.15,2.17,2.21,2.24,2.27,2.29,2.32,2.35,2.87,2.9,2.92,2.93,2.96,2.98,3,3.02,3.04,3.06,90.98,0,1,1,0,0,0,-1,0,None,aggregation
24,203.51,remora7,remora4,-20.15,-12.97,-12.97,-7.15,-7.15,-7.15,-20.7,-20.7,-19.72,-19.65,-20.98,-13.8,-13.8,-7.97,-7.97,-7.97,-21.52,-21.52,-20.54,-20.47,2.39,2.42,2.45,2.48,2.51,2.54,2.57,2.6,2.64,2.67,3.08,3.1,3.12,3.14,3.15,3.17,3.19,3.21,3.23,3.25,106.22,0,1,1,0,0,0,-1,0,None,aggregation
24,204.51,remora7,remora4,-19.65,-20.08,-20.08,-20.01,-20.01,-20.01,-13.06,-20.36,-20.36,-20.36,-20.47,-20.9,-20.9,-20.84,-20.84,-20.84,-13.88,-21.18,-21.18,-21.18,2.71,2.74,2.78,2.81,2.85,2.88,2.91,2.94,2.98,3.02,3.27,3.28,3.3,3.31,3.33,3.34,3.35,3.36,3.37,3.39,126.03,0,1,1,0,0,0,-1,0,None,aggregation
24,205.51,remora7,remora4,-7.21,-7.1,-7.1,-20.22,-20.22,-7.2,-7.2,-7.2,-7.35,-7.35,-8.03,-7.92,-7.92,-21.04,-21.04,-8.02,-8.02,-8.02,-8.17,-8.17,3.03,3.04,3.06,3.08,3.11,3.14,3.17,3.2,3.22,3.25,3.4,3.4,3.41,3.41,3.42,3.43,3.44,3.45,3.46,3.47,131.55,0,0,1,0,0,0,-1,0,None,aggregation
24,206.51,remora7,remora4,-7.54,-13.45,-13.45,-13.53,-13.53,-19.88,-19.88,-19.85,-19.85,-19.85,-8.36,-14.27,-14.27,-14.35,-14.35,-20.71,-20.71,-20.67,-20.67,-20.67,3.27,3.29,3.31,3.32,3.33,3.34,3.36,3.37,3.37,3.37,3.48,3.49,3.49,3.49,3.5,3.5,3.5,3.51,3.5,3.5,137.9,0,0,1,0,0,0,-1,0,None,aggregation
24,207.51,remora7,remora4,-19.85,-19.82,-19.82,-14.11,-14.11,-9.13,-9.13,-9.35,-9.35,0,-20.67,-20.64,-20.64,-14.93,-14.93,-9.95,-9.95,-10.17,-10.17,0,3.38,3.39,3.39,3.39,3.41,3.44,3.45,3.45,3.46,3.47,3.5,3.51,3.5,3.5,3.51,3.52,3.53,3.53,3.53,3.53,141.33,0,0,1,0,0,0,-1,0,None,aggregation
24,208.51,remora7,remora4,0,0,30,30,0,0,19.14,19.13,19.13,19.14,0,0,30,30,0,0,19.6,19.59,19.59,19.59,3.48,3.49,3.49,3.49,3.5,3.51,3.5,3.48,3.48,3.48,3.54,3.54,3.54,3.54,3.55,3.55,3.54,3.53,3.53,3.53,144.76,0,0,1,0,0,0,-1,0,None,aggregation
24,209.51,remora7,remora4,19.14,19.14,19.14,27.36,27.36,27.36,18.99,18.99,11.56,0,19.59,19.6,19.6,27.57,27.57,27.57,19.45,19.45,12.17,0,3.47,3.46,3.45,3.46,3.44,3.43,3.43,3.42,3.39,3.37,3.52,3.52,3.51,3.52,3.51,3.5,3.5,3.49,3.48,3.46,152.59,0,0,1,0,0,0,-1,0,None,aggregation
24,210.51,remora7,remora4,0,0,0,0,0,0,0,12.36,12.36,12.37,0,0,0,0,0,0,0,12.95,12.95,12.96,3.38,3.4,3.4,3.4,3.38,3.37,3.39,3.41,3.42,3.44,3.47,3.48,3.48,3.48,3.47,3.46,3.47,3.48,3.49,3.49,143.65,0,0,1,0,0,0,-1,0,None,aggregation
24,211.51,remora7,remora4,12.37,19.44,19.44,19.44,19.43,27.36,27.36,19.42,19.42,27.36,12.96,19.89,19.89,19.89,19.88,27.58,27.58,19.87,19.87,27.58,3.45,3.46,3.46,3.47,3.46,3.45,3.46,3.46,3.46,3.46,3.5,3.5,3.5,3.5,3.5,3.49,3.49,3.49,3.49,3.49,149.18,0,0,1,0,0,0,-1,0,None,aggregation
24,212.51,remora7,remora4,27.36,27.36,27.36,27.36,0,0,0,0,13.1,13.1,27.58,27.57,27.57,27.57,0,0,0,0,13.68,13.68,3.45,3.43,3.43,3.43,3.43,3.44,3.46,3.48,3.48,3.47,3.48,3.47,3.46,3.46,3.46,3.46,3.47,3.48,3.49,3.49,146.19,0,0,1,0,0,0,-1,0,None,aggregation
24,213.51,remora7,remora4,27.37,27.37,19.66,19.65,19.65,19.63,19.63,19.63,27.37,19.46,27.58,27.58,20.1,20.09,20.09,20.08,20.08,20.08,27.59,19.91,3.47,3.46,3.46,3.46,3.45,3.45,3.45,3.45,3.44,3.44,3.49,3.49,3.49,3.49,3.49,3.49,3.49,3.48,3.48,3.48,153.08,0,0,1,0,0,0,-1,0,None,aggregation
24,214.51,remora7,remora4,19.46,19.31,19.31,19.31,19.3,27.37,27.37,19.44,19.44,19.43,19.91,19.76,19.76,19.76,19.75,27.58,27.58,19.89,19.89,19.88,3.44,3.44,3.43,3.43,3.42,3.42,3.41,3.41,3.4,3.4,3.48,3.48,3.47,3.46,3.46,3.46,3.46,3.46,3.45,3.44,154.44,0,0,1,0,0,0,-1,0,None,aggregation
24,215.51,remora7,remora4,19.43,19.43,19.43,27.37,27.37,19.56,19.56,19.56,19.56,27.36,19.88,19.88,19.88,27.58,27.58,20.01,20.01,20.01,20.01,27.58,3.39,3.38,3.38,3.37,3.36,3.36,3.35,3.35,3.34,3.34,3.44,3.44,3.44,3.44,3.43,3.42,3.41,3.4,3.4,3.4,166.27,0,0,1,0,0,0,-1,0,None,aggregation
24,216.51,remora7,remora4,27.36,27.36,27.36,27.36,27.36,0,0,0,0,19.82,27.58,27.58,27.58,27.57,27.57,0,0,0,0,20.26,3.33,3.32,3.32,3.31,3.3,3.29,3.29,3.29,3.28,3.28,3.39,3.39,3.38,3.38,3.36,3.36,3.36,3.37,3.38,3.39,165.52,0,0,1,0,0,0,-1,0,None,aggregation
24,217.51,remora7,remora4,19.82,19.96,19.96,14.39,14.39,14.39,0,0,0,20.41,20.26,20.4,20.4,14.95,14.95,14.95,0,0,0,20.83,3.28,3.27,3.26,3.26,3.25,3.24,3.24,3.24,3.24,3.23,3.4,3.4,3.39,3.38,3.38,3.39,3.4,3.41,3.42,3.43,165.18,0,0,1,0,0,0,-1,0,None,aggregation
24,218.51,remora7,remora4,20.41,15.5,15.5,0,0,0,0,21.01,21.01,16.57,20.83,16.03,16.03,0,0,0,0,21.42,21.42,17.08,3.23,3.22,3.22,3.21,3.21,3.21,3.2,3.2,3.2,3.19,3.42,3.41,3.41,3.4,3.41,3.42,3.43,3.44,3.44,3.44,162.58,0,0,1,0,0,0,-1,0,None,aggregation
24,219.51,remora7,remora4,16.57,0,0,0,0,21.59,21.59,0,0,0,17.08,0,0,0,0,21.98,21.98,0,0,0,3.19,3.18,3.18,3.18,3.18,3.18,3.17,3.16,3.16,3.16,3.44,3.44,3.45,3.46,3.47,3.48,3.47,3.47,3.47,3.48,149.54,0,0,1,0,0,0,-1,0,None,aggregation
24,220.51,remora7,remora4,0,17.94,17.94,22.17,22.17,28.02,28.02,22.31,22.31,18.58,0,18.42,18.42,22.56,22.56,28.21,28.21,22.68,22.68,19.04,3.16,3.16,3.16,3.15,3.15,3.14,3.13,3.12,3.11,3.11,3.49,3.5,3.5,3.5,3.5,3.49,3.49,3.48,3.48,3.48,165.85,0,0,1,0,0,0,-1,0,None,aggregation
24,221.51,remora7,remora4,18.58,18.57,18.57,18.89,18.89,18.89,0,0,0,28.17,19.04,19.04,19.04,19.35,19.35,19.35,0,0,0,28.35,3.1,3.1,3.09,3.08,3.08,3.07,3.07,3.08,3.08,3.08,3.48,3.47,3.47,3.47,3.46,3.46,3.46,3.47,3.49,3.5,158.76,0,0,1,0,0,0,-1,0,None,aggregation
24,222.51,remora7,remora4,28.17,19.85,19.85,19.85,20.15,20.14,20.14,21.42,21.42,23.42,28.35,20.29,20.29,20.29,20.59,20.57,20.57,21.82,21.82,23.77,3.07,3.07,3.06,3.05,3.05,3.04,3.03,3.03,3.02,3.01,3.49,3.48,3.48,3.47,3.47,3.47,3.46,3.46,3.45,3.45,166.73,0,0,1,0,0,0,-1,0,None,aggregation
24,223.51,remora7,remora4,23.42,23.42,23.56,23.56,23.56,23.56,23.69,23.69,21.63,21.28,23.77,23.77,23.91,23.91,23.9,23.9,24.03,24.03,22.02,21.69,3.01,3,2.99,2.98,2.98,2.97,2.96,2.95,2.95,2.94,3.44,3.44,3.43,3.43,3.43,3.42,3.42,3.42,3.42,3.41,167.92,0,1,1,0,0,0,-1,0,None,aggregation
24,224.51,remora7,remora4,21.28,21.28,23.95,24.08,24.08,21.83,21.83,21.83,21.83,24.32,21.69,21.69,24.28,24.41,24.41,22.22,22.22,22.22,22.22,24.65,2.93,2.93,2.92,2.91,2.9,2.89,2.89,2.88,2.87,2.87,3.41,3.41,3.41,3.4,3.4,3.4,3.4,3.39,3.39,3.39,169.56,0,1,1,0,0,0,-1,0,None,aggregation
24,225.51,remora7,remora4,24.32,24.45,24.45,22.03,22.03,22.36,22.36,22.63,22.63,24,24.65,24.77,24.77,22.41,22.41,22.73,22.73,23,23,24.33,2.86,2.85,2.84,2.83,2.83,2.82,2.81,2.81,2.8,2.79,3.39,3.38,3.38,3.38,3.38,3.38,3.37,3.37,3.37,3.37,170.81,0,1,1,0,0,0,-1,0,None,aggregation
24,226.51,remora7,remora4,24,24,22.88,22.87,22.87,25.18,25.18,25.18,24.18,24.18,24.33,24.33,23.24,23.23,23.23,25.48,25.48,25.48,24.51,24.51,2.79,2.78,2.77,2.76,2.76,2.75,2.74,2.73,2.72,2.72,3.37,3.36,3.36,3.36,3.36,3.36,3.35,3.35,3.34,3.34,179.29,0,1,1,0,0,0,-1,0,None,aggregation
24,227.51,remora7,remora4,23.37,23.37,23.37,22.5,22.5,25.39,25.39,23.07,23.07,22.93,23.72,23.72,23.72,22.87,22.87,25.68,25.68,23.43,23.43,23.29,2.71,2.7,2.69,2.67,2.66,2.64,2.63,2.61,2.6,2.59,3.34,3.33,3.33,3.32,3.31,3.31,3.3,3.29,3.29,3.28,190.46,0,1,1,0,0,0,-1,0,None,aggregation
24,228.51,remora7,remora4,22.93,22.78,22.78,23.79,23.79,22.35,22.35,22.35,22.19,24.87,23.29,23.14,23.14,24.13,24.13,22.72,22.72,22.72,22.57,25.17,2.57,2.56,2.55,2.53,2.52,2.5,2.49,2.48,2.47,2.45,3.27,3.27,3.26,3.26,3.25,3.24,3.24,3.23,3.23,3.22,202.51,0,1,1,0,0,0,-1,0,None,aggregation
24,229.51,remora7,remora4,24.87,24.72,24.72,20.74,20.74,20.55,20.55,20.55,23.24,20.25,25.17,25.03,25.03,21.16,21.16,20.97,20.97,20.97,23.59,20.68,2.44,2.43,2.41,2.4,2.39,2.38,2.37,2.36,2.35,2.34,3.22,3.21,3.21,3.2,3.2,3.19,3.19,3.19,3.18,3.18,218.76,0,1,1,0,0,0,-1,0,None,aggregation
24,230.51,remora7,remora4,20.25,20.05,20.05,23.01,23.01,19.85,19.85,19.64,19.64,22.77,20.68,20.49,20.49,23.37,23.37,20.28,20.28,20.09,20.09,23.13,2.33,2.32,2.31,2.3,2.29,2.28,2.27,2.26,2.25,2.24,3.18,3.18,3.17,3.17,3.17,3.17,3.16,3.16,3.16,3.16,219.66,0,1,1,0,0,0,-1,0,None,aggregation
24,231.51,remora7,remora4,22.77,22.77,19.34,22.66,22.66,18.93,18.93,18.72,18.72,22.41,23.13,23.13,19.79,23.03,23.03,19.39,19.39,19.19,19.19,22.79,2.23,2.22,2.22,2.21,2.2,2.19,2.18,2.18,2.17,2.16,3.16,3.15,3.15,3.15,3.15,3.14,3.14,3.14,3.14,3.14,226.46,0,1,1,0,0,0,-1,0,None,aggregation
24,232.51,remora7,remora4,22.41,17.51,17.51,17.51,17.33,23.18,23.18,23.18,16.58,22.95,22.79,18,18,18,17.83,23.53,23.53,23.53,17.09,23.31,2.16,2.15,2.14,2.14,2.13,2.12,2.12,2.11,2.1,2.1,3.14,3.14,3.14,3.14,3.14,3.14,3.14,3.14,3.14,3.14,225.17,0,1,1,0,0,0,-1,0,None,aggregation
24,233.51,remora7,remora4,22.95,22.95,16,15.61,15.61,21.9,21.9,17.17,17.17,21.72,23.31,23.31,16.52,16.14,16.14,22.29,22.29,17.67,17.67,22.12,2.09,2.09,2.08,2.08,2.08,2.07,2.07,2.06,2.06,2.05,3.14,3.14,3.14,3.14,3.15,3.15,3.15,3.15,3.15,3.15,221.38,0,1,1,0,0,0,-1,0,None,aggregation
24,234.51,remora7,remora4,21.72,16.73,16.73,16.73,16.51,16.51,13.41,12.38,12.38,21.06,22.12,17.24,17.24,17.24,17.02,17.02,13.98,12.97,12.97,21.46,2.05,2.04,2.04,2.04,2.05,2.05,2.06,2.07,2.08,2.1,3.15,3.15,3.16,3.16,3.17,3.18,3.18,3.19,3.21,3.22,215.23,0,1,1,0,0,0,-1,0,None,aggregation
24,235.51,remora7,remora4,21.06,15.07,15.07,20.7,20.7,8.75,8.75,13.88,13.88,13.55,21.46,15.61,15.61,21.12,21.12,9.41,9.41,14.44,14.44,14.12,2.11,2.12,2.13,2.15,2.16,2.18,2.2,2.21,2.23,2.25,3.23,3.23,3.25,3.26,3.27,3.28,3.3,3.31,3.33,3.34,207.33,0,1,1,0,0,0,-1,0,None,aggregation
24,236.51,remora7,remora4,13.55,6.52,6.52,6.09,6.09,5.63,5.63,12.87,12.87,4.49,14.12,7.22,7.22,6.8,6.8,6.34,6.34,13.45,13.45,5.23,2.27,2.29,2.3,2.3,2.32,2.34,2.36,2.38,2.4,2.42,3.36,3.37,3.39,3.4,3.42,3.44,3.46,3.48,3.49,3.51,191.48,0,1,1,0,0,0,-1,0,None,aggregation
24,237.51,remora7,remora4,4.49,12.57,12.57,3.6,3.6,3.16,3.16,2.71,2.71,2.27,5.23,13.16,13.16,4.36,4.36,3.92,3.92,3.48,3.48,3.04,2.44,2.46,2.48,2.51,2.53,2.55,2.57,2.59,2.61,2.63,3.53,3.55,3.57,3.59,3.61,3.63,3.65,3.67,3.69,3.71,173.26,0,1,1,0,0,0,-1,0,None,aggregation
24,238.51,remora7,remora4,2.27,2.27,18.7,18.7,18.62,18.43,18.43,0.45,0.45,0.5,3.04,3.04,19.17,19.17,19.09,18.9,18.9,1.26,1.26,1.31,2.64,2.66,2.68,2.71,2.73,2.76,2.78,2.8,2.81,2.82,3.73,3.75,3.76,3.78,3.8,3.81,3.83,3.84,3.86,3.87,160.26,0,1,1,0,0,0,-1,0,None,aggregation
24,239.51,remora7,remora4,0.5,11.62,11.62,0.08,0.08,18.28,18.28,11.78,11.78,-0.78,1.31,12.23,12.23,0.89,0.89,18.75,18.75,12.38,12.38,0.04,2.84,2.86,2.88,2.9,2.92,2.94,2.96,2.98,3,3.02,3.9,3.92,3.92,3.93,3.94,3.97,3.98,3.98,3.97,3.97,146.7,0,1,1,0,0,0,-1,0,None,aggregation
24,240.51,remora7,remora4,-0.78,-0.72,-0.72,-0.67,-0.67,0,0,0,0,0,0.04,0.1,0.1,0.16,0.16,0,0,0,0,0,3.03,3.05,3.06,3.07,3.09,3.1,3.11,3.13,3.14,3.17,3.97,3.98,3.99,3.99,4,4,4.02,4.04,4.06,4.09,125.83,0,0,1,0,0,0,-1,0,None,aggregation
24,241.51,remora7,remora4,18.75,12,12,12,26.47,11.92,11.92,11.92,11.92,11.92,19.21,12.6,12.6,12.6,26.72,12.53,12.53,12.53,12.52,12.52,3.19,3.21,3.22,3.23,3.24,3.25,3.24,3.22,3.21,3.19,4.1,4.12,4.13,4.14,4.15,4.15,4.14,4.12,4.11,4.09,119.19,0,0,1,0,0,0,-1,0,None,aggregation
24,242.51,remora7,remora4,11.93,11.93,21.05,21.09,21.09,21.09,12,12,11.97,-1.2,12.53,12.53,21.46,21.5,21.5,21.5,12.6,12.6,12.57,-0.38,3.17,3.16,3.15,3.13,3.12,3.1,3.09,3.07,3.06,3.04,4.07,4.05,4.03,4,3.98,3.96,3.95,3.93,3.92,3.9,113.57,0,0,1,0,0,0,-1,0,None,aggregation
24,243.51,remora7,remora4,-1.2,-1.27,-1.27,21.3,21.3,21.3,21.3,-0.41,-0.41,0.06,-0.38,-0.44,-0.44,21.7,21.7,21.7,21.7,0.41,0.41,0.87,3.02,3,2.98,2.95,2.94,2.92,2.9,2.89,2.87,2.84,3.89,3.88,3.86,3.84,3.82,3.8,3.78,3.77,3.76,3.75,102.94,0,1,1,0,0,0,-1,0,None,aggregation
24,124.51,remora7,remora5,13.02,13.02,13.02,13.02,13.02,13.21,13.21,13.21,13.41,13.41,12.43,12.43,12.43,12.43,12.42,12.62,12.62,12.62,12.83,12.83,6.03,6.02,6.01,5.99,5.98,5.97,5.96,5.95,5.94,5.93,6.11,6.1,6.09,6.09,6.08,6.07,6.07,6.07,6.06,6.06,80.47,0,0,1,0,0,0,-1,0,None,aggregation
24,125.51,remora7,remora5,13.41,13.19,13.19,13.4,13.4,13.8,13.8,13.98,13.98,13.98,12.83,12.61,12.61,12.82,12.82,13.22,13.22,13.41,13.41,13.41,5.91,5.9,5.89,5.88,5.87,5.85,5.84,5.82,5.81,5.8,6.05,6.04,6.03,6.02,6,5.99,5.98,5.97,5.96,5.95,90.32,0,0,1,0,0,0,-1,0,None,aggregation
24,126.51,remora7,remora5,13.98,14.19,14.19,14.17,14.17,14.17,14.36,14.56,14.56,14.74,13.41,13.62,13.62,13.61,13.61,13.61,13.79,14,14,14.18,5.79,5.78,5.77,5.75,5.74,5.73,5.72,5.71,5.7,5.68,5.94,5.93,5.92,5.91,5.9,5.89,5.88,5.87,5.86,5.85,103.36,0,0,1,0,0,0,-1,0,None,aggregation
24,127.51,remora7,remora5,14.74,14.73,14.73,14.73,14.73,14.73,14.72,14.72,14.72,14.71,14.18,14.18,14.18,14.17,14.17,14.17,14.16,14.16,14.16,14.15,5.67,5.66,5.65,5.63,5.62,5.61,5.6,5.58,5.57,5.56,5.84,5.83,5.82,5.81,5.8,5.79,5.78,5.77,5.76,5.75,113.83,0,0,1,0,0,0,-1,0,None,aggregation
24,128.51,remora7,remora5,14.71,14.7,14.7,15.08,15.08,15.46,15.46,15.65,15.65,15.65,14.15,14.14,14.14,14.53,14.53,14.92,14.92,15.11,15.11,15.11,5.55,5.53,5.52,5.51,5.5,5.49,5.48,5.46,5.45,5.44,5.74,5.73,5.72,5.71,5.7,5.69,5.68,5.67,5.66,5.65,121.8,0,0,1,0,0,0,-1,0,None,aggregation
24,129.51,remora7,remora5,15.65,15.64,15.64,15.63,15.63,15.63,15.63,15.8,15.8,16.17,15.11,15.1,15.1,15.09,15.09,15.09,15.09,15.26,15.26,15.64,5.43,5.42,5.4,5.39,5.38,5.37,5.36,5.35,5.33,5.32,5.64,5.63,5.62,5.61,5.6,5.59,5.58,5.57,5.56,5.55,128.57,0,0,1,0,0,0,-1,0,None,aggregation
24,130.51,remora7,remora5,16.17,16.53,16.53,16.71,16.71,16.71,16.71,16.51,16.51,16.51,15.64,16.01,16.01,16.2,16.2,16.19,16.19,15.99,15.99,15.99,5.31,5.3,5.28,5.27,5.26,5.25,5.23,5.22,5.21,5.2,5.54,5.53,5.51,5.5,5.49,5.48,5.47,5.46,5.45,5.44,135.27,0,0,1,0,0,0,-1,0,None,aggregation
24,131.51,remora7,remora5,16.32,16.31,16.31,16.31,16.49,16.49,16.67,16.66,16.66,16.66,15.8,15.79,15.79,15.79,15.96,15.96,16.15,16.14,16.14,16.14,5.18,5.17,5.16,5.14,5.13,5.12,5.11,5.09,5.08,5.07,5.43,5.42,5.41,5.4,5.39,5.37,5.37,5.35,5.34,5.33,141.2,0,0,1,0,0,0,-1,0,None,aggregation
24,132.51,remora7,remora5,16.65,16.82,16.82,16.82,17,16.99,16.99,17.01,17.01,17.01,16.13,16.31,16.31,16.31,16.49,16.48,16.48,16.5,16.5,16.5,5.06,5.04,5.03,5.02,5,4.99,4.98,4.96,4.95,4.94,5.32,5.31,5.3,5.29,5.28,5.27,5.25,5.24,5.23,5.22,146.39,0,0,1,0,0,0,-1,0,None,aggregation
24,133.51,remora7,remora5,17.34,17.34,17.33,17.33,17.33,17.31,17.31,17.31,17.28,17.28,16.83,16.83,16.82,16.82,16.82,16.8,16.8,16.8,16.78,16.78,4.93,4.91,4.9,4.89,4.87,4.86,4.85,4.84,4.82,4.81,5.21,5.2,5.19,5.18,5.17,5.16,5.15,5.13,5.12,5.11,151.3,0,0,1,0,0,0,-1,0,None,aggregation
24,134.51,remora7,remora5,17.3,17.3,17.64,17.64,17.99,18.33,18.33,18.33,18.46,18.46,16.79,16.79,17.14,17.14,17.5,17.85,17.85,17.85,17.98,17.98,4.8,4.79,4.77,4.76,4.75,4.73,4.72,4.71,4.69,4.68,5.1,5.09,5.08,5.07,5.06,5.05,5.03,5.02,5.01,5,156.17,0,0,1,0,0,0,-1,0,None,aggregation
24,135.51,remora7,remora5,18.83,18.83,19.16,19.16,19.16,19.31,19.31,19.31,18.96,18.96,18.36,18.36,18.7,18.7,18.7,18.85,18.85,18.85,18.49,18.49,4.67,4.65,4.64,4.63,4.61,4.6,4.59,4.57,4.56,4.55,4.99,4.97,4.96,4.95,4.94,4.93,4.92,4.9,4.89,4.88,161.71,0,0,1,0,0,0,-1,0,None,aggregation
24,136.51,remora7,remora5,19.13,19.28,19.28,19.4,19.4,19.4,19.6,19.59,19.59,19.63,18.66,18.82,18.82,18.94,18.94,18.94,19.14,19.13,19.13,19.17,4.53,4.52,4.51,4.49,4.48,4.46,4.45,4.44,4.43,4.41,4.87,4.86,4.85,4.84,4.82,4.81,4.8,4.79,4.78,4.76,166.89,0,0,1,0,0,0,-1,0,None,aggregation
24,137.51,remora7,remora5,19.63,19.63,19.57,19.73,19.73,19.73,19.88,19.88,20.04,20.2,19.17,19.17,19.11,19.28,19.28,19.28,19.43,19.43,19.59,19.76,4.4,4.38,4.37,4.36,4.34,4.33,4.32,4.3,4.29,4.28,4.75,4.74,4.73,4.72,4.7,4.69,4.68,4.66,4.65,4.64,172.02,0,0,1,0,0,0,-1,0,None,aggregation
24,138.51,remora7,remora5,20.2,20.34,20.34,20.53,20.53,0,0,0,0,0,19.76,19.91,19.91,20.1,20.1,0,0,0,0,0,4.26,4.25,4.23,4.22,4.21,4.2,4.2,4.2,4.2,4.2,4.63,4.62,4.61,4.59,4.58,4.57,4.57,4.57,4.56,4.56,167.16,0,0,1,0,0,0,-1,0,None,aggregation
24,139.51,remora7,remora5,0,0,0,0,0,0,0,0,0,0,0,0,0,0,0,0,0,0,0,0,4.2,4.2,4.2,4.2,4.2,4.21,4.21,4.21,4.21,4.22,4.56,4.56,4.56,4.55,4.55,4.55,4.55,4.55,4.55,4.55,151.71,0,0,1,0,0,0,-1,0,None,aggregation
24,140.51,remora7,remora5,0,0,0,0,0,0,0,0,0,0,0,0,0,0,0,0,0,0,0,0,4.22,4.22,4.22,4.23,4.23,4.23,4.24,4.24,4.25,4.25,4.55,4.55,4.55,4.55,4.55,4.55,4.55,4.55,4.55,4.55,135.41,0,0,1,0,0,0,-1,0,None,aggregation
24,141.51,remora7,remora5,0,0,0,0,0,0,0,0,0,0,0,0,0,0,0,0,0,0,0,0,4.26,4.26,4.26,4.27,4.28,4.28,4.29,4.29,4.3,4.31,4.55,4.55,4.55,4.55,4.55,4.56,4.56,4.56,4.56,4.56,119.18,0,0,1,0,0,0,-1,0,None,aggregation
24,142.51,remora7,remora5,0,0,0,0,0,0,0,0,0,0,0,0,0,0,0,0,0,0,0,0,4.31,4.32,4.33,4.34,4.34,4.35,4.36,4.37,4.37,4.38,4.57,4.57,4.57,4.57,4.58,4.58,4.58,4.59,4.59,4.59,102.52,0,0,1,0,0,0,-1,0,None,aggregation
24,143.51,remora7,remora5,0,0,0,0,0,0,0,0,0,0,0,0,0,0,0,0,0,0,0,0,4.39,4.4,4.41,4.42,4.43,4.44,4.45,4.46,4.47,4.48,4.6,4.6,4.61,4.61,4.62,4.62,4.62,4.63,4.64,4.64,85.46,0,0,1,0,0,0,-1,0,None,aggregation
24,144.51,remora7,remora5,0,0,0,0,0,0,0,0,0,0,0,0,0,0,0,0,0,0,0,0,4.49,4.5,4.51,4.52,4.53,4.55,4.56,4.57,4.58,4.6,4.65,4.65,4.66,4.66,4.67,4.67,4.68,4.69,4.69,4.7,67.73,0,0,1,0,0,0,-1,0,None,aggregation
24,145.51,remora7,remora5,0,0,0,0,0,0,0,0,-7.65,-12.19,0,0,0,0,0,0,0,0,-6.83,-11.37,4.61,4.62,4.63,4.65,4.66,4.67,4.69,4.7,4.72,4.74,4.71,4.71,4.72,4.73,4.74,4.74,4.75,4.76,4.77,4.78,50.76,0,0,1,0,0,0,-1,0,None,aggregation
24,146.51,remora7,remora5,-12.19,-6.54,-6.54,-6.53,-6.53,-18.06,-18.06,-18.06,-7.34,-7.33,-11.37,-5.72,-5.72,-5.71,-5.71,-17.23,-17.23,-17.23,-6.52,-6.51,4.76,4.79,4.81,4.83,4.85,4.86,4.87,4.89,4.89,4.9,4.8,4.81,4.83,4.84,4.86,4.87,4.89,4.91,4.92,4.94,41.87,0,0,0,0,0,0,-1,0,None,aggregation
24,147.51,remora7,remora5,-7.33,-7.33,-18.61,-18.61,-8.67,-8.67,-13,-13,-18.51,-9.17,-6.51,-6.51,-17.79,-17.79,-7.85,-7.85,-12.18,-12.18,-17.69,-8.35,4.91,4.91,4.92,4.94,4.95,4.96,4.97,4.98,5,5.01,4.95,4.97,4.99,5.01,5.03,5.05,5.07,5.09,5.11,5.13,34.17,0,0,0,0,0,0,-1,0,None,aggregation
24,148.51,remora7,remora5,-9.17,-9.7,-9.7,-9.7,-10.51,-10.51,-11.04,-11.57,-11.57,-12.1,-8.35,-8.88,-8.88,-8.88,-9.69,-9.69,-10.22,-10.74,-10.74,-11.27,5.02,5.04,5.05,5.06,5.07,5.08,5.09,5.1,5.11,5.12,5.16,5.17,5.19,5.21,5.23,5.25,5.27,5.29,5.31,5.33,34.23,0,0,0,0,0,0,-1,0,None,aggregation
24,149.51,remora7,remora5,-12.1,-12.1,-12.87,-12.87,-13.67,-14.71,-14.71,-14.71,-14.71,-15.72,-11.27,-11.27,-12.05,-12.05,-12.85,-13.89,-13.89,-13.89,-13.89,-14.9,5.14,5.15,5.16,5.17,5.18,5.19,5.21,5.22,5.24,5.25,5.35,5.37,5.39,5.41,5.43,5.45,5.48,5.5,5.53,5.55,47.64,0,0,1,0,0,0,-1,0,None,aggregation
24,150.51,remora7,remora5,-15.72,-15.71,-15.71,-16.72,-16.72,-17.21,-17.21,-17.21,-17.69,-17.92,-14.9,-14.88,-14.88,-15.9,-15.9,-16.39,-16.39,-16.39,-16.87,-17.1,5.27,5.29,5.3,5.32,5.34,5.36,5.37,5.39,5.41,5.43,5.58,5.6,5.63,5.65,5.68,5.71,5.73,5.76,5.79,5.82,64.01,0,0,1,0,0,0,-1,0,None,aggregation
24,151.51,remora7,remora5,-17.92,-17.92,-17.92,-18.62,-18.62,-18.62,-18.84,-18.82,-18.82,-19.52,-17.1,-17.1,-17.1,-17.8,-17.8,-17.8,-18.02,-18,-18,-18.7,5.44,5.46,5.48,5.5,5.52,5.54,5.55,5.57,5.59,5.61,5.84,5.87,5.9,5.93,5.96,5.99,6.01,6.04,6.06,6.08,82.16,0,0,1,0,0,0,-1,0,None,aggregation
24,152.51,remora7,remora5,-19.52,-19.97,-19.97,-19.97,-20.42,-20.42,-20.85,-20.85,-21.28,-21.28,-18.7,-19.15,-19.15,-19.15,-19.6,-19.6,-20.03,-20.03,-20.45,-20.45,5.63,5.66,5.68,5.71,5.73,5.76,5.78,5.81,5.83,5.85,6.11,6.14,6.16,6.18,6.2,6.21,6.22,6.24,6.25,6.26,102.21,0,0,1,0,0,0,-1,0,None,aggregation
24,153.51,remora7,remora5,-21.48,-21.46,-21.46,-21.46,-21.43,-21.85,-21.85,-21.78,-21.78,-22.23,-20.66,-20.63,-20.63,-20.63,-20.6,-21.03,-21.03,-20.96,-20.96,-21.41,5.87,5.89,5.92,5.94,5.97,5.99,6.02,6.05,6.07,6.1,6.27,6.28,6.29,6.31,6.32,6.33,6.35,6.36,6.37,6.39,123.47,0,0,1,0,0,0,-1,0,None,aggregation
24,154.51,remora7,remora5,-22.23,-22.23,-22.15,-22.15,-22.56,-22.97,-22.97,-22.97,0,0,-21.41,-21.41,-21.33,-21.33,-21.74,-22.15,-22.15,-22.15,0,0,6.13,6.16,6.19,6.22,6.25,6.28,6.3,6.33,6.34,6.35,6.4,6.42,6.44,6.45,6.46,6.48,6.49,6.51,6.51,6.5,141.17,0,0,1,0,0,0,-1,0,None,aggregation
24,155.51,remora7,remora5,0,0,0,0,0,0,0,0,0,0,0,0,0,0,0,0,0,0,0,0,6.37,6.38,6.39,6.4,6.41,6.42,6.43,6.44,6.46,6.46,6.5,6.5,6.49,6.49,6.48,6.48,6.47,6.47,6.47,6.46,139.26,0,0,1,0,0,0,-1,0,None,aggregation
24,156.51,remora7,remora5,28.24,28.24,28.24,28.23,28.23,28.23,28.23,28.23,28.23,28.23,28.06,28.06,28.05,28.05,28.05,28.05,28.05,28.04,28.04,28.04,6.44,6.41,6.39,6.36,6.34,6.31,6.28,6.26,6.24,6.21,6.44,6.41,6.39,6.37,6.35,6.32,6.3,6.27,6.25,6.22,157.1,0,0,1,0,0,0,-1,0,None,aggregation
24,157.51,remora7,remora5,28.23,28.23,28.23,0,0,0,0,0,28.36,28.36,28.04,28.04,28.04,0,0,0,0,0,28.18,28.18,6.18,6.16,6.13,6.11,6.1,6.1,6.1,6.1,6.09,6.06,6.2,6.18,6.16,6.13,6.12,6.12,6.12,6.12,6.11,6.09,159.31,0,0,1,0,0,0,-1,0,None,aggregation
24,158.51,remora7,remora5,28.49,28.48,28.48,28.48,28.48,28.48,28.48,28.48,28.48,28.48,28.32,28.31,28.31,28.31,28.31,28.31,28.31,28.3,28.3,28.3,6.04,6.01,5.98,5.96,5.93,5.91,5.88,5.86,5.83,5.8,6.07,6.04,6.02,5.99,5.97,5.95,5.92,5.9,5.88,5.85,177.56,0,0,1,0,0,0,-1,0,None,aggregation
24,159.51,remora7,remora5,28.47,28.47,28.47,28.47,28.47,28.47,28.47,0,0,0,28.3,28.3,28.3,28.3,28.3,28.3,28.3,0,0,0,5.78,5.75,5.73,5.7,5.67,5.65,5.62,5.6,5.59,5.59,5.83,5.8,5.78,5.76,5.73,5.71,5.69,5.66,5.65,5.65,184.03,0,0,1,0,0,0,-1,0,None,aggregation
24,160.51,remora7,remora5,0,0,28.59,28.59,0,0,0,0,28.71,28.72,0,0,28.43,28.43,0,0,0,0,28.56,28.56,5.59,5.59,5.57,5.55,5.55,5.55,5.55,5.55,5.53,5.5,5.65,5.65,5.64,5.62,5.62,5.62,5.62,5.62,5.6,5.58,179.09,0,0,1,0,0,0,-1,0,None,aggregation
24,161.51,remora7,remora5,28.72,28.72,28.71,28.71,28.71,28.71,28.71,28.71,28.71,28.71,28.56,28.56,28.55,28.55,28.55,28.55,28.55,28.55,28.55,28.55,5.48,5.45,5.43,5.4,5.37,5.35,5.32,5.3,5.27,5.24,5.55,5.53,5.51,5.48,5.46,5.43,5.41,5.39,5.36,5.34,189.56,0,0,1,0,0,0,-1,0,None,aggregation
24,162.51,remora7,remora5,28.14,28.14,28.7,28.7,28.7,28.7,28.7,28.7,28.69,28.69,27.95,27.95,28.54,28.54,28.54,28.54,28.54,28.54,28.53,28.53,5.22,5.19,5.17,5.15,5.12,5.09,5.07,5.04,5.02,4.99,5.32,5.29,5.27,5.25,5.23,5.2,5.18,5.15,5.13,5.11,198.02,0,0,1,0,0,0,-1,0,None,aggregation
24,163.51,remora7,remora5,28.69,28.69,28.69,28.68,28.68,28.68,28.68,28.68,28.56,28.56,28.53,28.53,28.53,28.52,28.52,28.52,28.52,28.52,28.39,28.39,4.97,4.94,4.92,4.89,4.87,4.84,4.82,4.79,4.76,4.74,5.08,5.06,5.03,5.01,4.99,4.96,4.94,4.91,4.89,4.87,205.34,0,0,1,0,0,0,-1,0,None,aggregation
24,164.51,remora7,remora5,28.56,28.55,28.55,27.78,27.78,27.78,26.37,28.48,28.48,28.48,28.39,28.39,28.39,27.58,27.58,27.58,26.11,28.31,28.31,28.31,4.71,4.69,4.67,4.64,4.62,4.59,4.57,4.54,4.52,4.5,4.84,4.82,4.8,4.77,4.75,4.73,4.71,4.68,4.66,4.64,215.63,0,0,1,0,0,0,-1,0,None,aggregation
24,165.51,remora7,remora5,28.41,27.59,27.59,25.93,25.93,28.34,28.34,27.44,27.44,28.26,28.24,27.37,27.37,25.65,25.65,28.16,28.16,27.22,27.22,28.08,4.47,4.45,4.42,4.4,4.38,4.35,4.33,4.3,4.28,4.26,4.62,4.59,4.57,4.55,4.53,4.51,4.49,4.46,4.44,4.42,243.05,0,0,1,0,0,0,-1,0,None,aggregation
24,166.51,remora7,remora5,28.26,28.26,28.26,25.26,25.26,25.26,27.18,28.11,28.11,28.11,28.08,28.08,28.08,24.96,24.96,24.96,26.95,27.92,27.92,27.92,4.24,4.21,4.19,4.17,4.14,4.12,4.1,4.08,4.05,4.03,4.4,4.38,4.36,4.34,4.32,4.3,4.28,4.26,4.24,4.22,242,0,0,1,0,0,0,-1,0,None,aggregation
24,167.51,remora7,remora5,28.04,28.04,26.97,26.97,27.88,26.81,26.81,26.81,26.69,26.69,27.84,27.84,26.73,26.73,27.68,26.57,26.57,26.57,26.44,26.44,4.01,3.98,3.96,3.94,3.92,3.89,3.87,3.85,3.83,3.8,4.2,4.18,4.17,4.15,4.13,4.11,4.09,4.07,4.06,4.04,254.96,0,0,1,0,0,0,-1,0,None,aggregation
24,168.51,remora7,remora5,27.71,27.71,27.71,23.64,23.64,23.35,23.35,23.35,26.23,26.1,27.5,27.5,27.5,23.29,23.29,22.99,22.99,22.99,25.96,25.83,3.78,3.76,3.74,3.72,3.7,3.68,3.66,3.64,3.62,3.6,4.02,4,3.99,3.97,3.96,3.94,3.93,3.91,3.9,3.88,251.7,0,0,1,0,0,0,-1,0,None,aggregation
24,169.51,remora7,remora5,26.1,26.1,27.19,25.86,25.86,25.72,25.72,25.72,25.72,26.62,25.83,25.83,26.95,25.58,25.58,25.44,25.44,25.44,25.44,26.36,3.58,3.56,3.54,3.52,3.5,3.49,3.48,3.47,3.46,3.44,3.87,3.85,3.84,3.82,3.81,3.8,3.79,3.78,3.77,3.76,257.76,0,0,1,0,0,0,-1,0,None,aggregation
24,170.51,remora7,remora5,26.62,26.62,26.42,21.21,21.21,21.21,21.21,0,0,0,26.36,26.36,26.15,20.8,20.8,20.8,20.8,0,0,0,3.43,3.42,3.41,3.4,3.39,3.38,3.38,3.39,3.4,3.41,3.76,3.75,3.74,3.73,3.72,3.72,3.72,3.72,3.73,3.73,262.65,0,0,1,0,0,0,-1,0,None,aggregation
24,171.51,remora7,remora5,0,0,0,0,0,0,0,0,0,0,0,0,0,0,0,0,0,0,0,0,3.42,3.43,3.44,3.45,3.46,3.47,3.48,3.49,3.5,3.51,3.74,3.74,3.75,3.75,3.76,3.77,3.77,3.78,3.79,3.79,234.02,0,0,1,0,0,0,-1,0,None,aggregation
24,172.51,remora7,remora5,0,0,0,0,0,0,0,0,0,0,0,0,0,0,0,0,0,0,0,0,3.52,3.53,3.55,3.56,3.57,3.58,3.6,3.61,3.62,3.64,3.8,3.8,3.81,3.81,3.82,3.82,3.83,3.83,3.84,3.85,205.52,0,0,1,0,0,0,-1,0,None,aggregation
24,173.51,remora7,remora5,0,0,0,0,0,0,0,0,0,0,0,0,0,0,0,0,0,0,0,0,3.65,3.67,3.68,3.69,3.71,3.72,3.74,3.75,3.77,3.79,3.85,3.86,3.87,3.87,3.88,3.88,3.89,3.9,3.9,3.91,176.94,0,0,1,0,0,0,-1,0,None,aggregation
24,174.51,remora7,remora5,0,0,0,0,0,0,0,0,0,0,0,0,0,0,0,0,0,0,0,0,3.8,3.82,3.83,3.85,3.86,3.88,3.9,3.91,3.93,3.95,3.92,3.93,3.93,3.94,3.95,3.96,3.96,3.97,3.98,3.99,148.96,0,0,1,0,0,0,-1,0,None,aggregation
24,175.51,remora7,remora5,0,0,0,0,0,0,0,0,0,0,0,0,0,0,0,0,0,0,0,0,3.96,3.98,3.99,4.01,4.03,4.03,4.03,4.03,4.03,4.03,4,4.01,4.01,4.02,4.03,4.04,4.05,4.06,4.07,4.08,121.53,0,0,1,0,0,0,-1,0,None,aggregation
24,176.51,remora7,remora5,0,0,0,0,0,0,0,0,0,0,0,0,0,0,0,0,0,0,0,0,4.03,4.03,4.03,4.03,4.04,4.04,4.04,4.04,4.04,4.04,4.09,4.09,4.1,4.11,4.12,4.13,4.14,4.15,4.16,4.17,94.44,0,0,1,0,0,0,-1,0,None,aggregation
24,177.51,remora7,remora5,0,0,0,0,0,0,0,0,0,0,0,0,0,0,0,0,0,0,0,0,4.04,4.04,4.04,4.04,4.04,4.04,4.04,4.05,4.05,4.05,4.19,4.2,4.21,4.22,4.23,4.24,4.25,4.26,4.27,4.29,67.39,0,0,1,0,0,0,-1,0,None,aggregation
24,178.51,remora7,remora5,0,0,0,0,0,0,0,0,0,0,0,0,0,0,0,0,0,0,0,0,4.05,4.05,4.05,4.05,4.05,4.06,4.06,4.06,4.06,4.06,4.3,4.31,4.32,4.33,4.34,4.36,4.37,4.38,4.39,4.41,42.25,0,0,0,0,0,0,-1,0,None,aggregation
24,179.51,remora7,remora5,0,0,0,0,0,0,0,0,0,0,0,0,0,0,0,0,0,0,0,0,4.06,4.06,4.07,4.07,4.07,4.07,4.07,4.07,4.08,4.08,4.42,4.43,4.44,4.45,4.46,4.48,4.49,4.5,4.51,4.52,16.33,0,0,0,0,0,0,-1,0,None,aggregation
24,180.51,remora7,remora5,0,0,0,0,0,0,0,0,0,0,0,0,0,0,0,0,0,0,0,0,4.08,4.08,4.08,4.08,4.08,4.09,4.09,4.09,4.09,4.09,4.54,4.55,4.56,4.57,4.59,4.6,4.61,4.62,4.64,4.65,0,0,0,0,0,0,0,-1,0,None,aggregation
24,181.51,remora7,remora5,0,0,0,0,0,0,0,0,0,0,0,0,0,0,0,0,0,0,0,0,4.1,4.1,4.1,4.1,4.11,4.11,4.11,4.11,4.11,4.12,4.66,4.68,4.69,4.7,4.71,4.71,4.72,4.72,4.72,4.71,0,0,0,0,0,0,0,-1,0,None,aggregation
24,182.51,remora7,remora5,0,0,0,0,0,0,0,0,0,0,0,0,0,0,0,0,0,0,0,0,4.12,4.12,4.13,4.13,4.13,4.13,4.14,4.14,4.14,4.15,4.7,4.69,4.68,4.67,4.66,4.65,4.64,4.63,4.62,4.62,0,0,0,0,0,0,0,-1,0,None,aggregation
24,183.51,remora7,remora5,0,0,0,0,0,0,0,0,-26.41,-26.41,0,0,0,0,0,0,0,0,-25.58,-25.58,4.15,4.15,4.16,4.16,4.17,4.17,4.17,4.17,4.18,4.2,4.61,4.59,4.59,4.58,4.57,4.56,4.55,4.54,4.54,4.55,5.2,0,0,0,0,0,0,-1,0,None,aggregation
24,184.51,remora7,remora5,-26.05,-26.05,-26.05,-26.51,-26.51,-26.51,-26.67,-26.67,-23.6,-28.47,-25.23,-25.23,-25.23,-25.69,-25.69,-25.69,-25.84,-25.84,-22.78,-27.64,4.22,4.24,4.27,4.29,4.31,4.33,4.36,4.38,4.4,4.43,4.57,4.58,4.59,4.6,4.61,4.63,4.64,4.66,4.67,4.69,31.1,0,0,0,0,0,0,-1,0,None,aggregation
24,185.51,remora7,remora5,-28.47,-26.58,-26.58,-26.58,-26.54,-26.51,-26.51,-26.48,-26.48,-24.15,-27.64,-25.75,-25.75,-25.75,-25.72,-25.69,-25.69,-25.65,-25.65,-23.33,4.45,4.48,4.5,4.53,4.55,4.57,4.6,4.63,4.66,4.68,4.7,4.72,4.73,4.74,4.76,4.77,4.79,4.8,4.82,4.83,57.17,0,0,1,0,0,0,-1,0,None,aggregation
24,186.51,remora7,remora5,-24.15,-24.15,0,0,0,29.13,29.13,29.13,29.13,29.12,-23.33,-23.33,0,0,0,29,29,29,29,28.99,4.7,4.72,4.73,4.74,4.75,4.76,4.75,4.74,4.73,4.71,4.85,4.85,4.85,4.85,4.84,4.83,4.81,4.78,4.75,4.72,76.45,0,0,1,0,0,0,-1,0,None,aggregation
24,187.51,remora7,remora5,29.12,29.02,29.02,27.31,27.31,27.2,27.2,27.19,27.19,27.19,28.99,28.89,28.89,27.08,27.08,26.96,26.96,26.96,26.96,26.96,4.69,4.65,4.6,4.56,4.51,4.47,4.43,4.38,4.34,4.3,4.7,4.67,4.64,4.61,4.58,4.55,4.52,4.49,4.47,4.44,104.13,0,0,1,0,0,0,-1,0,None,aggregation
24,188.51,remora7,remora5,27.19,27.19,27.19,27.07,27.07,28.78,28.78,28.73,28.73,28.73,26.96,26.96,26.95,26.83,26.83,28.63,28.63,28.57,28.57,28.57,4.26,4.22,4.2,4.17,4.15,4.12,4.09,4.07,4.04,4.01,4.41,4.39,4.36,4.34,4.32,4.3,4.27,4.25,4.23,4.2,131.97,0,0,1,0,0,0,-1,0,None,aggregation
24,189.51,remora7,remora5,28.66,28.66,28.66,28.66,26.63,28.53,28.53,26.47,26.47,26.47,28.5,28.5,28.5,28.5,26.38,28.36,28.36,26.21,26.21,26.21,3.99,3.96,3.93,3.91,3.88,3.86,3.83,3.81,3.78,3.76,4.18,4.16,4.13,4.11,4.09,4.07,4.04,4.02,4,3.98,159.65,0,0,1,0,0,0,-1,0,None,aggregation
24,190.51,remora7,remora5,28.39,28.39,28.32,28.25,28.25,28.18,28.18,28.17,28.17,28.17,28.21,28.21,28.14,28.06,28.06,27.99,27.99,27.98,27.98,27.98,3.73,3.7,3.68,3.66,3.63,3.6,3.58,3.55,3.53,3.5,3.96,3.93,3.91,3.89,3.87,3.84,3.82,3.8,3.78,3.75,187.8,0,0,1,0,0,0,-1,0,None,aggregation
24,191.51,remora7,remora5,28.02,28.02,28.02,28.02,25.51,25.51,27.78,25.25,25.25,27.62,27.83,27.82,27.82,27.82,25.21,25.21,27.58,24.95,24.95,27.4,3.48,3.45,3.43,3.4,3.38,3.35,3.33,3.31,3.28,3.26,3.73,3.71,3.69,3.67,3.65,3.63,3.61,3.59,3.57,3.55,214.58,0,0,1,0,0,0,-1,0,None,aggregation
24,192.51,remora7,remora5,27.62,27.62,24.99,27.44,27.44,25.19,25.19,27.18,27.18,27.18,27.4,27.4,24.67,27.22,27.22,24.89,24.89,26.94,26.94,26.94,3.24,3.21,3.19,3.17,3.14,3.12,3.1,3.07,3.05,3.03,3.53,3.5,3.49,3.47,3.45,3.43,3.41,3.39,3.37,3.35,241.16,0,0,1,0,0,0,-1,0,None,aggregation
24,193.51,remora7,remora5,24.87,24.87,26.6,24.59,24.59,26.32,26.32,0,0,0,24.55,24.55,26.35,24.27,24.27,26.06,26.06,0,0,0,3.01,2.98,2.96,2.94,2.92,2.9,2.87,2.85,2.84,2.84,3.33,3.31,3.29,3.27,3.26,3.24,3.22,3.2,3.19,3.19,253.67,0,1,1,0,0,0,-1,0,None,aggregation
24,194.51,remora7,remora5,0,0,0,0,0,0,0,0,0,0,0,0,0,0,0,0,0,0,0,0,2.84,2.84,2.84,2.84,2.84,2.84,2.84,2.84,2.84,2.84,3.19,3.19,3.19,3.19,3.19,3.19,3.19,3.19,3.19,3.19,227.78,0,1,1,0,0,0,-1,0,None,aggregation
24,195.51,remora7,remora5,0,0,0,0,0,0,0,0,0,0,0,0,0,0,0,0,0,0,0,0,2.84,2.84,2.83,2.83,2.83,2.83,2.83,2.83,2.83,2.83,3.19,3.19,3.19,3.19,3.19,3.19,3.19,3.19,3.19,3.19,201.7,0,1,1,0,0,0,-1,0,None,aggregation
24,196.51,remora7,remora5,0,0,0,0,0,0,0,0,0,0,0,0,0,0,0,0,0,0,0,0,2.83,2.83,2.83,2.83,2.83,2.83,2.83,2.83,2.83,2.83,3.19,3.19,3.19,3.18,3.18,3.18,3.18,3.18,3.18,3.18,182.42,0,1,1,0,0,0,-1,0,None,aggregation
24,197.51,remora7,remora5,0,0,0,0,0,0,0,0,0,0,0,0,0,0,0,0,0,0,0,0,2.83,2.83,2.83,2.83,2.83,2.83,2.83,2.83,2.83,2.83,3.18,3.18,3.18,3.18,3.18,3.18,3.18,3.18,3.18,3.18,154.75,0,1,1,0,0,0,-1,0,None,aggregation
24,198.51,remora7,remora5,0,0,0,0,0,0,0,0,0,0,0,0,0,0,0,0,0,0,0,0,2.83,2.83,2.83,2.83,2.82,2.82,2.82,2.82,2.82,2.82,3.18,3.18,3.18,3.18,3.17,3.17,3.17,3.17,3.17,3.17,126.9,0,1,1,0,0,0,-1,0,None,aggregation
24,199.51,remora7,remora5,0,0,0,0,0,0,0,0,0,0,0,0,0,0,0,0,0,0,0,0,2.82,2.82,2.82,2.82,2.82,2.82,2.82,2.82,2.82,2.82,3.17,3.17,3.17,3.17,3.17,3.17,3.17,3.17,3.17,3.17,99.23,0,1,1,0,0,0,-1,0,None,aggregation
24,200.51,remora7,remora5,0,0,0,0,0,0,-23.79,-24.02,-24.02,-24.04,0,0,0,0,0,0,-22.97,-23.19,-23.19,-23.21,2.82,2.82,2.82,2.82,2.82,2.83,2.84,2.86,2.88,2.9,3.17,3.17,3.17,3.17,3.17,3.17,3.18,3.2,3.21,3.23,80.49,0,1,1,0,0,0,-1,0,None,aggregation
24,201.51,remora7,remora5,-24.04,-24.06,-24.06,-24.06,-27.82,-27.87,-27.87,-27.97,-27.97,-29.82,-23.21,-23.24,-23.24,-23.24,-27,-27.05,-27.05,-27.15,-27.15,-28.99,2.92,2.94,2.96,2.99,3.01,3.03,3.05,3.08,3.1,3.12,3.24,3.26,3.27,3.29,3.3,3.32,3.34,3.35,3.37,3.39,79.86,0,0,1,0,0,0,-1,0,None,aggregation
24,202.51,remora7,remora5,-29.82,-29.82,-28.05,-28.28,-28.28,-29.94,-29.94,-29.94,-28.35,-22.63,-28.99,-28.99,-27.23,-27.46,-27.46,-29.12,-29.12,-29.12,-27.53,-21.81,3.16,3.19,3.22,3.26,3.29,3.32,3.36,3.39,3.42,3.46,3.41,3.43,3.45,3.48,3.5,3.52,3.54,3.56,3.59,3.61,81.37,0,0,1,0,0,0,-1,0,None,aggregation
24,203.51,remora7,remora5,-22.63,-22.17,-22.17,-24.48,-24.48,-24.48,-21.91,-21.91,-17.5,0,-21.81,-21.35,-21.35,-23.66,-23.66,-23.66,-21.09,-21.09,-16.68,0,3.49,3.52,3.55,3.58,3.61,3.65,3.68,3.71,3.74,3.76,3.63,3.65,3.67,3.68,3.71,3.73,3.75,3.76,3.78,3.8,83.46,0,0,1,0,0,0,-1,0,None,aggregation
24,204.51,remora7,remora5,0,0,0,29.39,29.39,29.39,29.97,0,0,0,0,0,0,29.28,29.28,29.28,29.94,0,0,0,3.78,3.79,3.8,3.81,3.81,3.79,3.78,3.77,3.77,3.76,3.8,3.81,3.81,3.82,3.81,3.79,3.78,3.77,3.77,3.78,95.26,0,0,1,0,0,0,-1,0,None,aggregation
24,205.51,remora7,remora5,0,26.56,26.56,28.79,28.79,29.99,29.99,29.99,17.59,17.59,0,26.3,26.3,28.64,28.64,29.98,29.98,29.98,17.09,17.09,3.76,3.76,3.75,3.74,3.73,3.72,3.71,3.7,3.7,3.69,3.78,3.78,3.77,3.76,3.74,3.73,3.72,3.71,3.7,3.69,118.75,0,0,1,0,0,0,-1,0,None,aggregation
24,206.51,remora7,remora5,17.24,17.24,29.57,16.86,16.86,26.45,26.45,26.42,26.42,26.42,16.73,16.73,29.48,16.35,16.35,26.19,26.19,26.15,26.15,26.15,3.69,3.68,3.67,3.65,3.63,3.61,3.59,3.56,3.53,3.49,3.69,3.68,3.67,3.66,3.65,3.63,3.62,3.6,3.58,3.56,141.57,0,0,1,0,0,0,-1,0,None,aggregation
24,207.51,remora7,remora5,30,22.13,22.13,28.64,28.64,28.63,28.63,21.48,21.48,24.9,30,21.74,21.74,28.47,28.47,28.47,28.47,21.07,21.07,24.58,3.46,3.43,3.4,3.37,3.35,3.33,3.31,3.28,3.26,3.24,3.54,3.53,3.51,3.49,3.48,3.47,3.45,3.44,3.43,3.42,167.11,0,0,1,0,0,0,-1,0,None,aggregation
24,208.51,remora7,remora5,24.9,24.9,0,0,0,0,21.34,13,13,0,24.58,24.58,0,0,0,0,20.93,12.41,12.41,0,3.22,3.22,3.23,3.24,3.25,3.25,3.23,3.22,3.21,3.21,3.41,3.41,3.41,3.41,3.42,3.42,3.41,3.4,3.4,3.4,176.71,0,0,1,0,0,0,-1,0,None,aggregation
24,209.51,remora7,remora5,0,0,0,29.71,29.71,29.71,13.78,13.78,21.97,13.76,0,0,0,29.63,29.63,29.63,13.2,13.2,21.57,13.18,3.21,3.21,3.22,3.23,3.22,3.2,3.2,3.19,3.16,3.13,3.4,3.39,3.4,3.4,3.4,3.39,3.38,3.38,3.36,3.34,191.83,0,0,1,0,0,0,-1,0,None,aggregation
24,210.51,remora7,remora5,13.76,21.84,21.84,21.84,0,0,0,26.3,26.3,21.89,13.18,21.44,21.44,21.44,0,0,0,26.04,26.04,21.49,3.13,3.12,3.11,3.08,3.07,3.06,3.07,3.08,3.08,3.07,3.34,3.34,3.33,3.32,3.31,3.3,3.31,3.32,3.31,3.31,197.65,0,0,1,0,0,0,-1,0,None,aggregation
24,211.51,remora7,remora5,21.89,21.9,21.9,21.9,0,0,0,29.85,29.85,22.34,21.49,21.5,21.5,21.5,0,0,0,29.79,29.79,21.95,3.07,3.06,3.06,3.05,3.05,3.06,3.08,3.09,3.09,3.08,3.31,3.3,3.3,3.29,3.29,3.29,3.3,3.31,3.3,3.3,188.36,0,0,1,0,0,0,-1,0,None,aggregation
24,212.51,remora7,remora5,22.34,22.35,22.35,22.35,29.89,29.03,29.03,29.03,29.63,29.63,21.95,21.96,21.96,21.96,29.84,28.89,28.89,28.89,29.71,29.71,3.06,3.04,3.04,3.03,3.01,2.99,2.98,2.97,2.96,2.95,3.28,3.28,3.27,3.26,3.25,3.24,3.23,3.23,3.22,3.21,186.74,0,0,1,0,0,0,-1,0,None,aggregation
24,213.51,remora7,remora5,22.42,22.42,29.12,0,0,0,0,0,0,0,22.04,22.04,28.98,0,0,0,0,0,0,0,2.95,2.94,2.93,2.94,2.95,2.97,2.98,2.98,3,3.02,3.21,3.2,3.2,3.2,3.2,3.21,3.21,3.22,3.22,3.23,174.29,0,1,1,0,0,0,-1,0,None,aggregation
24,214.51,remora7,remora5,0,25.53,25.53,25.53,23.08,23.08,23.08,23.08,23.08,29.45,0,25.23,25.23,25.23,22.71,22.72,22.72,22.71,22.71,29.35,3.04,3.04,3.03,3.01,3,3,3,2.99,2.98,2.96,3.24,3.24,3.23,3.22,3.21,3.21,3.2,3.2,3.19,3.18,184.49,0,0,1,0,0,0,-1,0,None,aggregation
24,215.51,remora7,remora5,29.45,29.45,29.45,23.24,23.24,27.32,27.32,23.25,23.25,23.41,29.35,29.35,29.35,22.88,22.88,27.09,27.09,22.88,22.88,23.05,2.95,2.94,2.93,2.92,2.91,2.89,2.87,2.85,2.85,2.84,3.17,3.16,3.15,3.15,3.14,3.13,3.11,3.1,3.09,3.09,186.81,0,1,1,0,0,0,-1,0,None,aggregation
24,216.51,remora7,remora5,23.41,23.42,23.42,29.52,29.52,29.59,29.59,23.58,23.58,29.58,23.05,23.06,23.06,29.42,29.42,29.49,29.49,23.23,23.23,29.49,2.83,2.82,2.82,2.81,2.79,2.77,2.76,2.75,2.75,2.75,3.08,3.07,3.07,3.06,3.05,3.03,3.03,3.02,3.02,3.02,190.4,0,1,1,0,0,0,-1,0,None,aggregation
24,217.51,remora7,remora5,29.58,23.61,23.61,29.65,29.65,29.65,29.65,23.66,23.66,27.92,29.49,23.26,23.26,29.56,29.56,29.56,29.56,23.3,23.3,27.71,2.75,2.74,2.73,2.71,2.71,2.7,2.69,2.68,2.68,2.68,3.01,3.01,3,2.99,2.98,2.97,2.97,2.96,2.96,2.96,191.82,0,1,1,0,0,0,-1,0,None,aggregation
24,218.51,remora7,remora5,27.92,29.97,29.97,23.52,23.52,29.75,29.75,23.52,23.52,28.21,27.71,29.99,29.99,23.16,23.16,29.68,29.68,23.16,23.16,28.02,2.66,2.65,2.62,2.6,2.6,2.59,2.59,2.58,2.57,2.57,2.95,2.93,2.92,2.91,2.9,2.9,2.89,2.89,2.89,2.88,209.09,0,1,1,0,0,0,-1,0,None,aggregation
24,219.51,remora7,remora5,28.21,23.55,23.55,23.53,23.53,28.46,28.46,23.5,23.5,23.5,28.02,23.2,23.2,23.17,23.17,28.28,28.28,23.15,23.15,23.15,2.57,2.56,2.56,2.56,2.55,2.55,2.54,2.52,2.5,2.49,2.88,2.87,2.87,2.87,2.87,2.86,2.85,2.84,2.83,2.83,218.79,0,1,1,0,0,0,-1,0,None,aggregation
24,220.51,remora7,remora5,28.58,28.63,28.63,23.49,23.49,28.8,28.8,23.64,23.64,28.92,28.41,28.47,28.47,23.14,23.14,28.64,28.64,23.29,23.29,28.77,2.48,2.48,2.47,2.46,2.46,2.45,2.45,2.44,2.44,2.44,2.82,2.82,2.81,2.81,2.8,2.8,2.79,2.78,2.78,2.77,230.1,0,1,1,0,0,0,-1,0,None,aggregation
24,221.51,remora7,remora5,28.92,29.02,29.02,29.57,29.57,29.13,29.13,29.16,29.16,29.21,28.77,28.88,28.88,29.66,29.66,28.99,28.99,29.03,29.03,29.09,2.43,2.42,2.41,2.39,2.38,2.36,2.35,2.33,2.33,2.32,2.77,2.76,2.75,2.74,2.73,2.72,2.71,2.7,2.7,2.7,242.38,0,1,1,0,0,0,-1,0,None,aggregation
24,222.51,remora7,remora5,29.21,29.3,29.3,29.3,29.34,29.37,29.37,29.44,29.44,29.5,29.09,29.18,29.18,29.18,29.22,29.25,29.25,29.33,29.33,29.4,2.3,2.29,2.28,2.26,2.25,2.24,2.23,2.22,2.21,2.19,2.69,2.68,2.67,2.66,2.65,2.64,2.63,2.62,2.61,2.6,245.21,0,1,1,0,0,0,-1,0,None,aggregation
24,223.51,remora7,remora5,29.5,29.5,29.56,29.56,29.58,29.58,29.67,29.67,29.7,29.75,29.4,29.4,29.46,29.46,29.49,29.49,29.58,29.58,29.62,29.68,2.18,2.17,2.16,2.16,2.15,2.15,2.14,2.14,2.13,2.13,2.59,2.58,2.58,2.57,2.56,2.56,2.55,2.55,2.54,2.53,267.42,0,1,1,0,0,0,-1,0,None,aggregation
24,224.51,remora7,remora5,29.75,29.75,29.78,29.83,29.83,29.85,29.85,29.91,29.91,29.93,29.68,29.68,29.71,29.77,29.77,29.79,29.79,29.87,29.87,29.89,2.12,2.12,2.12,2.11,2.11,2.1,2.1,2.1,2.09,2.09,2.53,2.52,2.52,2.51,2.5,2.5,2.49,2.49,2.48,2.48,275.23,0,1,1,0,0,0,-1,0,None,aggregation
24,225.51,remora7,remora5,29.93,29.96,29.96,29.98,29.98,30,30,30,30,30,29.89,29.93,29.93,29.95,29.95,29.98,29.98,29.99,29.99,29.99,2.08,2.08,2.08,2.07,2.07,2.07,2.07,2.06,2.06,2.06,2.47,2.47,2.46,2.45,2.45,2.44,2.44,2.44,2.43,2.43,279.39,0,1,1,0,0,0,-1,0,None,aggregation
24,226.51,remora7,remora5,30,30,29.99,29.97,29.97,29.94,29.94,29.89,29.89,29.89,30,30,30,29.99,29.99,29.97,29.97,29.93,29.93,29.93,2.06,2.05,2.05,2.05,2.05,2.05,2.04,2.04,2.03,2.03,2.42,2.42,2.41,2.41,2.4,2.4,2.39,2.38,2.38,2.37,282.94,0,1,1,0,0,0,-1,0,None,aggregation
24,227.51,remora7,remora5,29.85,29.85,0,0,0,0,0,0,0,0,29.9,29.9,0,0,0,0,0,0,0,0,2.03,2.02,2.04,2.07,2.09,2.12,2.14,2.17,2.2,2.22,2.37,2.36,2.37,2.37,2.38,2.38,2.39,2.39,2.4,2.4,261.96,0,1,1,0,0,0,-1,0,None,aggregation
24,228.51,remora7,remora5,0,0,0,0,0,0,0,0,0,0,0,0,0,0,0,0,0,0,0,0,2.25,2.28,2.3,2.33,2.36,2.39,2.41,2.44,2.46,2.45,2.41,2.42,2.42,2.43,2.44,2.44,2.45,2.46,2.47,2.47,235.09,0,1,1,0,0,0,-1,0,None,aggregation
24,229.51,remora7,remora5,0,0,0,0,0,0,0,0,0,0,0,0,0,0,0,0,0,0,0,0,2.44,2.43,2.41,2.4,2.39,2.38,2.37,2.36,2.35,2.34,2.48,2.49,2.49,2.5,2.51,2.52,2.53,2.54,2.54,2.55,210.26,0,1,1,0,0,0,-1,0,None,aggregation
24,230.51,remora7,remora5,0,0,0,0,0,0,0,0,0,0,0,0,0,0,0,0,0,0,0,0,2.33,2.32,2.31,2.3,2.29,2.28,2.27,2.26,2.25,2.24,2.56,2.57,2.58,2.59,2.6,2.61,2.62,2.63,2.64,2.65,183.72,0,1,1,0,0,0,-1,0,None,aggregation
24,231.51,remora7,remora5,0,0,0,0,0,0,0,0,0,0,0,0,0,0,0,0,0,0,0,0,2.23,2.22,2.22,2.21,2.2,2.19,2.18,2.18,2.17,2.16,2.66,2.67,2.68,2.68,2.69,2.7,2.72,2.73,2.74,2.75,154.57,0,1,1,0,0,0,-1,0,None,aggregation
24,232.51,remora7,remora5,0,0,0,0,0,0,0,0,0,0,0,0,0,0,0,0,0,0,0,0,2.16,2.15,2.14,2.14,2.13,2.12,2.12,2.11,2.1,2.1,2.76,2.77,2.78,2.79,2.8,2.81,2.82,2.84,2.85,2.86,125.28,0,1,1,0,0,0,-1,0,None,aggregation
24,233.51,remora7,remora5,0,0,0,0,0,0,0,0,0,0,0,0,0,0,0,0,0,0,0,0,2.09,2.09,2.08,2.08,2.08,2.07,2.07,2.06,2.06,2.05,2.87,2.88,2.89,2.9,2.91,2.93,2.94,2.95,2.96,2.97,95.71,0,1,1,0,0,0,-1,0,None,aggregation
24,234.51,remora7,remora5,0,0,0,0,-28.88,-28.88,-30.39,-29.09,-29.09,-30.34,0,0,0,0,-28.06,-28.06,-29.56,-28.26,-28.26,-29.52,2.05,2.04,2.04,2.04,2.05,2.05,2.06,2.07,2.08,2.1,2.99,3,3.01,3.03,3.06,3.09,3.12,3.16,3.19,3.22,83.32,0,1,1,0,0,0,-1,0,None,aggregation
24,235.51,remora7,remora5,-30.34,-30.34,-29.14,-29.25,-29.25,-29.26,-29.26,-29.35,-29.35,-30.28,-29.52,-29.52,-28.32,-28.43,-28.43,-28.44,-28.44,-28.53,-28.53,-29.46,2.11,2.12,2.13,2.15,2.16,2.18,2.2,2.21,2.23,2.25,3.25,3.29,3.32,3.36,3.4,3.43,3.47,3.51,3.54,3.58,82.52,0,1,1,0,0,0,-1,0,None,aggregation
24,236.51,remora7,remora5,-30.28,-8.96,-8.96,-29.47,-29.47,-29.48,-29.48,-29.46,-29.46,-29.45,-29.46,-8.14,-8.14,-28.64,-28.64,-28.66,-28.66,-28.64,-28.64,-28.63,2.27,2.29,2.3,2.3,2.32,2.34,2.36,2.38,2.4,2.42,3.62,3.66,3.68,3.71,3.74,3.78,3.82,3.85,3.89,3.93,77.6,0,1,1,0,0,0,-1,0,None,aggregation
24,237.51,remora7,remora5,-29.45,-29.44,-29.44,-29.45,-29.45,-29.53,-29.53,-29.49,-29.49,-13.51,-28.63,-28.62,-28.62,-28.63,-28.63,-28.7,-28.7,-28.67,-28.67,-12.69,2.44,2.46,2.48,2.51,2.53,2.55,2.57,2.59,2.61,2.63,3.97,4.01,4.05,4.09,4.13,4.17,4.2,4.24,4.28,4.32,99.09,0,1,1,0,0,0,-1,0,None,aggregation
24,238.51,remora7,remora5,-13.51,-29.48,-29.48,-29.48,-29.49,-14.45,-14.45,-14.93,-14.93,-29.57,-12.69,-28.65,-28.65,-28.65,-28.67,-13.63,-13.63,-14.11,-14.11,-28.75,2.64,2.66,2.68,2.71,2.73,2.76,2.78,2.8,2.81,2.82,4.34,4.37,4.41,4.45,4.49,4.53,4.57,4.6,4.62,4.65,120.66,0,1,1,0,0,0,-1,0,None,aggregation
24,239.51,remora7,remora5,-29.57,-15.41,-15.41,-29.58,-29.58,-15.86,-15.86,-16.34,-16.34,-16.29,-28.75,-14.59,-14.59,-28.76,-28.76,-15.03,-15.03,-15.52,-15.52,-15.47,2.84,2.86,2.88,2.9,2.92,2.94,2.96,2.98,3,3.02,4.69,4.72,4.74,4.76,4.79,4.83,4.86,4.88,4.88,4.89,140.27,0,1,1,0,0,0,-1,0,None,aggregation
24,240.51,remora7,remora5,-16.29,-16.8,-16.8,-16.76,-16.76,-16.72,-16.72,-16.72,-24.58,-24.45,-15.47,-15.97,-15.97,-15.94,-15.94,-15.9,-15.9,-15.9,-23.76,-23.63,3.03,3.05,3.06,3.07,3.09,3.1,3.11,3.13,3.14,3.17,4.91,4.92,4.94,4.95,4.97,4.98,5.01,5.04,5.07,5.11,158.12,0,0,1,0,0,0,-1,0,None,aggregation
24,241.51,remora7,remora5,-24.45,0,0,0,0,29.67,29.67,29.67,29.66,29.66,-23.63,0,0,0,0,29.58,29.58,29.58,29.58,29.58,3.19,3.21,3.22,3.23,3.24,3.25,3.24,3.22,3.21,3.19,5.15,5.18,5.21,5.23,5.25,5.26,5.24,5.22,5.19,5.16,175.34,0,0,1,0,0,0,-1,0,None,aggregation
24,242.51,remora7,remora5,26.69,26.69,26.68,29.7,29.7,29.7,26.66,26.66,28.14,29.83,26.43,26.43,26.43,29.62,29.62,29.62,26.41,26.41,27.95,29.77,3.17,3.16,3.15,3.13,3.12,3.1,3.09,3.07,3.06,3.04,5.14,5.12,5.09,5.06,5.03,5.01,4.99,4.97,4.95,4.92,203.3,0,0,1,0,0,0,-1,0,None,aggregation
24,243.51,remora7,remora5,29.83,28.17,28.17,29.84,29.84,29.84,29.84,28.11,28.11,29.85,29.77,27.98,27.98,29.78,29.78,29.78,29.78,27.91,27.91,29.79,3.02,3,2.98,2.95,2.94,2.92,2.9,2.89,2.87,2.84,4.9,4.87,4.84,4.8,4.77,4.75,4.73,4.71,4.68,4.66,232.4,0,1,1,0,0,0,-1,0,None,aggregation
24,124.51,remora7,remora0,27.15,27.15,16.72,16.72,27.32,17.02,17.02,16.96,16.96,27.65,26.91,26.91,16.2,16.2,27.09,16.51,16.51,16.45,16.45,27.44,2.97,2.98,2.98,2.99,3,3.01,3.03,3.04,3.06,3.07,4.5,4.5,4.49,4.49,4.49,4.49,4.49,4.5,4.5,4.5,125.81,0,0,1,0,0,0,-1,0,None,aggregation
24,125.51,remora7,remora0,27.65,17.28,17.28,27.8,27.8,27.8,27.8,17.82,17.82,17.8,27.44,16.77,16.77,27.59,27.59,27.59,27.59,17.32,17.32,17.31,3.07,3.06,3.05,3.04,3.03,3.02,3.02,3.01,3,2.99,4.49,4.48,4.47,4.46,4.45,4.44,4.43,4.42,4.41,4.39,133.73,0,0,1,0,0,0,-1,0,None,aggregation
24,126.51,remora7,remora0,17.8,28.07,28.07,18.16,18.16,18.16,18.36,28.2,28.2,18.72,17.31,27.88,27.88,17.67,17.67,17.67,17.88,28.02,28.02,18.24,2.97,2.96,2.95,2.95,2.94,2.93,2.92,2.9,2.9,2.89,4.38,4.37,4.36,4.35,4.34,4.33,4.32,4.31,4.3,4.29,141.58,0,1,1,0,0,0,-1,0,None,aggregation
24,127.51,remora7,remora0,18.72,18.72,28.33,19.05,19.05,19.05,28.45,19.39,19.39,28.57,18.24,18.24,28.15,18.59,18.59,18.59,28.28,18.93,18.93,28.4,2.88,2.87,2.86,2.86,2.85,2.83,2.83,2.82,2.81,2.8,4.28,4.26,4.25,4.25,4.23,4.22,4.21,4.2,4.19,4.18,149.12,0,1,1,0,0,0,-1,0,None,aggregation
24,128.51,remora7,remora0,28.57,19.71,19.71,19.89,19.89,19.89,19.89,20.08,20.08,20.08,28.4,19.26,19.26,19.45,19.45,19.44,19.44,19.63,19.63,19.64,2.8,2.8,2.79,2.78,2.77,2.76,2.75,2.74,2.73,2.72,4.17,4.17,4.16,4.15,4.13,4.12,4.11,4.1,4.09,4.08,163.98,0,1,1,0,0,0,-1,0,None,aggregation
24,129.51,remora7,remora0,20.08,20.41,20.41,20.41,20.41,20.74,20.74,20.73,20.73,20.91,19.64,19.98,19.98,19.98,19.98,20.31,20.31,20.3,20.3,20.49,2.71,2.7,2.69,2.69,2.68,2.67,2.66,2.65,2.64,2.63,4.07,4.06,4.05,4.04,4.03,4.02,4.01,4,3.99,3.98,174.03,0,1,1,0,0,0,-1,0,None,aggregation
24,130.51,remora7,remora0,20.91,20.99,20.99,21.09,21.09,23.71,23.71,21.41,21.41,21.71,20.49,20.56,20.56,20.67,20.67,23.36,23.36,20.99,20.99,21.31,2.63,2.62,2.61,2.6,2.59,2.59,2.58,2.57,2.57,2.56,3.97,3.96,3.95,3.94,3.93,3.92,3.91,3.9,3.89,3.88,189.7,0,1,1,0,0,0,-1,0,None,aggregation
24,131.51,remora7,remora0,21.71,29.44,29.44,29.44,22.01,22.01,22.07,22.3,22.3,22.3,21.31,29.33,29.33,29.33,21.61,21.61,21.68,21.91,21.91,21.91,2.55,2.54,2.54,2.54,2.54,2.53,2.53,2.52,2.52,2.51,3.87,3.86,3.85,3.84,3.84,3.83,3.82,3.81,3.8,3.79,211.3,0,1,1,0,0,0,-1,0,None,aggregation
24,132.51,remora7,remora0,22.39,29.64,29.64,29.64,22.74,29.7,29.7,29.7,23.02,23.02,22,29.55,29.55,29.55,22.36,29.62,29.62,29.62,22.65,22.65,2.5,2.5,2.5,2.51,2.5,2.49,2.49,2.49,2.49,2.48,3.78,3.77,3.77,3.76,3.75,3.74,3.73,3.73,3.72,3.71,217.17,0,1,1,0,0,0,-1,0,None,aggregation
24,133.51,remora7,remora0,16.92,16.92,23.28,23.28,23.35,17.55,17.55,23.62,23.62,23.62,16.41,16.41,22.92,22.92,22.99,17.05,17.05,23.27,23.27,23.27,2.48,2.47,2.46,2.46,2.45,2.44,2.44,2.43,2.42,2.42,3.7,3.69,3.68,3.67,3.66,3.65,3.64,3.63,3.62,3.61,221.2,0,1,1,0,0,0,-1,0,None,aggregation
24,134.51,remora7,remora0,23.72,23.72,29.91,29.91,23.95,24.09,24.09,24.09,18.1,18.1,23.37,23.37,29.87,29.87,23.61,23.75,23.75,23.75,17.61,17.61,2.41,2.41,2.41,2.41,2.41,2.41,2.41,2.4,2.39,2.38,3.61,3.6,3.59,3.59,3.58,3.57,3.56,3.55,3.54,3.53,224.15,0,1,1,0,0,0,-1,0,None,aggregation
24,135.51,remora7,remora0,24.22,24.22,24.28,18.38,18.38,24.53,24.53,24.53,24.62,24.62,23.88,23.88,23.95,17.9,17.9,24.2,24.2,24.2,24.29,24.29,2.38,2.37,2.37,2.37,2.36,2.35,2.35,2.35,2.35,2.34,3.52,3.51,3.51,3.5,3.49,3.48,3.47,3.46,3.45,3.44,224.69,0,1,1,0,0,0,-1,0,None,aggregation
24,136.51,remora7,remora0,18.87,24.84,24.84,24.98,24.98,24.98,19.22,25.2,25.2,25.2,18.4,24.53,24.53,24.67,24.67,24.67,18.76,24.9,24.9,24.9,2.34,2.34,2.33,2.34,2.34,2.34,2.33,2.33,2.33,2.33,3.44,3.43,3.42,3.41,3.41,3.4,3.39,3.38,3.38,3.37,226.35,0,1,1,0,0,0,-1,0,None,aggregation
24,137.51,remora7,remora0,25.21,25.21,19.6,25.42,25.42,25.42,25.55,25.55,19.92,25.76,24.9,24.9,19.15,25.12,25.12,25.12,25.26,25.26,19.48,25.47,2.33,2.33,2.32,2.31,2.31,2.31,2.31,2.3,2.3,2.3,3.36,3.36,3.35,3.34,3.33,3.32,3.31,3.3,3.3,3.29,228.81,0,1,1,0,0,0,-1,0,None,aggregation
24,138.51,remora7,remora0,25.76,20.03,20.03,25.88,25.88,25.88,25.94,26.08,26.08,20.76,25.47,19.59,19.59,25.6,25.6,25.6,25.66,25.81,25.81,20.33,2.31,2.31,2.31,2.31,2.31,2.31,2.32,2.32,2.33,2.33,3.28,3.28,3.27,3.27,3.26,3.26,3.26,3.26,3.26,3.26,232.31,0,1,1,0,0,0,-1,0,None,aggregation
24,139.51,remora7,remora0,20.76,20.76,26.39,26.56,26.56,26.65,26.65,21.76,21.76,22.05,20.33,20.33,26.13,26.3,26.3,26.39,26.39,21.35,21.35,21.65,2.32,2.31,2.31,2.31,2.32,2.32,2.33,2.33,2.33,2.32,3.26,3.26,3.26,3.26,3.26,3.26,3.27,3.27,3.27,3.27,235.78,0,1,1,0,0,0,-1,0,None,aggregation
24,140.51,remora7,remora0,22.05,22.05,27.09,27.09,27.24,27.4,27.4,23.1,23.1,23.1,21.65,21.65,26.85,26.85,27.01,27.17,27.17,22.73,22.73,22.73,2.32,2.32,2.32,2.33,2.33,2.33,2.33,2.34,2.34,2.34,3.27,3.27,3.27,3.28,3.28,3.28,3.29,3.29,3.29,3.3,239.09,0,1,1,0,0,0,-1,0,None,aggregation
24,141.51,remora7,remora0,23.37,27.74,27.74,27.86,27.86,27.86,27.86,24.19,24.19,24.19,23.01,27.53,27.53,27.66,27.66,27.66,27.66,23.85,23.85,23.85,2.34,2.34,2.35,2.35,2.35,2.36,2.37,2.37,2.37,2.38,3.3,3.3,3.31,3.31,3.31,3.32,3.33,3.33,3.34,3.34,241.1,0,1,1,0,0,0,-1,0,None,aggregation
24,142.51,remora7,remora0,28.18,28.18,28.25,28.37,28.37,24.97,24.97,25.19,25.19,25.19,27.99,27.99,28.07,28.19,28.19,24.65,24.65,24.88,24.88,24.88,2.38,2.39,2.4,2.4,2.4,2.4,2.41,2.41,2.41,2.42,3.35,3.36,3.36,3.37,3.37,3.38,3.38,3.39,3.39,3.4,240.85,0,1,1,0,0,0,-1,0,None,aggregation
24,143.51,remora7,remora0,28.61,28.72,28.72,28.78,28.78,28.78,28.74,29.52,29.52,28.94,28.44,28.56,28.56,28.63,28.63,28.63,28.59,29.61,29.61,28.8,2.43,2.43,2.44,2.45,2.46,2.46,2.46,2.47,2.47,2.48,3.41,3.42,3.42,3.43,3.44,3.45,3.46,3.46,3.47,3.48,248.94,0,1,1,0,0,0,-1,0,None,aggregation
24,144.51,remora7,remora0,28.94,26.24,26.24,29.08,29.08,29.14,29.14,29.49,29.49,29.06,28.8,25.97,25.97,28.95,28.95,29.01,29.01,29.58,29.58,28.92,2.49,2.5,2.5,2.51,2.52,2.53,2.53,2.54,2.55,2.55,3.49,3.5,3.51,3.52,3.53,3.54,3.55,3.56,3.56,3.57,253.66,0,1,1,0,0,0,-1,0,None,aggregation
24,145.51,remora7,remora0,29.06,29.25,29.25,29.3,29.3,27.15,27.15,27.15,29.45,29.42,28.92,29.13,29.13,29.18,29.18,26.91,26.91,26.91,29.55,29.31,2.55,2.56,2.57,2.58,2.59,2.6,2.61,2.62,2.63,2.64,3.58,3.59,3.6,3.61,3.62,3.63,3.65,3.66,3.67,3.69,259.19,0,1,1,0,0,0,-1,0,None,aggregation
24,146.51,remora7,remora0,29.42,27.48,27.48,29.52,29.52,29.42,29.42,29.42,29.58,29.42,29.31,27.26,27.26,29.42,29.42,29.51,29.51,29.51,29.49,29.52,2.65,2.65,2.66,2.66,2.67,2.68,2.7,2.71,2.72,2.73,3.7,3.72,3.73,3.75,3.76,3.78,3.8,3.82,3.84,3.85,264.57,0,1,1,0,0,0,-1,0,None,aggregation
24,147.51,remora7,remora0,29.42,29.42,29.62,29.62,29.5,29.5,29.42,29.42,29.7,29.42,29.52,29.52,29.53,29.53,29.4,29.4,29.52,29.52,29.62,29.52,2.73,2.73,2.74,2.75,2.76,2.76,2.77,2.77,2.77,2.78,3.87,3.88,3.89,3.91,3.93,3.95,3.97,3.98,4,4.02,269.94,0,1,1,0,0,0,-1,0,None,aggregation
24,148.51,remora7,remora0,29.42,29.42,29.42,29.42,29.73,29.73,29.42,29.42,29.42,29.76,29.52,29.52,29.52,29.52,29.65,29.65,29.52,29.52,29.52,29.69,2.79,2.79,2.8,2.8,2.81,2.82,2.83,2.84,2.85,2.86,4.04,4.05,4.07,4.08,4.1,4.12,4.14,4.16,4.18,4.2,275.4,0,1,1,0,0,0,-1,0,None,aggregation
24,149.51,remora7,remora0,29.76,29.42,29.42,29.42,29.42,29.5,29.5,29.5,29.5,29.5,29.69,29.52,29.52,29.52,29.52,29.59,29.59,29.59,29.59,29.59,2.86,2.87,2.89,2.91,2.94,2.97,2.98,2.98,2.98,2.99,4.21,4.23,4.25,4.28,4.31,4.34,4.36,4.38,4.4,4.42,281.12,0,1,1,0,0,0,-1,0,None,aggregation
24,150.51,remora7,remora0,29.5,29.77,29.77,29.5,29.5,29.5,29.5,29.5,29.5,29.79,29.59,29.7,29.7,29.59,29.59,29.59,29.59,29.59,29.59,29.73,3,3.01,3.02,3.02,3.03,3.03,3.05,3.07,3.08,3.09,4.44,4.46,4.48,4.5,4.53,4.55,4.57,4.6,4.62,4.65,285.91,0,0,1,0,0,0,-1,0,None,aggregation
24,151.51,remora7,remora0,29.79,29.79,29.5,29.51,29.51,29.51,29.82,0,0,30,29.73,29.73,29.6,29.6,29.6,29.6,29.76,0,0,30,3.1,3.11,3.12,3.13,3.15,3.17,3.18,3.18,3.16,3.15,4.67,4.7,4.72,4.74,4.77,4.8,4.83,4.84,4.84,4.84,283.51,0,0,1,0,0,0,-1,0,None,aggregation
24,152.51,remora7,remora0,30,0,0,-27.61,-27.61,-27.61,-27.63,-27.63,-29.97,-29.97,30,0,0,-28.43,-28.43,-28.43,-28.45,-28.45,-29.15,-29.15,3.15,3.15,3.14,3.1,3.06,3,2.95,2.89,2.85,2.82,4.86,4.88,4.89,4.88,4.86,4.83,4.81,4.78,4.76,4.74,279.87,0,0,1,0,0,0,-1,0,None,aggregation
24,153.51,remora7,remora0,-27.11,-27.11,-29.99,-26.85,-26.85,-30.01,-30.01,-26.6,-26.6,-26.31,-27.93,-27.93,-29.17,-27.67,-27.67,-29.19,-29.19,-27.42,-27.42,-27.13,2.78,2.74,2.69,2.64,2.59,2.55,2.49,2.44,2.4,2.35,4.72,4.7,4.68,4.65,4.63,4.61,4.58,4.56,4.54,4.51,278.93,0,1,1,0,0,0,-1,0,None,aggregation
24,154.51,remora7,remora0,-26.31,-26.31,-30.11,-30.11,-30.12,-30.13,-30.13,-30.13,-30.13,-24.89,-27.13,-27.13,-29.29,-29.29,-29.3,-29.31,-29.31,-29.31,-29.31,-25.71,2.3,2.24,2.19,2.13,2.08,2.03,1.99,1.94,1.89,1.85,4.49,4.46,4.43,4.41,4.38,4.36,4.34,4.31,4.28,4.25,279.07,0,1,1,0,0,0,-1,0,None,aggregation
24,155.51,remora7,remora0,-24.89,-24.89,-30.23,-30.26,-30.26,-30.24,-30.24,-30.24,-22.83,0,-25.71,-25.71,-29.41,-29.44,-29.44,-29.42,-29.42,-29.42,-23.65,0,1.81,1.76,1.72,1.67,1.63,1.59,1.54,1.49,1.45,1.42,4.22,4.18,4.16,4.13,4.09,4.06,4.03,3.99,3.97,3.94,275.77,0,1,1,0,0,0,-1,0,None,aggregation
24,156.51,remora7,remora0,0,0,0,0,0,0,0,0,0,0,0,0,0,0,0,0,0,0,0,0,1.42,1.42,1.42,1.42,1.42,1.42,1.42,1.42,1.42,1.42,3.93,3.92,3.9,3.89,3.88,3.86,3.85,3.84,3.83,3.81,246.73,1,0,1,0,0,0,-1,0,None,aggregation
24,157.51,remora7,remora0,0,0,0,0,0,0,0,0,0,0,0,0,0,0,0,0,0,0,0,0,1.42,1.42,1.42,1.42,1.42,1.42,1.42,1.42,1.42,1.42,3.8,3.79,3.77,3.76,3.76,3.76,3.76,3.76,3.75,3.74,217.22,1,0,1,0,0,0,-1,0,None,aggregation
24,158.51,remora7,remora0,0,0,0,0,0,0,0,0,0,0,0,0,0,0,0,0,0,0,0,0,1.42,1.42,1.42,1.42,1.42,1.42,1.42,1.42,1.42,1.42,3.73,3.71,3.7,3.69,3.67,3.66,3.65,3.64,3.62,3.61,187.68,1,0,1,0,0,0,-1,0,None,aggregation
24,159.51,remora7,remora0,0,0,0,0,0,0,0,0,0,0,0,0,0,0,0,0,0,0,0,0,1.42,1.42,1.42,1.42,1.42,1.42,1.42,1.42,1.42,1.42,3.6,3.58,3.57,3.56,3.55,3.53,3.52,3.51,3.5,3.5,158.15,1,0,1,0,0,0,-1,0,None,aggregation
24,160.51,remora7,remora0,0,0,0,0,0,0,0,0,0,0,0,0,0,0,0,0,0,0,0,0,1.42,1.42,1.42,1.42,1.42,1.42,1.42,1.42,1.42,1.42,3.5,3.5,3.49,3.49,3.48,3.48,3.48,3.48,3.47,3.46,128.54,1,0,1,0,0,0,-1,0,None,aggregation
24,161.51,remora7,remora0,0,0,0,0,0,0,0,0,0,0,0,0,0,0,0,0,0,0,0,0,1.42,1.42,1.42,1.42,1.42,1.42,1.42,1.42,1.42,1.42,3.45,3.43,3.42,3.41,3.4,3.38,3.37,3.36,3.35,3.33,104.79,1,0,1,0,0,0,-1,0,None,aggregation
24,162.51,remora7,remora0,0,0,0,0,0,0,0,0,0,0,0,0,0,0,0,0,0,0,0,0,1.42,1.42,1.42,1.42,1.42,1.42,1.42,1.42,1.43,1.44,3.32,3.31,3.3,3.28,3.27,3.26,3.24,3.23,3.22,3.22,81.87,1,0,1,0,0,0,-1,0,None,aggregation
24,163.51,remora7,remora0,0,0,0,0,0,0,0,0,0,0,0,0,0,0,0,0,0,0,0,0,1.45,1.46,1.47,1.47,1.48,1.49,1.5,1.51,1.52,1.53,3.21,3.2,3.19,3.18,3.17,3.17,3.16,3.15,3.14,3.14,53.96,1,0,1,0,0,0,-1,0,None,aggregation
24,164.51,remora7,remora0,0,0,0,0,0,0,0,0,0,0,0,0,0,0,0,0,0,0,0,0,1.54,1.55,1.56,1.57,1.58,1.59,1.6,1.61,1.62,1.63,3.13,3.12,3.11,3.1,3.1,3.09,3.08,3.08,3.07,3.06,25.28,0,1,0,0,0,0,-1,0,None,aggregation
24,165.51,remora7,remora0,0,0,0,0,0,0,0,0,0,0,0,0,0,0,0,0,0,0,0,0,1.64,1.66,1.67,1.68,1.69,1.7,1.72,1.73,1.74,1.75,3.06,3.05,3.05,3.04,3.03,3.03,3.02,3.02,3.01,3.01,0,0,1,0,0,0,0,-1,0,None,aggregation
24,166.51,remora7,remora0,0,0,0,0,0,0,0,0,0,0,0,0,0,0,0,0,0,0,0,0,1.76,1.78,1.78,1.79,1.8,1.82,1.83,1.84,1.86,1.87,3,2.99,2.99,2.98,2.97,2.97,2.97,2.96,2.96,2.95,0,0,1,0,0,0,0,-1,0,None,aggregation
24,167.51,remora7,remora0,0,0,0,0,0,0,0,0,0,0,0,0,0,0,0,0,0,0,0,0,1.88,1.89,1.91,1.92,1.93,1.95,1.96,1.98,1.99,2,2.94,2.94,2.93,2.93,2.93,2.92,2.92,2.91,2.91,2.9,0,0,1,0,0,0,0,-1,0,None,aggregation
24,168.51,remora7,remora0,0,0,0,0,0,0,0,0,0,0,0,0,0,0,0,0,0,0,0,0,2.01,2.02,2.04,2.05,2.06,2.08,2.09,2.1,2.11,2.12,2.9,2.89,2.89,2.88,2.88,2.88,2.87,2.87,2.87,2.86,0,0,1,0,0,0,0,-1,0,None,aggregation
24,169.51,remora7,remora0,0,0,0,23.53,23.53,27.46,27.46,27.46,27.46,27.49,0,0,0,23.17,23.17,27.24,27.24,27.24,27.24,27.27,2.14,2.15,2.17,2.18,2.21,2.24,2.28,2.32,2.36,2.4,2.86,2.86,2.85,2.85,2.85,2.86,2.88,2.89,2.91,2.92,18.35,0,1,0,0,0,0,-1,0,None,aggregation
24,170.51,remora7,remora0,27.49,27.5,27.5,27.53,27.53,27.53,27.53,27.58,27.58,23.97,27.27,27.28,27.28,27.32,27.32,27.32,27.32,27.36,27.36,23.63,2.44,2.48,2.53,2.57,2.61,2.65,2.7,2.73,2.77,2.81,2.94,2.95,2.97,2.98,3,3.02,3.04,3.06,3.09,3.11,45.41,0,1,1,0,0,0,-1,0,None,aggregation
24,171.51,remora7,remora0,24.14,24.14,24.35,27.82,27.82,27.82,20.4,20.4,20.4,24.97,23.8,23.8,24.02,27.62,27.62,27.62,19.96,19.96,19.96,24.66,2.84,2.88,2.91,2.95,2.99,3.03,3.06,3.1,3.14,3.16,3.13,3.15,3.17,3.2,3.22,3.25,3.27,3.29,3.32,3.34,69.47,0,0,1,0,0,0,-1,0,None,aggregation
24,172.51,remora7,remora0,24.97,24.97,24.97,25.37,25.37,25.37,28.34,28.34,28.42,28.5,24.66,24.66,24.66,25.07,25.07,25.07,28.16,28.16,28.25,28.33,3.18,3.21,3.22,3.23,3.23,3.24,3.24,3.25,3.26,3.26,3.35,3.37,3.39,3.39,3.4,3.41,3.42,3.43,3.44,3.45,95.81,0,0,1,0,0,0,-1,0,None,aggregation
24,173.51,remora7,remora0,28.5,28.5,20.78,20.78,26.38,26.38,28.82,28.82,28.89,26.81,28.33,28.33,20.35,20.35,26.11,26.11,28.67,28.67,28.74,26.56,3.27,3.28,3.29,3.29,3.29,3.3,3.31,3.32,3.33,3.33,3.46,3.48,3.49,3.49,3.5,3.51,3.52,3.54,3.55,3.56,122.15,0,0,1,0,0,0,-1,0,None,aggregation
24,174.51,remora7,remora0,26.81,26.81,22.3,22.3,29.14,29.2,29.2,27.41,27.41,23.4,26.56,26.56,21.91,21.91,29.01,29.07,29.07,27.18,27.18,23.04,3.34,3.35,3.35,3.36,3.37,3.39,3.41,3.44,3.46,3.47,3.57,3.58,3.59,3.6,3.61,3.63,3.65,3.68,3.7,3.71,148.43,0,0,1,0,0,0,-1,0,None,aggregation
24,175.51,remora7,remora0,23.4,23.4,29.36,27.73,27.73,27.73,27.73,26.37,26.37,26.37,23.04,23.04,29.24,27.52,27.52,27.52,27.52,26.11,26.11,26.11,3.47,3.48,3.48,3.49,3.5,3.5,3.51,3.52,3.53,3.53,3.72,3.73,3.74,3.75,3.77,3.78,3.79,3.8,3.82,3.83,174.92,0,0,1,0,0,0,-1,0,None,aggregation
24,176.51,remora7,remora0,24.43,24.43,26.77,26.78,26.78,28.32,28.32,29.67,29.67,29.67,24.1,24.1,26.52,26.53,26.53,28.14,28.14,29.59,29.59,29.59,3.54,3.56,3.57,3.58,3.59,3.6,3.6,3.61,3.62,3.63,3.84,3.86,3.87,3.89,3.9,3.91,3.92,3.94,3.95,3.97,202.31,0,0,1,0,0,0,-1,0,None,aggregation
24,177.51,remora7,remora0,29.67,29.71,29.71,29.71,29.74,29.74,28.67,29.77,29.77,28.76,29.59,29.63,29.63,29.63,29.67,29.67,28.5,29.7,29.7,28.61,3.65,3.66,3.67,3.7,3.71,3.73,3.75,3.76,3.77,3.79,3.99,4,4.02,4.05,4.06,4.09,4.1,4.12,4.14,4.16,231.79,0,0,1,0,0,0,-1,0,None,aggregation
24,178.51,remora7,remora0,28.76,28.76,28.76,29.69,29.69,29.69,29.82,29.82,29.82,28.11,28.61,28.61,28.61,29.61,29.61,29.61,29.76,29.76,29.76,27.92,3.8,3.82,3.83,3.83,3.85,3.86,3.87,3.89,3.9,3.92,4.17,4.19,4.21,4.22,4.24,4.26,4.28,4.3,4.32,4.33,261.03,0,0,1,0,0,0,-1,0,None,aggregation
24,179.51,remora7,remora0,28.11,26.68,26.68,28.25,28.25,28.25,29.79,29.88,29.88,29.88,27.92,26.43,26.43,28.07,28.07,28.07,29.72,29.83,29.83,29.83,3.93,3.94,3.95,3.95,3.96,3.98,3.99,4.01,4.03,4.05,4.35,4.37,4.38,4.39,4.41,4.43,4.45,4.47,4.49,4.51,271.17,0,0,1,0,0,0,-1,0,None,aggregation
24,180.51,remora7,remora0,28.38,28.38,28.5,28.51,28.51,28.51,28.63,28.63,28.63,28.63,28.2,28.2,28.33,28.34,28.34,28.34,28.46,28.46,28.46,28.46,4.07,4.08,4.1,4.11,4.13,4.14,4.15,4.15,4.16,4.17,4.53,4.55,4.57,4.59,4.61,4.63,4.64,4.66,4.67,4.69,272.56,0,0,1,0,0,0,-1,0,None,aggregation
24,181.51,remora7,remora0,28.74,28.74,28.74,28.74,0,0,0,0,-25.02,-25.02,28.59,28.59,28.59,28.59,0,0,0,0,-24.2,-24.2,4.19,4.2,4.21,4.22,4.22,4.2,4.19,4.18,4.16,4.13,4.71,4.73,4.75,4.76,4.77,4.76,4.75,4.75,4.74,4.71,264.88,0,0,1,0,0,0,-1,0,None,aggregation
24,182.51,remora7,remora0,-30.24,-30.24,-26.5,-30.21,-30.21,-30.21,-30.21,-24.44,-24.44,-30.17,-29.42,-29.42,-27.32,-29.38,-29.38,-29.38,-29.38,-23.62,-23.62,-29.34,4.09,4.05,4,3.96,3.92,3.87,3.82,3.78,3.74,3.7,4.68,4.65,4.62,4.59,4.55,4.52,4.48,4.45,4.42,4.39,266.9,0,0,1,0,0,0,-1,0,None,aggregation
24,183.51,remora7,remora0,-30.17,-29.01,-29.01,-29.01,-29.01,-23.36,-23.36,-23.36,-22.96,-22.96,-29.34,-28.19,-28.19,-28.19,-28.19,-22.54,-22.54,-22.54,-22.13,-22.13,3.66,3.62,3.58,3.53,3.47,3.43,3.39,3.36,3.33,3.28,4.36,4.33,4.29,4.26,4.22,4.19,4.16,4.13,4.11,4.09,266.37,0,0,1,0,0,0,-1,0,None,aggregation
24,184.51,remora7,remora0,-30.03,-30.03,-30.03,-29.93,-29.93,-29.93,-21.27,-21.27,-29.87,-29.87,-29.2,-29.2,-29.2,-29.11,-29.11,-29.11,-20.45,-20.45,-29.05,-29.05,3.24,3.19,3.14,3.1,3.05,3,2.96,2.91,2.87,2.82,4.07,4.05,4.03,4.01,3.99,3.96,3.94,3.93,3.91,3.88,267.9,0,0,1,0,0,0,-1,0,None,aggregation
24,185.51,remora7,remora0,-29.82,-29.82,-29.82,-28.18,-28.18,-29.73,-29.73,-29.67,-29.67,-29.6,-29,-29,-29,-27.36,-27.36,-28.91,-28.91,-28.85,-28.85,-28.78,2.78,2.73,2.69,2.64,2.6,2.56,2.51,2.47,2.42,2.38,3.86,3.84,3.82,3.8,3.78,3.77,3.74,3.73,3.7,3.68,270.41,0,1,1,0,0,0,-1,0,None,aggregation
24,186.51,remora7,remora0,-29.6,-29.6,-29.61,-29.61,-29.5,-29.52,-29.52,-27.44,-27.44,-27.34,-28.78,-28.78,-28.79,-28.79,-28.68,-28.7,-28.7,-26.62,-26.62,-26.52,2.34,2.29,2.24,2.2,2.16,2.11,2.07,2.03,1.98,1.94,3.66,3.64,3.61,3.58,3.54,3.51,3.47,3.43,3.38,3.34,271.54,0,1,1,0,0,0,-1,0,None,aggregation
24,187.51,remora7,remora0,-27.34,-29.39,-29.39,-29.42,-29.42,-29.42,-29.42,-29.35,-29.35,-29.31,-26.52,-28.57,-28.57,-28.59,-28.59,-28.6,-28.6,-28.53,-28.53,-28.49,1.9,1.86,1.82,1.78,1.73,1.7,1.66,1.63,1.59,1.55,3.3,3.25,3.21,3.17,3.12,3.08,3.04,3,2.96,2.93,270.83,0,1,1,0,0,0,-1,0,None,aggregation
24,188.51,remora7,remora0,-29.31,0,0,0,0,0,0,0,0,0,-28.49,0,0,0,0,0,0,0,0,0,1.51,1.49,1.48,1.48,1.48,1.48,1.48,1.48,1.48,1.48,2.89,2.85,2.84,2.83,2.81,2.8,2.79,2.77,2.76,2.75,244.48,1,0,1,0,0,0,-1,0,None,aggregation
24,189.51,remora7,remora0,0,0,0,0,0,0,0,0,0,0,0,0,0,0,0,0,0,0,0,0,1.48,1.48,1.48,1.48,1.48,1.48,1.48,1.48,1.48,1.48,2.73,2.72,2.71,2.69,2.68,2.67,2.66,2.64,2.63,2.62,215.99,1,0,1,0,0,0,-1,0,None,aggregation
24,190.51,remora7,remora0,0,0,0,0,0,0,0,0,0,0,0,0,0,0,0,0,0,0,0,0,1.48,1.48,1.48,1.48,1.48,1.48,1.48,1.48,1.48,1.48,2.61,2.59,2.58,2.57,2.56,2.54,2.53,2.52,2.51,2.49,187.54,1,0,1,0,0,0,-1,0,None,aggregation
24,191.51,remora7,remora0,0,0,0,0,0,0,0,0,0,0,0,0,0,0,0,0,0,0,0,0,1.48,1.48,1.48,1.48,1.48,1.48,1.48,1.48,1.48,1.48,2.48,2.47,2.46,2.44,2.43,2.42,2.41,2.4,2.38,2.37,171.15,1,0,1,0,0,0,-1,0,None,aggregation
24,192.51,remora7,remora0,0,0,0,0,0,0,0,0,0,0,0,0,0,0,0,0,0,0,0,0,1.48,1.48,1.48,1.48,1.48,1.48,1.49,1.49,1.49,1.49,2.36,2.35,2.34,2.33,2.31,2.3,2.29,2.28,2.27,2.26,142.8,1,0,1,0,0,0,-1,0,None,aggregation
24,193.51,remora7,remora0,0,0,0,0,0,0,0,0,0,0,0,0,0,0,0,0,0,0,0,0,1.49,1.49,1.49,1.49,1.49,1.49,1.49,1.49,1.49,1.49,2.25,2.23,2.22,2.21,2.2,2.19,2.18,2.17,2.17,2.16,116.99,1,1,1,0,0,0,-1,0,None,aggregation
24,194.51,remora7,remora0,0,0,0,0,0,0,0,0,0,0,0,0,0,0,0,0,0,0,0,0,1.49,1.49,1.49,1.49,1.49,1.49,1.49,1.49,1.49,1.49,2.16,2.16,2.16,2.16,2.16,2.16,2.16,2.16,2.16,2.16,89.18,1,1,1,0,0,0,-1,0,None,aggregation
24,195.51,remora7,remora0,0,0,0,0,0,0,0,0,0,0,0,0,0,0,0,0,0,0,0,0,1.49,1.49,1.49,1.49,1.49,1.5,1.51,1.51,1.52,1.52,2.16,2.16,2.16,2.16,2.16,2.17,2.17,2.17,2.18,2.18,60.17,0,1,1,0,0,0,-1,0,None,aggregation
24,196.51,remora7,remora0,0,0,0,0,0,0,0,0,0,0,0,0,0,0,0,0,0,0,0,0,1.53,1.54,1.55,1.55,1.56,1.57,1.58,1.59,1.59,1.6,2.18,2.18,2.19,2.19,2.2,2.2,2.2,2.21,2.21,2.21,31.66,0,1,0,0,0,0,-1,0,None,aggregation
24,197.51,remora7,remora0,0,0,0,0,0,0,0,0,0,0,0,0,0,0,0,0,0,0,0,0,1.61,1.61,1.62,1.63,1.63,1.64,1.65,1.66,1.66,1.67,2.22,2.22,2.22,2.23,2.23,2.23,2.24,2.24,2.24,2.25,2.89,0,1,0,0,0,0,-1,0,None,aggregation
24,198.51,remora7,remora0,0,0,0,0,0,0,0,0,0,0,0,0,0,0,0,0,0,0,0,0,1.68,1.69,1.69,1.7,1.71,1.72,1.72,1.73,1.74,1.75,2.25,2.26,2.26,2.26,2.27,2.27,2.27,2.28,2.28,2.29,0,0,1,0,0,0,0,-1,0,None,aggregation
24,199.51,remora7,remora0,0,0,0,0,0,0,0,0,0,0,0,0,0,0,0,0,0,0,0,0,1.76,1.76,1.77,1.78,1.79,1.8,1.81,1.82,1.83,1.83,2.29,2.29,2.3,2.3,2.31,2.31,2.31,2.32,2.32,2.33,0,0,1,0,0,0,0,-1,0,None,aggregation
24,200.51,remora7,remora0,0,0,0,0,0,0,0,0,0,0,0,0,0,0,0,0,0,0,0,0,1.84,1.85,1.86,1.87,1.88,1.89,1.9,1.91,1.92,1.93,2.33,2.34,2.34,2.35,2.35,2.36,2.37,2.39,2.4,2.42,0,0,1,0,0,0,0,-1,0,None,aggregation
24,201.51,remora7,remora0,0,0,0,0,0,0,0,0,0,17.53,0,0,0,0,0,0,0,0,0,17.03,1.94,1.96,1.97,1.98,1.99,2.01,2.02,2.03,2.04,2.06,2.43,2.45,2.47,2.48,2.5,2.52,2.54,2.55,2.57,2.59,1.73,0,1,0,0,0,0,-1,0,None,aggregation
24,202.51,remora7,remora0,17.53,22.37,22.37,17.67,17.67,17.73,17.73,17.81,17.81,17.86,17.03,21.99,21.99,17.17,17.17,17.24,17.24,17.32,17.32,17.37,2.09,2.12,2.15,2.17,2.21,2.24,2.27,2.29,2.32,2.35,2.62,2.66,2.68,2.71,2.75,2.78,2.81,2.84,2.87,2.91,20.15,0,1,0,0,0,0,-1,0,None,aggregation
24,203.51,remora7,remora0,17.86,20.94,20.94,20.48,20.48,20.48,20.23,20.23,19.79,18.22,17.37,20.52,20.52,20.05,20.05,20.05,19.79,19.79,19.34,17.73,2.39,2.42,2.45,2.48,2.51,2.54,2.57,2.6,2.64,2.67,2.94,2.97,3,3.03,3.06,3.09,3.12,3.16,3.19,3.22,39.89,0,1,0,0,0,0,-1,0,None,aggregation
24,204.51,remora7,remora0,18.22,18.24,18.24,18.64,18.64,18.64,18.1,17.85,17.85,17.85,17.73,17.76,17.76,18.16,18.16,18.16,17.61,17.35,17.35,17.35,2.71,2.74,2.78,2.81,2.85,2.88,2.91,2.94,2.98,3.02,3.24,3.27,3.29,3.31,3.33,3.34,3.35,3.36,3.38,3.4,57.88,0,1,1,0,0,0,-1,0,None,aggregation
24,205.51,remora7,remora0,-0.7,17.07,17.07,17.04,17.04,18.08,18.08,18.08,17.99,17.99,-1.52,16.56,16.56,16.52,16.52,17.59,17.59,17.59,17.5,17.5,3.03,3.04,3.06,3.08,3.11,3.14,3.17,3.2,3.22,3.25,3.41,3.41,3.42,3.42,3.43,3.44,3.45,3.45,3.46,3.47,73.6,0,0,1,0,0,0,-1,0,None,aggregation
24,206.51,remora7,remora0,16.3,16.3,-0.66,-0.88,-0.88,-0.96,-0.96,-20.54,-20.54,-20.54,15.77,15.77,-1.48,-1.7,-1.7,-1.78,-1.78,-21.36,-21.36,-21.36,3.27,3.29,3.31,3.32,3.33,3.34,3.36,3.37,3.37,3.37,3.48,3.49,3.49,3.48,3.48,3.48,3.47,3.47,3.45,3.43,83.74,0,0,1,0,0,0,-1,0,None,aggregation
24,207.51,remora7,remora0,-1,-21.63,-21.63,18.4,18.4,-1.29,-1.29,-1.11,-1.11,18.72,-1.82,-22.45,-22.45,17.92,17.92,-2.11,-2.11,-1.93,-1.93,18.25,3.38,3.39,3.39,3.37,3.35,3.33,3.31,3.28,3.26,3.24,3.42,3.41,3.39,3.38,3.38,3.38,3.38,3.37,3.36,3.35,94.41,0,0,1,0,0,0,-1,0,None,aggregation
24,208.51,remora7,remora0,18.72,18.72,18.78,18.78,19.09,19.09,-0.57,19.63,19.63,-0.17,18.25,18.25,18.31,18.31,18.63,18.63,-1.39,19.18,19.18,-0.99,3.22,3.22,3.23,3.24,3.25,3.25,3.23,3.22,3.21,3.21,3.35,3.35,3.36,3.36,3.38,3.38,3.36,3.35,3.35,3.35,109.62,0,0,1,0,0,0,-1,0,None,aggregation
24,209.51,remora7,remora0,-0.17,20.01,20.01,0.33,0.33,0.33,20.65,20.65,-23.32,21.14,-0.99,19.57,19.57,-0.5,-0.5,-0.5,20.23,20.23,-24.14,20.73,3.21,3.21,3.22,3.23,3.22,3.2,3.2,3.19,3.16,3.13,3.34,3.33,3.34,3.34,3.33,3.32,3.32,3.3,3.28,3.25,122.22,0,0,1,0,0,0,-1,0,None,aggregation
24,210.51,remora7,remora0,21.14,0.77,0.77,0.77,-23.65,21.74,21.74,26.57,26.57,22.09,20.73,-0.05,-0.05,-0.05,-24.47,21.34,21.34,26.32,26.32,21.69,3.13,3.12,3.11,3.08,3.07,3.06,3.07,3.08,3.08,3.07,3.25,3.26,3.26,3.24,3.22,3.21,3.23,3.24,3.25,3.26,138.61,0,0,1,0,0,0,-1,0,None,aggregation
24,211.51,remora7,remora0,22.09,22.31,22.31,22.31,2.18,26.51,26.51,22.74,22.74,3.02,21.69,21.92,21.92,21.92,1.39,26.25,26.25,22.36,22.36,2.24,3.07,3.06,3.06,3.05,3.05,3.06,3.08,3.09,3.09,3.08,3.26,3.26,3.26,3.26,3.26,3.26,3.27,3.27,3.27,3.27,155.94,0,0,1,0,0,0,-1,0,None,aggregation
24,212.51,remora7,remora0,3.02,23.21,23.21,3.33,3.33,28.12,28.12,28.12,23.7,23.64,2.24,22.85,22.85,2.56,2.56,27.93,27.93,27.93,23.35,23.29,3.06,3.04,3.04,3.03,3.01,2.99,2.98,2.97,2.96,2.95,3.25,3.24,3.23,3.23,3.22,3.21,3.22,3.23,3.23,3.23,156.08,0,0,1,0,0,0,-1,0,None,aggregation
24,213.51,remora7,remora0,23.64,23.64,23.9,23.91,23.91,5.1,5.1,5.1,24.19,24.51,23.29,23.29,23.56,23.57,23.57,4.37,4.37,4.37,23.86,24.18,2.95,2.94,2.93,2.94,2.95,2.97,2.98,2.98,3,3.02,3.23,3.23,3.22,3.23,3.24,3.25,3.25,3.25,3.26,3.27,154.41,0,1,1,0,0,0,-1,0,None,aggregation
24,214.51,remora7,remora0,24.51,5.78,5.78,5.78,24.93,24.99,24.99,6.51,6.51,25.38,24.18,5.05,5.05,5.05,24.61,24.67,24.67,5.8,5.8,25.08,3.04,3.04,3.03,3.01,3,3,3,2.99,2.98,2.96,3.28,3.28,3.27,3.25,3.25,3.25,3.25,3.25,3.24,3.22,151.68,0,0,1,0,0,0,-1,0,None,aggregation
24,215.51,remora7,remora0,25.38,25.45,25.45,7.44,7.44,7.54,7.54,25.77,25.77,8.29,25.08,25.15,25.15,6.74,6.74,6.85,6.85,25.49,25.49,7.61,2.95,2.94,2.93,2.92,2.91,2.89,2.87,2.85,2.85,2.84,3.22,3.22,3.22,3.22,3.2,3.19,3.17,3.16,3.15,3.16,152.32,0,1,1,0,0,0,-1,0,None,aggregation
24,216.51,remora7,remora0,8.29,26.16,26.16,8.54,8.54,26.56,26.56,29.92,29.92,26.34,7.61,25.89,25.89,7.86,7.86,26.3,26.3,29.88,29.88,26.07,2.83,2.82,2.82,2.81,2.79,2.77,2.76,2.75,2.75,2.75,3.14,3.13,3.13,3.13,3.11,3.09,3.1,3.1,3.12,3.13,163.71,0,1,1,0,0,0,-1,0,None,aggregation
24,217.51,remora7,remora0,26.34,9.36,9.36,27.1,27.1,27.1,26.19,26.19,25.92,9.42,26.07,8.69,8.69,26.87,26.87,26.87,25.92,25.92,25.64,8.76,2.75,2.74,2.73,2.71,2.71,2.7,2.69,2.68,2.68,2.68,3.13,3.13,3.13,3.11,3.11,3.12,3.12,3.13,3.14,3.15,174.26,0,1,1,0,0,0,-1,0,None,aggregation
24,218.51,remora7,remora0,9.42,9.33,9.33,25.42,25.42,25.27,25.27,25.11,25.11,24.95,8.76,8.66,8.66,25.12,25.12,24.97,24.97,24.8,24.8,24.63,2.66,2.65,2.62,2.6,2.6,2.59,2.59,2.58,2.57,2.57,3.14,3.13,3.11,3.1,3.1,3.11,3.12,3.13,3.13,3.13,179.3,0,1,1,0,0,0,-1,0,None,aggregation
24,219.51,remora7,remora0,24.95,24.79,24.79,24.65,24.65,10.32,10.32,10.62,10.62,10.62,24.63,24.47,24.47,24.32,24.32,9.68,9.68,9.98,9.98,9.98,2.57,2.56,2.56,2.56,2.55,2.55,2.54,2.52,2.5,2.49,3.13,3.13,3.14,3.15,3.16,3.17,3.16,3.15,3.14,3.14,184.09,0,1,1,0,0,0,-1,0,None,aggregation
24,220.51,remora7,remora0,24.4,24.28,24.28,24.17,24.17,24.19,24.19,24.31,24.31,24.29,24.07,23.95,23.95,23.84,23.84,23.86,23.86,23.98,23.98,23.95,2.48,2.48,2.47,2.46,2.46,2.45,2.45,2.44,2.44,2.44,3.15,3.15,3.15,3.15,3.15,3.15,3.15,3.14,3.14,3.14,191.79,0,1,1,0,0,0,-1,0,None,aggregation
24,221.51,remora7,remora0,24.29,13.92,13.92,14.44,14.44,14.44,15.02,24.84,24.84,15.82,23.95,13.34,13.34,13.87,13.87,13.87,14.46,24.52,24.52,15.28,2.43,2.42,2.41,2.39,2.38,2.36,2.35,2.33,2.33,2.32,3.14,3.14,3.13,3.12,3.11,3.1,3.1,3.1,3.11,3.11,190.09,0,1,1,0,0,0,-1,0,None,aggregation
24,222.51,remora7,remora0,15.82,16.21,16.21,16.21,25.22,17,17,17.38,17.38,17.75,15.28,15.68,15.68,15.68,24.92,16.49,16.49,16.87,16.87,17.25,2.3,2.29,2.28,2.26,2.25,2.24,2.23,2.22,2.21,2.19,3.11,3.09,3.08,3.07,3.07,3.07,3.06,3.05,3.05,3.04,188.9,0,1,1,0,0,0,-1,0,None,aggregation
24,223.51,remora7,remora0,17.75,17.75,25.87,25.87,25.98,25.98,26.24,26.24,26.4,26.57,17.25,17.25,25.59,25.59,25.7,25.7,25.97,25.97,26.14,26.31,2.18,2.17,2.16,2.16,2.15,2.15,2.14,2.14,2.13,2.13,3.03,3.02,3.02,3.02,3.02,3.01,3.01,3.01,3.01,3.01,195.13,0,1,1,0,0,0,-1,0,None,aggregation
24,224.51,remora7,remora0,26.57,26.73,26.73,26.96,26.96,27.17,27.17,27.28,27.28,27.49,26.31,26.48,26.48,26.71,26.71,26.93,26.93,27.05,27.05,27.27,2.12,2.12,2.12,2.11,2.11,2.1,2.1,2.1,2.09,2.09,3.01,3.01,3.01,3,3,3,3,3,3,3,206.79,0,1,1,0,0,0,-1,0,None,aggregation
24,225.51,remora7,remora0,27.49,27.7,27.7,27.85,27.85,28,28,28.15,28.15,28.32,27.27,27.49,27.49,27.65,27.65,27.8,27.8,27.96,27.96,28.14,2.08,2.08,2.08,2.07,2.07,2.07,2.07,2.06,2.06,2.06,3,3,3,3,3,3,3,3,3,3,218.24,0,1,1,0,0,0,-1,0,None,aggregation
24,226.51,remora7,remora0,28.32,28.42,28.42,28.59,28.59,25.44,25.44,25.68,25.68,26.04,28.14,28.25,28.25,28.42,28.42,25.14,25.14,25.39,25.39,25.77,2.06,2.05,2.05,2.05,2.05,2.05,2.04,2.04,2.03,2.03,3,3,3,3,3,3.01,3,3,3,3,223.67,0,1,1,0,0,0,-1,0,None,aggregation
24,227.51,remora7,remora0,26.04,26.04,26.23,26.5,26.5,26.66,26.66,26.86,26.86,27.02,25.77,25.77,25.96,26.24,26.24,26.41,26.41,26.62,26.62,26.78,2.03,2.02,2.04,2.07,2.09,2.12,2.14,2.17,2.2,2.22,2.99,2.99,3,3.02,3.03,3.04,3.06,3.07,3.08,3.1,228.86,0,1,1,0,0,0,-1,0,None,aggregation
24,228.51,remora7,remora0,27.02,27.2,27.2,27.35,27.35,27.48,27.48,27.48,27.57,27.66,26.78,26.97,26.97,27.12,27.12,27.26,27.26,27.26,27.36,27.44,2.25,2.28,2.3,2.33,2.36,2.39,2.41,2.44,2.46,2.49,3.11,3.13,3.14,3.16,3.17,3.18,3.2,3.21,3.23,3.24,235.87,0,1,1,0,0,0,-1,0,None,aggregation
24,229.51,remora7,remora0,27.66,27.79,27.79,27.78,27.78,27.82,27.82,27.82,29.63,29.64,27.44,27.58,27.58,27.57,27.57,27.61,27.61,27.61,29.54,29.56,2.52,2.55,2.57,2.6,2.63,2.65,2.68,2.71,2.74,2.77,3.26,3.27,3.28,3.3,3.31,3.33,3.35,3.36,3.38,3.39,246.53,0,1,1,0,0,0,-1,0,None,aggregation
24,230.51,remora7,remora0,29.64,29.68,29.68,28.01,28.01,28.04,28.04,28.08,28.08,28.12,29.56,29.6,29.6,27.81,27.81,27.85,27.85,27.89,27.89,27.93,2.8,2.83,2.86,2.88,2.91,2.94,2.97,3,3.02,3.05,3.41,3.43,3.45,3.47,3.48,3.5,3.51,3.53,3.55,3.56,250.9,0,1,1,0,0,0,-1,0,None,aggregation
24,231.51,remora7,remora0,28.12,28.12,25.75,29.74,29.74,29.75,29.75,28.3,28.3,28.33,27.93,27.93,25.46,29.67,29.67,29.68,29.68,28.12,28.12,28.15,3.08,3.11,3.13,3.16,3.19,3.22,3.25,3.28,3.31,3.33,3.58,3.6,3.61,3.62,3.64,3.66,3.68,3.69,3.71,3.73,262.07,0,0,1,0,0,0,-1,0,None,aggregation
24,232.51,remora7,remora0,28.33,28.33,28.33,28.33,28.36,29.67,29.67,29.67,29.69,26.31,28.15,28.15,28.15,28.15,28.19,29.59,29.59,29.59,29.61,26.04,3.36,3.39,3.42,3.45,3.47,3.5,3.53,3.56,3.59,3.62,3.75,3.76,3.78,3.8,3.82,3.83,3.85,3.87,3.89,3.9,273.29,0,0,1,0,0,0,-1,0,None,aggregation
24,233.51,remora7,remora0,26.31,26.31,26.32,28.49,28.49,28.52,28.52,28.51,28.51,29.81,26.04,26.04,26.05,28.32,28.32,28.35,28.35,28.34,28.34,29.75,3.65,3.67,3.7,3.72,3.75,3.78,3.81,3.84,3.87,3.9,3.92,3.93,3.95,3.97,3.99,4,4.02,4.04,4.06,4.07,276.87,0,0,1,0,0,0,-1,0,None,aggregation
24,234.51,remora7,remora0,29.81,29.71,29.71,26.64,26.64,26.64,26.74,26.74,26.74,26.74,29.75,29.63,29.63,26.39,26.39,26.39,26.48,26.49,26.49,26.49,3.93,3.95,3.98,4.03,4.07,4.13,4.18,4.24,4.29,4.34,4.09,4.11,4.13,4.15,4.18,4.21,4.24,4.28,4.31,4.34,277.47,0,0,1,0,0,0,-1,0,None,aggregation
24,235.51,remora7,remora0,26.74,29.72,29.72,29.72,29.72,28.5,28.5,28.49,28.49,28.47,26.49,29.64,29.64,29.64,29.64,28.33,28.33,28.31,28.31,28.3,4.35,4.35,4.36,4.37,4.38,4.38,4.4,4.41,4.43,4.44,4.37,4.4,4.44,4.47,4.5,4.54,4.57,4.61,4.64,4.68,278.38,0,0,1,0,0,0,-1,0,None,aggregation
24,236.51,remora7,remora0,28.47,29.81,29.81,29.62,29.62,27.15,27.15,27.15,27.15,27.16,28.3,29.75,29.75,29.7,29.7,26.91,26.91,26.92,26.92,26.92,4.45,4.46,4.48,4.5,4.52,4.54,4.56,4.58,4.59,4.6,4.71,4.75,4.78,4.81,4.84,4.88,4.92,4.95,4.99,5.02,279.68,0,0,1,0,0,0,-1,0,None,aggregation
24,237.51,remora7,remora0,27.16,29.73,29.73,27.17,27.17,27.34,27.34,27.51,27.51,27.52,26.92,29.66,29.66,26.94,26.94,27.12,27.12,27.3,27.3,27.31,4.62,4.64,4.66,4.67,4.69,4.71,4.73,4.75,4.77,4.8,5.06,5.1,5.13,5.17,5.21,5.25,5.28,5.32,5.36,5.4,280.99,0,0,1,0,0,0,-1,0,None,aggregation
24,238.51,remora7,remora0,27.52,27.52,27.53,27.53,28.97,27.7,27.7,27.7,27.7,27.71,27.31,27.31,27.31,27.31,29.11,27.48,27.48,27.49,27.49,27.5,4.82,4.84,4.85,4.85,4.86,4.87,4.88,4.88,4.9,4.93,5.43,5.46,5.49,5.53,5.56,5.59,5.61,5.64,5.67,5.7,281.39,0,0,1,0,0,0,-1,0,None,aggregation
24,239.51,remora7,remora0,27.71,0,0,30,30,0,0,-20.56,-20.56,0,27.5,0,0,30,30,0,0,-19.74,-19.74,0,4.95,4.97,4.97,4.95,4.97,4.99,4.99,4.97,4.94,4.92,5.74,5.78,5.79,5.79,5.82,5.86,5.87,5.87,5.85,5.84,266.12,0,0,1,0,0,0,-1,0,None,aggregation
24,240.51,remora7,remora0,0,0,0,0,0,30,30,30,30,30,0,0,0,0,0,30,30,30,30,30,4.91,4.91,4.91,4.91,4.91,4.91,4.93,4.96,4.98,5.01,5.85,5.85,5.86,5.87,5.88,5.89,5.91,5.95,5.99,6.03,252.66,0,0,1,0,0,0,-1,0,None,aggregation
24,241.51,remora7,remora0,30,30,30,30,30,0,0,0,-4.74,-4.74,30,30,30,30,30,0,0,0,-15.2,-15.2,5.02,5.03,5.04,5.05,5.05,5.05,5.04,5.02,5.01,4.98,6.06,6.09,6.11,6.14,6.15,6.16,6.14,6.12,6.09,6.06,241.14,0,0,1,1,0,1,-1,0,None,aggregation
24,242.51,remora7,remora0,0,0,-30.18,0,0,0,0,0,0,0,0,0,-29.36,0,0,0,0,0,0,0,4.97,4.95,4.91,4.86,4.84,4.81,4.8,4.79,4.77,4.76,6.04,6.01,5.97,5.92,5.89,5.86,5.84,5.82,5.8,5.78,215.53,0,0,1,0,0,0,-1,0,None,aggregation
24,243.51,remora7,remora0,0,-22.08,-22.08,0,0,0,0,0,0,0,0,-21.26,-21.26,0,0,0,0,0,0,0,4.76,4.75,4.74,4.72,4.7,4.68,4.66,4.65,4.65,4.65,5.77,5.75,5.72,5.69,5.66,5.63,5.61,5.59,5.57,5.56,191.98,0,0,1,0,0,0,-1,0,None,aggregation
24,124.51,remora6,remora2,-17.95,-17.95,-17.39,-17.39,0,0,0,-16.96,-16.96,-17.03,-18.77,-18.77,-18.21,-18.21,0,0,0,-17.78,-17.78,-17.85,10,10,10,10,10,10,10,10,10,10,10,10,10,10,10,10,10,10,10,10,134.02,0,0,1,0,0,0,-1,0,None,aggregation
24,125.51,remora6,remora2,-17.03,-16.6,-16.6,-16.17,-16.17,-15.73,-15.73,-15.29,-15.29,-14.84,-17.85,-17.42,-17.42,-16.99,-16.99,-16.55,-16.55,-16.11,-16.11,-15.67,10,10,10,10,10,10,10,10,10,10,10,10,10,10,10,10,10,10,10,10,150.38,0,0,1,0,0,0,-1,0,None,aggregation
24,126.51,remora6,remora2,-14.84,-14.4,-14.4,-13.94,-13.94,-13.49,-13.49,-13.03,-13.03,-12.28,-15.67,-15.22,-15.22,-14.77,-14.77,-14.31,-14.31,-13.85,-13.85,-13.1,10,10,10,10,10,10,10,10,10,10,10,10,10,10,10,10,10,10,10,10,164.47,0,0,1,0,0,0,-1,0,None,aggregation
24,127.51,remora6,remora2,-12.28,-12.28,-11.81,-11.07,-11.07,-11.07,-10.31,-9.84,-9.84,-9.09,-13.1,-13.1,-12.63,-11.9,-11.9,-11.9,-11.13,-10.66,-10.66,-9.91,10,10,10,10,9.99,9.96,9.93,9.9,9.87,9.84,10,10,10,10,9.99,9.96,9.93,9.9,9.87,9.84,175.75,0,0,1,0,0,0,-1,0,None,aggregation
24,128.51,remora6,remora2,-9.09,-8.32,-8.32,-7.83,-7.83,-6.79,-6.79,-6.3,-6.3,-5.26,-9.91,-9.14,-9.14,-8.65,-8.65,-7.62,-7.62,-7.12,-7.12,-6.08,9.82,9.79,9.76,9.73,9.7,9.67,9.65,9.62,9.59,9.56,9.82,9.79,9.76,9.73,9.7,9.67,9.65,9.62,9.59,9.56,163.77,0,0,1,0,0,0,-1,0,None,aggregation
24,129.51,remora6,remora2,-5.26,-4.49,-4.49,-3.73,-3.73,-2.95,-2.95,0,0,0,-6.08,-5.31,-5.31,-4.55,-4.55,-3.78,-3.78,0,0,0,9.54,9.51,9.48,9.46,9.43,9.4,9.38,9.35,9.32,9.3,9.54,9.51,9.48,9.46,9.43,9.4,9.38,9.35,9.32,9.3,143.97,0,0,1,0,0,0,-1,0,None,aggregation
24,130.51,remora6,remora2,0,0,0,0,0,0,0,0,0,0,0,0,0,0,0,0,0,0,0,0,9.27,9.25,9.22,9.19,9.17,9.14,9.12,9.09,9.07,9.04,9.27,9.25,9.22,9.19,9.17,9.14,9.12,9.09,9.07,9.04,119.01,0,0,1,0,0,0,-1,0,None,aggregation
24,131.51,remora6,remora2,0,0,0,0,0,0,0,0,0,0,0,0,0,0,0,0,0,0,0,0,9.01,8.99,8.96,8.93,8.91,8.88,8.86,8.84,8.81,8.78,9.01,8.99,8.96,8.93,8.91,8.88,8.86,8.84,8.81,8.78,92.72,0,0,1,0,0,0,-1,0,None,aggregation
24,132.51,remora6,remora2,0,0,0,0,0,0,0,0,0,0,0,0,0,0,0,0,0,0,0,0,8.76,8.73,8.71,8.68,8.66,8.63,8.61,8.58,8.56,8.53,8.76,8.73,8.71,8.68,8.66,8.63,8.61,8.58,8.56,8.53,76.12,0,0,1,0,0,0,-1,0,None,aggregation
24,133.51,remora6,remora2,0,0,0,0,0,0,0,0,0,0,0,0,0,0,0,0,0,0,0,0,8.51,8.48,8.46,8.43,8.41,8.38,8.36,8.33,8.31,8.28,8.51,8.48,8.46,8.43,8.41,8.38,8.36,8.33,8.31,8.28,64.92,0,0,1,0,0,0,-1,0,None,aggregation
24,134.51,remora6,remora2,0,0,0,0,0,0,0,0,0,0,0,0,0,0,0,0,0,0,0,0,8.26,8.23,8.21,8.18,8.16,8.14,8.11,8.08,8.06,8.04,8.26,8.23,8.21,8.18,8.16,8.14,8.11,8.08,8.06,8.04,52.47,0,0,1,0,0,0,-1,0,None,aggregation
24,135.51,remora6,remora2,0,0,0,0,0,0,0,0,0,0,0,0,0,0,0,0,0,0,0,0,8.01,7.99,7.97,7.94,7.91,7.89,7.87,7.84,7.82,7.79,8.01,7.99,7.97,7.94,7.91,7.89,7.87,7.84,7.82,7.79,36.12,0,0,0,0,0,0,-1,0,None,aggregation
24,136.51,remora6,remora2,0,0,0,16.91,16.91,16.91,17.11,18.04,18.04,18.04,0,0,0,17.41,17.41,17.41,17.6,18.51,18.51,18.51,7.77,7.75,7.73,7.7,7.68,7.65,7.63,7.61,7.58,7.56,7.77,7.75,7.73,7.7,7.68,7.65,7.63,7.61,7.58,7.56,34.39,0,0,0,0,0,0,-1,0,None,aggregation
24,137.51,remora6,remora2,18.94,18.94,19.81,20.48,20.48,20.48,21.14,21.14,21.77,22.38,19.4,19.4,20.25,20.91,20.91,20.91,21.54,21.54,22.16,22.75,7.54,7.51,7.49,7.46,7.44,7.41,7.39,7.37,7.35,7.32,7.54,7.51,7.49,7.46,7.44,7.41,7.39,7.37,7.35,7.32,43.88,0,0,0,0,0,0,-1,0,None,aggregation
24,138.51,remora6,remora2,22.38,22.96,22.96,23.39,23.39,23.39,23.81,24.21,24.21,24.61,22.75,23.32,23.32,23.74,23.74,23.74,24.15,24.54,24.54,24.92,7.3,7.28,7.25,7.23,7.21,7.18,7.16,7.14,7.11,7.09,7.3,7.28,7.25,7.23,7.21,7.18,7.16,7.14,7.11,7.09,59.88,0,0,1,0,0,0,-1,0,None,aggregation
24,139.51,remora6,remora2,24.61,24.61,24.98,25.23,25.23,25.23,25.48,25.72,25.72,25.95,24.92,24.92,25.28,25.52,25.52,25.52,25.76,25.99,25.99,26.22,7.07,7.04,7.02,7,6.97,6.95,6.93,6.9,6.88,6.86,7.07,7.04,7.02,7,6.97,6.95,6.93,6.9,6.88,6.86,82.26,0,0,1,0,0,0,-1,0,None,aggregation
24,140.51,remora6,remora2,25.95,25.95,26.17,26.17,26.39,26.6,26.6,26.79,26.79,26.79,26.22,26.22,26.44,26.44,26.65,26.84,26.84,27.03,27.03,27.03,6.84,6.81,6.79,6.77,6.77,6.77,6.77,6.78,6.77,6.74,6.84,6.81,6.79,6.77,6.77,6.77,6.77,6.78,6.77,6.74,108.8,0,0,1,0,0,0,-1,0,None,aggregation
24,141.51,remora6,remora2,26.79,26.96,26.96,0,0,0,0,-19.01,-19.01,-19.01,27.03,27.2,27.2,0,0,0,0,-19.83,-19.83,-19.83,6.72,6.7,6.68,6.66,6.63,6.6,6.58,6.56,6.53,6.5,6.72,6.7,6.68,6.66,6.63,6.6,6.58,6.56,6.53,6.5,122.73,0,0,1,0,0,0,-1,0,None,aggregation
24,142.51,remora6,remora2,0,0,0,-18.64,-18.64,-18.67,-18.67,-18.25,-18.25,-18.25,0,0,0,-19.46,-19.46,-19.49,-19.49,-19.08,-19.08,-19.08,6.48,6.46,6.45,6.45,6.45,6.45,6.43,6.4,6.38,6.35,6.48,6.46,6.45,6.45,6.45,6.45,6.43,6.4,6.38,6.35,135.96,0,0,1,0,0,0,-1,0,None,aggregation
24,143.51,remora6,remora2,-17.83,-17.4,-17.4,-16.97,-16.97,-16.97,-16.53,-16.09,-16.09,-15.65,-18.65,-18.22,-18.22,-17.79,-17.79,-17.79,-17.35,-16.91,-16.91,-16.47,6.33,6.31,6.28,6.26,6.24,6.21,6.19,6.17,6.14,6.12,6.33,6.31,6.28,6.26,6.24,6.21,6.19,6.17,6.14,6.12,153.16,0,0,1,0,0,0,-1,0,None,aggregation
24,144.51,remora6,remora2,-15.65,-15.2,-15.2,-14.46,-14.46,-13.99,-13.99,-13.26,-13.26,-13.26,-16.47,-16.02,-16.02,-15.28,-15.28,-14.81,-14.81,-14.08,-14.08,-14.08,6.1,6.08,6.06,6.04,6.02,6,5.97,5.95,5.93,5.91,6.1,6.08,6.06,6.04,6.02,6,5.97,5.95,5.93,5.91,167.85,0,0,1,0,0,0,-1,0,None,aggregation
24,145.51,remora6,remora2,-12.51,-12.04,-12.04,-11.3,-11.3,-10.54,-10.54,-10.54,-10.06,-9.03,-13.33,-12.87,-12.87,-12.12,-12.12,-11.36,-11.36,-11.36,-10.88,-9.85,5.9,5.88,5.86,5.84,5.82,5.8,5.78,5.76,5.74,5.73,5.9,5.88,5.86,5.84,5.82,5.8,5.78,5.76,5.74,5.73,179.25,0,0,1,0,0,0,-1,0,None,aggregation
24,146.51,remora6,remora2,-9.03,-8.25,-8.25,-7.5,-7.5,-6.47,-6.47,-6.47,-5.7,0,-9.85,-9.07,-9.07,-8.32,-8.32,-7.29,-7.29,-7.29,-6.52,0,5.71,5.69,5.67,5.66,5.64,5.62,5.6,5.58,5.57,5.55,5.71,5.69,5.67,5.66,5.64,5.62,5.6,5.58,5.57,5.55,173.81,0,0,1,0,0,0,-1,0,None,aggregation
24,147.51,remora6,remora2,0,0,0,0,0,0,0,0,0,0,0,0,0,0,0,0,0,0,0,0,5.53,5.51,5.49,5.48,5.46,5.44,5.42,5.4,5.39,5.38,5.53,5.51,5.49,5.48,5.46,5.44,5.42,5.4,5.39,5.38,153.05,0,0,1,0,0,0,-1,0,None,aggregation
24,148.51,remora6,remora2,0,0,0,0,0,0,0,0,0,0,0,0,0,0,0,0,0,0,0,0,5.38,5.38,5.37,5.35,5.33,5.33,5.33,5.33,5.32,5.3,5.38,5.38,5.37,5.35,5.33,5.33,5.33,5.33,5.32,5.3,129.34,0,0,1,0,0,0,-1,0,None,aggregation
24,149.51,remora6,remora2,0,0,0,0,0,0,0,0,0,0,0,0,0,0,0,0,0,0,0,0,5.3,5.3,5.3,5.3,5.3,5.28,5.27,5.25,5.24,5.24,5.3,5.3,5.3,5.3,5.3,5.28,5.27,5.25,5.24,5.24,103.92,0,0,1,0,0,0,-1,0,None,aggregation
24,150.51,remora6,remora2,0,0,0,0,0,0,0,0,0,0,0,0,0,0,0,0,0,0,0,0,5.24,5.24,5.23,5.22,5.2,5.18,5.17,5.15,5.14,5.14,5.24,5.24,5.23,5.22,5.2,5.18,5.17,5.15,5.14,5.14,77.38,0,0,1,0,0,0,-1,0,None,aggregation
24,151.51,remora6,remora2,0,0,0,0,0,0,0,0,0,0,0,0,0,0,0,0,0,0,0,0,5.14,5.14,5.14,5.12,5.11,5.09,5.07,5.06,5.04,5.03,5.14,5.14,5.14,5.12,5.11,5.09,5.07,5.06,5.04,5.03,63.44,0,0,1,0,0,0,-1,0,None,aggregation
24,152.51,remora6,remora2,0,0,0,0,0,0,0,0,0,0,0,0,0,0,0,0,0,0,0,0,5.02,5.02,5.02,5.02,5.01,4.99,4.99,4.99,4.99,4.99,5.02,5.02,5.02,5.02,5.01,4.99,4.99,4.99,4.99,4.99,50.22,0,0,1,0,0,0,-1,0,None,aggregation
24,153.51,remora6,remora2,0,0,0,0,0,18.16,18.16,18.51,18.51,18.87,0,0,0,0,0,18.63,18.63,18.98,18.98,19.33,4.98,4.97,4.96,4.96,4.96,4.96,4.93,4.91,4.89,4.87,4.98,4.97,4.96,4.96,4.96,4.96,4.93,4.91,4.89,4.87,42.36,0,0,0,0,0,0,-1,0,None,aggregation
24,154.51,remora6,remora2,18.87,18.87,19.55,19.55,19.89,20.38,20.38,20.38,10.87,21.33,19.33,19.33,20,20,20.33,20.81,20.81,20.81,11.49,21.74,4.84,4.82,4.8,4.79,4.78,4.77,4.75,4.73,4.72,4.7,4.84,4.82,4.8,4.79,4.78,4.77,4.75,4.73,4.72,4.7,46.91,0,0,1,0,0,0,-1,0,None,aggregation
24,155.51,remora6,remora2,21.33,21.33,21.64,12.11,12.11,22.39,22.39,22.39,22.68,22.68,21.74,21.74,22.04,12.71,12.71,22.77,22.77,22.77,23.05,23.05,4.69,4.68,4.67,4.66,4.66,4.65,4.64,4.63,4.63,4.61,4.69,4.68,4.67,4.66,4.66,4.65,4.64,4.63,4.63,4.61,55.82,0,0,1,0,0,0,-1,0,None,aggregation
24,156.51,remora6,remora2,23.1,23.1,23.38,23.91,23.91,23.91,23.91,24.42,24.42,24.42,23.46,23.46,23.73,24.24,24.24,24.24,24.24,24.74,24.74,24.74,4.59,4.57,4.56,4.55,4.54,4.53,4.51,4.49,4.47,4.46,4.59,4.57,4.56,4.55,4.54,4.53,4.51,4.49,4.47,4.46,72.91,0,0,1,0,0,0,-1,0,None,aggregation
24,157.51,remora6,remora2,15,24.92,24.92,15.59,15.59,25.39,25.39,25.61,25.61,25.83,15.54,25.22,25.22,16.12,16.12,25.68,25.68,25.89,25.89,26.11,4.46,4.45,4.43,4.41,4.39,4.38,4.37,4.35,4.34,4.33,4.46,4.45,4.43,4.41,4.39,4.38,4.37,4.35,4.34,4.33,95.47,0,0,1,0,0,0,-1,0,None,aggregation
24,158.51,remora6,remora2,25.83,26.05,26.05,26.05,16.81,26.46,26.46,-4.38,-4.38,-4.38,26.11,26.32,26.32,26.32,17.32,26.71,26.71,-14.84,-14.84,-14.84,4.31,4.29,4.26,4.24,4.23,4.23,4.23,4.22,4.23,4.24,4.31,4.29,4.26,4.24,4.23,4.23,4.23,4.22,4.23,4.24,115.83,0,0,1,0,0,0,-1,0,None,aggregation
24,159.51,remora6,remora2,-4.29,-4.29,-4.07,-3.79,-3.79,11.82,11.82,22.99,22.99,-3.29,-14.76,-14.76,-14.53,-14.26,-14.26,12.42,12.42,23.35,23.35,-13.76,4.24,4.25,4.26,4.26,4.27,4.28,4.28,4.27,4.26,4.22,4.24,4.25,4.26,4.26,4.27,4.28,4.28,4.27,4.26,4.22,128.39,0,0,1,1,0,1,-1,0,None,aggregation
24,160.51,remora6,remora2,-3.29,-3.29,-3.17,-3.17,-2.78,-2.78,-2.35,-2.35,19.48,18.85,-13.76,-13.76,-13.63,-13.63,-13.25,-13.25,-12.82,-12.82,19.92,19.31,4.22,4.22,4.23,4.23,4.22,4.2,4.19,4.2,4.19,4.18,4.22,4.22,4.23,4.23,4.22,4.2,4.19,4.2,4.19,4.18,138.77,0,0,1,0,0,0,-1,0,None,aggregation
24,161.51,remora6,remora2,18.85,18.85,-1.61,-1.61,-1.39,-1.39,-0.87,-0.31,-0.31,-0.31,19.31,19.31,-12.08,-12.08,-11.86,-11.86,-11.33,-10.77,-10.77,-10.77,4.17,4.16,4.16,4.17,4.17,4.18,4.18,4.19,4.19,4.2,4.17,4.16,4.16,4.17,4.17,4.18,4.18,4.19,4.19,4.2,147.55,0,0,1,1,0,1,-1,0,None,aggregation
24,162.51,remora6,remora2,0.28,0.28,-5.47,12.61,12.61,12.67,12.67,12.67,-5.89,1.03,-10.19,-10.19,-4.65,13.2,13.2,13.25,13.25,13.25,-5.07,-9.43,4.2,4.2,4.2,4.2,4.19,4.18,4.17,4.15,4.15,4.15,4.2,4.2,4.2,4.2,4.19,4.18,4.17,4.15,4.15,4.15,156.48,0,0,1,0,0,0,-1,0,None,aggregation
24,163.51,remora6,remora2,1.03,12.45,12.45,1.72,1.72,2.01,2.01,2.01,2.83,-13.42,-9.43,13.05,13.05,-8.75,-8.75,-8.45,-8.45,-8.45,-7.63,-12.59,4.15,4.15,4.14,4.12,4.12,4.13,4.12,4.1,4.07,4.05,4.15,4.15,4.14,4.12,4.12,4.13,4.12,4.1,4.07,4.05,153.33,0,0,1,0,0,0,-1,0,None,aggregation
24,164.51,remora6,remora2,-13.42,7.04,7.04,7.1,7.1,-28.97,-28.97,0,0,0,-12.59,7.73,7.73,7.79,7.79,-28.15,-28.15,0,0,0,4.06,4.07,4.07,4.06,4.04,4.01,4.02,4.04,4.02,4,4.06,4.07,4.07,4.06,4.04,4.01,4.02,4.04,4.02,4,144.07,0,0,1,0,0,0,-1,0,None,aggregation
24,165.51,remora6,remora2,0,22.8,22.8,13.22,13.22,0,0,0,0,13.04,0,22.43,22.43,12.64,12.64,0,0,0,0,12.45,3.98,3.95,3.93,3.91,3.89,3.88,3.88,3.85,3.83,3.81,3.98,3.95,3.93,3.91,3.89,3.88,3.88,3.85,3.83,3.81,132.14,0,0,1,0,0,0,-1,0,None,aggregation
24,166.51,remora6,remora2,13.04,22.51,22.51,3.63,3.63,3.63,4.01,4.69,4.69,4.69,12.45,22.12,22.12,-6.84,-6.84,-6.84,-6.46,-5.78,-5.78,-5.78,3.79,3.78,3.76,3.74,3.72,3.7,3.69,3.69,3.67,3.65,3.79,3.78,3.76,3.74,3.72,3.7,3.69,3.69,3.67,3.65,114.63,0,0,1,0,0,0,-1,0,None,aggregation
24,167.51,remora6,remora2,5.32,5.32,5.78,6.22,6.22,6.64,6.64,6.64,7.03,7.39,-5.05,-5.05,-4.14,-3.25,-3.25,-2.41,-2.41,-2.41,-1.61,-0.86,3.64,3.64,3.63,3.61,3.59,3.57,3.54,3.51,3.49,3.46,3.64,3.64,3.63,3.61,3.59,3.57,3.54,3.51,3.49,3.46,93.7,0,0,1,0,0,0,-1,0,None,aggregation
24,168.51,remora6,remora2,7.39,7.39,7.73,8.04,8.04,24.51,24.51,24.51,29.44,29.42,-0.86,-0.86,-0.15,0.53,0.53,24.18,24.18,24.18,29.34,29.31,3.45,3.44,3.44,3.43,3.41,3.39,3.34,3.3,3.25,3.2,3.45,3.44,3.44,3.43,3.41,3.39,3.34,3.3,3.25,3.2,88.41,0,0,1,0,0,0,-1,0,None,aggregation
24,169.51,remora6,remora2,29.42,29.42,29.38,24.04,24.04,29.21,29.21,29.21,29.21,29.08,29.31,29.31,29.26,23.7,23.7,29.09,29.09,29.09,29.09,28.94,3.15,3.11,3.06,3.01,2.96,2.92,2.87,2.82,2.76,2.72,3.15,3.11,3.06,3.01,2.96,2.92,2.87,2.82,2.76,2.72,104,0,1,1,0,0,0,-1,0,None,aggregation
24,170.51,remora6,remora2,29.08,0,0,0,0,0,0,0,0,0,28.94,0,0,0,0,0,0,0,0,0,2.67,2.62,2.6,2.57,2.55,2.53,2.51,2.49,2.46,2.44,2.67,2.62,2.6,2.57,2.55,2.53,2.51,2.49,2.46,2.44,96.51,0,1,1,0,0,0,-1,0,None,aggregation
24,171.51,remora6,remora2,0,0,0,0,0,0,0,0,0,0,0,0,0,0,0,0,0,0,0,0,2.42,2.4,2.38,2.36,2.34,2.32,2.3,2.28,2.26,2.24,2.42,2.4,2.38,2.36,2.34,2.32,2.3,2.28,2.26,2.24,87.73,0,1,1,0,0,0,-1,0,None,aggregation
24,172.51,remora6,remora2,0,0,0,0,0,0,0,0,0,0,0,0,0,0,0,0,0,0,0,0,2.22,2.21,2.19,2.17,2.15,2.13,2.11,2.1,2.08,2.06,2.22,2.21,2.19,2.17,2.15,2.13,2.11,2.1,2.08,2.06,78.8,0,1,1,0,0,0,-1,0,None,aggregation
24,173.51,remora6,remora2,0,0,0,0,0,0,0,0,0,0,0,0,0,0,0,0,0,0,0,0,2.05,2.03,2.01,2,1.98,1.96,1.95,1.93,1.92,1.9,2.05,2.03,2.01,2,1.98,1.96,1.95,1.93,1.92,1.9,72.62,0,1,1,0,0,0,-1,0,None,aggregation
24,174.51,remora6,remora2,0,0,0,0,0,0,0,0,0,0,0,0,0,0,0,0,0,0,0,0,1.89,1.88,1.86,1.85,1.84,1.82,1.82,1.82,1.82,1.82,1.89,1.88,1.86,1.85,1.84,1.82,1.82,1.82,1.82,1.82,62.64,0,1,1,0,0,0,-1,0,None,aggregation
24,175.51,remora6,remora2,0,0,0,0,0,0,0,0,0,0,0,0,0,0,0,0,0,0,0,0,1.82,1.82,1.82,1.82,1.82,1.82,1.82,1.82,1.82,1.82,1.82,1.82,1.82,1.82,1.82,1.82,1.82,1.82,1.82,1.82,54.26,0,1,1,0,0,0,-1,0,None,aggregation
24,176.51,remora6,remora2,0,0,0,0,0,0,0,0,0,0,0,0,0,0,0,0,0,0,0,0,1.82,1.82,1.82,1.82,1.82,1.81,1.81,1.81,1.81,1.81,1.82,1.82,1.82,1.82,1.82,1.81,1.81,1.81,1.81,1.81,47.75,0,1,1,0,0,0,-1,0,None,aggregation
24,177.51,remora6,remora2,0,-25.68,-25.68,-25.68,-25.94,-25.94,-25.93,-26.18,-26.18,-26.35,0,-24.86,-24.86,-24.86,-25.12,-25.12,-25.11,-25.36,-25.36,-25.53,1.83,1.85,1.87,1.9,1.92,1.95,1.97,2,2.02,2.05,1.83,1.85,1.87,1.9,1.92,1.95,1.97,2,2.02,2.05,69.1,0,1,1,0,0,0,-1,0,None,aggregation
24,178.51,remora6,remora2,-26.35,-26.35,-26.28,-26.37,-26.37,-26.53,-26.53,-26.53,-26.53,8.39,-25.53,-25.53,-25.46,-25.55,-25.55,-25.71,-25.71,-25.71,-25.71,1.3,2.07,2.1,2.13,2.15,2.17,2.2,2.23,2.25,2.28,2.29,2.07,2.1,2.13,2.15,2.17,2.2,2.23,2.25,2.28,2.29,77.93,0,1,1,0,0,0,-1,0,None,aggregation
24,179.51,remora6,remora2,8.39,8.49,8.49,8.73,8.73,8.73,8.95,-28.87,-28.87,9.27,1.3,1.52,1.52,2.07,2.07,2.07,2.59,-28.05,-28.05,3.35,2.29,2.29,2.28,2.28,2.27,2.27,2.26,2.26,2.28,2.3,2.29,2.29,2.28,2.28,2.27,2.27,2.26,2.26,2.28,2.3,59.79,0,1,1,0,0,0,-1,0,None,aggregation
24,180.51,remora6,remora2,9.27,9.34,9.34,9.5,9.5,9.65,9.65,9.65,-30.12,-30.12,3.35,3.54,3.54,3.95,3.95,4.35,4.35,4.35,-29.29,-29.29,2.29,2.29,2.28,2.28,2.27,2.26,2.26,2.25,2.26,2.29,2.29,2.29,2.28,2.28,2.27,2.26,2.26,2.25,2.26,2.29,68.2,0,1,1,0,0,0,-1,0,None,aggregation
24,181.51,remora6,remora2,-30.22,-30.22,-30.22,9.86,9.85,9.95,9.95,9.95,10.05,10.05,-29.4,-29.4,-29.4,4.95,4.92,5.22,5.22,5.22,5.53,5.53,2.31,2.34,2.36,2.36,2.36,2.36,2.37,2.38,2.38,2.39,2.31,2.34,2.36,2.36,2.36,2.36,2.37,2.38,2.38,2.39,82.45,0,1,1,0,0,0,-1,0,None,aggregation
24,182.51,remora6,remora2,10.13,10.21,10.21,10.28,10.28,10.28,10.28,10.38,10.38,10.38,5.83,6.1,6.1,6.35,6.35,6.35,6.35,6.81,6.81,6.81,2.4,2.4,2.41,2.42,2.43,2.44,2.45,2.45,2.46,2.47,2.4,2.4,2.41,2.42,2.43,2.44,2.45,2.45,2.46,2.47,90.79,0,1,1,0,0,0,-1,0,None,aggregation
24,183.51,remora6,remora2,-28.56,-28.28,-28.28,10.47,10.47,10.48,10.48,10.51,10.51,10.51,-29.39,-29.1,-29.1,7.26,7.26,7.37,7.37,7.53,7.53,7.53,2.49,2.52,2.56,2.59,2.61,2.62,2.63,2.64,2.65,2.66,2.49,2.52,2.56,2.59,2.61,2.62,2.63,2.64,2.65,2.66,105.69,0,1,1,0,0,0,-1,0,None,aggregation
24,184.51,remora6,remora2,10.53,10.53,10.53,-10.32,-10.32,10.55,10.55,10.55,10.56,10.56,7.69,7.69,7.69,-11.14,-11.14,8,8,8,8.08,8.08,2.67,2.68,2.7,2.72,2.75,2.77,2.78,2.79,2.79,2.8,2.67,2.68,2.7,2.72,2.75,2.77,2.78,2.79,2.79,2.8,115.21,0,1,1,0,0,0,-1,0,None,aggregation
24,185.51,remora6,remora2,-7.93,-24.46,-24.46,10.56,10.56,10.56,10.56,10.56,10.56,10.55,-8.75,-25.28,-25.28,8.3,8.3,8.36,8.36,8.46,8.46,8.55,2.81,2.84,2.87,2.9,2.92,2.93,2.94,2.95,2.95,2.95,2.81,2.84,2.87,2.9,2.92,2.93,2.94,2.95,2.95,2.95,127.66,0,1,1,0,0,0,-1,0,None,aggregation
24,186.51,remora6,remora2,10.55,10.55,0,20.11,20.11,19.81,19.81,19.49,19.49,19.17,8.55,8.55,0,20.54,20.54,20.25,20.25,19.94,19.94,19.62,2.96,2.98,3,3.02,3.02,3.02,3.02,3.02,3.03,3.03,2.96,2.98,3,3.02,3.02,3.02,3.02,3.02,3.03,3.03,143.52,0,0,1,0,0,0,-1,0,None,aggregation
24,187.51,remora6,remora2,19.17,26.68,26.68,26.63,26.63,29.98,29.98,26.49,26.49,26.48,19.62,26.92,26.92,26.87,26.87,29.96,29.96,26.74,26.74,26.73,3.03,3.03,3.04,3.05,3.06,3.07,3.08,3.08,3.09,3.09,3.03,3.03,3.04,3.05,3.06,3.07,3.08,3.08,3.09,3.09,147.16,0,0,1,0,0,0,-1,0,None,aggregation
24,188.51,remora6,remora2,26.48,26.48,26.36,26.35,26.35,29.98,29.98,26.26,26.26,26.26,26.73,26.73,26.61,26.6,26.6,29.96,29.96,26.52,26.52,26.52,3.1,3.12,3.13,3.15,3.17,3.19,3.2,3.22,3.24,3.27,3.1,3.12,3.13,3.15,3.17,3.19,3.2,3.22,3.24,3.27,150.43,0,0,1,0,0,0,-1,0,None,aggregation
24,189.51,remora6,remora2,29.98,26.21,26.21,26.21,26.24,29.97,29.97,26.26,26.26,26.26,29.96,26.47,26.47,26.47,26.5,29.94,29.94,26.52,26.52,26.52,3.28,3.3,3.33,3.35,3.37,3.39,3.41,3.43,3.45,3.48,3.28,3.3,3.33,3.35,3.37,3.39,3.41,3.43,3.45,3.48,167.87,0,0,1,0,0,0,-1,0,None,aggregation
24,190.51,remora6,remora2,26.3,26.3,29.97,29.97,29.97,26.39,26.39,0,0,0,26.56,26.56,29.94,29.94,29.94,26.65,26.65,0,0,0,3.5,3.53,3.56,3.58,3.61,3.64,3.65,3.64,3.64,3.63,3.5,3.53,3.56,3.58,3.61,3.64,3.65,3.64,3.64,3.63,176.14,0,0,1,0,0,0,-1,0,None,aggregation
24,191.51,remora6,remora2,0,0,0,0,0,0,0,0,0,0,0,0,0,0,0,0,0,0,0,0,3.63,3.62,3.62,3.61,3.61,3.6,3.59,3.59,3.58,3.57,3.63,3.62,3.62,3.61,3.61,3.6,3.59,3.59,3.58,3.57,161.89,0,0,1,0,0,0,-1,0,None,aggregation
24,192.51,remora6,remora2,0,0,0,0,0,0,0,0,0,0,0,0,0,0,0,0,0,0,0,0,3.59,3.6,3.59,3.59,3.58,3.57,3.58,3.6,3.61,3.63,3.59,3.6,3.59,3.59,3.58,3.57,3.58,3.6,3.61,3.63,153.55,0,0,1,0,0,0,-1,0,None,aggregation
24,193.51,remora6,remora2,0,0,0,0,0,0,0,0,0,0,0,0,0,0,0,0,0,0,0,0,3.64,3.63,3.63,3.62,3.61,3.61,3.6,3.59,3.59,3.58,3.64,3.63,3.63,3.62,3.61,3.61,3.6,3.59,3.59,3.58,138.65,0,0,1,0,0,0,-1,0,None,aggregation
24,194.51,remora6,remora2,0,0,0,0,0,0,0,0,0,0,0,0,0,0,0,0,0,0,0,0,3.58,3.57,3.57,3.57,3.57,3.57,3.55,3.53,3.52,3.52,3.58,3.57,3.57,3.57,3.57,3.57,3.55,3.53,3.52,3.52,129.13,0,0,1,0,0,0,-1,0,None,aggregation
24,195.51,remora6,remora2,0,0,0,0,0,0,0,0,0,0,0,0,0,0,0,0,0,0,0,0,3.52,3.52,3.51,3.49,3.48,3.46,3.44,3.43,3.41,3.4,3.52,3.52,3.51,3.49,3.48,3.46,3.44,3.43,3.41,3.4,116.68,0,0,1,0,0,0,-1,0,None,aggregation
24,196.51,remora6,remora2,0,0,0,0,0,0,0,0,0,0,0,0,0,0,0,0,0,0,0,0,3.38,3.37,3.36,3.36,3.36,3.36,3.35,3.34,3.32,3.31,3.38,3.37,3.36,3.36,3.36,3.36,3.35,3.34,3.32,3.31,100.82,0,0,1,0,0,0,-1,0,None,aggregation
24,197.51,remora6,remora2,0,0,0,-21.64,-21.64,-21.67,-21.67,-21.77,-21.77,-30.37,0,0,0,-22.47,-22.47,-22.49,-22.49,-22.59,-22.59,-29.55,3.29,3.27,3.26,3.24,3.23,3.22,3.2,3.19,3.18,3.17,3.29,3.27,3.26,3.24,3.23,3.22,3.2,3.19,3.18,3.17,90.45,0,0,1,0,0,0,-1,0,None,aggregation
24,198.51,remora6,remora2,-30.37,-30.37,-22.05,-30.4,-30.4,-22.45,-22.45,-22.75,-22.75,-22.7,-29.55,-29.55,-22.87,-29.58,-29.58,-23.28,-23.28,-23.57,-23.57,-23.52,3.17,3.16,3.15,3.14,3.14,3.13,3.13,3.13,3.12,3.12,3.17,3.16,3.15,3.14,3.14,3.13,3.13,3.13,3.12,3.12,89.03,0,0,1,0,0,0,-1,0,None,aggregation
24,199.51,remora6,remora2,-22.7,-30.41,-30.41,-23.05,-23.05,-23.05,-23.36,-23.36,-23.49,-23.56,-23.52,-29.58,-29.58,-23.87,-23.87,-23.87,-24.18,-24.18,-24.31,-24.38,3.12,3.11,3.11,3.12,3.12,3.12,3.12,3.12,3.12,3.12,3.12,3.11,3.11,3.12,3.12,3.12,3.12,3.12,3.12,3.12,86.48,0,0,1,0,0,0,-1,0,None,aggregation
24,200.51,remora6,remora2,-23.56,-23.8,-23.8,-23.8,-23.93,-23.93,-29.59,-24.23,-24.23,-24.37,-24.38,-24.62,-24.62,-24.62,-24.75,-24.75,-30.41,-25.06,-25.06,-25.19,3.12,3.13,3.13,3.14,3.14,3.15,3.16,3.16,3.17,3.18,3.12,3.13,3.13,3.14,3.14,3.15,3.16,3.16,3.17,3.18,91.84,0,0,1,0,0,0,-1,0,None,aggregation
24,201.51,remora6,remora2,-24.37,-24.39,-24.39,-24.39,-29.57,-24.74,-24.74,-24.87,-24.87,-24.94,-25.19,-25.21,-25.21,-25.21,-30.39,-25.56,-25.56,-25.69,-25.69,-25.76,3.19,3.2,3.21,3.22,3.23,3.25,3.26,3.27,3.29,3.3,3.19,3.2,3.21,3.22,3.23,3.25,3.26,3.27,3.29,3.3,117.37,0,0,1,0,0,0,-1,0,None,aggregation
24,202.51,remora6,remora2,-24.94,-24.94,-25.08,10.48,10.48,10.47,10.47,10.46,10.46,10.45,-25.76,-25.76,-25.9,9.07,9.07,9.12,9.12,9.16,9.16,9.21,3.31,3.33,3.34,3.35,3.34,3.34,3.33,3.33,3.32,3.31,3.31,3.33,3.34,3.35,3.34,3.34,3.33,3.33,3.32,3.31,131.85,0,0,1,0,0,0,-1,0,None,aggregation
24,203.51,remora6,remora2,10.45,-24.97,-24.97,10.42,10.42,10.42,10.41,10.4,10.4,-24.88,9.21,-25.79,-25.79,9.28,9.28,9.28,9.32,9.35,9.35,-25.7,3.31,3.31,3.32,3.33,3.33,3.33,3.32,3.32,3.31,3.31,3.31,3.31,3.32,3.33,3.33,3.33,3.32,3.32,3.31,3.31,146.36,0,0,1,0,0,0,-1,0,None,aggregation
24,204.51,remora6,remora2,-24.88,10.38,10.38,10.36,10.36,10.36,10.35,-24.78,-24.78,-24.78,-25.7,9.42,9.42,9.45,9.45,9.45,9.48,-25.6,-25.6,-25.6,3.33,3.34,3.33,3.33,3.32,3.32,3.31,3.31,3.33,3.35,3.33,3.34,3.33,3.33,3.32,3.32,3.31,3.31,3.33,3.35,162.38,0,0,1,0,0,0,-1,0,None,aggregation
24,205.51,remora6,remora2,-24.86,10.32,10.32,10.3,10.3,10.29,10.29,10.29,10.28,10.28,-25.69,9.55,9.55,9.58,9.58,9.6,9.6,9.6,9.62,9.62,3.37,3.38,3.38,3.37,3.37,3.37,3.36,3.35,3.35,3.34,3.37,3.38,3.38,3.37,3.37,3.37,3.36,3.35,3.35,3.34,173.86,0,0,1,0,0,0,-1,0,None,aggregation
24,206.51,remora6,remora2,10.27,-24.93,-24.93,-24.85,-24.85,10.24,10.24,10.22,10.22,10.22,9.64,-25.76,-25.76,-25.67,-25.67,9.7,9.7,9.72,9.72,9.72,3.34,3.34,3.35,3.37,3.39,3.4,3.4,3.4,3.4,3.39,3.34,3.34,3.35,3.37,3.39,3.4,3.4,3.4,3.4,3.39,189.96,0,0,1,0,0,0,-1,0,None,aggregation
24,207.51,remora6,remora2,10.21,10.21,10.21,-25.01,-25.01,-28.26,-28.26,10.17,10.17,10.16,9.73,9.75,9.75,-25.83,-25.83,-29.08,-29.08,9.8,9.8,9.81,3.39,3.39,3.38,3.38,3.39,3.41,3.43,3.45,3.46,3.45,3.39,3.39,3.38,3.38,3.39,3.41,3.43,3.45,3.46,3.45,190.51,0,0,1,0,0,0,-1,0,None,aggregation
24,208.51,remora6,remora2,10.16,10.16,10.15,10.15,10.15,10.15,10.14,-25.16,-25.16,10.12,9.81,9.81,9.82,9.82,9.83,9.83,9.84,-25.98,-25.98,9.86,3.45,3.45,3.44,3.44,3.43,3.43,3.42,3.42,3.44,3.46,3.45,3.45,3.44,3.44,3.43,3.43,3.42,3.42,3.44,3.46,177.86,0,0,1,0,0,0,-1,0,None,aggregation
24,209.51,remora6,remora2,10.12,10.11,10.11,10.11,10.11,10.11,-25.15,-25.15,10.09,10.08,9.86,9.88,9.88,9.88,9.88,9.88,-25.98,-25.98,9.9,9.91,3.46,3.45,3.45,3.45,3.45,3.45,3.47,3.48,3.48,3.48,3.46,3.45,3.45,3.45,3.45,3.45,3.47,3.48,3.48,3.48,166.08,0,0,1,0,0,0,-1,0,None,aggregation
24,210.51,remora6,remora2,10.08,10.08,10.08,-27.64,-27.64,-27.64,10.06,10.05,10.05,-25.41,9.91,9.92,9.92,-28.46,-28.46,-28.46,9.94,9.94,9.94,-26.24,3.47,3.47,3.47,3.47,3.49,3.51,3.5,3.5,3.5,3.49,3.47,3.47,3.47,3.47,3.49,3.51,3.5,3.5,3.5,3.49,158.14,0,0,1,0,0,0,-1,0,None,aggregation
24,211.51,remora6,remora2,-25.41,10.04,10.04,10.04,10.03,10.03,10.03,-27.44,-27.44,-27.42,-26.24,9.96,9.96,9.96,9.97,9.97,9.97,-28.26,-28.26,-28.24,3.51,3.53,3.52,3.51,3.51,3.5,3.49,3.48,3.5,3.52,3.51,3.53,3.52,3.51,3.51,3.5,3.49,3.48,3.5,3.52,149.54,0,0,1,0,0,0,-1,0,None,aggregation
24,212.51,remora6,remora2,-27.42,10,10,9.99,9.99,9.99,9.99,9.99,9.99,9.99,-28.24,10,10,10.01,10.01,10.01,10.01,10.01,10.01,10.01,3.54,3.56,3.56,3.56,3.55,3.54,3.53,3.53,3.52,3.51,3.54,3.56,3.56,3.56,3.55,3.54,3.53,3.53,3.52,3.51,146.85,0,0,1,0,0,0,-1,0,None,aggregation
24,213.51,remora6,remora2,9.99,9.99,9.99,27.61,27.61,29.35,29.35,29.35,27.51,27.42,10.01,10.01,10.01,27.82,27.82,29.46,29.46,29.46,27.72,27.64,3.5,3.49,3.49,3.47,3.45,3.43,3.41,3.39,3.37,3.35,3.5,3.49,3.49,3.47,3.45,3.43,3.41,3.39,3.37,3.35,155.22,0,0,1,0,0,0,-1,0,None,aggregation
24,214.51,remora6,remora2,27.42,27.41,27.41,27.41,25.68,29.27,29.27,27.11,27.11,27.01,27.64,27.63,27.63,27.63,25.96,29.38,29.38,27.33,27.33,27.24,3.33,3.31,3.29,3.27,3.25,3.23,3.21,3.19,3.17,3.15,3.33,3.31,3.29,3.27,3.25,3.23,3.21,3.19,3.17,3.15,166.8,0,0,1,0,0,0,-1,0,None,aggregation
24,215.51,remora6,remora2,27.01,27,27,26.89,26.89,29.27,29.27,24.71,24.71,26.55,27.24,27.23,27.23,27.13,27.13,29.38,29.38,25.02,25.02,26.8,3.13,3.11,3.09,3.07,3.05,3.04,3.02,3,2.98,2.96,3.13,3.11,3.09,3.07,3.05,3.04,3.02,3,2.98,2.96,182.37,0,0,1,0,0,0,-1,0,None,aggregation
24,216.51,remora6,remora2,26.55,29.18,29.18,26.43,26.43,26.31,26.31,26.2,26.2,26.19,26.8,29.3,29.3,26.68,26.68,26.57,26.57,26.46,26.46,26.45,2.94,2.93,2.91,2.89,2.87,2.85,2.84,2.82,2.8,2.79,2.94,2.93,2.91,2.89,2.87,2.85,2.84,2.82,2.8,2.79,193.28,0,1,1,0,0,0,-1,0,None,aggregation
24,217.51,remora6,remora2,26.19,26.06,26.06,25.94,25.94,25.94,25.81,25.81,25.69,25.56,26.45,26.33,26.33,26.21,26.21,26.21,26.09,26.09,25.97,25.84,2.77,2.76,2.74,2.72,2.71,2.69,2.68,2.66,2.65,2.64,2.77,2.76,2.74,2.72,2.71,2.69,2.68,2.66,2.65,2.64,202.51,0,1,1,0,0,0,-1,0,None,aggregation
24,218.51,remora6,remora2,25.56,25.3,25.3,25.17,25.17,24.91,24.91,24.65,24.65,24.45,25.84,25.6,25.6,25.47,25.47,25.21,25.21,24.96,24.96,24.76,2.62,2.61,2.6,2.59,2.58,2.57,2.56,2.55,2.55,2.54,2.62,2.61,2.6,2.59,2.58,2.57,2.56,2.55,2.55,2.54,214.56,0,1,1,0,0,0,-1,0,None,aggregation
24,219.51,remora6,remora2,24.45,24.23,24.23,23.95,23.95,23.67,23.67,23.46,23.46,23.46,24.76,24.56,24.56,24.29,24.29,24.01,24.01,23.81,23.81,23.81,2.54,2.53,2.53,2.52,2.52,2.52,2.52,2.51,2.51,2.52,2.54,2.53,2.53,2.52,2.52,2.52,2.52,2.51,2.51,2.52,225.48,0,1,1,0,0,0,-1,0,None,aggregation
24,220.51,remora6,remora2,23.24,22.95,22.95,22.65,22.65,22.36,22.36,22.14,22.14,13.25,23.59,23.31,23.31,23.02,23.02,22.73,22.73,22.52,22.52,13.83,2.52,2.52,2.52,2.53,2.53,2.54,2.54,2.55,2.56,2.56,2.52,2.52,2.52,2.53,2.53,2.54,2.54,2.55,2.56,2.56,230.35,0,1,1,0,0,0,-1,0,None,aggregation
24,221.51,remora6,remora2,13.25,21.77,21.77,21.63,21.63,21.63,21.33,21.04,21.04,20.89,13.83,22.16,22.16,22.03,22.03,22.03,21.74,21.45,21.45,21.3,2.57,2.58,2.59,2.6,2.62,2.63,2.64,2.65,2.66,2.66,2.57,2.58,2.59,2.6,2.62,2.63,2.64,2.65,2.66,2.66,234.22,0,1,1,0,0,0,-1,0,None,aggregation
24,222.51,remora6,remora2,20.89,9.53,9.53,9.53,20.74,20.59,20.59,20.47,20.47,20.19,21.3,10.18,10.18,10.18,21.16,21.01,21.01,20.89,20.89,20.62,2.67,2.67,2.68,2.69,2.7,2.72,2.74,2.75,2.77,2.79,2.67,2.67,2.68,2.69,2.7,2.72,2.74,2.75,2.77,2.79,239.94,0,1,1,0,0,0,-1,0,None,aggregation
24,223.51,remora6,remora2,20.19,20.19,20.13,20.13,19.93,19.93,19.91,19.91,19.9,19.69,20.62,20.62,20.56,20.56,20.36,20.36,20.34,20.34,20.34,20.13,2.81,2.83,2.84,2.85,2.87,2.89,2.9,2.92,2.93,2.94,2.81,2.83,2.84,2.85,2.87,2.89,2.9,2.92,2.93,2.94,237.26,0,1,1,0,0,0,-1,0,None,aggregation
24,224.51,remora6,remora2,19.69,19.69,19.69,19.69,19.69,19.52,19.52,19.55,19.55,19.35,20.13,20.13,20.13,20.13,20.13,19.96,19.96,20,20,19.8,2.96,2.97,2.99,3.02,3.04,3.06,3.09,3.1,3.12,3.14,2.96,2.97,2.99,3.02,3.04,3.06,3.09,3.1,3.12,3.14,229.47,0,0,1,0,0,0,-1,0,None,aggregation
24,225.51,remora6,remora2,19.35,19.24,19.24,19.17,19.17,18.99,18.99,18.92,18.92,18.8,19.8,19.7,19.7,19.62,19.62,19.45,19.45,19.38,19.38,19.26,3.15,3.17,3.19,3.22,3.25,3.28,3.29,3.3,3.31,3.31,3.15,3.17,3.19,3.22,3.25,3.28,3.29,3.3,3.31,3.31,221.73,0,0,1,0,0,0,-1,0,None,aggregation
24,226.51,remora6,remora2,18.8,18.8,28.51,28.37,28.37,18,18,18,17.67,17.67,19.26,19.26,28.67,28.54,28.54,18.48,18.48,18.48,18.16,18.16,3.31,3.29,3.28,3.27,3.26,3.25,3.24,3.22,3.21,3.19,3.31,3.29,3.28,3.27,3.26,3.25,3.24,3.22,3.21,3.19,216.13,0,0,1,0,0,0,-1,0,None,aggregation
24,227.51,remora6,remora2,17.32,17.32,0,0,0,0,0,0,0,0,17.81,17.81,0,0,0,0,0,0,0,0,3.18,3.16,3.14,3.12,3.09,3.07,3.05,3.03,3,2.98,3.18,3.16,3.14,3.12,3.09,3.07,3.05,3.03,3,2.98,193.61,0,0,1,0,0,0,-1,0,None,aggregation
24,228.51,remora6,remora2,0,0,0,0,0,0,0,0,0,0,0,0,0,0,0,0,0,0,0,0,2.96,2.94,2.92,2.9,2.88,2.86,2.84,2.81,2.8,2.78,2.96,2.94,2.92,2.9,2.88,2.86,2.84,2.81,2.8,2.78,168.45,0,1,1,0,0,0,-1,0,None,aggregation
24,229.51,remora6,remora2,0,0,0,0,0,0,0,0,0,0,0,0,0,0,0,0,0,0,0,0,2.76,2.74,2.72,2.7,2.68,2.66,2.64,2.62,2.6,2.58,2.76,2.74,2.72,2.7,2.68,2.66,2.64,2.62,2.6,2.58,144.43,0,1,1,0,0,0,-1,0,None,aggregation
24,230.51,remora6,remora2,0,0,0,0,0,0,0,0,0,0,0,0,0,0,0,0,0,0,0,0,2.56,2.54,2.52,2.5,2.49,2.47,2.45,2.43,2.42,2.4,2.56,2.54,2.52,2.5,2.49,2.47,2.45,2.43,2.42,2.4,122.56,0,1,1,0,0,0,-1,0,None,aggregation
24,231.51,remora6,remora2,0,0,0,0,0,0,0,0,0,0,0,0,0,0,0,0,0,0,0,0,2.38,2.36,2.35,2.33,2.31,2.3,2.28,2.27,2.25,2.24,2.38,2.36,2.35,2.33,2.31,2.3,2.28,2.27,2.25,2.24,101.75,0,1,1,0,0,0,-1,0,None,aggregation
24,232.51,remora6,remora2,0,0,0,0,0,0,0,0,0,0,0,0,0,0,0,0,0,0,0,0,2.22,2.21,2.19,2.18,2.16,2.15,2.14,2.12,2.11,2.1,2.22,2.21,2.19,2.18,2.16,2.15,2.14,2.12,2.11,2.1,84.26,0,1,1,0,0,0,-1,0,None,aggregation
24,233.51,remora6,remora2,0,0,0,0,0,0,0,0,0,-12.65,0,0,0,0,0,0,0,0,0,-13.47,2.08,2.07,2.06,2.05,2.04,2.02,2.02,2.02,2.02,2.02,2.08,2.07,2.06,2.05,2.04,2.02,2.02,2.02,2.02,2.02,65.35,0,1,1,0,0,0,-1,0,None,aggregation
24,234.51,remora6,remora2,-12.65,-12.99,-12.99,-12.99,-13.16,-13.16,-13.71,-13.87,-13.87,-14.29,-13.47,-13.81,-13.81,-13.81,-13.98,-13.98,-14.54,-14.69,-14.69,-15.11,2.02,2.02,2.02,2.03,2.03,2.03,2.03,2.04,2.04,2.04,2.02,2.02,2.02,2.03,2.03,2.03,2.03,2.04,2.04,2.04,59.32,0,1,1,0,0,0,-1,0,None,aggregation
24,235.51,remora6,remora2,-14.29,-14.44,-14.44,-14.48,-14.48,-14.76,-14.76,-15.03,-15.03,-15.2,-15.11,-15.26,-15.26,-15.3,-15.3,-15.58,-15.58,-15.85,-15.85,-16.02,2.04,2.05,2.05,2.05,2.06,2.06,2.06,2.07,2.07,2.07,2.04,2.05,2.05,2.05,2.06,2.06,2.06,2.07,2.07,2.07,55.11,0,1,1,0,0,0,-1,0,None,aggregation
24,236.51,remora6,remora2,-15.2,-15.48,-15.48,-15.5,-15.5,-15.68,-15.68,-15.79,-15.79,-15.97,-16.02,-16.3,-16.3,-16.32,-16.32,-16.5,-16.5,-16.62,-16.62,-16.79,2.08,2.08,2.09,2.09,2.09,2.1,2.1,2.11,2.11,2.12,2.08,2.08,2.09,2.09,2.09,2.1,2.1,2.11,2.11,2.12,49.71,0,1,1,0,0,0,-1,0,None,aggregation
24,237.51,remora6,remora2,-15.97,-15.87,-15.87,-16.25,-16.25,-16.29,-16.29,-16.33,-16.33,-16.36,-16.79,-16.69,-16.69,-17.07,-17.07,-17.11,-17.11,-17.15,-17.15,-17.18,2.12,2.12,2.13,2.13,2.14,2.14,2.15,2.15,2.16,2.17,2.12,2.12,2.13,2.13,2.14,2.14,2.15,2.15,2.16,2.17,62.8,0,1,1,0,0,0,-1,0,None,aggregation
24,238.51,remora6,remora2,-16.36,-16.36,-0.36,-0.36,-0.36,-0.35,-0.35,-0.1,-0.1,-15.8,-17.18,-17.18,-1.18,-1.18,-1.18,-1.17,-1.17,-0.92,-0.92,-16.62,2.17,2.18,2.18,2.18,2.18,2.18,2.18,2.18,2.18,2.18,2.17,2.18,2.18,2.18,2.18,2.18,2.18,2.18,2.18,2.18,68.26,0,1,1,0,0,0,-1,0,None,aggregation
24,239.51,remora6,remora2,-15.8,-15.72,-15.72,-0.08,-0.08,-0.32,-0.32,-15.57,-15.57,-15.49,-16.62,-16.54,-16.54,-0.91,-0.91,-1.15,-1.15,-16.39,-16.39,-16.31,2.18,2.19,2.19,2.2,2.2,2.2,2.2,2.2,2.2,2.2,2.18,2.19,2.19,2.2,2.2,2.2,2.2,2.2,2.2,2.2,78.14,0,1,1,0,0,0,-1,0,None,aggregation
24,240.51,remora6,remora2,-15.49,-15.52,-15.52,-0.57,-0.57,-15.31,-15.31,-15.31,-15.06,-15.06,-16.31,-16.35,-16.35,-1.39,-1.39,-16.14,-16.14,-16.14,-15.88,-15.88,2.21,2.22,2.22,2.23,2.23,2.23,2.24,2.24,2.25,2.26,2.21,2.22,2.22,2.23,2.23,2.23,2.24,2.24,2.25,2.26,90.92,0,1,1,0,0,0,-1,0,None,aggregation
24,241.51,remora6,remora2,-14.82,-14.62,-14.62,-14.62,0.82,1.35,1.35,1.35,-13.44,-13.44,-15.64,-15.44,-15.44,-15.44,0.01,0.54,0.54,0.54,-14.27,-14.27,2.26,2.27,2.28,2.28,2.29,2.29,2.29,2.29,2.3,2.3,2.26,2.27,2.28,2.28,2.29,2.29,2.29,2.29,2.3,2.3,100.05,0,1,1,0,0,0,-1,0,None,aggregation
24,242.51,remora6,remora2,2.63,2.63,2.9,-12.52,-12.52,-12.52,4.15,4.15,4.65,-11.41,1.84,1.84,2.12,-13.34,-13.34,-13.34,3.39,3.39,3.91,-12.23,2.3,2.31,2.31,2.31,2.32,2.32,2.33,2.33,2.33,2.34,2.3,2.31,2.31,2.31,2.32,2.32,2.33,2.33,2.33,2.34,106.99,0,1,1,0,0,0,-1,0,None,aggregation
24,243.51,remora6,remora2,-11.41,5.64,5.64,6.13,6.13,6.87,6.87,7.56,7.56,-9.54,-12.23,4.91,4.91,5.41,5.41,6.16,6.16,6.87,6.87,-10.36,2.34,2.35,2.35,2.35,2.36,2.36,2.36,2.37,2.37,2.37,2.34,2.35,2.35,2.35,2.36,2.36,2.36,2.37,2.37,2.37,112.82,0,1,1,0,0,0,-1,0,None,aggregation
24,124.51,remora6,remora5,13.02,13.02,13.02,13.02,13.02,13.21,13.21,13.21,13.41,13.41,12.43,12.43,12.43,12.43,12.42,12.62,12.62,12.62,12.83,12.83,9.1,9.09,9.08,9.07,9.06,9.06,9.05,9.04,9.03,9.02,9.1,9.09,9.08,9.07,9.06,9.06,9.05,9.04,9.03,9.02,80.47,0,0,1,0,0,0,-1,0,None,aggregation
24,125.51,remora6,remora5,13.41,13.19,13.19,13.4,13.4,13.8,13.8,13.98,13.98,13.98,12.83,12.61,12.61,12.82,12.82,13.22,13.22,13.41,13.41,13.41,9.02,9.01,9,8.99,8.99,8.98,8.97,8.97,8.96,8.95,9.02,9.01,9,8.99,8.99,8.98,8.97,8.97,8.96,8.95,90.32,0,0,1,0,0,0,-1,0,None,aggregation
24,126.51,remora6,remora5,13.98,14.19,14.19,14.17,14.17,14.17,14.36,14.56,14.56,14.74,13.41,13.62,13.62,13.61,13.61,13.61,13.79,14,14,14.18,8.95,8.94,8.93,8.93,8.92,8.92,8.91,8.91,8.9,8.9,8.95,8.94,8.93,8.93,8.92,8.92,8.91,8.91,8.9,8.9,103.36,0,0,1,0,0,0,-1,0,None,aggregation
24,127.51,remora6,remora5,14.74,14.73,14.73,14.73,14.73,14.73,14.72,14.72,14.72,14.71,14.18,14.18,14.18,14.17,14.17,14.17,14.16,14.16,14.16,14.15,8.89,8.89,8.89,8.88,8.88,8.87,8.87,8.87,8.87,8.86,8.89,8.89,8.89,8.88,8.88,8.87,8.87,8.87,8.87,8.86,113.83,0,0,1,0,0,0,-1,0,None,aggregation
24,128.51,remora6,remora5,14.71,14.7,14.7,15.08,15.08,15.46,15.46,15.65,15.65,15.65,14.15,14.14,14.14,14.53,14.53,14.92,14.92,15.11,15.11,15.11,8.86,8.86,8.86,8.86,8.85,8.85,8.85,8.85,8.85,8.85,8.86,8.86,8.86,8.86,8.85,8.85,8.85,8.85,8.85,8.85,121.8,0,0,1,0,0,0,-1,0,None,aggregation
24,129.51,remora6,remora5,15.65,15.64,15.64,15.63,15.63,15.63,15.63,15.8,15.8,16.17,15.11,15.1,15.1,15.09,15.09,15.09,15.09,15.26,15.26,15.64,8.85,8.85,8.85,8.85,8.85,8.85,8.85,8.85,8.85,8.86,8.85,8.85,8.85,8.85,8.85,8.85,8.85,8.85,8.85,8.86,128.57,0,0,1,0,0,0,-1,0,None,aggregation
24,130.51,remora6,remora5,16.17,16.53,16.53,16.71,16.71,16.71,16.71,16.51,16.51,16.51,15.64,16.01,16.01,16.2,16.2,16.19,16.19,15.99,15.99,15.99,8.86,8.86,8.86,8.86,8.87,8.87,8.87,8.88,8.88,8.88,8.86,8.86,8.86,8.86,8.87,8.87,8.87,8.88,8.88,8.88,135.27,0,0,1,0,0,0,-1,0,None,aggregation
24,131.51,remora6,remora5,16.32,16.31,16.31,16.31,16.49,16.49,16.67,16.66,16.66,16.66,15.8,15.79,15.79,15.79,15.96,15.96,16.15,16.14,16.14,16.14,8.89,8.89,8.9,8.9,8.91,8.91,8.92,8.92,8.93,8.94,8.89,8.89,8.9,8.9,8.91,8.91,8.92,8.92,8.93,8.94,141.2,0,0,1,0,0,0,-1,0,None,aggregation
24,132.51,remora6,remora5,16.65,16.82,16.82,16.82,17,16.99,16.99,17.01,17.01,17.01,16.13,16.31,16.31,16.31,16.49,16.48,16.48,16.5,16.5,16.5,8.94,8.95,8.96,8.97,8.97,8.98,8.99,9,9,9.01,8.94,8.95,8.96,8.97,8.97,8.98,8.99,9,9,9.01,146.39,0,0,1,0,0,0,-1,0,None,aggregation
24,133.51,remora6,remora5,17.34,17.34,17.33,17.33,17.33,17.31,17.31,17.31,17.28,17.28,16.83,16.83,16.82,16.82,16.82,16.8,16.8,16.8,16.78,16.78,9.02,9.03,9.04,9.05,9.06,9.07,9.08,9.09,9.1,9.11,9.02,9.03,9.04,9.05,9.06,9.07,9.08,9.09,9.1,9.11,151.3,0,0,1,0,0,0,-1,0,None,aggregation
24,129.51,remora6,remora9,30,30,30,30,30,30,30,30,30,30,30,30,30,30,30,30,30,30,30,30,8.85,8.85,8.85,8.85,8.85,8.85,8.85,8.85,8.85,8.86,9.19,9.18,9.16,9.15,9.14,9.13,9.11,9.1,9.09,9.08,300,0,0,1,0,0,0,-1,0,None,aggregation
24,130.51,remora6,remora9,30,30,30,30,30,30,30,30,30,30,30,30,30,30,30,30,30,30,30,30,8.86,8.86,8.86,8.86,8.87,8.87,8.87,8.88,8.88,8.88,9.06,9.05,9.04,9.03,9.02,9.01,9,8.98,8.97,8.96,300,0,0,1,0,0,0,-1,0,None,aggregation
24,131.51,remora6,remora9,30,30,30,30,30,30,30,30,30,30,30,30,30,30,30,30,30,30,30,30,8.89,8.89,8.9,8.9,8.91,8.88,8.86,8.84,8.81,8.78,8.95,8.94,8.93,8.92,8.91,8.9,8.89,8.88,8.87,8.86,300,0,0,1,0,0,0,-1,0,None,aggregation
24,132.51,remora6,remora9,30,30,30,30,30,30,30,30,30,30,30,30,30,30,30,30,30,30,30,30,8.76,8.73,8.71,8.68,8.66,8.63,8.61,8.58,8.56,8.53,8.85,8.84,8.83,8.82,8.81,8.81,8.8,8.79,8.78,8.77,300,0,0,1,0,0,0,-1,0,None,aggregation
24,133.51,remora6,remora9,30,30,30,30,30,30,30,30,30,30,30,30,30,30,30,30,30,30,30,30,8.51,8.48,8.46,8.43,8.41,8.38,8.36,8.33,8.31,8.28,8.76,8.76,8.75,8.74,8.73,8.73,8.72,8.71,8.71,8.7,300,0,0,1,0,0,0,-1,0,None,aggregation
24,134.51,remora6,remora9,30,30,30,30,30,30,30,30,30,30,30,30,30,30,30,30,30,30,30,30,8.26,8.23,8.21,8.18,8.16,8.14,8.11,8.08,8.06,8.04,8.69,8.69,8.68,8.67,8.16,8.14,8.11,8.08,8.06,8.04,300,0,0,1,0,0,0,-1,0,None,aggregation
24,135.51,remora6,remora9,30,30,30,30,30,30,30,30,30,30,30,30,30,30,30,30,30,30,30,30,8.01,7.99,7.97,7.94,7.91,7.89,7.87,7.84,7.82,7.79,8.01,7.99,7.97,7.94,7.91,7.89,7.87,7.84,7.82,7.79,300,0,0,1,0,0,0,-1,0,None,aggregation
24,136.51,remora6,remora9,30,30,30,30,30,30,30,30,30,30,30,30,30,30,30,30,30,30,30,30,7.77,7.75,7.73,7.7,7.68,7.65,7.63,7.61,7.58,7.56,7.77,7.75,7.73,7.7,7.68,7.65,7.63,7.61,7.58,7.56,300,0,0,1,0,0,0,-1,0,None,aggregation
24,137.51,remora6,remora9,30,30,30,30,30,30,30,30,30,30,30,30,30,30,30,30,30,30,30,30,7.54,7.51,7.49,7.46,7.44,7.41,7.39,7.37,7.35,7.32,7.54,7.51,7.49,7.46,7.44,7.41,7.39,7.37,7.35,8.54,300,0,0,1,0,0,0,-1,0,None,aggregation
24,138.51,remora6,remora9,30,30,30,30,30,30,30,30,30,30,30,30,30,30,30,30,30,30,30,30,7.3,7.28,7.25,7.23,7.21,7.18,7.16,7.14,7.11,7.09,8.54,8.53,8.53,8.53,8.53,8.53,8.53,8.53,8.52,8.52,300,0,0,1,0,0,0,-1,0,None,aggregation
24,139.51,remora6,remora9,30,30,30,30,30,30,30,30,30,30,30,30,30,30,30,30,30,30,30,30,7.07,7.04,7.02,7,6.97,6.95,6.93,6.9,6.88,6.86,8.52,8.52,7.02,7,6.97,6.95,6.93,6.9,6.88,6.86,300,0,0,1,0,0,0,-1,0,None,aggregation
24,140.51,remora6,remora9,30,30,30,30,0,0,0,0,30,30,30,30,30,30,0,0,0,0,30,30,6.84,6.81,6.79,6.77,6.77,6.77,6.77,6.78,6.77,6.74,6.84,6.81,6.79,6.77,6.77,6.77,6.77,6.78,6.77,6.74,288,0,0,1,0,0,0,-1,0,None,aggregation
24,141.51,remora6,remora9,30,30,30,30,30,30,30,30,30,30,30,30,30,30,30,30,30,30,30,30,6.72,6.7,6.68,6.66,6.63,6.6,6.58,6.56,6.53,6.5,6.72,6.7,6.68,6.66,6.63,6.6,6.58,6.56,6.53,6.5,288,0,0,1,0,0,0,-1,0,None,aggregation
24,142.51,remora6,remora9,30,30,0,0,0,30,30,30,30,30,30,30,0,0,0,30,30,30,30,30,6.48,6.46,6.45,6.45,6.45,6.45,6.43,6.4,6.38,6.35,6.48,6.46,6.45,6.45,6.45,6.45,6.43,6.4,6.38,6.35,279,0,0,1,0,0,0,-1,0,None,aggregation
24,143.51,remora6,remora9,30,30,30,30,30,30,30,30,30,30,30,30,30,30,30,30,30,30,30,30,6.33,6.31,6.28,6.26,6.24,6.21,6.19,6.17,6.14,6.12,6.33,6.31,6.28,6.26,6.24,6.21,6.19,6.17,6.14,6.12,279,0,0,1,0,0,0,-1,0,None,aggregation
24,144.51,remora6,remora9,30,30,30,30,30,30,30,30,30,30,30,30,30,30,30,30,30,30,30,30,6.1,6.08,6.06,6.04,6.02,6,5.97,5.95,5.93,5.91,6.1,6.08,6.06,6.04,6.02,6,5.97,5.95,5.93,5.91,279,0,0,1,0,0,0,-1,0,None,aggregation
24,145.51,remora6,remora9,30,30,30,30,30,30,30,30,30,30,30,30,30,30,30,30,30,30,30,30,5.9,5.88,5.86,5.84,5.82,5.8,5.78,5.76,5.74,5.73,5.9,5.88,5.86,5.84,5.82,5.8,5.78,5.76,5.74,5.73,279,0,0,1,0,0,0,-1,0,None,aggregation
24,146.51,remora6,remora9,30,30,30,30,30,30,30,30,30,30,30,30,30,30,30,30,30,30,30,30,5.71,5.69,5.67,5.66,5.64,5.62,5.6,5.58,5.57,5.55,5.71,5.69,5.67,5.66,5.64,5.62,5.6,5.58,5.57,5.55,279,0,0,1,0,0,0,-1,0,None,aggregation
24,147.51,remora6,remora9,30,30,30,30,30,30,30,30,0,0,30,30,30,30,30,30,30,30,0,0,5.53,5.51,5.49,5.48,5.46,5.44,5.42,5.4,5.39,5.38,5.53,5.51,5.49,5.48,5.46,5.44,5.42,5.4,5.39,5.38,273,0,0,1,0,0,0,-1,0,None,aggregation
24,148.51,remora6,remora9,0,30,30,30,0,0,0,30,30,0,0,30,30,30,0,0,0,30,30,0,5.38,5.38,5.37,5.35,5.33,5.33,5.33,5.33,5.32,5.3,5.38,5.38,5.37,5.35,5.33,5.33,5.33,5.33,5.32,5.3,258,0,0,1,0,0,0,-1,0,None,aggregation
24,149.51,remora6,remora9,0,0,0,0,30,30,30,30,30,0,0,0,0,0,30,30,30,30,30,0,5.3,5.3,5.3,5.3,5.3,5.28,5.27,5.25,5.24,5.24,5.3,5.3,5.3,5.3,5.3,5.28,5.27,5.25,5.24,5.24,243,0,0,1,0,0,0,-1,0,None,aggregation
24,150.51,remora6,remora9,0,0,30,30,30,30,30,30,0,0,0,0,30,30,30,30,30,30,0,0,5.24,5.24,5.23,5.22,5.2,5.18,5.17,5.15,5.14,5.14,5.24,5.24,5.23,5.22,5.2,5.18,5.17,5.15,5.14,5.14,243,0,0,1,0,0,0,-1,0,None,aggregation
24,151.51,remora6,remora9,0,0,30,30,30,30,30,30,30,30,0,0,30,30,30,30,30,30,30,30,5.14,5.14,5.14,5.12,5.11,5.09,5.07,5.06,5.04,5.03,5.14,5.14,5.14,5.12,5.11,5.09,5.07,5.06,5.04,5.03,237,0,0,1,0,0,0,-1,0,None,aggregation
24,152.51,remora6,remora9,0,0,0,0,30,30,0,0,0,0,0,0,0,0,30,30,0,0,0,0,5.02,5.02,5.02,5.02,5.01,4.99,4.99,4.99,4.99,4.99,5.02,5.02,5.02,5.02,5.01,4.99,4.99,4.99,4.99,4.99,222,0,0,1,0,0,0,-1,0,None,aggregation
24,153.51,remora6,remora9,30,30,0,0,0,30,30,30,30,30,30,30,0,0,0,30,30,30,30,30,4.98,4.97,4.96,4.96,4.96,4.96,4.93,4.91,4.89,4.87,4.98,4.97,4.96,4.96,4.96,4.96,4.93,4.91,4.89,4.87,213,0,0,1,0,0,0,-1,0,None,aggregation
24,154.51,remora6,remora9,30,30,0,0,15.68,16.21,16.21,16.21,16.21,0,30,30,0,0,16.21,16.73,16.73,16.73,16.73,0,4.84,4.82,4.8,4.79,4.78,4.77,4.75,4.73,4.72,4.7,4.84,4.82,4.8,4.79,4.78,4.77,4.75,4.73,4.72,4.7,197.18,0,0,1,0,0,0,-1,0,None,aggregation
24,155.51,remora6,remora9,0,0,0,0,0,0,0,0,0,0,0,0,0,0,0,0,0,0,0,0,4.69,4.68,4.67,4.66,4.66,4.65,4.64,4.63,4.63,4.61,4.69,4.68,4.67,4.66,4.66,4.65,4.64,4.63,4.63,4.61,167.18,0,0,1,0,0,0,-1,0,None,aggregation
24,156.51,remora6,remora9,30,30,0,0,0,0,30,0,0,0,30,30,0,0,0,0,30,0,0,0,4.59,4.57,4.56,4.55,4.54,4.53,4.51,4.49,4.47,4.46,4.59,4.57,4.56,4.55,4.54,4.53,4.51,4.49,4.47,4.46,146.18,0,0,1,0,0,0,-1,0,None,aggregation
24,157.51,remora6,remora9,0,30,30,30,0,0,16.04,16.04,0,0,0,30,30,30,0,0,16.56,16.56,0,0,4.46,4.45,4.43,4.41,4.39,4.38,4.37,4.35,4.34,4.33,4.46,4.45,4.43,4.41,4.39,4.38,4.37,4.35,4.34,4.33,134.44,0,0,1,0,0,0,-1,0,None,aggregation
24,158.51,remora6,remora9,30,30,30,30,-13.1,-12.93,-12.93,-12.48,-12.48,-12.48,30,30,30,30,-2.63,-2.46,-2.46,-2.01,-2.01,-2.01,4.31,4.29,4.26,4.24,4.23,4.23,4.23,4.22,4.23,4.24,4.31,4.29,4.26,4.24,4.23,4.23,4.23,4.22,4.23,4.24,135.94,0,0,1,0,0,0,-1,0,None,aggregation
24,159.51,remora6,remora9,-11.99,-11.99,-11.48,-10.93,-10.93,-10.34,-10.34,-10.34,22.6,0,-1.53,-1.53,-1.01,-0.46,-0.46,0.13,0.13,0.13,22.97,0,4.24,4.25,4.26,4.26,4.27,4.28,4.28,4.27,4.26,4.22,4.24,4.25,4.26,4.26,4.27,4.28,4.28,4.27,4.26,4.22,127.87,0,0,1,0,0,0,-1,0,None,aggregation
24,160.51,remora6,remora9,0,0,-9.17,-9.17,30,30,-8.55,-8.55,-8.37,-8.37,0,0,1.3,1.3,30,30,1.92,1.92,2.1,2.1,4.22,4.22,4.23,4.23,4.22,4.2,4.19,4.2,4.19,4.18,4.22,4.22,4.23,4.23,4.22,4.2,4.19,4.2,4.19,4.18,117.94,0,0,1,0,0,0,-1,0,None,aggregation
24,161.51,remora6,remora9,-7.72,-7.72,-7.05,-7.05,-6.37,-6.37,-5.68,-4.91,-4.91,-4.91,2.75,2.75,3.42,3.42,4.1,4.1,4.79,5.39,5.39,5.39,4.17,4.16,4.16,4.17,4.17,4.18,4.18,4.19,4.19,4.2,4.17,4.16,4.16,4.17,4.17,4.18,4.18,4.19,4.19,4.2,95.15,0,0,1,0,0,0,-1,0,None,aggregation
24,162.51,remora6,remora9,-4,-4,-3.1,-2.25,-2.25,-1.45,-1.45,-1.45,-0.7,0.02,5.85,5.85,6.3,6.71,6.71,7.1,7.1,7.1,7.47,7.8,4.2,4.2,4.2,4.2,4.19,4.18,4.17,4.15,4.15,4.15,4.2,4.2,4.2,4.2,4.19,4.18,4.17,4.15,4.15,4.15,91.52,0,0,1,0,0,0,-1,0,None,aggregation
24,163.51,remora6,remora9,0.02,0.02,0.69,0,0,0,30,30,30,0,7.8,7.8,8.12,0,0,0,30,30,30,0,4.15,4.15,4.14,4.12,4.12,4.13,4.12,4.1,4.07,4.05,4.15,4.15,4.14,4.12,4.12,4.13,4.12,4.1,4.07,4.05,80.74,0,0,1,0,0,0,-1,0,None,aggregation
24,164.51,remora6,remora9,0,0,0,30,30,30,0,27.7,27.7,27.7,0,0,0,30,30,30,0,27.49,27.49,27.49,4.06,4.07,4.07,4.06,4.04,4.01,4.02,4.04,4.02,4,4.06,4.07,4.07,4.06,4.04,4.01,4.02,4.04,4.02,4,83.83,0,0,1,0,0,0,-1,0,None,aggregation
24,165.51,remora6,remora9,27.7,0,0,0,0,0,27.52,27.52,29.61,0,27.49,0,0,0,0,0,27.3,27.3,29.52,0,3.98,3.95,3.93,3.91,3.89,3.88,3.88,3.85,3.83,3.81,3.98,3.95,3.93,3.91,3.89,3.88,3.88,3.85,3.83,3.81,95.03,0,0,1,0,0,0,-1,0,None,aggregation
24,166.51,remora6,remora9,0,0,0,29.5,29.5,29.5,0,30,30,30,0,0,0,29.4,29.4,29.4,0,30,30,30,3.79,3.78,3.76,3.74,3.72,3.7,3.69,3.69,3.67,3.65,3.79,3.78,3.76,3.74,3.72,3.7,3.69,3.69,3.67,3.65,103.87,0,0,1,0,0,0,-1,0,None,aggregation
24,167.51,remora6,remora9,0,0,27.14,27.14,27.14,27.14,29.94,29.94,29.21,29.21,0,0,26.91,26.91,26.91,26.91,29.97,29.97,29.08,29.08,3.64,3.64,3.63,3.61,3.59,3.57,3.54,3.51,3.49,3.46,3.64,3.64,3.63,3.61,3.59,3.57,3.54,3.51,3.49,3.46,114.24,0,0,1,0,0,0,-1,0,None,aggregation
24,168.51,remora6,remora9,0,0,0,29.06,29.06,28.99,28.99,28.99,30,28.88,0,0,0,28.92,28.92,28.85,28.85,28.85,30,28.73,3.45,3.44,3.44,3.43,3.41,3.39,3.34,3.3,3.25,3.2,3.45,3.44,3.44,3.43,3.41,3.39,3.34,3.3,3.25,3.2,118.09,0,0,1,0,0,0,-1,0,None,aggregation
24,169.51,remora6,remora9,28.88,28.88,28.8,28.73,28.73,28.73,29.98,29.98,29.98,28.43,28.73,28.73,28.65,28.57,28.57,28.57,29.96,29.96,29.96,28.25,3.15,3.11,3.06,3.01,2.96,2.92,2.87,2.82,2.76,2.72,3.15,3.11,3.06,3.01,2.96,2.92,2.87,2.82,2.76,2.72,140.22,0,1,1,0,0,0,-1,0,None,aggregation
24,170.51,remora6,remora9,28.43,28.43,28.34,28.34,28.19,28.19,28.19,28.19,28.11,28.11,28.25,28.25,28.17,28.17,28,28,28,28,27.92,27.92,2.67,2.62,2.6,2.57,2.55,2.53,2.51,2.49,2.46,2.44,2.67,2.62,2.6,2.57,2.55,2.53,2.51,2.49,2.46,2.44,160.3,0,1,1,0,0,0,-1,0,None,aggregation
24,171.51,remora6,remora9,28.03,28.03,27.95,27.87,27.87,27.87,27.82,27.82,27.82,27.74,27.83,27.83,27.75,27.66,27.66,27.66,27.62,27.62,27.62,27.53,2.42,2.4,2.38,2.36,2.34,2.32,2.3,2.28,2.26,2.24,2.42,2.4,2.38,2.36,2.34,2.32,2.3,2.28,2.26,2.24,186.88,0,1,1,0,0,0,-1,0,None,aggregation
24,172.51,remora6,remora9,27.61,27.61,27.61,27.43,27.43,27.43,27.29,27.29,27.2,27.2,27.39,27.39,27.39,27.21,27.21,27.21,27.06,27.06,26.97,26.97,2.22,2.21,2.19,2.17,2.15,2.13,2.11,2.1,2.08,2.06,2.22,2.21,2.19,2.17,2.15,2.13,2.11,2.1,2.08,2.06,211.81,0,1,1,0,0,0,-1,0,None,aggregation
24,173.51,remora6,remora9,27.11,27.11,27.02,27.02,26.88,26.88,26.88,26.78,26.63,26.47,26.87,26.87,26.78,26.78,26.63,26.63,26.63,26.53,26.37,26.21,2.05,2.03,2.01,2,1.98,1.96,1.95,1.93,1.92,1.9,2.05,2.03,2.01,2,1.98,1.96,1.95,1.93,1.92,1.9,228.34,0,1,1,0,0,0,-1,0,None,aggregation
24,174.51,remora6,remora9,26.47,26.47,26.38,26.38,26.17,0,0,0,0,0,26.21,26.21,26.11,26.11,25.9,0,0,0,0,0,1.89,1.88,1.86,1.85,1.84,1.82,1.82,1.82,1.82,1.82,1.89,1.88,1.86,1.85,1.84,1.82,1.82,1.82,1.82,1.82,224.18,0,1,1,0,0,0,-1,0,None,aggregation
24,175.51,remora6,remora9,0,0,0,0,0,0,0,0,0,0,0,0,0,0,0,0,0,0,0,0,1.82,1.82,1.82,1.82,1.82,1.82,1.82,1.82,1.82,1.82,1.82,1.82,1.82,1.82,1.82,1.82,1.82,1.82,1.82,1.82,212.98,0,1,1,0,0,0,-1,0,None,aggregation
24,176.51,remora6,remora9,0,0,0,0,0,0,0,0,0,0,0,0,0,0,0,0,0,0,0,0,1.82,1.82,1.82,1.82,1.82,1.81,1.81,1.81,1.81,1.81,1.82,1.82,1.82,1.82,1.82,1.81,1.81,1.81,1.81,1.81,195.15,0,1,1,0,0,0,-1,0,None,aggregation
24,177.51,remora6,remora9,0,0,0,0,0,0,0,0,0,0,0,0,0,0,0,0,0,0,0,0,1.83,1.85,1.87,1.9,1.92,1.95,1.97,2,2.02,2.05,1.83,1.85,1.87,1.9,1.92,1.95,1.97,2,2.02,2.05,172.52,0,1,1,0,0,0,-1,0,None,aggregation
24,178.51,remora6,remora9,0,0,0,0,0,0,0,0,0,0,0,0,0,0,0,0,0,0,0,0,2.07,2.1,2.13,2.15,2.17,2.2,2.23,2.25,2.28,2.29,2.07,2.1,2.13,2.15,2.17,2.2,2.23,2.25,2.28,2.29,152.16,0,1,1,0,0,0,-1,0,None,aggregation
24,179.51,remora6,remora9,0,0,0,0,0,0,0,0,0,0,0,0,0,0,0,0,0,0,0,0,2.29,2.29,2.28,2.28,2.27,2.27,2.26,2.26,2.28,2.3,2.29,2.29,2.28,2.28,2.27,2.27,2.26,2.26,2.28,2.3,123.11,0,1,1,0,0,0,-1,0,None,aggregation
24,180.51,remora6,remora9,0,0,0,0,0,0,0,0,0,0,0,0,0,0,0,0,0,0,0,0,2.29,2.29,2.28,2.28,2.27,2.26,2.26,2.25,2.26,2.29,2.29,2.29,2.28,2.28,2.27,2.26,2.26,2.25,2.26,2.29,94.95,0,1,1,0,0,0,-1,0,None,aggregation
24,181.51,remora6,remora9,0,0,0,0,-28.09,-28.16,-28.16,-28.16,-28.22,-28.22,0,0,0,0,-27.26,-27.34,-27.34,-27.34,-27.4,-27.4,2.31,2.34,2.36,2.36,2.36,2.36,2.37,2.38,2.38,2.39,2.31,2.34,2.36,2.36,2.36,2.36,2.37,2.38,2.38,2.39,83.83,0,1,1,0,0,0,-1,0,None,aggregation
24,182.51,remora6,remora9,-28.28,-28.28,-28.34,-28.4,-28.4,-28.4,-28.4,-28.58,-28.58,-28.58,-27.46,-27.46,-27.52,-27.57,-27.57,-27.57,-27.57,-27.75,-27.75,-27.75,2.4,2.4,2.41,2.42,2.43,2.44,2.45,2.45,2.46,2.47,2.4,2.4,2.41,2.42,2.43,2.44,2.45,2.45,2.46,2.47,84.54,0,1,1,0,0,0,-1,0,None,aggregation
24,183.51,remora6,remora9,-28.58,-28.55,-28.55,-28.55,-28.55,-28.53,-28.53,-28.53,-28.6,-28.6,-27.76,-27.73,-27.73,-27.73,-27.73,-27.71,-27.71,-27.71,-27.78,-27.78,2.49,2.52,2.56,2.59,2.61,2.62,2.63,2.64,2.65,2.66,2.49,2.52,2.56,2.59,2.61,2.62,2.63,2.64,2.65,2.66,85.93,0,1,1,0,0,0,-1,0,None,aggregation
24,184.51,remora6,remora9,-28.67,-28.67,-28.67,-28.68,-28.68,-28.68,-11.07,-11.07,-11.02,-11.02,-27.85,-27.85,-27.85,-27.86,-27.86,-27.86,-10.25,-10.25,-10.2,-10.2,2.67,2.68,2.7,2.72,2.75,2.77,2.78,2.79,2.79,2.8,2.67,2.68,2.7,2.72,2.75,2.77,2.78,2.79,2.79,2.8,94.02,0,1,1,0,0,0,-1,0,None,aggregation
24,185.51,remora6,remora9,-28.58,-28.7,-28.7,-28.7,-28.6,-11.37,-11.37,-11.33,-11.33,-28.5,-27.76,-27.88,-27.88,-27.88,-27.77,-10.54,-10.54,-10.51,-10.51,-27.68,2.81,2.84,2.87,2.9,2.92,2.93,2.94,2.95,2.95,2.95,2.81,2.84,2.87,2.9,2.92,2.93,2.94,2.95,2.95,2.95,115.33,0,1,1,0,0,0,-1,0,None,aggregation
24,186.51,remora6,remora9,-28.5,-28.5,-28.5,-28.4,-12.37,-12.37,-12.32,-12.9,-12.9,-13.46,-27.68,-27.68,-27.68,-27.58,-11.55,-11.55,-11.49,-12.08,-12.08,-12.64,2.96,2.98,3,3.02,3.02,3.02,3.02,3.02,3.03,3.03,2.96,2.98,3,3.02,3.02,3.02,3.02,3.02,3.03,3.03,133.94,0,0,1,0,0,0,-1,0,None,aggregation
24,187.51,remora6,remora9,-13.46,-27.11,-27.11,-27.11,-27.11,-28.47,-15.09,-16.17,-16.17,-28.65,-12.64,-27.93,-27.93,-27.93,-27.93,-27.64,-14.26,-15.35,-15.35,-27.83,3.03,3.03,3.04,3.05,3.06,3.07,3.08,3.08,3.09,3.09,3.03,3.03,3.04,3.05,3.06,3.07,3.08,3.08,3.09,3.09,156.5,0,0,1,0,0,0,-1,0,None,aggregation
24,188.51,remora6,remora9,-28.65,-28.65,-28.68,-28.69,-28.69,-28.71,-28.71,-29.06,-29.06,-29.06,-27.83,-27.83,-27.86,-27.87,-27.87,-27.89,-27.89,-29.88,-29.88,-29.88,3.1,3.12,3.13,3.15,3.17,3.19,3.2,3.22,3.24,3.27,3.1,3.12,3.13,3.15,3.17,3.19,3.2,3.22,3.24,3.27,185.14,0,0,1,0,0,0,-1,0,None,aggregation
24,189.51,remora6,remora9,-28.85,-29.33,-29.33,-29.33,-21.23,-21.23,-29.09,-29.1,-29.1,-29.1,-28.03,-30.15,-30.15,-30.15,-20.41,-20.41,-28.27,-28.28,-28.28,-28.28,3.28,3.3,3.33,3.35,3.37,3.39,3.41,3.43,3.45,3.48,3.28,3.3,3.33,3.35,3.37,3.39,3.41,3.43,3.45,3.48,212.54,0,0,1,0,0,0,-1,0,None,aggregation
24,190.51,remora6,remora9,-29.56,-29.56,-29.59,-29.59,-29.27,3.52,3.52,3.69,3.69,3.69,-30.38,-30.38,-30.41,-30.41,-28.45,9.34,9.34,9.4,9.4,9.4,3.5,3.53,3.56,3.58,3.61,3.64,3.65,3.64,3.64,3.63,3.5,3.53,3.56,3.58,3.61,3.64,3.65,3.64,3.64,3.63,230.67,0,0,1,0,0,0,-1,0,None,aggregation
24,191.51,remora6,remora9,4.09,4.48,4.48,4.84,4.84,4.84,5.17,5.17,5.49,-26.2,9.55,9.7,9.7,9.82,9.82,9.82,9.93,9.93,10.04,-25.38,3.63,3.62,3.62,3.61,3.61,3.6,3.59,3.59,3.58,3.57,3.63,3.62,3.62,3.61,3.61,3.6,3.59,3.59,3.58,3.57,223.18,0,0,1,0,0,0,-1,0,None,aggregation
24,192.51,remora6,remora9,-26.2,-26.2,6.07,6.17,6.17,-16.49,-16.49,-16.49,-24.46,-24.46,-25.38,-25.38,10.2,10.23,10.23,-15.66,-15.66,-15.66,-23.63,-23.63,3.59,3.6,3.59,3.59,3.58,3.57,3.58,3.6,3.61,3.63,3.59,3.6,3.59,3.59,3.58,3.57,3.58,3.6,3.61,3.63,212.41,0,0,1,0,0,0,-1,0,None,aggregation
24,193.51,remora6,remora9,6.63,6.63,6.72,6.92,6.92,6.92,7.11,7.3,7.3,7.47,10.34,10.34,10.36,10.41,10.41,10.41,10.44,10.47,10.47,10.5,3.64,3.63,3.63,3.62,3.61,3.61,3.6,3.59,3.59,3.58,3.64,3.63,3.63,3.62,3.61,3.61,3.6,3.59,3.59,3.58,192.97,0,0,1,0,0,0,-1,0,None,aggregation
24,194.51,remora6,remora9,7.47,0,0,0,0,28.35,28.35,28.35,0,0,10.5,0,0,0,0,28.17,28.17,28.17,0,0,3.58,3.57,3.57,3.57,3.57,3.57,3.55,3.53,3.52,3.52,3.58,3.57,3.57,3.57,3.57,3.57,3.55,3.53,3.52,3.52,181.13,0,0,1,0,0,0,-1,0,None,aggregation
24,195.51,remora6,remora9,0,24.56,24.56,24.56,24.56,25.3,25.3,25.3,25.3,25.3,0,24.23,24.23,24.23,24.23,25,25,24.99,24.99,24.99,3.52,3.52,3.51,3.49,3.48,3.46,3.44,3.43,3.41,3.4,3.52,3.52,3.51,3.49,3.48,3.46,3.44,3.43,3.41,3.4,182.16,0,0,1,0,0,0,-1,0,None,aggregation
24,196.51,remora6,remora9,24.04,0,0,0,0,24.91,24.91,24.91,24.91,24.91,23.7,0,0,0,0,24.6,24.6,24.59,24.59,24.59,3.38,3.37,3.36,3.36,3.36,3.36,3.35,3.34,3.32,3.31,3.38,3.37,3.36,3.36,3.36,3.36,3.35,3.34,3.32,3.31,178.31,0,0,1,0,0,0,-1,0,None,aggregation
24,197.51,remora6,remora9,28.03,28.03,23.49,23.49,27.87,27.87,27.87,22.67,22.67,23.96,27.83,27.83,23.13,23.13,27.67,27.66,27.66,22.29,22.29,23.62,3.29,3.27,3.26,3.24,3.23,3.22,3.2,3.19,3.18,3.17,3.29,3.27,3.26,3.24,3.23,3.22,3.2,3.19,3.18,3.17,181.2,0,0,1,0,0,0,-1,0,None,aggregation
24,198.51,remora6,remora9,23.96,23.96,23.69,21.53,21.53,21.53,23.12,22.99,22.99,22.99,23.62,23.62,23.34,21.12,21.12,21.12,22.76,22.62,22.62,22.62,3.17,3.16,3.15,3.14,3.14,3.13,3.13,3.13,3.12,3.12,3.17,3.16,3.15,3.14,3.14,3.13,3.13,3.13,3.12,3.12,175.21,0,0,1,0,0,0,-1,0,None,aggregation
24,199.51,remora6,remora9,22.7,22.7,19.69,22.12,22.12,21.98,21.98,21.98,27.32,21.38,22.33,22.33,19.24,21.73,21.73,21.58,21.58,21.58,27.1,20.97,3.12,3.11,3.11,3.12,3.12,3.12,3.12,3.12,3.12,3.12,3.12,3.11,3.11,3.12,3.12,3.12,3.12,3.12,3.12,3.12,170.01,0,0,1,0,0,0,-1,0,None,aggregation
24,200.51,remora6,remora9,21.38,27.14,27.14,27.14,20.77,20.77,26.95,20.34,20.34,19.87,20.97,26.91,26.91,26.91,20.34,20.34,26.71,19.91,19.91,19.43,3.12,3.13,3.13,3.14,3.14,3.15,3.16,3.16,3.17,3.18,3.12,3.13,3.13,3.14,3.14,3.15,3.16,3.16,3.17,3.18,174.89,0,0,1,0,0,0,-1,0,None,aggregation
24,201.51,remora6,remora9,19.87,19.74,19.74,19.74,19.42,19.42,19.14,19,19,19,19.43,19.29,19.29,19.29,18.96,18.96,18.67,18.54,18.54,18.54,3.19,3.2,3.21,3.22,3.23,3.25,3.26,3.27,3.29,3.3,3.19,3.2,3.21,3.22,3.23,3.25,3.26,3.27,3.29,3.3,184.9,0,0,1,0,0,0,-1,0,None,aggregation
24,202.51,remora6,remora9,18.77,18.77,26.34,26.33,26.33,26.12,26.12,26.12,17.82,17.82,18.3,18.3,26.07,26.06,26.06,25.85,25.85,25.85,17.32,17.32,3.31,3.33,3.34,3.35,3.34,3.34,3.33,3.33,3.32,3.31,3.31,3.33,3.34,3.35,3.34,3.34,3.33,3.33,3.32,3.31,190.54,0,0,1,0,0,0,-1,0,None,aggregation
24,203.51,remora6,remora9,25.9,25.9,17.44,17.44,17.21,17.21,25.56,25.56,16.85,16.62,25.62,25.62,16.94,16.94,16.7,16.7,25.27,25.27,16.33,16.1,3.31,3.31,3.32,3.33,3.33,3.33,3.32,3.32,3.31,3.31,3.31,3.31,3.32,3.33,3.33,3.33,3.32,3.32,3.31,3.31,202.19,0,0,1,0,0,0,-1,0,None,aggregation
24,204.51,remora6,remora9,16.62,16.62,16.48,16.38,16.38,16.38,24.97,24.85,24.85,24.85,16.1,16.1,15.95,15.85,15.85,15.85,24.65,24.53,24.53,24.53,3.33,3.34,3.33,3.33,3.32,3.32,3.31,3.31,3.33,3.35,3.33,3.34,3.33,3.33,3.32,3.32,3.31,3.31,3.33,3.35,212.43,0,0,1,0,0,0,-1,0,None,aggregation
24,205.51,remora6,remora9,24.6,24.6,15.37,24.34,24.34,14.86,14.86,14.86,14.62,14.62,24.28,24.28,14.82,24.01,24.01,14.31,14.31,14.31,14.06,14.06,3.37,3.38,3.38,3.37,3.37,3.37,3.36,3.35,3.35,3.34,3.37,3.38,3.38,3.37,3.37,3.37,3.36,3.35,3.35,3.34,208.57,0,0,1,0,0,0,-1,0,None,aggregation
24,206.51,remora6,remora9,14.62,14.62,14.49,23.54,23.54,23.28,23.28,23.28,23.13,23.13,14.06,14.06,13.93,23.19,23.19,22.91,22.91,22.91,22.76,22.76,3.34,3.34,3.35,3.37,3.39,3.4,3.4,3.4,3.4,3.39,3.34,3.34,3.35,3.37,3.39,3.4,3.4,3.4,3.4,3.39,214.29,0,0,1,0,0,0,-1,0,None,aggregation
24,207.51,remora6,remora9,13.44,13.44,13.18,13.18,12.92,12.93,12.93,12.93,12.54,22.11,12.86,12.86,12.59,12.59,12.32,12.34,12.34,12.34,11.94,21.71,3.39,3.39,3.38,3.38,3.39,3.41,3.43,3.45,3.46,3.45,3.39,3.39,3.38,3.38,3.39,3.41,3.43,3.45,3.46,3.45,202.51,0,0,1,0,0,0,-1,0,None,aggregation
24,208.51,remora6,remora9,22.11,22.11,12.15,12.15,12,12,11.86,11.86,11.86,11.61,21.71,21.71,11.54,11.54,11.38,11.38,11.25,11.24,11.24,10.99,3.45,3.45,3.44,3.44,3.43,3.43,3.42,3.42,3.44,3.46,3.45,3.45,3.44,3.44,3.43,3.43,3.42,3.42,3.44,3.46,193.55,0,0,1,0,0,0,-1,0,None,aggregation
24,209.51,remora6,remora9,11.61,11.61,21.18,21.18,20.86,20.86,10.91,10.91,10.8,20.21,10.99,10.99,20.76,20.76,20.44,20.44,10.28,10.28,10.16,19.77,3.46,3.45,3.45,3.45,3.45,3.45,3.47,3.48,3.48,3.48,3.46,3.45,3.45,3.45,3.45,3.45,3.47,3.48,3.48,3.48,187.1,0,0,1,0,0,0,-1,0,None,aggregation
24,210.51,remora6,remora9,20.21,20.05,20.05,20.05,10.07,10.07,19.37,19.37,0,0,19.77,19.6,19.6,19.6,9.42,9.42,18.91,18.91,0,0,3.47,3.47,3.47,3.47,3.49,3.51,3.5,3.5,3.5,3.49,3.47,3.47,3.47,3.47,3.49,3.51,3.5,3.5,3.5,3.49,177.81,0,0,1,0,0,0,-1,0,None,aggregation
24,211.51,remora6,remora9,0,0,0,0,0,0,0,0,0,0,0,0,0,0,0,0,0,0,0,0,3.51,3.53,3.52,3.51,3.51,3.5,3.49,3.48,3.5,3.52,3.51,3.53,3.52,3.51,3.51,3.5,3.49,3.48,3.5,3.52,158.63,0,0,1,0,0,0,-1,0,None,aggregation
24,212.51,remora6,remora9,0,0,0,0,0,0,0,0,0,0,0,0,0,0,0,0,0,0,0,0,3.54,3.56,3.56,3.56,3.55,3.54,3.53,3.53,3.52,3.51,3.54,3.56,3.56,3.56,3.55,3.54,3.53,3.53,3.52,3.51,135.76,0,0,1,0,0,0,-1,0,None,aggregation
24,213.51,remora6,remora9,0,0,0,0,0,0,0,0,0,0,0,0,0,0,0,0,0,0,0,0,3.5,3.49,3.49,3.47,3.45,3.43,3.41,3.39,3.37,3.35,3.5,3.49,3.49,3.47,3.45,3.43,3.41,3.39,3.37,3.35,115.4,0,0,1,0,0,0,-1,0,None,aggregation
24,214.51,remora6,remora9,0,0,0,0,0,0,0,0,0,0,0,0,0,0,0,0,0,0,0,0,3.33,3.31,3.29,3.27,3.25,3.23,3.21,3.19,3.17,3.15,3.33,3.31,3.29,3.27,3.25,3.23,3.21,3.19,3.17,3.15,95.78,0,0,1,0,0,0,-1,0,None,aggregation
24,215.51,remora6,remora9,0,0,0,0,0,0,0,0,0,0,0,0,0,0,0,0,0,0,0,0,3.13,3.11,3.09,3.07,3.05,3.04,3.02,3,2.98,2.96,3.13,3.11,3.09,3.07,3.05,3.04,3.02,3,2.98,2.96,77.31,0,0,1,0,0,0,-1,0,None,aggregation
24,216.51,remora6,remora9,0,0,0,0,0,0,0,0,0,0,0,0,0,0,0,0,0,0,0,0,2.94,2.93,2.91,2.89,2.87,2.85,2.84,2.82,2.8,2.79,2.94,2.93,2.91,2.89,2.87,2.85,2.84,2.82,2.8,2.79,56.83,0,1,1,0,0,0,-1,0,None,aggregation
24,217.51,remora6,remora9,0,0,0,0,0,0,-17.24,-17.24,-17.62,-17.62,0,0,0,0,0,0,-16.42,-16.42,-16.79,-16.79,2.77,2.76,2.74,2.72,2.71,2.69,2.68,2.66,2.65,2.64,2.77,2.76,2.74,2.72,2.71,2.69,2.68,2.66,2.65,2.64,49.96,0,1,1,0,0,0,-1,0,None,aggregation
24,218.51,remora6,remora9,-18.05,-18.37,-18.37,-18.85,-18.85,-19.27,-19.27,-19.73,-19.73,-20.18,-17.22,-17.55,-17.55,-18.03,-18.03,-18.45,-18.45,-18.91,-18.91,-19.36,2.62,2.61,2.6,2.59,2.58,2.57,2.56,2.55,2.55,2.54,2.62,2.61,2.6,2.59,2.58,2.57,2.56,2.55,2.55,2.54,54.94,0,1,1,0,0,0,-1,0,None,aggregation
24,219.51,remora6,remora9,-20.18,-20.55,-20.55,-20.82,-20.82,-20.82,-21.25,-21.56,-21.56,-21.56,-19.36,-19.73,-19.73,-20,-20,-20,-20.43,-20.74,-20.74,-20.74,2.54,2.53,2.53,2.52,2.52,2.52,2.52,2.51,2.51,2.52,2.54,2.53,2.53,2.52,2.52,2.52,2.52,2.51,2.51,2.52,59.74,0,1,1,0,0,0,-1,0,None,aggregation
24,220.51,remora6,remora9,-21.94,-22.29,-22.29,-22.59,-22.59,-22.94,-22.94,-22.94,-23.17,-23.56,-21.12,-21.47,-21.47,-21.77,-21.77,-22.12,-22.12,-22.12,-22.35,-22.74,2.52,2.52,2.52,2.53,2.53,2.54,2.54,2.55,2.56,2.56,2.52,2.52,2.52,2.53,2.53,2.54,2.54,2.55,2.56,2.56,68.33,0,1,1,0,0,0,-1,0,None,aggregation
24,221.51,remora6,remora9,-23.56,-23.82,-23.82,-24.05,-24.05,-24.05,-24.17,-6.77,-6.77,-6.77,-22.74,-23,-23,-23.23,-23.23,-23.23,-23.35,-5.95,-5.95,-5.95,2.57,2.58,2.59,2.6,2.62,2.63,2.64,2.65,2.66,2.66,2.57,2.58,2.59,2.6,2.62,2.63,2.64,2.65,2.66,2.66,86.71,0,1,1,0,0,0,-1,0,None,aggregation
24,222.51,remora6,remora9,-7.29,-7.29,-7.83,-7.83,-25.08,-25.12,-25.12,-25.33,-25.33,-25.47,-6.47,-6.47,-7.01,-7.01,-24.26,-24.3,-24.3,-24.51,-24.51,-24.65,2.67,2.67,2.68,2.69,2.7,2.72,2.74,2.75,2.77,2.79,2.67,2.67,2.68,2.69,2.7,2.72,2.74,2.75,2.77,2.79,104.47,0,1,1,0,0,0,-1,0,None,aggregation
24,223.51,remora6,remora9,-25.47,-25.47,-10.98,-10.98,-25.88,-25.88,-12.01,-12.01,-12.52,-12.52,-24.65,-24.65,-10.15,-10.15,-25.06,-25.06,-11.19,-11.19,-11.7,-11.7,2.81,2.83,2.84,2.85,2.87,2.89,2.9,2.92,2.93,2.94,2.81,2.83,2.84,2.85,2.87,2.89,2.9,2.92,2.93,2.94,121.43,0,1,1,0,0,0,-1,0,None,aggregation
24,224.51,remora6,remora9,-13.02,-13.02,-26.12,-26.23,-26.23,-26.23,-14,-14,-14.49,-15.01,-12.2,-12.2,-25.3,-25.41,-25.41,-25.41,-13.18,-13.18,-13.67,-14.18,2.96,2.97,2.99,3.02,3.04,3.06,3.09,3.1,3.12,3.14,2.96,2.97,2.99,3.02,3.04,3.06,3.09,3.1,3.12,3.14,139.85,0,0,1,0,0,0,-1,0,None,aggregation
24,225.51,remora6,remora9,-15.01,-15.01,-26.57,-30.15,-30.15,0,0,0,0,26.53,-14.18,-14.18,-25.75,-29.33,-29.33,0,0,0,0,26.27,3.15,3.17,3.19,3.22,3.25,3.28,3.29,3.3,3.31,3.31,3.15,3.17,3.19,3.22,3.25,3.28,3.29,3.3,3.31,3.31,153.97,0,0,1,0,0,0,-1,0,None,aggregation
24,226.51,remora6,remora9,26.53,26.53,26.54,29.89,29.89,26.7,26.7,26.7,28.36,28.36,26.27,26.27,26.28,29.84,29.84,26.45,26.45,26.45,28.18,28.18,3.31,3.29,3.28,3.27,3.26,3.25,3.24,3.22,3.21,3.19,3.31,3.29,3.28,3.27,3.26,3.25,3.24,3.22,3.21,3.19,181.5,0,0,1,0,0,0,-1,0,None,aggregation
24,227.51,remora6,remora9,28.29,28.29,28.22,28.22,28.22,29.76,29.76,29.76,26.46,27.99,28.11,28.11,28.04,28.04,28.04,29.69,29.69,29.69,26.2,27.79,3.18,3.16,3.14,3.12,3.09,3.07,3.05,3.03,3,2.98,3.18,3.16,3.14,3.12,3.09,3.07,3.05,3.03,3,2.98,203.11,0,0,1,0,0,0,-1,0,None,aggregation
24,228.51,remora6,remora9,27.99,27.98,27.98,27.98,27.9,27.9,27.9,27.9,27.82,27.82,27.79,27.79,27.79,27.79,27.7,27.7,27.7,27.7,27.61,27.61,2.96,2.94,2.92,2.9,2.88,2.86,2.84,2.81,2.8,2.78,2.96,2.94,2.92,2.9,2.88,2.86,2.84,2.81,2.8,2.78,212.27,0,1,1,0,0,0,-1,0,None,aggregation
24,229.51,remora6,remora9,27.73,27.73,27.73,27.59,27.59,27.46,27.46,27.46,27.42,27.37,27.52,27.52,27.52,27.38,27.38,27.24,27.24,27.24,27.2,27.14,2.76,2.74,2.72,2.7,2.68,2.66,2.64,2.62,2.6,2.58,2.76,2.74,2.72,2.7,2.68,2.66,2.64,2.62,2.6,2.58,219.16,0,1,1,0,0,0,-1,0,None,aggregation
24,230.51,remora6,remora9,27.37,27.37,27.28,27.13,27.13,27.13,27.04,27.04,26.99,26.85,27.14,27.14,27.05,26.9,26.9,26.9,26.8,26.8,26.75,26.6,2.56,2.54,2.52,2.5,2.49,2.47,2.45,2.43,2.42,2.4,2.56,2.54,2.52,2.5,2.49,2.47,2.45,2.43,2.42,2.4,223.86,0,1,1,0,0,0,-1,0,None,aggregation
24,231.51,remora6,remora9,26.85,26.85,26.79,26.79,26.64,26.64,26.54,26.43,26.43,26.28,26.6,26.6,26.54,26.54,26.38,26.38,26.28,26.17,26.17,26.01,2.38,2.36,2.35,2.33,2.31,2.3,2.28,2.27,2.25,2.24,2.38,2.36,2.35,2.33,2.31,2.3,2.28,2.27,2.25,2.24,231.98,0,1,1,0,0,0,-1,0,None,aggregation
24,232.51,remora6,remora9,26.28,26.11,26.11,26.11,26,26,25.9,25.9,25.66,25.55,26.01,25.84,25.84,25.84,25.73,25.73,25.61,25.61,25.37,25.26,2.22,2.21,2.19,2.18,2.16,2.15,2.14,2.12,2.11,2.1,2.22,2.21,2.19,2.18,2.16,2.15,2.14,2.12,2.11,2.1,240.05,0,1,1,0,0,0,-1,0,None,aggregation
24,233.51,remora6,remora9,25.55,25.55,25.32,25.21,25.21,0,0,0,0,0,25.26,25.26,25.02,24.9,24.9,0,0,0,0,0,2.08,2.07,2.06,2.05,2.04,2.02,2.02,2.02,2.02,2.02,2.08,2.07,2.06,2.05,2.04,2.02,2.02,2.02,2.02,2.02,235.7,0,1,1,0,0,0,-1,0,None,aggregation
24,234.51,remora6,remora9,0,0,0,0,0,0,0,0,0,0,0,0,0,0,0,0,0,0,0,0,2.02,2.02,2.02,2.03,2.03,2.03,2.03,2.04,2.04,2.04,2.02,2.02,2.02,2.03,2.03,2.03,2.03,2.04,2.04,2.04,217.27,0,1,1,0,0,0,-1,0,None,aggregation
24,235.51,remora6,remora9,0,0,0,0,0,0,0,0,0,0,0,0,0,0,0,0,0,0,0,0,2.04,2.05,2.05,2.05,2.06,2.06,2.06,2.07,2.07,2.07,2.04,2.05,2.05,2.05,2.06,2.06,2.06,2.07,2.07,2.07,203.15,0,1,1,0,0,0,-1,0,None,aggregation
24,236.51,remora6,remora9,0,0,0,0,0,0,0,0,0,0,0,0,0,0,0,0,0,0,0,0,2.08,2.08,2.09,2.09,2.09,2.1,2.1,2.11,2.11,2.12,2.08,2.08,2.09,2.09,2.09,2.1,2.1,2.11,2.11,2.12,175.63,0,1,1,0,0,0,-1,0,None,aggregation
24,237.51,remora6,remora9,0,0,0,0,0,0,0,0,0,0,0,0,0,0,0,0,0,0,0,0,2.12,2.12,2.13,2.13,2.14,2.14,2.15,2.15,2.16,2.17,2.12,2.12,2.13,2.13,2.14,2.14,2.15,2.15,2.16,2.17,147.21,0,1,1,0,0,0,-1,0,None,aggregation
24,238.51,remora6,remora9,0,0,0,0,0,0,0,0,0,0,0,0,0,0,0,0,0,0,0,0,2.17,2.18,2.18,2.18,2.18,2.18,2.18,2.18,2.18,2.18,2.17,2.18,2.18,2.18,2.18,2.18,2.18,2.18,2.18,2.18,119.39,0,1,1,0,0,0,-1,0,None,aggregation
24,239.51,remora6,remora9,0,0,0,0,0,0,0,0,0,0,0,0,0,0,0,0,0,0,0,0,2.18,2.19,2.19,2.2,2.2,2.2,2.2,2.2,2.2,2.2,2.18,2.19,2.19,2.2,2.2,2.2,2.2,2.2,2.2,2.2,91.94,0,1,1,0,0,0,-1,0,None,aggregation
24,240.51,remora6,remora9,0,0,0,0,-19.36,-19.36,-19.24,-19.24,-19.02,-19.02,0,0,0,0,-18.54,-18.54,-18.42,-18.42,-18.2,-18.2,2.21,2.22,2.22,2.23,2.23,2.23,2.24,2.24,2.25,2.26,2.21,2.22,2.22,2.23,2.23,2.23,2.24,2.24,2.25,2.26,76.21,0,1,1,0,0,0,-1,0,None,aggregation
24,241.51,remora6,remora9,-18.83,-18.83,-18.62,-18.62,-18.54,-18.54,-18.29,-18.29,-18.45,-18.45,-18.01,-18.01,-17.8,-17.8,-17.72,-17.72,-17.47,-17.47,-17.63,-17.63,2.26,2.27,2.28,2.28,2.29,2.29,2.29,2.29,2.3,2.3,2.26,2.27,2.28,2.28,2.29,2.29,2.29,2.29,2.3,2.3,67.84,0,1,1,0,0,0,-1,0,None,aggregation
24,242.51,remora6,remora9,-18.52,-18.52,-18.59,-18.58,-18.58,-18.58,-18.75,-18.75,-18.5,-18.81,-17.7,-17.7,-17.77,-17.76,-17.76,-17.76,-17.93,-17.93,-17.68,-17.99,2.3,2.31,2.31,2.31,2.32,2.32,2.33,2.33,2.33,2.34,2.3,2.31,2.31,2.31,2.32,2.32,2.33,2.33,2.33,2.34,60.23,0,1,1,0,0,0,-1,0,None,aggregation
24,243.51,remora6,remora9,-18.81,-18.81,-18.84,-18.72,-18.72,-18.72,-18.89,3.72,3.72,-19.09,-17.99,-17.99,-18.02,-17.89,-17.89,-17.89,-18.07,4.47,4.47,-18.27,2.34,2.35,2.35,2.35,2.36,2.36,2.36,2.37,2.37,2.37,2.34,2.35,2.35,2.35,2.36,2.36,2.36,2.37,2.37,2.37,63.17,0,1,1,0,0,0,-1,0,None,aggregation
24,124.51,remora5,remora7,5.8,5.8,5.8,5.8,28.12,28.12,10.48,10.48,-5.33,10.7,5.07,5.07,5.07,5.07,28.3,28.3,11.11,11.11,-4.51,11.33,3.74,3.73,3.72,3.71,3.7,3.69,3.68,3.68,3.67,3.67,3.9,3.9,3.89,3.89,3.88,3.88,3.88,3.88,3.88,3.88,178.6,0,0,1,0,0,0,-1,0,None,aggregation
24,125.51,remora5,remora7,10.7,10.7,28.36,28.4,28.4,10.68,10.68,10.44,10.44,8.03,11.33,11.33,28.53,28.56,28.56,11.3,11.3,11.07,11.07,7.35,3.66,3.65,3.64,3.63,3.62,3.61,3.6,3.59,3.58,3.57,3.87,3.86,3.85,3.85,3.84,3.83,3.82,3.81,3.81,3.8,169.86,0,0,1,0,0,0,-1,0,None,aggregation
24,126.51,remora5,remora7,8.03,28.47,28.47,10.65,10.65,10.65,28.43,8.21,8.21,10.4,7.35,28.64,28.64,11.28,11.28,11.28,28.6,7.53,7.53,11.03,3.57,3.56,3.55,3.54,3.53,3.52,3.52,3.51,3.5,3.49,3.79,3.78,3.77,3.77,3.76,3.75,3.75,3.74,3.73,3.72,157.14,0,0,1,0,0,0,-1,0,None,aggregation
24,127.51,remora5,remora7,10.4,10.4,8.99,9.33,9.33,9.33,10.5,10.5,10.5,28.66,11.03,11.03,8.32,8.67,8.67,8.67,9.86,9.86,9.86,28.81,3.48,3.48,3.47,3.46,3.46,3.45,3.44,3.44,3.43,3.42,3.72,3.71,3.7,3.69,3.68,3.67,3.67,3.66,3.65,3.65,142.81,0,0,1,0,0,0,-1,0,None,aggregation
24,128.51,remora5,remora7,28.66,28.67,28.67,28.64,28.64,10.13,10.13,9.88,9.88,10.11,28.81,28.82,28.82,28.8,28.8,10.76,10.76,10.52,10.52,10.74,3.41,3.4,3.39,3.38,3.37,3.36,3.35,3.35,3.34,3.34,3.64,3.63,3.63,3.62,3.62,3.61,3.61,3.6,3.59,3.59,143.32,0,0,1,0,0,0,-1,0,None,aggregation
24,129.51,remora5,remora7,10.11,10.1,10.1,10.1,11.73,28.76,28.76,28.77,28.77,28.71,10.74,10.74,10.74,10.74,11.11,28.91,28.91,28.91,28.91,28.86,3.33,3.32,3.32,3.31,3.31,3.3,3.29,3.28,3.27,3.26,3.58,3.57,3.57,3.56,3.55,3.55,3.54,3.54,3.53,3.53,146.79,0,0,1,0,0,0,-1,0,None,aggregation
24,130.51,remora5,remora7,28.71,9.82,9.82,9.59,9.59,-1.3,-1.3,11.66,11.66,11.66,28.86,10.46,10.46,10.24,10.24,-0.48,-0.48,11.04,11.04,11.04,3.25,3.24,3.24,3.23,3.23,3.22,3.22,3.21,3.21,3.21,3.52,3.52,3.51,3.51,3.5,3.49,3.49,3.48,3.47,3.47,148.45,0,0,1,0,0,0,-1,0,None,aggregation
24,131.51,remora5,remora7,12.32,28.82,28.82,28.82,13.33,13.33,1.75,1.75,28.83,28.83,11.72,28.96,28.96,28.96,12.74,12.74,2.53,2.53,28.97,28.97,3.2,3.2,3.19,3.18,3.17,3.16,3.16,3.16,3.15,3.14,3.46,3.45,3.45,3.45,3.44,3.44,3.43,3.42,3.42,3.41,152.17,0,0,1,0,0,0,-1,0,None,aggregation
24,132.51,remora5,remora7,14.61,14.61,14.28,14.28,14.28,28.82,28.82,14.94,14.63,14.63,14.05,14.05,13.71,13.71,13.71,28.96,28.96,14.39,14.07,14.07,3.14,3.13,3.13,3.12,3.11,3.1,3.1,3.09,3.09,3.08,3.41,3.4,3.4,3.39,3.39,3.39,3.38,3.37,3.37,3.36,156.93,0,0,1,0,0,0,-1,0,None,aggregation
24,133.51,remora5,remora7,15.6,15.6,9.88,9.88,9.88,16.4,16.4,16.4,28.69,28.69,15.05,15.05,10.52,10.52,10.52,15.88,15.88,15.88,28.84,28.84,3.08,3.07,3.07,3.06,3.06,3.05,3.05,3.04,3.04,3.03,3.36,3.35,3.35,3.34,3.34,3.33,3.33,3.33,3.32,3.32,156.65,0,0,1,0,0,0,-1,0,None,aggregation
24,134.51,remora5,remora7,17.26,17.26,28.63,28.63,28.63,28.56,28.56,28.56,28.5,28.5,16.75,16.75,28.79,28.79,28.78,28.72,28.72,28.72,28.66,28.66,3.02,3.01,3.01,3,2.99,2.98,2.97,2.96,2.95,2.94,3.31,3.31,3.3,3.3,3.29,3.29,3.28,3.28,3.27,3.27,171.4,0,1,1,0,0,0,-1,0,None,aggregation
24,135.51,remora5,remora7,28.5,28.5,7.91,7.91,7.91,7.89,15.99,15.99,15.95,15.95,28.66,28.66,8.58,8.58,8.58,8.57,15.45,15.45,15.42,15.42,2.93,2.92,2.92,2.91,2.91,2.91,2.91,2.9,2.9,2.89,3.26,3.26,3.25,3.25,3.24,3.24,3.24,3.23,3.23,3.22,170.84,0,1,1,0,0,0,-1,0,None,aggregation
24,136.51,remora5,remora7,28.45,16.91,16.91,16.33,16.33,16.33,16.38,17.27,17.27,17.27,28.61,16.39,16.39,15.81,15.81,15.81,15.85,16.76,16.76,16.76,2.88,2.87,2.87,2.86,2.86,2.86,2.85,2.85,2.84,2.84,3.22,3.22,3.21,3.21,3.21,3.2,3.2,3.19,3.19,3.19,173.29,0,1,1,0,0,0,-1,0,None,aggregation
24,137.51,remora5,remora7,17.26,17.26,28.26,17.59,17.59,17.59,17.3,17.3,28.12,28.12,16.75,16.75,28.43,17.09,17.09,17.09,16.79,16.79,28.31,28.31,2.83,2.83,2.82,2.81,2.81,2.8,2.8,2.79,2.79,2.78,3.18,3.18,3.17,3.17,3.16,3.16,3.16,3.15,3.15,3.14,182.14,0,1,1,0,0,0,-1,0,None,aggregation
24,138.51,remora5,remora7,18.16,17.65,17.65,17.68,17.68,17.68,0,0,0,0,17.67,17.15,17.15,17.19,17.19,17.19,0,0,0,0,2.77,2.77,2.76,2.76,2.75,2.75,2.75,2.75,2.76,2.76,3.14,3.14,3.13,3.13,3.13,3.12,3.12,3.12,3.12,3.12,173.1,0,1,1,0,0,0,-1,0,None,aggregation
24,139.51,remora5,remora7,0,0,0,0,0,0,0,0,0,0,0,0,0,0,0,0,0,0,0,0,2.77,2.77,2.77,2.78,2.79,2.79,2.8,2.8,2.81,2.82,3.11,3.11,3.11,3.11,3.11,3.11,3.11,3.11,3.11,3.11,153.38,0,1,1,0,0,0,-1,0,None,aggregation
24,140.51,remora5,remora7,0,0,0,0,0,0,0,0,0,0,0,0,0,0,0,0,0,0,0,0,2.82,2.83,2.84,2.84,2.85,2.86,2.87,2.88,2.89,2.9,3.11,3.11,3.11,3.11,3.11,3.11,3.12,3.12,3.12,3.12,142.91,0,1,1,0,0,0,-1,0,None,aggregation
24,141.51,remora5,remora7,0,0,0,0,0,0,0,0,0,0,0,0,0,0,0,0,0,0,0,0,2.9,2.91,2.92,2.93,2.95,2.96,2.97,2.98,2.99,3,3.12,3.13,3.13,3.13,3.14,3.14,3.15,3.15,3.15,3.16,124.22,0,1,1,0,0,0,-1,0,None,aggregation
24,142.51,remora5,remora7,0,0,0,0,0,0,0,0,0,0,0,0,0,0,0,0,0,0,0,0,3.01,3.03,3.04,3.05,3.07,3.08,3.09,3.11,3.12,3.13,3.16,3.17,3.17,3.18,3.18,3.19,3.19,3.2,3.21,3.21,107.05,0,0,1,0,0,0,-1,0,None,aggregation
24,143.51,remora5,remora7,0,0,0,0,0,0,0,0,0,0,0,0,0,0,0,0,0,0,0,0,3.15,3.16,3.18,3.19,3.21,3.23,3.24,3.26,3.27,3.29,3.22,3.23,3.23,3.24,3.25,3.26,3.26,3.27,3.28,3.29,90.33,0,0,1,0,0,0,-1,0,None,aggregation
24,144.51,remora5,remora7,0,0,0,0,0,0,0,0,0,0,0,0,0,0,0,0,0,0,0,0,3.29,3.29,3.29,3.29,3.29,3.29,3.29,3.29,3.29,3.29,3.3,3.31,3.31,3.32,3.33,3.34,3.35,3.36,3.37,3.38,64.01,0,0,1,0,0,0,-1,0,None,aggregation
24,145.51,remora5,remora7,0,0,0,0,0,0,0,0,0,-28.35,0,0,0,0,0,0,0,0,0,-27.53,3.3,3.3,3.3,3.3,3.3,3.3,3.31,3.31,3.31,3.32,3.39,3.4,3.41,3.42,3.43,3.44,3.45,3.46,3.48,3.5,51.5,0,0,1,0,0,0,-1,0,None,aggregation
24,146.51,remora5,remora7,-28.35,16.25,16.25,14.31,14.31,-11.38,-11.38,-11.38,-11.38,16.91,-27.53,15.72,15.72,13.74,13.74,-12.2,-12.2,-12.2,-12.2,16.39,3.33,3.34,3.34,3.34,3.34,3.34,3.34,3.35,3.35,3.35,3.53,3.56,3.56,3.57,3.57,3.58,3.59,3.61,3.62,3.62,48.96,0,0,1,0,0,0,-1,0,None,aggregation
24,147.51,remora5,remora7,16.91,16.91,-29.66,-29.66,12.78,12.78,16.25,16.25,-7.12,19.63,16.39,16.39,-28.84,-28.84,12.18,12.18,15.72,15.72,-7.94,19.18,3.35,3.35,3.35,3.37,3.38,3.38,3.38,3.38,3.39,3.39,3.63,3.63,3.64,3.67,3.7,3.71,3.72,3.72,3.73,3.74,46.04,0,0,1,0,0,0,-1,0,None,aggregation
24,148.51,remora5,remora7,19.63,19.85,19.85,19.85,15.08,15.08,-2.26,24.13,24.13,24.28,19.18,19.4,19.4,19.4,14.52,14.52,-3.08,23.79,23.79,23.95,3.39,3.39,3.39,3.39,3.38,3.38,3.38,3.39,3.39,3.38,3.75,3.75,3.76,3.76,3.76,3.76,3.77,3.79,3.79,3.79,53.8,0,0,1,0,0,0,-1,0,None,aggregation
24,149.51,remora5,remora7,24.28,24.28,25.66,25.66,27.03,19.18,19.18,19.18,19.18,28.97,23.95,23.95,25.37,25.37,26.79,18.72,18.72,18.72,18.72,28.83,3.38,3.38,3.37,3.36,3.35,3.34,3.34,3.33,3.34,3.36,3.79,3.79,3.78,3.78,3.77,3.77,3.77,3.77,3.79,3.82,76.88,0,0,1,0,0,0,-1,0,None,aggregation
24,150.51,remora5,remora7,28.97,28.79,28.79,7.92,7.92,29.49,29.49,29.49,-21.36,22.25,28.83,28.63,28.63,7.23,7.23,29.39,29.39,29.39,-20.54,21.86,3.36,3.35,3.34,3.34,3.34,3.34,3.33,3.32,3.33,3.34,3.83,3.82,3.82,3.81,3.82,3.83,3.83,3.82,3.84,3.87,100.16,0,0,1,0,0,0,-1,0,None,aggregation
24,151.51,remora5,remora7,22.25,22.25,22.25,-18.86,-18.86,-18.86,29.98,23.14,23.14,23.55,21.86,21.86,21.86,-18.04,-18.04,-18.04,29.95,22.77,22.77,23.19,3.34,3.34,3.33,3.32,3.33,3.34,3.34,3.33,3.32,3.32,3.88,3.88,3.87,3.87,3.88,3.91,3.91,3.91,3.9,3.88,122.24,0,0,1,0,0,0,-1,0,None,aggregation
24,152.51,remora5,remora7,23.55,23.96,23.96,23.96,29.89,29.89,29.79,29.79,-8.82,-8.82,23.19,23.61,23.61,23.61,29.93,29.93,29.85,29.85,-8,-8,3.31,3.31,3.3,3.3,3.29,3.28,3.28,3.27,3.27,3.28,3.88,3.87,3.86,3.85,3.82,3.79,3.77,3.74,3.73,3.72,145.34,0,0,1,0,0,0,-1,0,None,aggregation
24,153.51,remora5,remora7,-9.17,-9.17,25.12,25.12,29.53,-8.84,-8.84,29.18,29.18,29.18,-8.35,-8.35,24.81,24.81,29.62,-8.02,-8.02,29.29,29.29,29.29,3.29,3.29,3.3,3.29,3.28,3.28,3.28,3.29,3.29,3.28,3.72,3.72,3.71,3.68,3.65,3.63,3.62,3.61,3.59,3.57,165.5,0,0,1,0,0,0,-1,0,None,aggregation
24,154.51,remora5,remora7,29.07,29.07,28.82,28.82,-8.75,-8.98,-8.98,-8.98,-9.45,25.06,29.2,29.2,28.97,28.97,-7.93,-8.16,-8.16,-8.16,-8.62,24.75,3.28,3.27,3.26,3.26,3.26,3.27,3.28,3.29,3.3,3.31,3.54,3.51,3.48,3.45,3.44,3.44,3.44,3.44,3.43,3.43,183.9,0,0,1,0,0,0,-1,0,None,aggregation
24,155.51,remora5,remora7,25.06,25.06,28.54,28.54,-5.67,-5.67,-8.87,-8.87,0,0,24.75,24.75,28.7,28.7,-4.85,-4.85,-8.05,-8.05,0,0,3.31,3.3,3.3,3.29,3.29,3.29,3.3,3.3,3.29,3.28,3.41,3.39,3.36,3.34,3.32,3.31,3.31,3.31,3.31,3.31,194.56,0,0,1,0,0,0,-1,0,None,aggregation
24,156.51,remora5,remora7,0,0,18.09,18.09,28.97,28.97,28.97,24.09,23.84,23.84,0,0,17.6,17.6,29.11,29.11,29.11,23.75,23.5,23.5,3.28,3.27,3.26,3.25,3.23,3.2,3.18,3.16,3.14,3.12,3.31,3.3,3.29,3.28,3.27,3.25,3.23,3.21,3.2,3.18,198.79,0,0,1,0,0,0,-1,0,None,aggregation
24,157.51,remora5,remora7,23.84,23.3,23.3,23.31,23.31,22.46,22.46,27.16,27.16,27.16,23.5,22.94,22.94,22.95,22.95,22.07,22.07,26.92,26.92,26.92,3.1,3.08,3.06,3.04,3.02,3,2.98,2.97,2.95,2.92,3.16,3.15,3.13,3.12,3.1,3.09,3.07,3.06,3.04,3.02,205.4,0,0,1,0,0,0,-1,0,None,aggregation
24,158.51,remora5,remora7,5.42,21.33,21.33,21.33,21.31,21.31,22.56,22.56,20.71,20.71,4.69,20.91,20.91,20.91,20.9,20.9,22.17,22.17,20.28,20.28,2.91,2.9,2.89,2.87,2.86,2.84,2.82,2.8,2.78,2.77,3.01,3.01,3,2.98,2.97,2.96,2.95,2.93,2.92,2.9,206.78,0,1,1,0,0,0,-1,0,None,aggregation
24,159.51,remora5,remora7,29.97,29.97,20.1,19.48,19.48,29.84,29.84,18.52,18.52,18.21,29.94,29.94,19.65,19.02,19.02,29.78,29.78,18.04,18.04,17.72,2.75,2.72,2.7,2.69,2.67,2.66,2.63,2.61,2.59,2.58,2.89,2.87,2.86,2.84,2.83,2.82,2.8,2.79,2.77,2.76,206.93,0,1,1,0,0,0,-1,0,None,aggregation
24,160.51,remora5,remora7,18.21,18.21,20.96,20.96,17.3,17.3,16.83,16.83,16.39,16.43,17.72,17.72,20.53,20.53,16.8,16.8,16.32,16.32,15.87,15.9,2.56,2.55,2.53,2.52,2.5,2.49,2.48,2.46,2.45,2.44,2.75,2.74,2.73,2.72,2.71,2.7,2.69,2.68,2.67,2.66,201.35,0,1,1,0,0,0,-1,0,None,aggregation
24,161.51,remora5,remora7,16.43,16.43,20.44,20.44,20.35,20.35,15.07,14.88,14.88,14.88,15.9,15.9,20.01,20.01,19.91,19.91,14.52,14.32,14.32,14.32,2.43,2.41,2.4,2.38,2.37,2.35,2.34,2.33,2.32,2.31,2.65,2.64,2.63,2.62,2.61,2.6,2.59,2.58,2.57,2.57,196.44,0,1,1,0,0,0,-1,0,None,aggregation
24,162.51,remora5,remora7,14.34,14.34,14.32,14.12,14.12,13.74,13.74,13.74,13.54,13.17,13.78,13.78,13.76,13.55,13.55,13.16,13.16,13.16,12.96,12.58,2.3,2.28,2.27,2.26,2.25,2.24,2.23,2.22,2.21,2.2,2.56,2.55,2.54,2.54,2.53,2.52,2.51,2.51,2.5,2.5,186.97,0,1,1,0,0,0,-1,0,None,aggregation
24,163.51,remora5,remora7,13.17,13.17,12.95,12.95,12.56,11.86,11.86,11.86,11.65,11.22,12.58,12.58,12.36,12.36,11.96,11.25,11.25,11.25,11.03,10.59,2.19,2.18,2.17,2.17,2.16,2.15,2.14,2.13,2.12,2.11,2.49,2.48,2.48,2.47,2.47,2.46,2.46,2.45,2.45,2.44,178.83,0,1,1,0,0,0,-1,0,None,aggregation
24,164.51,remora5,remora7,11.22,10.81,10.81,10.4,10.4,10.4,10.35,9.75,9.75,9.75,10.59,10.18,10.18,9.76,9.76,9.76,9.7,9.1,9.1,9.1,2.1,2.1,2.09,2.08,2.07,2.07,2.06,2.05,2.05,2.04,2.44,2.43,2.43,2.42,2.42,2.42,2.41,2.41,2.41,2.4,170.47,0,1,1,0,0,0,-1,0,None,aggregation
24,165.51,remora5,remora7,9.33,9.08,9.08,8.77,8.77,8.77,8.34,8.28,8.28,7.83,8.67,8.41,8.41,8.1,8.1,8.1,7.66,7.6,7.6,7.14,2.03,2.03,2.02,2.01,2.01,2,1.99,1.99,1.98,1.98,2.4,2.4,2.4,2.39,2.39,2.39,2.39,2.39,2.38,2.38,165.34,0,1,1,0,0,0,-1,0,None,aggregation
24,166.51,remora5,remora7,7.83,7.78,7.78,7.32,7.32,7.32,7.25,6.97,6.97,6.97,7.14,7.09,7.09,6.62,6.62,6.62,6.55,6.27,6.27,6.27,1.97,1.97,1.96,1.96,1.95,1.94,1.94,1.93,1.93,1.92,2.38,2.38,2.38,2.38,2.38,2.37,2.37,2.37,2.37,2.37,152.93,0,1,1,0,0,0,-1,0,None,aggregation
24,167.51,remora5,remora7,6.51,6.51,6.58,6.58,6.1,6.22,6.22,6.22,5.73,5.73,5.8,5.8,5.87,5.87,5.38,5.5,5.5,5.5,5,5,1.92,1.92,1.91,1.91,1.9,1.9,1.89,1.89,1.89,1.88,2.37,2.37,2.37,2.37,2.37,2.37,2.37,2.37,2.37,2.37,134.63,0,1,1,0,0,0,-1,0,None,aggregation
24,168.51,remora5,remora7,5.4,5.4,5.4,5.44,5.44,4.96,4.96,4.96,5.25,4.74,4.67,4.67,4.67,4.71,4.71,4.22,4.22,4.22,4.51,4,1.88,1.87,1.87,1.87,1.86,1.86,1.86,1.85,1.85,1.85,2.37,2.37,2.37,2.37,2.38,2.38,2.38,2.38,2.38,2.38,119.82,0,1,1,0,0,0,-1,0,None,aggregation
24,169.51,remora5,remora7,4.74,4.74,4.88,4.52,4.52,5.08,5.08,5.08,5.08,6.16,4,4,4.13,3.77,3.77,4.34,4.34,4.34,4.34,5.44,1.84,1.84,1.84,1.83,1.83,1.84,1.84,1.85,1.85,1.85,2.38,2.38,2.38,2.39,2.39,2.39,2.4,2.4,2.41,2.41,101.2,0,1,1,0,0,0,-1,0,None,aggregation
24,170.51,remora5,remora7,6.16,6.16,6.26,7.37,7.37,7.37,7.37,0,0,0,5.44,5.44,5.54,6.67,6.67,6.67,6.67,0,0,0,1.86,1.86,1.87,1.87,1.88,1.88,1.89,1.9,1.91,1.92,2.42,2.43,2.43,2.44,2.45,2.45,2.46,2.47,2.48,2.49,88.06,0,1,1,0,0,0,-1,0,None,aggregation
24,171.51,remora5,remora7,0,0,0,0,0,0,0,0,0,0,0,0,0,0,0,0,0,0,0,0,1.93,1.95,1.96,1.97,1.98,2,2.01,2.02,2.03,2.05,2.5,2.51,2.51,2.52,2.53,2.54,2.55,2.56,2.57,2.58,70.89,0,1,1,0,0,0,-1,0,None,aggregation
24,172.51,remora5,remora7,0,0,0,0,0,0,0,0,0,0,0,0,0,0,0,0,0,0,0,0,2.06,2.08,2.09,2.1,2.12,2.13,2.15,2.17,2.18,2.2,2.58,2.59,2.6,2.6,2.6,2.6,2.61,2.61,2.62,2.62,57.26,0,1,1,0,0,0,-1,0,None,aggregation
24,173.51,remora5,remora7,0,0,0,0,0,0,0,0,0,0,0,0,0,0,0,0,0,0,0,0,2.22,2.24,2.25,2.27,2.28,2.3,2.32,2.34,2.36,2.38,2.63,2.63,2.64,2.64,2.64,2.65,2.65,2.66,2.67,2.67,45.24,0,1,1,0,0,0,-1,0,None,aggregation
24,174.51,remora5,remora7,0,0,0,0,0,0,0,0,0,0,0,0,0,0,0,0,0,0,0,0,2.4,2.42,2.44,2.46,2.47,2.49,2.51,2.53,2.56,2.58,2.68,2.68,2.69,2.7,2.7,2.71,2.72,2.73,2.74,2.75,35.2,0,1,0,0,0,0,-1,0,None,aggregation
24,175.51,remora5,remora7,0,0,0,0,0,0,0,0,0,0,0,0,0,0,0,0,0,0,0,0,2.59,2.61,2.63,2.65,2.67,2.7,2.72,2.74,2.76,2.78,2.75,2.76,2.77,2.78,2.78,2.79,2.8,2.81,2.82,2.82,26.88,0,1,0,0,0,0,-1,0,None,aggregation
24,176.51,remora5,remora7,0,0,0,0,0,0,0,0,0,0,0,0,0,0,0,0,0,0,0,0,2.8,2.82,2.84,2.85,2.85,2.84,2.84,2.83,2.83,2.83,2.83,2.84,2.85,2.86,2.87,2.87,2.88,2.89,2.9,2.91,19.88,0,1,0,0,0,0,-1,0,None,aggregation
24,177.51,remora5,remora7,0,0,0,0,13.09,13.09,14.17,14.22,14.22,14.24,0,0,0,0,13.67,13.67,14.73,14.78,14.78,14.8,2.82,2.82,2.82,2.82,2.81,2.81,2.8,2.8,2.79,2.79,2.93,2.94,2.95,2.96,2.97,2.97,2.98,2.98,2.98,2.99,22.47,0,1,0,0,0,0,-1,0,None,aggregation
24,178.51,remora5,remora7,14.24,29.2,29.2,14.64,14.64,14.64,15.34,15.34,15.34,15.61,14.8,29.32,29.32,15.19,15.19,15.19,15.87,15.87,15.87,16.14,2.78,2.78,2.77,2.76,2.76,2.75,2.75,2.74,2.73,2.73,2.99,2.99,2.99,2.98,2.98,2.98,2.99,2.99,2.99,2.98,35.7,0,1,0,0,0,0,-1,0,None,aggregation
24,179.51,remora5,remora7,15.61,16.15,16.15,16.15,28.7,28.7,28.66,16.3,16.3,16.3,16.14,16.67,16.67,16.67,28.85,28.85,28.82,16.82,16.82,16.82,2.72,2.72,2.71,2.7,2.7,2.69,2.68,2.68,2.67,2.67,2.99,2.99,2.99,2.99,2.99,2.98,2.98,2.97,2.97,2.98,51.19,0,1,1,0,0,0,-1,0,None,aggregation
24,180.51,remora5,remora7,16.35,16.35,28.42,17.17,17.17,17.17,17.17,17.6,17.6,17.39,16.86,16.86,28.59,17.67,17.67,17.67,17.67,18.09,18.09,17.88,2.67,2.66,2.65,2.65,2.64,2.64,2.63,2.62,2.62,2.61,2.98,2.98,2.98,2.98,2.98,2.98,2.99,2.99,2.99,2.99,65.1,0,1,1,0,0,0,-1,0,None,aggregation
24,181.51,remora5,remora7,17.29,17.29,17.29,17.34,17.17,17.38,17.38,17.38,17.16,17.16,17.78,17.78,17.78,17.83,17.67,17.87,17.87,17.87,17.66,17.66,2.6,2.6,2.59,2.59,2.58,2.57,2.56,2.56,2.56,2.55,2.99,2.99,2.99,2.99,2.99,2.98,2.97,2.96,2.94,2.92,82.63,0,1,1,0,0,0,-1,0,None,aggregation
24,182.51,remora5,remora7,16.79,16.79,16.31,16.01,16.01,16.01,16.01,27.66,27.66,27.66,17.29,17.29,16.83,16.53,16.53,16.53,16.53,27.86,27.86,27.86,2.54,2.54,2.53,2.53,2.52,2.51,2.51,2.5,2.49,2.48,2.9,2.88,2.85,2.83,2.8,2.78,2.75,2.73,2.71,2.68,102.53,0,1,1,0,0,0,-1,0,None,aggregation
24,183.51,remora5,remora7,13.27,12.86,12.86,12.86,12.86,11.34,11.34,11.34,10.59,10.59,13.85,13.44,13.44,13.44,13.44,11.95,11.95,11.95,11.21,11.21,2.48,2.47,2.47,2.46,2.45,2.44,2.44,2.43,2.43,2.42,2.65,2.62,2.6,2.58,2.55,2.53,2.51,2.49,2.47,2.45,114.82,0,1,1,0,0,0,-1,0,None,aggregation
24,184.51,remora5,remora7,10.06,10.06,10.06,8.09,8.09,8.09,7.26,7.26,6.35,6.35,10.69,10.69,10.69,8.76,8.76,8.76,7.95,7.95,7.06,7.06,2.41,2.4,2.38,2.35,2.32,2.28,2.25,2.22,2.2,2.16,2.43,2.41,2.39,2.37,2.35,2.33,2.31,2.29,2.27,2.25,123.32,0,1,1,0,0,0,-1,0,None,aggregation
24,185.51,remora5,remora7,5.45,4.52,4.52,4.52,3.67,3.22,3.22,2.6,2.6,1.93,6.17,5.25,5.25,5.25,4.43,3.98,3.98,3.37,3.37,2.71,2.14,2.11,2.08,2.05,2.02,1.99,1.96,1.94,1.91,1.89,2.24,2.22,2.2,2.18,2.17,2.15,2.13,2.12,2.1,2.09,127.32,0,1,1,0,0,0,-1,0,None,aggregation
24,186.51,remora5,remora7,1.93,1.93,-14.81,-14.81,0.97,0.3,0.3,0.14,0.14,-14.62,2.71,2.71,-13.99,-13.99,1.77,1.11,1.11,0.95,0.95,-13.8,1.86,1.84,1.83,1.82,1.8,1.78,1.76,1.74,1.72,1.7,2.07,2.06,2.05,2.04,2.03,2.02,2.01,2,1.98,1.97,132.48,0,1,1,0,0,0,-1,0,None,aggregation
24,187.51,remora5,remora7,-14.62,-0.06,-0.06,-0.48,-0.48,-0.56,-0.56,-0.25,-0.25,-0.09,-13.8,0.76,0.76,0.34,0.34,0.26,0.26,0.57,0.57,0.73,1.69,1.68,1.67,1.65,1.63,1.61,1.6,1.58,1.56,1.55,1.97,1.96,1.95,1.94,1.93,1.92,1.91,1.9,1.89,1.89,125.6,0,1,1,0,0,0,-1,0,None,aggregation
24,188.51,remora5,remora7,-0.09,-0.09,0,0.15,0.15,0.3,0.3,0.56,0.56,0.56,0.73,0.73,0.82,0.96,0.96,1.11,1.11,1.37,1.37,1.37,1.53,1.52,1.52,1.52,1.52,1.51,1.51,1.51,1.51,1.51,1.88,1.87,1.87,1.87,1.87,1.87,1.87,1.87,1.87,1.87,108.2,0,1,1,0,0,0,-1,0,None,aggregation
24,189.51,remora5,remora7,0.87,0.87,0.85,0.85,1.09,1.09,1.55,1.65,1.65,1.65,1.66,1.66,1.65,1.65,1.88,1.88,2.34,2.44,2.44,2.44,1.51,1.51,1.51,1.5,1.5,1.5,1.5,1.5,1.5,1.49,1.87,1.86,1.86,1.86,1.86,1.86,1.86,1.86,1.86,1.86,89.7,0,1,1,0,0,0,-1,0,None,aggregation
24,190.51,remora5,remora7,2.06,2.06,2.01,2.01,2.22,2.47,2.47,2.72,2.72,2.72,2.84,2.84,2.79,2.79,3,3.24,3.24,3.49,3.49,3.49,1.49,1.49,1.49,1.49,1.48,1.48,1.48,1.48,1.47,1.47,1.86,1.85,1.85,1.85,1.85,1.85,1.85,1.85,1.85,1.84,73.96,1,1,1,0,0,0,-1,0,None,aggregation
24,191.51,remora5,remora7,3.1,3.1,2.9,2.9,3.4,3.4,3.44,3.44,3.79,3.8,3.86,3.86,3.67,3.67,4.16,4.16,4.2,4.2,4.54,4.55,1.47,1.47,1.46,1.46,1.46,1.45,1.45,1.45,1.44,1.44,1.84,1.84,1.84,1.84,1.84,1.84,1.83,1.83,1.83,1.83,60.14,1,1,1,0,0,0,-1,0,None,aggregation
24,192.51,remora5,remora7,3.8,3.8,4.14,4.13,4.13,4.45,4.45,4.45,4.42,4.42,4.55,4.55,4.88,4.87,4.87,5.18,5.18,5.18,5.16,5.16,1.44,1.43,1.43,1.43,1.42,1.42,1.42,1.41,1.41,1.41,1.83,1.82,1.82,1.82,1.82,1.82,1.82,1.81,1.81,1.81,44.83,1,1,0,0,0,0,-1,0,None,aggregation
24,193.51,remora5,remora7,4.73,4.73,4.69,5.26,5.26,5.26,5.18,5.46,5.46,5.92,5.46,5.46,5.42,5.98,5.98,5.98,5.91,6.18,6.18,6.63,1.4,1.4,1.4,1.39,1.39,1.38,1.38,1.38,1.37,1.37,1.81,1.81,1.8,1.8,1.8,1.8,1.8,1.79,1.79,1.79,38.09,1,1,0,0,0,0,-1,0,None,aggregation
24,194.51,remora5,remora7,5.92,6.15,6.15,6.15,6.72,7.29,7.29,7.29,8.14,8.45,6.63,6.86,6.86,6.86,7.42,7.98,7.98,7.98,8.81,9.12,1.36,1.36,1.35,1.35,1.35,1.34,1.34,1.33,1.33,1.32,1.79,1.79,1.78,1.78,1.78,1.78,1.77,1.77,1.77,1.77,36.89,1,1,0,0,0,0,-1,0,None,aggregation
24,195.51,remora5,remora7,8.45,8.45,9.11,9.11,9.81,10.66,10.66,11.41,11.41,12.15,9.12,9.12,9.77,9.77,10.46,11.28,11.28,12.02,12.02,12.75,1.32,1.31,1.3,1.3,1.29,1.29,1.28,1.27,1.27,1.26,1.76,1.76,1.76,1.76,1.76,1.75,1.75,1.75,1.75,1.75,43.33,1,1,0,0,0,0,-1,0,None,aggregation
24,196.51,remora5,remora7,12.15,13,13,13.66,13.66,14.55,14.55,15.29,15.29,15.29,12.75,13.58,13.58,14.23,14.23,15.1,15.1,15.83,15.83,15.83,1.25,1.25,1.24,1.23,1.22,1.22,1.21,1.2,1.19,1.19,1.75,1.74,1.74,1.74,1.74,1.74,1.74,1.74,1.74,1.74,52.51,1,1,1,0,0,0,-1,0,None,aggregation
24,197.51,remora5,remora7,16.15,16.15,16.8,16.8,17.61,18.3,18.3,18.77,18.77,19.38,16.67,16.67,17.3,17.3,18.1,18.78,18.78,19.24,19.24,19.83,1.18,1.17,1.17,1.16,1.15,1.15,1.14,1.13,1.12,1.12,1.74,1.74,1.74,1.74,1.74,1.74,1.74,1.74,1.75,1.75,68.86,1,1,1,0,0,0,-1,0,None,aggregation
24,198.51,remora5,remora7,19.38,19.38,20.06,20.68,20.68,20.68,21.22,21.73,21.73,21.73,19.83,19.83,20.5,21.1,21.1,21.1,21.62,22.12,22.12,22.12,1.11,1.11,1.1,1.1,1.09,1.09,1.08,1.08,1.08,1.07,1.75,1.75,1.76,1.76,1.77,1.77,1.77,1.78,1.79,1.79,89.14,1,1,1,0,0,0,-1,0,None,aggregation
24,199.51,remora5,remora7,22.26,22.26,22.77,23.26,23.26,23.64,23.64,23.64,24.18,24.56,22.64,22.64,23.14,23.61,23.61,23.98,23.98,23.98,24.51,24.87,1.07,1.07,1.07,1.07,1.07,1.07,1.07,1.07,1.07,1.07,1.8,1.81,1.81,1.82,1.83,1.84,1.85,1.86,1.87,1.88,111.06,1,1,1,0,0,0,-1,0,None,aggregation
24,200.51,remora5,remora7,24.56,24.95,24.95,24.95,25.36,25.36,25.73,25.95,25.95,26.32,24.87,25.26,25.26,25.26,25.65,25.65,26.01,26.22,26.22,26.58,1.07,1.08,1.08,1.09,1.09,1.1,1.11,1.11,1.12,1.13,1.89,1.91,1.92,1.93,1.95,1.96,1.98,1.99,2.01,2.03,133.88,1,1,1,0,0,0,-1,0,None,aggregation
24,201.51,remora5,remora7,26.32,26.61,26.61,26.61,26.81,26.81,27.14,27.3,27.3,27.52,26.58,26.85,26.85,26.85,27.05,27.05,27.37,27.52,27.52,27.73,1.14,1.15,1.16,1.17,1.18,1.19,1.21,1.22,1.23,1.25,2.05,2.07,2.09,2.11,2.13,2.15,2.17,2.19,2.21,2.24,157.19,1,0,1,0,0,0,-1,0,None,aggregation
24,202.51,remora5,remora7,27.52,27.52,27.67,29.01,29.01,29.04,29.04,29.04,29.02,29.07,27.73,27.73,27.87,29.14,29.14,29.17,29.17,29.17,29.15,29.2,1.25,1.26,1.26,1.26,1.26,1.27,1.27,1.28,1.28,1.29,2.26,2.28,2.29,2.3,2.33,2.34,2.37,2.38,2.4,2.42,181.27,1,0,1,0,0,0,-1,0,None,aggregation
24,203.51,remora5,remora7,29.07,29.07,29.06,29.09,29.09,29.09,23.99,23.99,28.23,24.45,29.2,29.2,29.19,29.22,29.22,29.22,24.32,24.32,28.4,24.76,1.3,1.3,1.3,1.31,1.31,1.32,1.32,1.32,1.32,1.32,2.45,2.47,2.49,2.51,2.52,2.54,2.56,2.58,2.6,2.62,203.33,1,0,1,0,0,0,-1,0,None,aggregation
24,204.51,remora5,remora7,24.45,24.63,24.63,23.91,23.91,23.91,29.13,29.2,29.2,29.2,24.76,24.94,24.94,24.24,24.24,24.24,29.25,29.32,29.32,29.32,1.33,1.33,1.33,1.34,1.34,1.34,1.35,1.35,1.36,1.37,2.64,2.66,2.68,2.7,2.72,2.74,2.76,2.78,2.8,2.83,222.36,1,0,1,0,0,0,-1,0,None,aggregation
24,205.51,remora5,remora7,25.37,24.79,24.79,29.33,29.33,28.88,28.88,28.88,25.38,25.38,25.66,25.1,25.1,29.43,29.43,29.02,29.02,29.02,25.67,25.67,1.38,1.4,1.41,1.41,1.42,1.43,1.44,1.45,1.45,1.46,2.85,2.88,2.9,2.91,2.93,2.96,2.98,3,3.02,3.04,239.13,1,0,1,0,0,0,-1,0,None,aggregation
24,206.51,remora5,remora7,26.26,26.26,25.71,29.1,29.1,26.25,26.25,26.25,26.45,26.45,26.52,26.52,25.99,29.23,29.23,26.51,26.51,26.51,26.7,26.7,1.46,1.47,1.48,1.5,1.52,1.55,1.57,1.6,1.63,1.67,3.05,3.07,3.1,3.12,3.15,3.18,3.22,3.25,3.29,3.33,251.72,0,1,1,0,0,0,-1,0,None,aggregation
24,207.51,remora5,remora7,26.45,29.74,29.74,27.61,27.61,27.48,27.48,27.48,29.61,29.86,26.7,29.81,29.81,27.81,27.81,27.69,27.69,27.69,29.69,29.91,1.7,1.73,1.77,1.81,1.82,1.83,1.86,1.88,1.91,1.94,3.36,3.39,3.44,3.48,3.51,3.53,3.56,3.59,3.62,3.65,262.16,0,1,1,0,0,0,-1,0,None,aggregation
24,208.51,remora5,remora7,29.86,29.86,27.96,27.96,27.97,27.97,29.88,28.12,28.12,28.26,29.91,29.91,28.15,28.15,28.16,28.16,29.92,28.3,28.3,28.43,1.95,1.96,1.97,1.98,1.99,2,2.03,2.05,2.07,2.07,3.67,3.69,3.7,3.71,3.72,3.74,3.76,3.78,3.79,3.8,269.89,0,1,1,0,0,0,-1,0,None,aggregation
24,209.51,remora5,remora7,28.26,28.26,28.26,29.91,29.91,29.91,28.4,28.4,28.47,28.6,28.43,28.44,28.44,29.95,29.95,29.95,28.57,28.57,28.63,28.75,2.1,2.12,2.13,2.14,2.16,2.18,2.19,2.22,2.26,2.3,3.82,3.83,3.85,3.86,3.87,3.89,3.9,3.92,3.94,3.98,275.27,0,1,1,0,0,0,-1,0,None,aggregation
24,210.51,remora5,remora7,28.6,29.94,29.94,29.94,28.72,28.72,28.79,28.79,28.84,29.95,28.75,29.97,29.97,29.97,28.87,28.87,28.93,28.93,28.99,29.98,2.31,2.32,2.35,2.38,2.42,2.46,2.47,2.48,2.48,2.49,4,4.02,4.04,4.07,4.11,4.14,4.16,4.18,4.19,4.2,278.99,0,1,1,0,0,0,-1,0,None,aggregation
24,211.51,remora5,remora7,29.95,29.95,28.9,28.9,28.9,29.96,29.96,28.96,28.96,28.96,29.98,29.98,29.04,29.04,29.04,29.98,29.98,29.09,29.09,29.09,2.49,2.5,2.51,2.52,2.53,2.55,2.56,2.56,2.57,2.58,4.21,4.23,4.24,4.25,4.26,4.28,4.28,4.29,4.3,4.31,281.36,0,1,1,0,0,0,-1,0,None,aggregation
24,212.51,remora5,remora7,28.96,28.96,28.96,28.96,29.94,29.02,29.02,29.02,29.02,29.07,29.09,29.09,29.09,29.09,29.97,29.15,29.15,29.15,29.15,29.19,2.6,2.62,2.63,2.64,2.66,2.68,2.68,2.69,2.69,2.7,4.32,4.33,4.34,4.35,4.37,4.39,4.41,4.43,4.44,4.45,281.84,0,1,1,0,0,0,-1,0,None,aggregation
24,213.51,remora5,remora7,29.95,29.95,29.07,29.07,29.07,29.07,29.07,29.07,29.94,29.07,29.98,29.98,29.19,29.19,29.19,29.19,29.19,29.19,29.97,29.2,2.7,2.71,2.72,2.72,2.73,2.74,2.75,2.77,2.78,2.79,4.46,4.46,4.47,4.48,4.49,4.5,4.51,4.53,4.54,4.54,283.61,0,1,1,0,0,0,-1,0,None,aggregation
24,214.51,remora5,remora7,29.07,29.07,29.07,29.07,29.07,29.08,29.08,29.08,29.92,29.17,29.2,29.2,29.2,29.2,29.2,29.2,29.2,29.2,29.95,29.29,2.79,2.8,2.82,2.85,2.85,2.86,2.87,2.87,2.89,2.92,4.55,4.56,4.58,4.6,4.6,4.61,4.62,4.63,4.64,4.66,286.5,0,1,1,0,0,0,-1,0,None,aggregation
24,215.51,remora5,remora7,29.17,29.17,29.17,29.18,29.18,29.18,29.18,29.18,29.18,29.18,29.29,29.29,29.29,29.29,29.29,29.3,29.3,29.3,29.3,29.3,2.93,2.93,2.94,2.94,2.96,2.98,3,3.02,3.04,3.04,4.67,4.68,4.69,4.7,4.71,4.72,4.74,4.76,4.77,4.78,288.53,0,1,1,0,0,0,-1,0,None,aggregation
24,216.51,remora5,remora7,29.18,29.92,29.92,29.18,29.18,0,0,0,0,-26.37,29.3,29.95,29.95,29.3,29.3,0,0,0,0,-27.19,3.06,3.07,3.08,3.09,3.11,3.13,3.11,3.09,3.07,3.04,4.79,4.8,4.81,4.81,4.83,4.84,4.83,4.82,4.81,4.79,279.04,0,0,1,0,0,0,-1,0,None,aggregation
24,217.51,remora5,remora7,-26.37,-26.04,-26.04,-26.04,-26.04,-25.71,-25.38,-25.38,-25.04,-29.08,-27.19,-26.86,-26.86,-26.86,-26.86,-26.54,-26.2,-26.2,-25.86,-29.91,3,2.96,2.92,2.89,2.84,2.79,2.75,2.7,2.66,2.62,4.76,4.72,4.68,4.64,4.6,4.56,4.52,4.49,4.46,4.42,277.18,0,1,1,0,0,0,-1,0,None,aggregation
24,218.51,remora5,remora7,-29.08,-29.08,-24.12,-28.87,-28.87,-23.14,-23.14,-28.57,-28.57,-28.57,-29.91,-29.91,-24.94,-29.69,-29.69,-23.97,-23.97,-29.39,-29.39,-29.39,2.58,2.55,2.52,2.49,2.44,2.4,2.36,2.32,2.27,2.23,4.38,4.35,4.31,4.28,4.24,4.21,4.17,4.14,4.1,4.06,276.13,0,1,1,0,0,0,-1,0,None,aggregation
24,219.51,remora5,remora7,-21.91,-28.16,-28.16,-20.37,-20.37,-27.7,-27.7,-18.5,-18.5,-18.5,-22.73,-28.98,-28.98,-21.19,-21.19,-28.52,-28.52,-19.32,-19.32,-19.32,2.19,2.15,2.11,2.07,2.03,2,1.97,1.94,1.92,1.89,4.02,3.98,3.94,3.91,3.89,3.86,3.82,3.79,3.77,3.74,270.62,0,1,1,0,0,0,-1,0,None,aggregation
24,220.51,remora5,remora7,-27.1,-26.73,-26.73,-15.26,-15.26,-25.87,-25.87,-25.24,-25.24,-24.57,-27.93,-27.55,-27.55,-16.09,-16.09,-26.69,-26.69,-26.06,-26.06,-25.39,1.86,1.83,1.79,1.76,1.73,1.71,1.68,1.65,1.62,1.59,3.72,3.69,3.65,3.62,3.59,3.56,3.52,3.49,3.45,3.42,265.55,0,1,1,0,0,0,-1,0,None,aggregation
24,221.51,remora5,remora7,-24.57,-23.91,-23.91,0,0,0,0,0,0,0,-25.39,-24.74,-24.74,0,0,0,0,0,0,0,1.57,1.54,1.52,1.5,1.5,1.49,1.49,1.48,1.47,1.46,3.39,3.36,3.33,3.3,3.29,3.28,3.28,3.27,3.27,3.26,243.52,1,0,1,0,0,0,-1,0,None,aggregation
24,222.51,remora5,remora7,0,0,0,0,0,0,0,0,0,0,0,0,0,0,0,0,0,0,0,0,1.46,1.46,1.45,1.45,1.44,1.44,1.43,1.43,1.43,1.42,3.25,3.24,3.23,3.22,3.21,3.2,3.19,3.18,3.17,3.16,214.37,1,0,1,0,0,0,-1,0,None,aggregation
24,223.51,remora5,remora7,0,0,0,0,0,0,0,0,0,0,0,0,0,0,0,0,0,0,0,0,1.42,1.42,1.41,1.41,1.41,1.41,1.41,1.41,1.41,1.41,3.15,3.14,3.13,3.12,3.11,3.1,3.09,3.08,3.08,3.07,184.99,1,0,1,0,0,0,-1,0,None,aggregation
24,224.51,remora5,remora7,0,0,0,0,0,0,0,0,0,0,0,0,0,0,0,0,0,0,0,0,1.41,1.41,1.41,1.41,1.42,1.42,1.43,1.43,1.44,1.44,3.06,3.05,3.05,3.04,3.03,3.02,3.02,3.01,3.01,3,155.76,1,0,1,0,0,0,-1,0,None,aggregation
24,225.51,remora5,remora7,0,0,0,0,0,0,0,0,0,0,0,0,0,0,0,0,0,0,0,0,1.45,1.45,1.46,1.47,1.48,1.49,1.5,1.51,1.52,1.53,3,2.99,2.98,2.98,2.98,2.97,2.97,2.97,2.96,2.96,126.53,1,0,1,0,0,0,-1,0,None,aggregation
24,226.51,remora5,remora7,0,0,0,0,0,0,0,0,0,0,0,0,0,0,0,0,0,0,0,0,1.54,1.55,1.56,1.58,1.59,1.6,1.62,1.63,1.64,1.66,2.96,2.96,2.95,2.95,2.95,2.95,2.95,2.95,2.94,2.94,109.09,0,1,1,0,0,0,-1,0,None,aggregation
24,227.51,remora5,remora7,0,0,0,0,0,0,0,0,0,0,0,0,0,0,0,0,0,0,0,0,1.67,1.69,1.7,1.72,1.73,1.75,1.76,1.78,1.8,1.81,2.94,2.94,2.94,2.94,2.94,2.94,2.94,2.94,2.94,2.94,82.57,0,1,1,0,0,0,-1,0,None,aggregation
24,228.51,remora5,remora7,0,0,0,0,0,0,12.05,12.05,15,15.21,0,0,0,0,0,0,12.65,12.65,15.54,15.75,1.83,1.85,1.87,1.88,1.9,1.92,1.94,1.95,1.96,1.97,2.94,2.94,2.94,2.95,2.95,2.95,2.95,2.96,2.96,2.96,60.5,0,1,1,0,0,0,-1,0,None,aggregation
24,229.51,remora5,remora7,15.21,15.33,15.33,15.47,15.47,15.55,15.55,15.55,15.74,15.85,15.75,15.86,15.86,16.01,16.01,16.08,16.08,16.08,16.27,16.38,1.98,1.99,2.01,2.02,2.03,2.04,2.05,2.06,2.07,2.09,2.97,2.97,2.97,2.97,2.98,2.98,2.99,2.99,3,3,52.88,0,1,1,0,0,0,-1,0,None,aggregation
24,230.51,remora5,remora7,15.85,15.85,16.05,16.25,16.25,16.25,13.57,13.86,13.86,14.15,16.38,16.38,16.57,16.77,16.77,16.77,14.14,14.42,14.42,14.71,2.1,2.11,2.13,2.14,2.15,2.16,2.17,2.19,2.2,2.21,3.01,3.01,3.02,3.02,3.03,3.03,3.03,3.04,3.04,3.05,44.14,0,1,0,0,0,0,-1,0,None,aggregation
24,231.51,remora5,remora7,14.15,14.15,14.11,14.4,14.4,14.68,14.68,14.71,14.71,15,14.71,14.71,14.67,14.95,14.95,15.22,15.22,15.26,15.26,15.54,2.23,2.24,2.25,2.26,2.28,2.29,2.3,2.32,2.33,2.34,3.05,3.06,3.06,3.07,3.07,3.08,3.08,3.09,3.09,3.1,51.55,0,1,1,0,0,0,-1,0,None,aggregation
24,232.51,remora5,remora7,15,14.93,14.93,14.93,17.51,17.52,17.52,17.52,17.71,17.81,15.54,15.47,15.47,15.47,18,18.01,18.01,18.01,18.19,18.29,2.36,2.37,2.38,2.4,2.41,2.42,2.43,2.45,2.46,2.47,3.1,3.11,3.11,3.12,3.13,3.13,3.14,3.14,3.15,3.16,68.34,0,1,1,0,0,0,-1,0,None,aggregation
24,233.51,remora5,remora7,17.81,17.81,15.78,16.01,16.01,16.01,16.14,16.14,16.3,16.43,18.29,18.29,16.31,16.54,16.54,16.54,16.66,16.66,16.81,16.94,2.48,2.5,2.51,2.52,2.53,2.54,2.56,2.57,2.58,2.6,3.16,3.17,3.17,3.18,3.18,3.19,3.2,3.2,3.21,3.21,85.04,0,1,1,0,0,0,-1,0,None,aggregation
24,234.51,remora5,remora7,16.43,16.43,18.57,18.57,18.66,18.66,18.81,17.3,17.3,17.3,16.94,16.94,19.03,19.03,19.12,19.12,19.27,17.8,17.8,17.8,2.61,2.62,2.64,2.65,2.66,2.67,2.68,2.69,2.71,2.72,3.22,3.23,3.23,3.24,3.25,3.25,3.26,3.27,3.28,3.28,103.09,0,1,1,0,0,0,-1,0,None,aggregation
24,235.51,remora5,remora7,17.59,19.57,19.57,19.69,19.69,19.81,19.81,19.81,18.53,-7.03,18.08,20.01,20.01,20.13,20.13,20.25,20.25,20.25,19,-6.21,2.73,2.74,2.75,2.76,2.78,2.79,2.8,2.81,2.83,2.84,3.29,3.3,3.3,3.31,3.32,3.32,3.33,3.34,3.35,3.36,121.36,0,1,1,0,0,0,-1,0,None,aggregation
24,236.51,remora5,remora7,-7.03,-7.03,8.84,20.47,20.47,20.47,20.62,19.48,19.48,20.98,-6.21,-6.21,9.5,20.89,20.89,20.89,21.04,19.93,19.93,21.39,2.86,2.89,2.91,2.93,2.95,2.96,2.97,2.98,2.99,3,3.37,3.37,3.38,3.39,3.4,3.42,3.43,3.44,3.45,3.46,137.95,0,1,1,0,0,0,-1,0,None,aggregation
24,237.51,remora5,remora7,20.98,-6.72,-6.72,-6.66,-6.66,-7.11,-7.11,20.22,20.22,21.63,21.39,-5.9,-5.9,-5.84,-5.84,-6.29,-6.29,20.65,20.65,22.03,3.02,3.03,3.05,3.08,3.1,3.13,3.16,3.18,3.2,3.21,3.47,3.48,3.49,3.49,3.5,3.51,3.52,3.53,3.54,3.55,150.19,0,0,1,0,0,0,-1,0,None,aggregation
24,238.51,remora5,remora7,21.63,21.63,-6.92,-6.92,20.57,20.78,20.78,-6.72,-6.72,10.49,22.03,22.03,-6.09,-6.09,21,21.19,21.19,-5.9,-5.9,11.11,3.22,3.24,3.26,3.29,3.3,3.32,3.33,3.34,3.36,3.39,3.57,3.58,3.58,3.59,3.59,3.6,3.61,3.62,3.63,3.64,158.93,0,0,1,0,0,0,-1,0,None,aggregation
24,239.51,remora5,remora7,10.49,10.59,10.59,21.08,21.08,11.04,11.04,11.04,11.04,20.89,11.11,11.21,11.21,21.49,21.49,11.66,11.66,11.66,11.66,21.31,3.41,3.42,3.42,3.41,3.42,3.44,3.44,3.43,3.41,3.39,3.65,3.66,3.66,3.66,3.67,3.68,3.68,3.68,3.66,3.65,157.33,0,0,1,0,0,0,-1,0,None,aggregation
24,240.51,remora5,remora7,20.89,0,0,0,0,0,-14.04,-14.04,3.54,3.54,21.31,0,0,0,0,0,-14.86,-14.86,2.78,2.78,3.38,3.37,3.36,3.36,3.36,3.36,3.38,3.41,3.43,3.46,3.66,3.66,3.66,3.66,3.66,3.66,3.67,3.68,3.69,3.7,147.49,0,0,1,0,0,0,-1,0,None,aggregation
24,241.51,remora5,remora7,21.99,0,0,0,30,0,0,0,-27.63,-27.63,21.59,0,0,0,30,0,0,0,-28.46,-28.46,3.47,3.48,3.51,3.53,3.54,3.55,3.54,3.54,3.55,3.55,3.71,3.72,3.73,3.73,3.74,3.74,3.74,3.73,3.72,3.71,143.51,0,0,1,0,0,0,-1,0,None,aggregation
24,242.51,remora5,remora7,22.34,22.34,4.08,22.31,22.31,22.31,-29.98,-29.98,3.96,0,21.95,21.95,3.33,21.92,21.92,21.92,-29.16,-29.16,3.2,0,3.55,3.53,3.5,3.48,3.46,3.45,3.46,3.47,3.47,3.47,3.71,3.7,3.68,3.66,3.66,3.65,3.64,3.63,3.63,3.63,144.42,0,0,1,0,0,0,-1,0,None,aggregation
24,243.51,remora5,remora7,0,0,0,0,-14.15,-14.15,-14.15,4.38,4.38,-30.33,0,0,0,0,-14.97,-14.97,-14.97,3.63,3.63,-29.51,3.47,3.47,3.45,3.43,3.43,3.44,3.44,3.45,3.45,3.45,3.62,3.62,3.62,3.61,3.6,3.59,3.58,3.57,3.57,3.57,135.88,0,0,1,0,0,0,-1,0,None,aggregation
24,124.51,remora5,remora6,0,0,-29.25,0,0,0,0,0,-29.12,-29.12,0,0,-30.07,0,0,0,0,0,-29.94,-29.95,8.44,8.42,8.41,8.39,8.37,8.35,8.32,8.3,8.3,8.29,8.44,8.42,8.41,8.39,8.37,8.35,8.32,8.3,8.3,8.29,139.34,0,0,1,0,0,0,-1,0,None,aggregation
24,125.51,remora5,remora6,-29.12,-28.98,-28.98,-28.82,-28.82,-28.64,-28.64,-28.45,-28.45,-28.24,-29.95,-29.8,-29.8,-29.64,-29.64,-29.46,-29.46,-29.27,-29.27,-29.06,8.29,8.28,8.28,8.27,8.27,8.26,8.25,8.25,8.24,8.24,8.29,8.28,8.28,8.27,8.27,8.26,8.25,8.25,8.24,8.24,168.46,0,0,1,0,0,0,-1,0,None,aggregation
24,126.51,remora5,remora6,-28.24,-28.02,-28.02,-27.78,-27.78,-27.78,-27.53,-27.26,-27.26,-26.83,-29.06,-28.84,-28.84,-28.6,-28.6,-28.6,-28.35,-28.09,-28.09,-27.65,8.23,8.22,8.22,8.21,8.2,8.2,8.19,8.18,8.18,8.17,8.23,8.22,8.22,8.21,8.2,8.2,8.19,8.18,8.18,8.17,196.52,0,0,1,0,0,0,-1,0,None,aggregation
24,127.51,remora5,remora6,-26.83,-26.83,-26.54,-26.06,-26.06,-26.06,-25.56,-25.56,-25.22,-24.68,-27.65,-27.65,-27.36,-26.89,-26.89,-26.89,-26.38,-26.38,-26.04,-25.5,8.16,8.15,8.15,8.14,8.13,8.12,8.11,8.1,8.1,8.09,8.16,8.15,8.15,8.14,8.13,8.12,8.11,8.1,8.1,8.09,222.87,0,0,1,0,0,0,-1,0,None,aggregation
24,128.51,remora5,remora6,-24.68,-24.11,-24.11,-23.73,-23.73,-22.91,-22.91,-22.5,-22.5,-21.63,-25.5,-24.93,-24.93,-24.55,-24.55,-23.73,-23.73,-23.32,-23.32,-22.45,8.08,8.07,8.06,8.05,8.04,8.03,8.02,8.01,8,7.98,8.08,8.07,8.06,8.05,8.04,8.03,8.02,8.01,8,7.98,219.16,0,0,1,0,0,0,-1,0,None,aggregation
24,129.51,remora5,remora6,-21.63,-20.96,-20.96,-20.28,-20.28,-19.58,-19.58,0,0,0,-22.45,-21.78,-21.78,-21.1,-21.1,-20.4,-20.4,0,0,0,7.97,7.96,7.95,7.94,7.92,7.91,7.9,7.88,7.86,7.84,7.97,7.96,7.95,7.94,7.92,7.91,7.9,7.88,7.86,7.84,204.98,0,0,1,0,0,0,-1,0,None,aggregation
24,130.51,remora5,remora6,0,0,0,0,0,0,0,0,0,0,0,0,0,0,0,0,0,0,0,0,7.81,7.79,7.76,7.74,7.71,7.69,7.66,7.64,7.61,7.59,7.81,7.79,7.76,7.74,7.71,7.69,7.66,7.64,7.61,7.59,175.47,0,0,1,0,0,0,-1,0,None,aggregation
24,131.51,remora5,remora6,0,0,0,0,0,0,0,0,0,0,0,0,0,0,0,0,0,0,0,0,7.57,7.54,7.52,7.49,7.47,7.44,7.42,7.39,7.37,7.34,7.57,7.54,7.52,7.49,7.47,7.44,7.42,7.39,7.37,7.34,145.66,0,0,1,0,0,0,-1,0,None,aggregation
24,132.51,remora5,remora6,0,0,0,0,0,0,0,0,0,0,0,0,0,0,0,0,0,0,0,0,7.32,7.29,7.27,7.24,7.22,7.2,7.17,7.15,7.13,7.1,7.32,7.29,7.27,7.24,7.22,7.2,7.17,7.15,7.13,7.1,142.67,0,0,1,0,0,0,-1,0,None,aggregation
24,133.51,remora5,remora6,0,0,0,0,0,0,0,0,0,0,0,0,0,0,0,0,0,0,0,0,7.08,7.05,7.03,7,6.98,6.96,6.93,6.91,6.89,6.86,7.08,7.05,7.03,7,6.98,6.96,6.93,6.91,6.89,6.86,130.71,0,0,1,0,0,0,-1,0,None,aggregation
24,124.51,remora5,remora9,30,30,30,30,30,30,30,30,30,30,30,30,30,30,30,30,30,30,30,30,8.44,8.42,8.41,8.39,8.37,8.35,8.32,8.3,8.3,8.29,8.44,8.42,8.41,8.39,8.37,8.35,8.32,8.3,8.3,8.29,300,0,0,1,0,0,0,-1,0,None,aggregation
24,125.51,remora5,remora9,30,30,30,30,30,30,30,30,30,30,30,30,30,30,30,30,30,30,30,30,8.29,8.28,8.28,8.27,8.27,8.26,8.25,8.25,8.24,8.24,8.29,8.28,8.28,8.27,8.27,8.26,8.25,8.25,8.24,8.24,300,0,0,1,0,0,0,-1,0,None,aggregation
24,126.51,remora5,remora9,30,30,30,30,30,30,30,30,30,30,30,30,30,30,30,30,30,30,30,30,8.23,8.22,8.22,8.21,8.2,8.2,8.19,8.18,8.18,8.17,8.23,8.22,8.22,8.21,8.2,8.2,8.19,8.18,8.18,8.17,300,0,0,1,0,0,0,-1,0,None,aggregation
24,127.51,remora5,remora9,30,30,30,30,30,30,30,30,30,30,30,30,30,30,30,30,30,30,30,30,8.16,8.15,8.15,8.14,8.13,8.12,8.11,8.1,8.1,8.09,8.16,8.15,8.15,8.14,8.13,8.12,8.11,8.1,8.1,8.09,300,0,0,1,0,0,0,-1,0,None,aggregation
24,128.51,remora5,remora9,30,30,30,30,30,30,30,30,30,30,30,30,30,30,30,30,30,30,30,30,8.08,8.07,8.06,8.05,8.04,8.03,8.02,8.01,8,7.98,8.08,8.07,8.06,8.05,8.04,8.03,8.02,8.01,8,7.98,300,0,0,1,0,0,0,-1,0,None,aggregation
24,129.51,remora5,remora9,30,30,30,30,30,30,30,30,30,30,30,30,30,30,30,30,30,30,30,30,7.97,7.96,7.95,7.94,7.92,7.91,7.9,7.88,7.86,7.84,7.97,7.96,7.95,7.94,7.92,7.91,7.9,7.88,7.86,7.84,300,0,0,1,0,0,0,-1,0,None,aggregation
24,130.51,remora5,remora9,30,30,30,30,30,30,30,30,30,30,30,30,30,30,30,30,30,30,30,30,7.81,7.79,7.76,7.74,7.71,7.69,7.66,7.64,7.61,7.59,7.81,7.79,7.76,7.74,7.71,7.69,7.66,7.64,7.61,7.59,300,0,0,1,0,0,0,-1,0,None,aggregation
24,131.51,remora5,remora9,30,30,30,30,30,30,30,30,30,30,30,30,30,30,30,30,30,30,30,30,7.57,7.54,7.52,7.49,7.47,7.44,7.42,7.39,7.37,7.34,7.57,7.54,7.52,7.49,7.47,7.44,7.42,7.39,7.37,7.34,300,0,0,1,0,0,0,-1,0,None,aggregation
24,132.51,remora5,remora9,30,30,30,30,30,30,30,30,30,30,30,30,30,30,30,30,30,30,30,30,7.32,7.29,7.27,7.24,7.22,7.2,7.17,7.15,7.13,7.1,7.32,7.29,7.27,7.24,7.22,7.2,7.17,7.15,7.13,7.1,300,0,0,1,0,0,0,-1,0,None,aggregation
24,133.51,remora5,remora9,30,30,30,30,30,30,30,30,30,30,30,30,30,30,30,30,30,30,30,30,7.08,7.05,7.03,7,6.98,6.96,6.93,6.91,6.89,6.86,7.08,7.05,7.03,7,6.98,6.96,6.93,6.91,6.89,6.86,300,0,0,1,0,0,0,-1,0,None,aggregation
24,134.51,remora5,remora9,30,30,30,30,30,30,30,30,30,30,30,30,30,30,30,30,30,30,30,30,6.84,6.82,6.79,6.77,6.75,6.72,6.7,10,10,10,6.84,6.82,6.79,6.77,6.75,6.72,6.7,10,10,10,300,0,0,1,0,0,0,-1,0,None,aggregation
24,135.51,remora5,remora9,30,30,30,30,30,30,30,30,30,30,30,30,30,30,30,30,30,30,30,30,10,10,10,10,10,10,10,10,10,10,10,10,10,10,10,10,10,10,10,10,300,0,0,1,0,0,0,-1,0,None,aggregation
24,136.51,remora5,remora9,30,30,30,30,30,30,30,30,30,30,30,30,30,30,30,30,30,30,30,30,10,10,10,10,10,10,10,10,10,10,10,10,10,10,10,10,10,10,10,10,300,0,0,1,0,0,0,-1,0,None,aggregation
24,137.51,remora5,remora9,30,30,30,30,30,30,30,30,30,30,30,30,30,30,30,30,30,30,30,30,10,10,10,10,10,10,10,10,10,10,10,10,10,10,10,10,10,10,10,10,300,0,0,1,0,0,0,-1,0,None,aggregation
24,138.51,remora5,remora9,30,30,30,30,30,30,30,30,30,30,30,30,30,30,30,30,30,30,30,30,10,10,10,10,10,5.64,5.62,5.59,5.57,5.54,10,10,10,10,10,5.64,5.62,5.59,5.57,5.54,300,0,0,1,0,0,0,-1,0,None,aggregation
24,124.51,remora5,remora4,10.01,10.01,10.01,10.01,10.01,0,0,0,0,28.33,9.99,9.99,9.99,9.99,9.99,0,0,0,0,28.5,2.97,2.98,2.98,2.99,3,3.01,3.03,3.04,3.06,3.07,3.52,3.52,3.52,3.53,3.53,3.54,3.56,3.57,3.57,3.58,141.98,0,0,1,0,0,0,-1,0,None,aggregation
24,125.51,remora5,remora4,28.33,29.98,29.98,29.98,29.98,29.98,29.98,29.99,29.99,28.09,28.5,29.96,29.96,29.96,29.96,29.96,29.96,29.98,29.98,28.27,3.07,3.06,3.05,3.04,3.03,3.02,3.02,3.01,3,2.99,3.57,3.56,3.56,3.55,3.55,3.54,3.54,3.53,3.52,3.51,153.87,0,0,1,0,0,0,-1,0,None,aggregation
24,126.51,remora5,remora4,28.09,29.99,29.99,27.93,27.93,27.93,27.93,30,30,30,28.27,29.98,29.98,28.12,28.12,28.12,28.12,29.99,29.99,30,2.97,2.96,2.95,2.95,2.94,2.93,2.92,2.9,2.9,2.89,3.49,3.48,3.48,3.47,3.47,3.46,3.45,3.44,3.43,3.43,172.91,0,1,1,0,0,0,-1,0,None,aggregation
24,127.51,remora5,remora4,30,27.75,27.75,30,30,30,27.6,27.6,27.6,27.4,30,27.94,27.94,30,30,30,27.81,27.81,27.81,27.62,2.88,2.87,2.86,2.86,2.85,2.83,2.83,2.82,2.81,2.8,3.42,3.4,3.4,3.39,3.38,3.37,3.36,3.35,3.34,3.34,184.38,0,1,1,0,0,0,-1,0,None,aggregation
24,128.51,remora5,remora4,27.4,27.4,27.4,27.4,27.4,27.31,27.31,27.31,27.31,29.98,27.62,27.62,27.62,27.62,27.62,27.53,27.53,27.53,27.53,29.99,2.8,2.8,2.79,2.78,2.77,2.76,2.75,2.74,2.73,2.72,3.33,3.33,3.33,3.32,3.32,3.31,3.31,3.3,3.29,3.28,199.07,0,1,1,0,0,0,-1,0,None,aggregation
24,129.51,remora5,remora4,29.98,27.13,27.13,27.12,27.12,29.96,29.96,26.98,26.98,26.94,29.99,27.35,27.35,27.35,27.35,29.98,29.98,27.21,27.21,27.17,2.71,2.7,2.69,2.69,2.68,2.67,2.66,2.65,2.64,2.63,3.27,3.26,3.25,3.25,3.24,3.23,3.23,3.22,3.22,3.21,213.25,0,1,1,0,0,0,-1,0,None,aggregation
24,130.51,remora5,remora4,26.94,29.93,29.93,26.83,26.83,29.9,29.9,26.74,26.74,26.74,27.17,29.96,29.96,27.07,27.07,29.94,29.94,26.98,26.98,26.98,2.63,2.62,2.61,2.6,2.59,2.59,2.58,2.57,2.57,2.56,3.21,3.21,3.2,3.19,3.18,3.18,3.17,3.16,3.15,3.14,223.74,0,1,1,0,0,0,-1,0,None,aggregation
24,131.51,remora5,remora4,29.87,26.52,26.52,26.52,26.46,26.46,26.4,29.83,29.83,29.83,29.91,26.77,26.77,26.77,26.71,26.71,26.65,29.88,29.88,29.88,2.55,2.54,2.54,2.54,2.54,2.53,2.53,2.52,2.52,2.51,3.14,3.13,3.13,3.13,3.13,3.12,3.11,3.11,3.1,3.1,235.96,0,1,1,0,0,0,-1,0,None,aggregation
24,132.51,remora5,remora4,26.24,26.24,26.18,26.18,26.18,29.76,29.76,29.76,29.73,29.73,26.5,26.5,26.44,26.44,26.44,29.82,29.82,29.82,29.8,29.8,2.5,2.5,2.5,2.51,2.5,2.49,2.49,2.49,2.49,2.48,3.09,3.09,3.09,3.09,3.08,3.08,3.08,3.08,3.07,3.07,252.12,0,1,1,0,0,0,-1,0,None,aggregation
24,133.51,remora5,remora4,25.88,25.88,29.68,29.68,29.68,25.64,25.64,29.62,29.62,29.62,26.15,26.15,29.75,29.75,29.75,25.92,25.92,29.7,29.7,29.7,2.48,2.47,2.46,2.46,2.45,2.44,2.44,2.43,2.42,2.42,3.06,3.05,3.05,3.04,3.03,3.03,3.02,3.02,3.01,3.01,263.13,0,1,1,0,0,0,-1,0,None,aggregation
24,134.51,remora5,remora4,25.49,25.41,25.41,25.41,25.34,29.55,29.55,29.55,29.52,29.52,25.77,25.7,25.7,25.7,25.63,29.64,29.64,29.64,29.61,29.61,2.41,2.41,2.41,2.41,2.41,2.41,2.41,2.4,2.39,2.38,3.01,3,3,3.01,3.01,3.01,3,3,3,2.99,282.86,0,1,1,0,0,0,-1,0,None,aggregation
24,135.51,remora5,remora4,29.48,29.48,29.44,25.08,25.08,25.07,25.07,25.07,29.36,29.36,29.57,29.57,29.54,25.38,25.38,25.37,25.37,25.37,29.47,29.47,2.38,2.37,2.37,2.37,2.36,2.35,2.35,2.35,2.35,2.34,2.99,2.99,2.98,2.97,2.97,2.96,2.96,2.96,2.95,2.95,280.57,0,1,1,0,0,0,-1,0,None,aggregation
24,136.51,remora5,remora4,24.81,24.81,24.81,24.81,24.81,24.81,24.73,24.65,24.65,24.66,25.11,25.12,25.12,25.12,25.12,25.12,25.04,24.97,24.97,24.97,2.34,2.34,2.33,2.34,2.34,2.34,2.33,2.33,2.33,2.33,2.95,2.95,2.95,2.94,2.94,2.94,2.94,2.93,2.93,2.93,276.46,0,1,1,0,0,0,-1,0,None,aggregation
24,137.51,remora5,remora4,24.66,24.66,29.23,29.19,29.19,29.19,29.14,29.14,24.38,20.84,24.97,24.97,29.35,29.31,29.31,29.31,29.26,29.26,24.7,21.25,2.33,2.33,2.32,2.31,2.31,2.31,2.31,2.3,2.3,2.3,2.93,2.93,2.92,2.92,2.92,2.91,2.91,2.91,2.91,2.9,274.89,0,1,1,0,0,0,-1,0,None,aggregation
24,138.51,remora5,remora4,20.84,20.82,20.82,24.22,24.22,24.22,24.22,20.71,20.71,29.04,21.25,21.24,21.24,24.55,24.55,24.55,24.54,21.13,21.13,29.17,2.31,2.31,2.31,2.31,2.31,2.31,2.32,2.32,2.33,2.33,2.91,2.91,2.91,2.91,2.91,2.91,2.9,2.9,2.9,2.9,270.33,0,1,1,0,0,0,-1,0,None,aggregation
24,139.51,remora5,remora4,29.04,29.04,23.99,23.79,23.79,23.79,23.67,28.94,28.94,28.94,29.17,29.17,24.33,24.13,24.13,24.13,24.01,29.08,29.08,29.08,2.32,2.31,2.31,2.31,2.32,2.32,2.33,2.33,2.33,2.32,2.89,2.88,2.88,2.88,2.87,2.87,2.87,2.87,2.87,2.86,268.83,0,1,1,0,0,0,-1,0,None,aggregation
24,140.51,remora5,remora4,23.43,23.43,23.31,23.31,28.89,23.09,23.09,22.95,22.95,22.95,23.78,23.78,23.66,23.66,29.03,23.45,23.45,23.32,23.32,23.32,2.32,2.32,2.32,2.33,2.33,2.33,2.33,2.34,2.34,2.34,2.86,2.85,2.85,2.85,2.85,2.85,2.85,2.85,2.85,2.85,264.61,0,1,1,0,0,0,-1,0,None,aggregation
24,141.51,remora5,remora4,22.83,28.84,28.84,22.68,22.68,22.68,22.45,23.57,23.57,23.57,23.19,28.98,28.98,23.05,23.05,23.05,22.83,23.92,23.92,23.92,2.34,2.34,2.35,2.35,2.35,2.36,2.37,2.37,2.37,2.38,2.84,2.84,2.84,2.84,2.84,2.84,2.84,2.85,2.85,2.84,261.03,0,1,1,0,0,0,-1,0,None,aggregation
24,142.51,remora5,remora4,22.31,22.31,22.17,28.78,28.78,22.02,22.02,21.88,21.88,21.88,22.68,22.68,22.55,28.93,28.93,22.41,22.41,22.27,22.27,22.27,2.38,2.39,2.4,2.4,2.4,2.4,2.41,2.41,2.41,2.42,2.85,2.85,2.85,2.85,2.85,2.85,2.85,2.85,2.85,2.86,256.55,0,1,1,0,0,0,-1,0,None,aggregation
24,143.51,remora5,remora4,21.75,21.75,21.75,21.6,21.6,21.6,28.79,21.46,21.46,21.31,22.14,22.14,22.14,21.99,21.99,21.99,28.93,21.86,21.86,21.71,2.43,2.43,2.44,2.45,2.46,2.46,2.46,2.47,2.47,2.48,2.86,2.86,2.86,2.87,2.87,2.87,2.87,2.88,2.88,2.88,250.87,0,1,1,0,0,0,-1,0,None,aggregation
24,144.51,remora5,remora4,21.31,21.18,21.18,21.17,21.17,21.12,21.12,28.85,28.85,28.85,21.71,21.58,21.58,21.58,21.58,21.53,21.53,28.99,28.99,28.99,2.49,2.5,2.5,2.51,2.52,2.53,2.53,2.54,2.55,2.55,2.89,2.89,2.9,2.9,2.9,2.91,2.91,2.92,2.92,2.92,246.94,0,1,1,0,0,0,-1,0,None,aggregation
24,145.51,remora5,remora4,20.98,20.85,20.85,20.72,20.72,15.44,15.44,15.44,20.56,20.55,21.39,21.26,21.26,21.13,21.13,15.97,15.97,15.97,20.98,20.97,2.55,2.56,2.57,2.58,2.59,2.6,2.61,2.62,2.63,2.64,2.92,2.93,2.93,2.94,2.94,2.95,2.96,2.96,2.97,2.98,238.97,0,1,1,0,0,0,-1,0,None,aggregation
24,146.51,remora5,remora4,20.55,22.81,22.81,20.38,20.38,14.76,14.76,20.34,20.34,28.97,20.97,23.18,23.18,20.81,20.81,15.31,15.31,20.77,20.77,29.1,2.65,2.65,2.66,2.66,2.67,2.68,2.7,2.71,2.72,2.73,2.99,3,3,3,3.01,3.01,3.02,3.03,3.04,3.04,234.88,0,1,1,0,0,0,-1,0,None,aggregation
24,147.51,remora5,remora4,28.97,28.97,20.19,20.19,20.2,29.07,29.07,29.07,20.15,29.07,29.1,29.1,20.62,20.62,20.63,29.2,29.2,29.2,20.58,29.2,2.73,2.73,2.74,2.75,2.76,2.76,2.77,2.77,2.77,2.78,3.04,3.04,3.05,3.06,3.07,3.07,3.08,3.08,3.08,3.09,233.43,0,1,1,0,0,0,-1,0,None,aggregation
24,148.51,remora5,remora4,29.07,20.02,20.02,20.02,20.01,20.01,19.98,19.97,19.97,29.08,29.2,20.45,20.45,20.45,20.44,20.44,20.42,20.4,20.4,29.2,2.79,2.79,2.8,2.8,2.81,2.82,2.83,2.84,2.85,2.86,3.09,3.09,3.09,3.1,3.1,3.1,3.11,3.12,3.12,3.12,232.27,0,1,1,0,0,0,-1,0,None,aggregation
24,149.51,remora5,remora4,29.08,0,0,0,0,29.18,29.18,29.18,29.18,19.97,29.2,0,0,0,0,29.29,29.29,29.29,29.29,20.4,2.86,2.87,2.89,2.91,2.94,2.97,2.98,2.98,2.98,2.99,3.12,3.12,3.13,3.14,3.15,3.15,3.16,3.16,3.16,3.17,222.39,0,1,1,0,0,0,-1,0,None,aggregation
24,150.51,remora5,remora4,19.97,29.18,29.18,19.94,19.94,8.11,8.11,8.11,20.09,20.07,20.4,29.3,29.3,20.37,20.37,8.79,8.79,8.79,20.53,20.5,3,3.01,3.02,3.02,3.03,3.03,3.05,3.07,3.08,3.09,3.18,3.18,3.18,3.18,3.18,3.19,3.19,3.2,3.2,3.22,216.97,0,0,1,0,0,0,-1,0,None,aggregation
24,151.51,remora5,remora4,20.07,20.07,20.07,4.38,4.38,4.38,20.07,20.03,20.03,20.03,20.5,20.5,20.5,5.12,5.12,5.12,20.5,20.46,20.46,20.46,3.1,3.11,3.12,3.13,3.15,3.17,3.18,3.18,3.16,3.15,3.22,3.22,3.22,3.23,3.24,3.25,3.26,3.26,3.24,3.23,208.25,0,0,1,0,0,0,-1,0,None,aggregation
24,152.51,remora5,remora4,20.03,29.36,29.36,29.36,29.36,29.36,29.35,29.35,4.3,4.3,20.46,29.46,29.46,29.46,29.46,29.46,29.46,29.46,5.04,5.04,3.15,3.15,3.14,3.1,3.06,3,2.95,2.89,2.85,2.82,3.23,3.23,3.22,3.2,3.17,3.14,3.11,3.08,3.06,3.05,208.22,0,0,1,0,0,0,-1,0,None,aggregation
24,153.51,remora5,remora4,20.05,20.05,20.14,20.14,19.91,29.16,29.16,19.86,19.86,29,20.49,20.49,20.57,20.57,20.35,29.28,29.28,20.29,20.29,29.13,2.78,2.74,2.69,2.64,2.59,2.55,2.49,2.44,2.4,2.35,3.03,3.02,2.99,2.96,2.94,2.91,2.89,2.87,2.84,2.81,208.63,0,1,1,0,0,0,-1,0,None,aggregation
24,154.51,remora5,remora4,29,29,28.94,28.94,28.83,19.29,19.29,19.29,19.06,28.38,29.13,29.13,29.08,29.08,28.97,19.74,19.74,19.74,19.52,28.55,2.3,2.24,2.19,2.13,2.08,2.03,1.99,1.94,1.89,1.85,2.79,2.75,2.72,2.69,2.67,2.65,2.63,2.61,2.6,2.58,210.12,0,1,1,0,0,0,-1,0,None,aggregation
24,155.51,remora5,remora4,28.38,28.38,18.65,18.34,18.34,27.78,27.78,27.78,27.53,27.53,28.55,28.55,19.12,18.81,18.81,27.97,27.97,27.97,27.74,27.74,1.81,1.76,1.72,1.67,1.63,1.59,1.54,1.49,1.45,1.42,2.56,2.53,2.51,2.48,2.46,2.44,2.42,2.4,2.39,2.38,215.93,0,1,1,0,0,0,-1,0,None,aggregation
24,156.51,remora5,remora4,0,0,0,0,0,0,0,0,0,0,0,0,0,0,0,0,0,0,0,0,1.42,1.42,1.42,1.42,1.42,1.42,1.42,1.42,1.42,1.42,2.38,2.38,2.37,2.37,2.36,2.35,2.35,2.34,2.34,2.33,195.11,1,0,1,0,0,0,-1,0,None,aggregation
24,157.51,remora5,remora4,0,0,0,0,0,0,0,0,0,0,0,0,0,0,0,0,0,0,0,0,1.42,1.42,1.42,1.42,1.42,1.42,1.42,1.42,1.42,1.42,2.32,2.32,2.31,2.31,2.3,2.29,2.29,2.28,2.28,2.27,169.49,1,0,1,0,0,0,-1,0,None,aggregation
24,158.51,remora5,remora4,0,0,0,0,0,0,0,0,0,0,0,0,0,0,0,0,0,0,0,0,1.42,1.42,1.42,1.42,1.42,1.42,1.42,1.42,1.42,1.42,2.27,2.27,2.26,2.26,2.25,2.25,2.24,2.24,2.23,2.23,147.49,1,0,1,0,0,0,-1,0,None,aggregation
24,159.51,remora5,remora4,0,0,0,0,0,0,0,0,0,0,0,0,0,0,0,0,0,0,0,0,1.42,1.42,1.42,1.42,1.42,1.42,1.42,1.42,1.42,1.42,2.22,2.22,2.21,2.21,2.2,2.2,2.19,2.19,2.18,2.18,130.87,1,1,1,0,0,0,-1,0,None,aggregation
24,160.51,remora5,remora4,0,0,0,0,0,0,0,0,0,0,0,0,0,0,0,0,0,0,0,0,1.42,1.42,1.42,1.42,1.42,1.42,1.42,1.42,1.42,1.42,2.18,2.17,2.17,2.17,2.16,2.16,2.16,2.15,2.15,2.15,112.38,1,1,1,0,0,0,-1,0,None,aggregation
24,161.51,remora5,remora4,0,0,0,0,0,0,0,0,0,0,0,0,0,0,0,0,0,0,0,0,1.42,1.42,1.42,1.42,1.42,1.42,1.42,1.42,1.42,1.42,2.15,2.14,2.14,2.14,2.13,2.13,2.13,2.13,2.12,2.12,96.77,1,1,1,0,0,0,-1,0,None,aggregation
24,162.51,remora5,remora4,0,0,0,0,0,0,0,0,-11.39,-11.62,0,0,0,0,0,0,0,0,-12.21,-12.45,1.42,1.42,1.42,1.42,1.42,1.42,1.42,1.42,1.43,1.44,2.12,2.12,2.12,2.11,2.11,2.11,2.11,2.11,2.11,2.11,75.61,1,1,1,0,0,0,-1,0,None,aggregation
24,163.51,remora5,remora4,-11.62,-6.39,-6.39,-11.83,-11.83,-12.06,-12.06,-12.06,-12.04,-12.4,-12.45,-7.22,-7.22,-12.65,-12.65,-12.88,-12.88,-12.88,-12.86,-13.22,1.45,1.46,1.47,1.47,1.48,1.49,1.5,1.51,1.52,1.53,2.12,2.12,2.12,2.12,2.13,2.13,2.14,2.14,2.15,2.15,63.98,1,1,1,0,0,0,-1,0,None,aggregation
24,164.51,remora5,remora4,-12.4,-7.29,-7.29,-12.61,-12.61,-12.61,-12.84,-12.94,-12.94,-12.94,-13.22,-8.11,-8.11,-13.43,-13.43,-13.43,-13.66,-13.76,-13.76,-13.76,1.54,1.55,1.56,1.57,1.58,1.59,1.6,1.61,1.62,1.63,2.16,2.16,2.17,2.17,2.17,2.18,2.18,2.19,2.2,2.2,50.91,0,1,1,0,0,0,-1,0,None,aggregation
24,165.51,remora5,remora4,-13.16,-13.53,-13.53,-13.5,-13.5,-13.73,-13.73,-13.71,-13.71,-14.05,-13.98,-14.35,-14.35,-14.32,-14.32,-14.55,-14.55,-14.53,-14.53,-14.87,1.64,1.66,1.67,1.68,1.69,1.7,1.72,1.73,1.74,1.75,2.21,2.21,2.22,2.23,2.23,2.24,2.25,2.26,2.26,2.27,39.75,0,1,0,0,0,0,-1,0,None,aggregation
24,166.51,remora5,remora4,-14.05,-9.01,-9.01,-14.39,-14.39,-14.39,-14.51,-14.6,-14.6,-14.6,-14.87,-9.83,-9.83,-15.21,-15.21,-15.21,-15.33,-15.42,-15.42,-15.42,1.76,1.78,1.78,1.79,1.8,1.82,1.83,1.84,1.86,1.87,2.28,2.28,2.29,2.3,2.3,2.31,2.32,2.33,2.34,2.34,53.51,0,1,1,0,0,0,-1,0,None,aggregation
24,167.51,remora5,remora4,-14.83,-14.83,-14.8,-15.02,-15.02,-15.13,-15.13,-15.13,-15.47,-10.4,-15.65,-15.65,-15.62,-15.84,-15.84,-15.96,-15.96,-15.96,-16.29,-11.22,1.88,1.89,1.91,1.92,1.93,1.95,1.96,1.98,1.99,2,2.35,2.36,2.37,2.38,2.39,2.4,2.41,2.42,2.42,2.43,68.5,0,1,1,0,0,0,-1,0,None,aggregation
24,168.51,remora5,remora4,-10.4,-10.4,-15.68,-15.66,-15.66,-10.96,-10.96,-10.96,-15.86,-15.85,-11.22,-11.22,-16.5,-16.48,-16.48,-11.78,-11.78,-11.78,-16.68,-16.67,2.01,2.02,2.04,2.05,2.06,2.08,2.09,2.1,2.11,2.12,2.44,2.45,2.46,2.47,2.48,2.49,2.49,2.5,2.51,2.52,82.15,0,1,1,0,0,0,-1,0,None,aggregation
24,169.51,remora5,remora4,-15.85,-16.06,-16.06,-11.54,-11.54,-16.39,-16.39,-16.39,-16.39,-22.31,-16.67,-16.89,-16.89,-12.36,-12.36,-17.21,-17.21,-17.21,-17.21,-23.14,2.14,2.15,2.17,2.18,2.21,2.24,2.28,2.32,2.36,2.4,2.53,2.54,2.55,2.56,2.57,2.59,2.62,2.64,2.67,2.69,98.45,0,1,1,0,0,0,-1,0,None,aggregation
24,170.51,remora5,remora4,-22.31,-16.78,-16.78,-17.09,-17.09,-17.09,-17.09,-12.74,-12.74,-17.42,-23.14,-17.61,-17.61,-17.91,-17.91,-17.91,-17.91,-13.56,-13.56,-18.24,2.44,2.48,2.53,2.57,2.61,2.65,2.7,2.73,2.77,2.81,2.71,2.74,2.76,2.79,2.81,2.84,2.86,2.88,2.91,2.93,115.57,0,1,1,0,0,0,-1,0,None,aggregation
24,171.51,remora5,remora4,-13.09,-13.09,-13.02,-12.96,-12.96,-12.96,-17.15,-17.15,-17.15,0,-13.91,-13.91,-13.84,-13.78,-13.78,-13.78,-17.97,-17.97,-17.97,0,2.84,2.88,2.91,2.95,2.99,3.03,3.06,3.1,3.11,3.11,2.95,2.97,2.99,3.01,3.04,3.06,3.08,3.1,3.12,3.13,128.9,0,0,1,0,0,0,-1,0,None,aggregation
24,172.51,remora5,remora4,0,0,0,23.51,23.51,23.51,18.81,18.81,23.2,23.2,0,0,0,23.85,23.85,23.85,19.27,19.27,23.56,23.56,3.11,3.11,3.1,3.09,3.08,3.07,3.06,3.06,3.05,3.04,3.15,3.16,3.16,3.16,3.16,3.15,3.15,3.15,3.15,3.15,142.1,0,0,1,0,0,0,-1,0,None,aggregation
24,173.51,remora5,remora4,18.53,18.53,23.03,23.03,18.24,18.24,22.86,22.86,21.22,22.68,18.99,18.99,23.39,23.39,18.72,18.72,23.22,23.22,21.62,23.05,3.03,3.02,3.02,3.01,3,2.99,2.99,2.98,2.97,2.96,3.15,3.15,3.15,3.15,3.15,3.15,3.15,3.15,3.15,3.15,151.94,0,1,1,0,0,0,-1,0,None,aggregation
24,174.51,remora5,remora4,22.68,22.68,17.77,17.77,0,0,0,0,0,22.46,23.05,23.05,18.25,18.25,0,0,0,0,0,22.84,2.96,2.95,2.94,2.94,2.93,2.93,2.93,2.93,2.93,2.92,3.15,3.15,3.15,3.15,3.15,3.16,3.17,3.19,3.19,3.2,150.33,0,1,1,0,0,0,-1,0,None,aggregation
24,175.51,remora5,remora4,22.46,17.14,17.14,17.14,28.48,28.48,28.48,21.95,21.95,21.95,22.84,17.63,17.63,17.63,28.64,28.64,28.64,22.34,22.34,22.34,2.92,2.91,2.9,2.9,2.89,2.89,2.88,2.88,2.87,2.86,3.19,3.19,3.19,3.2,3.2,3.2,3.2,3.2,3.2,3.2,158.99,0,1,1,0,0,0,-1,0,None,aggregation
24,176.51,remora5,remora4,9.75,9.75,15.88,21.9,21.9,21.73,21.73,16.16,16.16,16.16,10.39,10.39,16.41,22.29,22.29,22.13,22.13,16.68,16.68,16.68,2.86,2.86,2.86,2.85,2.85,2.84,2.84,2.83,2.83,2.83,3.2,3.21,3.21,3.22,3.22,3.22,3.22,3.22,3.23,3.23,162.59,0,1,1,0,0,0,-1,0,None,aggregation
24,177.51,remora5,remora4,16.16,8.27,8.27,8.28,8.28,8.28,15.74,14.69,14.69,14.68,16.68,8.94,8.94,8.95,8.95,8.95,16.27,15.24,15.24,15.23,2.82,2.82,2.82,2.82,2.81,2.81,2.8,2.8,2.79,2.79,3.23,3.24,3.24,3.26,3.26,3.27,3.28,3.28,3.28,3.29,159.64,0,1,1,0,0,0,-1,0,None,aggregation
24,178.51,remora5,remora4,14.68,21.57,21.57,15.8,15.8,15.8,15.03,15.03,15.03,15.9,15.23,21.97,21.97,16.33,16.33,16.33,15.57,15.57,15.57,16.42,2.78,2.78,2.77,2.76,2.76,2.75,2.75,2.74,2.73,2.73,3.29,3.3,3.3,3.3,3.3,3.31,3.31,3.31,3.32,3.32,162.87,0,1,1,0,0,0,-1,0,None,aggregation
24,179.51,remora5,remora4,15.9,21.91,21.91,15.37,15.37,15.37,8.19,8.47,8.47,8.47,16.42,22.3,22.3,15.91,15.91,15.91,8.86,9.13,9.13,9.13,2.72,2.72,2.71,2.7,2.7,2.69,2.68,2.68,2.67,2.67,3.33,3.33,3.33,3.33,3.33,3.33,3.34,3.34,3.35,3.36,160.78,0,1,1,0,0,0,-1,0,None,aggregation
24,180.51,remora5,remora4,16.13,16.13,9.02,16.44,16.44,16.44,22.67,22.67,16.79,16.78,16.64,16.64,9.67,16.96,16.96,16.96,23.04,23.04,17.3,17.28,2.67,2.66,2.65,2.65,2.64,2.64,2.63,2.62,2.62,2.61,3.37,3.37,3.37,3.38,3.39,3.39,3.39,3.39,3.39,3.39,160.86,0,1,1,0,0,0,-1,0,None,aggregation
24,181.51,remora5,remora4,16.78,16.78,16.78,16.77,22.72,9.05,9.05,9.05,17.1,17.1,17.28,17.28,17.28,17.27,23.09,9.7,9.7,9.7,17.6,17.6,2.6,2.6,2.59,2.59,2.58,2.57,2.56,2.56,2.56,2.55,3.39,3.4,3.4,3.4,3.4,3.39,3.38,3.37,3.36,3.34,162.92,0,1,1,0,0,0,-1,0,None,aggregation
24,182.51,remora5,remora4,17.09,17.09,17.27,16.74,16.74,16.74,16.74,17.41,17.41,17.41,17.59,17.59,17.77,17.24,17.24,17.24,17.24,17.9,17.9,17.9,2.54,2.54,2.53,2.53,2.52,2.51,2.51,2.5,2.49,2.48,3.32,3.29,3.27,3.24,3.22,3.19,3.17,3.14,3.12,3.09,164.65,0,1,1,0,0,0,-1,0,None,aggregation
24,183.51,remora5,remora4,9.11,23.24,23.24,23.24,23.24,9.22,9.22,9.22,23.19,23.19,9.76,23.59,23.59,23.59,23.59,9.87,9.87,9.87,23.55,23.55,2.48,2.47,2.47,2.46,2.45,2.44,2.44,2.43,2.43,2.42,3.07,3.05,3.02,2.99,2.96,2.93,2.91,2.9,2.88,2.85,161.37,0,1,1,0,0,0,-1,0,None,aggregation
24,184.51,remora5,remora4,23.22,23.22,23.22,22.98,22.98,22.98,23.01,23.01,22.82,22.82,23.57,23.57,23.57,23.34,23.34,23.34,23.37,23.37,23.19,23.19,2.41,2.4,2.4,2.39,2.38,2.37,2.37,2.36,2.35,2.34,2.83,2.8,2.77,2.74,2.72,2.69,2.66,2.64,2.61,2.58,174.14,0,1,1,0,0,0,-1,0,None,aggregation
24,185.51,remora5,remora4,22.61,16.31,16.31,16.31,16.1,22.32,22.32,22.11,22.11,15.72,22.98,16.83,16.83,16.83,16.62,22.7,22.7,22.49,22.49,16.24,2.34,2.33,2.32,2.32,2.31,2.31,2.3,2.3,2.29,2.28,2.56,2.53,2.5,2.48,2.46,2.44,2.41,2.38,2.35,2.33,170.89,0,1,1,0,0,0,-1,0,None,aggregation
24,186.51,remora5,remora4,15.72,15.72,21.61,21.4,21.4,21.01,21.01,20.79,20.79,20.39,16.24,16.24,22.01,21.8,21.8,21.42,21.42,21.21,21.21,20.82,2.28,2.27,2.24,2.2,2.16,2.11,2.07,2.03,1.98,1.94,2.31,2.28,2.26,2.23,2.21,2.19,2.16,2.14,2.11,2.09,173.73,0,1,1,0,0,0,-1,0,None,aggregation
24,187.51,remora5,remora4,20.39,19.97,19.97,19.97,19.97,12.98,12.98,18.67,18.67,18.3,20.82,20.41,20.41,20.41,20.41,13.56,13.56,19.14,19.14,18.77,1.9,1.86,1.82,1.78,1.73,1.7,1.66,1.63,1.59,1.55,2.07,2.05,2.03,2.01,1.98,1.96,1.94,1.93,1.91,1.89,180.12,0,1,1,0,0,0,-1,0,None,aggregation
24,188.51,remora5,remora4,18.3,0,0,0,0,0,0,0,0,0,18.77,0,0,0,0,0,0,0,0,0,1.51,1.49,1.48,1.48,1.48,1.48,1.48,1.48,1.48,1.48,1.87,1.85,1.85,1.85,1.85,1.85,1.85,1.85,1.85,1.85,165.1,1,1,1,0,0,0,-1,0,None,aggregation
24,189.51,remora5,remora4,0,0,0,0,0,0,0,0,0,0,0,0,0,0,0,0,0,0,0,0,1.48,1.48,1.48,1.48,1.48,1.48,1.48,1.48,1.48,1.48,1.85,1.85,1.85,1.85,1.85,1.85,1.85,1.85,1.85,1.85,150.88,1,1,1,0,0,0,-1,0,None,aggregation
24,190.51,remora5,remora4,0,0,0,0,0,0,0,0,0,0,0,0,0,0,0,0,0,0,0,0,1.48,1.48,1.48,1.48,1.48,1.48,1.48,1.48,1.48,1.48,1.85,1.85,1.85,1.85,1.85,1.85,1.85,1.85,1.85,1.85,133.68,1,1,1,0,0,0,-1,0,None,aggregation
24,191.51,remora5,remora4,0,0,0,0,0,0,0,0,0,0,0,0,0,0,0,0,0,0,0,0,1.48,1.48,1.48,1.48,1.48,1.48,1.48,1.48,1.48,1.48,1.85,1.85,1.85,1.85,1.85,1.85,1.85,1.85,1.85,1.85,118.29,1,1,1,0,0,0,-1,0,None,aggregation
24,192.51,remora5,remora4,0,0,0,0,0,0,0,0,0,0,0,0,0,0,0,0,0,0,0,0,1.48,1.48,1.48,1.48,1.48,1.48,1.49,1.49,1.49,1.49,1.85,1.85,1.85,1.85,1.85,1.85,1.85,1.85,1.85,1.85,100.98,1,1,1,0,0,0,-1,0,None,aggregation
24,193.51,remora5,remora4,0,0,0,0,0,0,0,0,0,0,0,0,0,0,0,0,0,0,0,0,1.49,1.49,1.49,1.49,1.49,1.49,1.49,1.49,1.49,1.49,1.85,1.85,1.85,1.85,1.85,1.85,1.85,1.85,1.85,1.85,83.13,1,1,1,0,0,0,-1,0,None,aggregation
24,194.51,remora5,remora4,0,0,0,0,0,0,0,0,0,0,0,0,0,0,0,0,0,0,0,0,1.49,1.49,1.49,1.49,1.49,1.49,1.49,1.49,1.49,1.49,1.85,1.85,1.85,1.85,1.85,1.85,1.85,1.85,1.85,1.85,59.93,1,1,1,0,0,0,-1,0,None,aggregation
24,195.51,remora5,remora4,0,0,0,0,-7.29,-7.38,-7.38,-7.47,-7.47,-7.65,0,0,0,0,-8.11,-8.2,-8.2,-8.29,-8.29,-8.47,1.49,1.49,1.49,1.49,1.49,1.5,1.51,1.51,1.52,1.52,1.85,1.85,1.85,1.85,1.86,1.86,1.87,1.87,1.87,1.88,45.19,0,1,1,0,0,0,-1,0,None,aggregation
24,196.51,remora5,remora4,-7.65,-11.84,-11.84,-12.08,-12.08,-8.27,-8.27,-8.35,-8.35,-8.53,-8.47,-12.66,-12.66,-12.91,-12.91,-9.09,-9.09,-9.17,-9.17,-9.35,1.53,1.54,1.55,1.55,1.56,1.57,1.58,1.59,1.59,1.6,1.88,1.89,1.9,1.9,1.91,1.92,1.93,1.93,1.94,1.94,35.13,0,1,0,0,0,0,-1,0,None,aggregation
24,197.51,remora5,remora4,-8.53,-8.81,-8.81,-8.89,-8.89,-9.07,-9.07,-9.25,-9.25,-9.42,-9.35,-9.63,-9.63,-9.71,-9.71,-9.89,-9.89,-10.07,-10.07,-10.24,1.61,1.61,1.62,1.63,1.63,1.64,1.65,1.66,1.66,1.67,1.95,1.96,1.97,1.97,1.98,1.99,2,2.01,2.02,2.02,26.11,0,1,0,0,0,0,-1,0,None,aggregation
24,198.51,remora5,remora4,-9.42,-9.42,-9.59,-9.85,-9.85,-9.85,-10.02,-10.28,-10.28,-10.45,-10.24,-10.24,-10.42,-10.67,-10.67,-10.67,-10.84,-11.11,-11.11,-11.27,1.68,1.69,1.69,1.7,1.71,1.72,1.72,1.73,1.74,1.75,2.03,2.04,2.05,2.06,2.07,2.08,2.09,2.11,2.12,2.13,34.57,0,1,0,0,0,0,-1,0,None,aggregation
24,199.51,remora5,remora4,-10.45,-10.62,-10.62,-10.78,-10.78,-10.78,-10.94,-10.94,-11.1,-11.34,-11.27,-11.44,-11.44,-11.6,-11.6,-11.6,-11.76,-11.76,-11.92,-12.16,1.76,1.76,1.77,1.78,1.79,1.8,1.81,1.82,1.83,1.83,2.14,2.15,2.17,2.18,2.19,2.21,2.22,2.24,2.25,2.26,45.82,0,1,1,0,0,0,-1,0,None,aggregation
24,200.51,remora5,remora4,-11.34,-11.59,-11.59,-11.59,-11.75,-11.75,-11.9,-12.05,-12.05,-17.7,-12.16,-12.42,-12.42,-12.42,-12.57,-12.57,-12.72,-12.87,-12.87,-18.52,1.84,1.85,1.86,1.87,1.88,1.89,1.9,1.91,1.92,1.93,2.28,2.29,2.31,2.33,2.34,2.36,2.37,2.39,2.41,2.43,58.56,0,1,1,0,0,0,-1,0,None,aggregation
24,201.51,remora5,remora4,-17.7,-12.04,-12.04,-12.04,-18.35,-12.39,-12.39,-18.76,-18.76,-19.08,-18.52,-12.86,-12.86,-12.86,-19.17,-13.21,-13.21,-19.58,-19.58,-19.9,1.94,1.96,1.97,1.98,1.99,2.01,2.02,2.03,2.04,2.06,2.45,2.47,2.49,2.51,2.53,2.55,2.58,2.59,2.62,2.64,74.32,0,1,1,0,0,0,-1,0,None,aggregation
24,202.51,remora5,remora4,-19.08,-19.08,-7.72,-19.48,-19.48,-12.82,-12.82,-12.82,-19,-20.15,-19.9,-19.9,-8.54,-20.3,-20.3,-13.64,-13.64,-13.64,-19.82,-20.98,2.09,2.12,2.15,2.17,2.21,2.24,2.27,2.29,2.32,2.35,2.67,2.71,2.73,2.76,2.8,2.83,2.86,2.89,2.92,2.96,90.98,0,1,1,0,0,0,-1,0,None,aggregation
24,203.51,remora5,remora4,-20.15,-12.97,-12.97,-7.15,-7.15,-7.15,-20.7,-20.7,-19.72,-19.65,-20.98,-13.8,-13.8,-7.97,-7.97,-7.97,-21.52,-21.52,-20.54,-20.47,2.39,2.42,2.45,2.48,2.51,2.54,2.57,2.6,2.64,2.67,2.99,3.03,3.06,3.09,3.12,3.15,3.18,3.22,3.26,3.29,106.22,0,1,1,0,0,0,-1,0,None,aggregation
24,204.51,remora5,remora4,-19.65,-20.08,-20.08,-20.01,-20.01,-20.01,-13.06,-20.36,-20.36,-20.36,-20.47,-20.9,-20.9,-20.84,-20.84,-20.84,-13.88,-21.18,-21.18,-21.18,2.71,2.74,2.78,2.81,2.85,2.88,2.91,2.94,2.98,3.02,3.33,3.36,3.4,3.44,3.47,3.51,3.54,3.57,3.61,3.65,126.03,0,1,1,0,0,0,-1,0,None,aggregation
24,205.51,remora5,remora4,-7.21,-7.1,-7.1,-20.22,-20.22,-7.2,-7.2,-7.2,-7.35,-7.35,-8.03,-7.92,-7.92,-21.04,-21.04,-8.02,-8.02,-8.02,-8.17,-8.17,3.03,3.04,3.06,3.08,3.11,3.14,3.17,3.2,3.22,3.25,3.68,3.69,3.72,3.74,3.78,3.82,3.85,3.88,3.9,3.93,131.55,0,0,1,0,0,0,-1,0,None,aggregation
24,206.51,remora5,remora4,-7.54,-13.45,-13.45,-13.53,-13.53,-19.88,-19.88,-19.85,-19.85,-19.85,-8.36,-14.27,-14.27,-14.35,-14.35,-20.71,-20.71,-20.67,-20.67,-20.67,3.27,3.29,3.31,3.32,3.33,3.34,3.36,3.37,3.37,3.37,3.96,3.98,4.01,4.03,4.06,4.08,4.11,4.13,4.15,4.18,137.9,0,0,1,0,0,0,-1,0,None,aggregation
24,207.51,remora5,remora4,-19.85,-19.82,-19.82,-14.11,-14.11,-9.13,-9.13,-9.35,-9.35,0,-20.67,-20.64,-20.64,-14.93,-14.93,-9.95,-9.95,-10.17,-10.17,0,3.38,3.39,3.39,3.39,3.41,3.44,3.45,3.45,3.46,3.47,4.2,4.23,4.25,4.27,4.3,4.33,4.35,4.37,4.39,4.42,141.33,0,0,1,0,0,0,-1,0,None,aggregation
24,208.51,remora5,remora4,0,0,30,30,0,0,19.14,19.13,19.13,19.14,0,0,30,30,0,0,19.6,19.59,19.59,19.59,3.48,3.49,3.49,3.49,3.5,3.51,3.5,3.48,3.48,3.48,4.44,4.45,4.45,4.46,4.48,4.49,4.49,4.49,4.5,4.5,144.76,0,0,1,0,0,0,-1,0,None,aggregation
24,209.51,remora5,remora4,19.14,19.14,19.14,27.36,27.36,27.36,18.99,18.99,11.56,0,19.59,19.6,19.6,27.57,27.57,27.57,19.45,19.45,12.17,0,3.47,3.46,3.45,3.46,3.44,3.43,3.43,3.42,3.39,3.37,4.5,4.5,4.51,4.51,4.51,4.51,4.52,4.52,4.51,4.51,152.59,0,0,1,0,0,0,-1,0,None,aggregation
24,210.51,remora5,remora4,0,0,0,0,0,0,0,12.36,12.36,12.37,0,0,0,0,0,0,0,12.95,12.95,12.96,3.38,3.4,3.4,3.4,3.38,3.37,3.39,3.41,3.42,3.44,4.53,4.55,4.57,4.58,4.59,4.6,4.62,4.64,4.66,4.67,143.65,0,0,1,0,0,0,-1,0,None,aggregation
24,211.51,remora5,remora4,12.37,19.44,19.44,19.44,19.43,27.36,27.36,19.42,19.42,27.36,12.96,19.89,19.89,19.89,19.88,27.58,27.58,19.87,19.87,27.58,3.45,3.46,3.46,3.47,3.46,3.45,3.46,3.46,3.46,3.46,4.69,4.7,4.71,4.72,4.73,4.73,4.73,4.73,4.74,4.75,149.18,0,0,1,0,0,0,-1,0,None,aggregation
24,212.51,remora5,remora4,27.36,27.36,27.36,27.36,0,0,0,0,13.1,13.1,27.58,27.57,27.57,27.57,0,0,0,0,13.68,13.68,3.45,3.43,3.43,3.43,3.43,3.44,3.46,3.48,3.5,3.51,4.74,4.74,4.74,4.74,4.75,4.77,4.8,4.83,4.84,4.85,146.19,0,0,1,0,0,0,-1,0,None,aggregation
24,213.51,remora5,remora4,27.37,27.37,19.66,19.65,19.65,19.63,19.63,19.63,27.37,19.46,27.58,27.58,20.1,20.09,20.09,20.08,20.08,20.08,27.59,19.91,3.51,3.51,3.51,3.52,3.53,3.53,3.52,3.52,3.51,3.51,4.86,4.86,4.87,4.88,4.89,4.9,4.9,4.9,4.9,4.91,153.08,0,0,1,0,0,0,-1,0,None,aggregation
24,214.51,remora5,remora4,19.46,19.31,19.31,19.31,19.3,27.37,27.37,19.44,19.44,19.43,19.91,19.76,19.76,19.76,19.75,27.58,27.58,19.89,19.89,19.88,3.52,3.52,3.51,3.5,3.5,3.51,3.51,3.51,3.5,3.49,4.91,4.92,4.92,4.92,4.93,4.94,4.94,4.94,4.95,4.95,154.44,0,0,1,0,0,0,-1,0,None,aggregation
24,215.51,remora5,remora4,19.43,19.43,19.43,27.37,27.37,19.56,19.56,19.56,19.56,27.36,19.88,19.88,19.88,27.58,27.58,20.01,20.01,20.01,20.01,27.58,3.49,3.5,3.5,3.51,3.5,3.48,3.47,3.46,3.46,3.47,4.95,4.96,4.97,4.98,4.98,4.97,4.97,4.97,4.98,4.99,166.27,0,0,1,0,0,0,-1,0,None,aggregation
24,216.51,remora5,remora4,27.36,27.36,27.36,27.36,27.36,0,0,0,0,19.82,27.58,27.58,27.58,27.57,27.57,0,0,0,0,20.26,3.46,3.45,3.45,3.44,3.43,3.42,3.43,3.45,3.48,3.51,4.99,4.99,4.99,4.99,4.98,4.98,4.99,5,5.01,5.03,165.52,0,0,1,0,0,0,-1,0,None,aggregation
24,217.51,remora5,remora4,19.82,19.96,19.96,14.39,14.39,14.39,0,0,0,20.41,20.26,20.4,20.4,14.95,14.95,14.95,0,0,0,20.83,3.52,3.53,3.52,3.51,3.52,3.53,3.55,3.58,3.6,3.62,5.02,5,4.98,4.96,4.94,4.93,4.92,4.92,4.92,4.92,165.18,0,0,1,0,0,0,-1,0,None,aggregation
24,218.51,remora5,remora4,20.41,15.5,15.5,0,0,0,0,21.01,21.01,16.57,20.83,16.03,16.03,0,0,0,0,21.42,21.42,17.08,3.62,3.61,3.6,3.6,3.61,3.63,3.65,3.68,3.69,3.69,4.9,4.87,4.85,4.83,4.82,4.82,4.82,4.82,4.81,4.79,162.58,0,0,1,0,0,0,-1,0,None,aggregation
24,219.51,remora5,remora4,16.57,0,0,0,0,21.59,21.59,0,0,0,17.08,0,0,0,0,21.98,21.98,0,0,0,3.7,3.7,3.72,3.74,3.76,3.78,3.78,3.77,3.78,3.79,4.77,4.76,4.75,4.75,4.75,4.75,4.73,4.71,4.7,4.69,149.54,0,0,1,0,0,0,-1,0,None,aggregation
24,220.51,remora5,remora4,0,17.94,17.94,22.17,22.17,28.02,28.02,22.31,22.31,18.58,0,18.42,18.42,22.56,22.56,28.21,28.21,22.68,22.68,19.04,3.81,3.83,3.84,3.84,3.85,3.85,3.85,3.84,3.84,3.85,4.69,4.69,4.68,4.66,4.65,4.63,4.61,4.58,4.56,4.54,165.85,0,0,1,0,0,0,-1,0,None,aggregation
24,221.51,remora5,remora4,18.58,18.57,18.57,18.89,18.89,18.89,0,0,0,28.17,19.04,19.04,19.04,19.35,19.35,19.35,0,0,0,28.35,3.85,3.85,3.85,3.85,3.84,3.85,3.86,3.87,3.89,3.91,4.53,4.51,4.49,4.47,4.46,4.46,4.46,4.47,4.48,4.49,158.76,0,0,1,0,0,0,-1,0,None,aggregation
24,222.51,remora5,remora4,28.17,19.85,19.85,19.85,20.15,20.14,20.14,21.42,21.42,23.42,28.35,20.29,20.29,20.29,20.59,20.57,20.57,21.82,21.82,23.77,3.91,3.9,3.89,3.89,3.89,3.89,3.89,3.89,3.88,3.88,4.48,4.46,4.45,4.44,4.43,4.43,4.42,4.41,4.4,4.39,166.73,0,0,1,0,0,0,-1,0,None,aggregation
24,223.51,remora5,remora4,23.42,23.42,23.56,23.56,23.56,23.56,23.69,23.69,21.63,21.28,23.77,23.77,23.91,23.91,23.9,23.9,24.03,24.03,22.02,21.69,3.87,3.87,3.87,3.88,3.88,3.88,3.88,3.88,3.88,3.89,4.38,4.37,4.36,4.35,4.34,4.34,4.33,4.32,4.31,4.31,167.92,0,0,1,0,0,0,-1,0,None,aggregation
24,224.51,remora5,remora4,21.28,21.28,23.95,24.08,24.08,21.83,21.83,21.83,21.83,24.32,21.69,21.69,24.28,24.41,24.41,22.22,22.22,22.22,22.22,24.65,3.89,3.9,3.9,3.9,3.9,3.9,3.91,3.91,3.91,3.92,4.3,4.29,4.29,4.28,4.27,4.26,4.26,4.25,4.24,4.24,169.56,0,0,1,0,0,0,-1,0,None,aggregation
24,225.51,remora5,remora4,24.32,24.45,24.45,22.03,22.03,22.36,22.36,22.63,22.63,24,24.65,24.77,24.77,22.41,22.41,22.73,22.73,23,23,24.33,3.92,3.92,3.92,3.92,3.93,3.93,3.93,3.94,3.94,3.94,4.23,4.22,4.21,4.21,4.2,4.19,4.19,4.18,4.18,4.17,170.81,0,0,1,0,0,0,-1,0,None,aggregation
24,226.51,remora5,remora4,24,24,22.88,22.87,22.87,25.18,25.18,25.18,24.18,24.18,24.33,24.33,23.24,23.23,23.23,25.48,25.48,25.48,24.51,24.51,3.95,3.95,3.95,3.96,3.96,3.96,3.96,3.96,3.96,3.96,4.16,4.15,4.15,4.14,4.14,4.13,4.12,4.11,4.1,4.09,179.29,0,0,1,0,0,0,-1,0,None,aggregation
24,227.51,remora5,remora4,23.37,23.37,23.37,22.5,22.5,25.39,25.39,23.07,23.07,22.93,23.72,23.72,23.72,22.87,22.87,25.68,25.68,23.43,23.43,23.29,3.96,3.96,3.97,3.97,3.97,3.97,3.97,3.97,3.97,3.97,4.09,4.08,4.07,4.07,4.06,4.05,4.04,4.03,4.03,4.02,190.46,0,0,1,0,0,0,-1,0,None,aggregation
24,228.51,remora5,remora4,22.93,22.78,22.78,23.79,23.79,22.35,22.35,22.35,22.19,24.87,23.29,23.14,23.14,24.13,24.13,22.72,22.72,22.72,22.57,25.17,3.97,3.98,3.98,3.98,3.98,3.98,3.97,3.96,3.96,3.95,4.01,4.01,4,3.99,3.99,3.98,3.98,3.98,3.98,3.97,202.51,0,0,1,0,0,0,-1,0,None,aggregation
24,229.51,remora5,remora4,24.87,24.72,24.72,20.74,20.74,20.55,20.55,20.55,23.24,20.25,25.17,25.03,25.03,21.16,21.16,20.97,20.97,20.97,23.59,20.68,3.95,3.94,3.94,3.93,3.93,3.93,3.92,3.92,3.92,3.91,3.97,3.97,3.97,3.97,3.96,3.97,3.97,3.97,3.97,3.97,218.76,0,0,1,0,0,0,-1,0,None,aggregation
24,230.51,remora5,remora4,20.25,20.05,20.05,23.01,23.01,19.85,19.85,19.64,19.64,22.77,20.68,20.49,20.49,23.37,23.37,20.28,20.28,20.09,20.09,23.13,3.91,3.91,3.91,3.9,3.9,3.9,3.89,3.89,3.89,3.89,3.97,3.97,3.97,3.98,3.98,3.98,3.98,3.98,3.98,3.98,219.66,0,0,1,0,0,0,-1,0,None,aggregation
24,231.51,remora5,remora4,22.77,22.77,19.34,22.66,22.66,18.93,18.93,18.72,18.72,22.41,23.13,23.13,19.79,23.03,23.03,19.39,19.39,19.19,19.19,22.79,3.88,3.88,3.87,3.87,3.87,3.86,3.86,3.86,3.85,3.85,3.98,3.98,3.98,3.98,3.98,3.98,3.98,3.98,3.99,3.99,226.46,0,0,1,0,0,0,-1,0,None,aggregation
24,232.51,remora5,remora4,22.41,17.51,17.51,17.51,17.33,23.18,23.18,23.18,16.58,22.95,22.79,18,18,18,17.83,23.53,23.53,23.53,17.09,23.31,3.85,3.85,3.84,3.84,3.84,3.84,3.84,3.84,3.84,3.84,3.99,3.99,3.99,4,4,4,4,4.01,4.01,4.01,225.17,0,0,1,0,0,0,-1,0,None,aggregation
24,233.51,remora5,remora4,22.95,22.95,16,15.61,15.61,21.9,21.9,17.17,17.17,21.72,23.31,23.31,16.52,16.14,16.14,22.29,22.29,17.67,17.67,22.12,3.84,3.84,3.84,3.84,3.84,3.84,3.84,3.84,3.83,3.83,4.01,4.02,4.02,4.02,4.03,4.03,4.04,4.04,4.04,4.04,221.38,0,0,1,0,0,0,-1,0,None,aggregation
24,234.51,remora5,remora4,21.72,16.73,16.73,16.73,16.51,16.51,13.41,12.38,12.38,21.06,22.12,17.24,17.24,17.24,17.02,17.02,13.98,12.97,12.97,21.46,3.83,3.83,3.83,3.83,3.83,3.84,3.84,3.84,3.85,3.85,4.04,4.05,4.05,4.06,4.06,4.07,4.07,4.08,4.09,4.1,215.23,0,0,1,0,0,0,-1,0,None,aggregation
24,235.51,remora5,remora4,21.06,15.07,15.07,20.7,20.7,8.75,8.75,13.88,13.88,13.55,21.46,15.61,15.61,21.12,21.12,9.41,9.41,14.44,14.44,14.12,3.85,3.85,3.85,3.86,3.86,3.86,3.86,3.87,3.88,3.88,4.1,4.1,4.11,4.11,4.12,4.12,4.13,4.14,4.15,4.16,207.33,0,0,1,0,0,0,-1,0,None,aggregation
24,236.51,remora5,remora4,13.55,6.52,6.52,6.09,6.09,5.63,5.63,12.87,12.87,4.49,14.12,7.22,7.22,6.8,6.8,6.34,6.34,13.45,13.45,5.23,3.87,3.86,3.85,3.86,3.86,3.87,3.89,3.9,3.9,3.91,4.16,4.16,4.17,4.18,4.19,4.21,4.22,4.24,4.25,4.26,191.48,0,0,1,0,0,0,-1,0,None,aggregation
24,237.51,remora5,remora4,4.49,12.57,12.57,3.6,3.6,3.16,3.16,2.71,2.71,2.27,5.23,13.16,13.16,4.36,4.36,3.92,3.92,3.48,3.48,3.04,3.92,3.93,3.92,3.91,3.9,3.89,3.88,3.88,3.88,3.9,4.27,4.29,4.29,4.29,4.29,4.3,4.31,4.31,4.33,4.35,173.26,0,0,1,0,0,0,-1,0,None,aggregation
24,238.51,remora5,remora4,2.27,2.27,18.7,18.7,18.62,18.43,18.43,0.45,0.45,0.5,3.04,3.04,19.17,19.17,19.09,18.9,18.9,1.26,1.26,1.31,3.91,3.92,3.91,3.89,3.89,3.89,3.89,3.89,3.89,3.89,4.36,4.38,4.38,4.37,4.37,4.38,4.38,4.39,4.4,4.41,160.26,0,0,1,0,0,0,-1,0,None,aggregation
24,239.51,remora5,remora4,0.5,11.62,11.62,0.08,0.08,18.28,18.28,11.78,11.78,-0.78,1.31,12.23,12.23,0.89,0.89,18.75,18.75,12.38,12.38,0.04,3.89,3.9,3.9,3.9,3.91,3.92,3.93,3.92,3.92,3.92,4.42,4.43,4.43,4.43,4.44,4.46,4.46,4.45,4.43,4.42,146.7,0,0,1,0,0,0,-1,0,None,aggregation
24,240.51,remora5,remora4,-0.78,-0.72,-0.72,-0.67,-0.67,0,0,0,0,0,0.04,0.1,0.1,0.16,0.16,0,0,0,0,0,3.93,3.95,3.96,3.96,3.96,3.96,3.95,3.94,3.94,3.95,4.42,4.43,4.43,4.43,4.43,4.43,4.44,4.45,4.46,4.48,125.83,0,0,1,0,0,0,-1,0,None,aggregation
24,241.51,remora5,remora4,18.75,12,12,12,26.47,11.92,11.92,11.92,11.92,11.92,19.21,12.6,12.6,12.6,26.72,12.53,12.53,12.53,12.52,12.52,3.95,3.95,3.95,3.93,3.93,3.94,3.93,3.92,3.9,3.87,4.48,4.49,4.49,4.49,4.49,4.5,4.49,4.47,4.45,4.43,119.19,0,0,1,0,0,0,-1,0,None,aggregation
24,242.51,remora5,remora4,11.93,11.93,21.05,21.09,21.09,21.09,12,12,11.97,-1.2,12.53,12.53,21.46,21.5,21.5,21.5,12.6,12.6,12.57,-0.38,3.87,3.87,3.86,3.85,3.85,3.85,3.83,3.8,3.79,3.78,4.42,4.41,4.38,4.36,4.34,4.33,4.31,4.29,4.28,4.27,113.57,0,0,1,0,0,0,-1,0,None,aggregation
24,243.51,remora5,remora4,-1.2,-1.27,-1.27,21.3,21.3,21.3,21.3,-0.41,-0.41,0.06,-0.38,-0.44,-0.44,21.7,21.7,21.7,21.7,0.41,0.41,0.87,3.78,3.78,3.78,3.78,3.77,3.74,3.72,3.7,3.7,3.7,4.27,4.27,4.26,4.25,4.23,4.21,4.19,4.18,4.17,4.17,102.94,0,0,1,0,0,0,-1,0,None,aggregation
24,124.51,remora5,remora0,27.15,27.15,16.72,16.72,27.32,17.02,17.02,16.96,16.96,27.65,26.91,26.91,16.2,16.2,27.09,16.51,16.51,16.45,16.45,27.44,2.97,2.98,2.98,2.99,3,3.01,3.03,3.04,3.06,3.07,3.35,3.35,3.35,3.35,3.35,3.35,3.36,3.36,3.36,3.37,125.81,0,0,1,0,0,0,-1,0,None,aggregation
24,125.51,remora5,remora0,27.65,17.28,17.28,27.8,27.8,27.8,27.8,17.82,17.82,17.8,27.44,16.77,16.77,27.59,27.59,27.59,27.59,17.32,17.32,17.31,3.07,3.06,3.05,3.04,3.03,3.02,3.02,3.01,3,2.99,3.36,3.36,3.35,3.33,3.32,3.31,3.31,3.3,3.29,3.28,133.73,0,0,1,0,0,0,-1,0,None,aggregation
24,126.51,remora5,remora0,17.8,28.07,28.07,18.16,18.16,18.16,18.36,28.2,28.2,18.72,17.31,27.88,27.88,17.67,17.67,17.67,17.88,28.02,28.02,18.24,2.97,2.96,2.95,2.95,2.94,2.93,2.92,2.9,2.9,2.89,3.27,3.26,3.25,3.24,3.23,3.23,3.22,3.21,3.2,3.19,141.58,0,1,1,0,0,0,-1,0,None,aggregation
24,127.51,remora5,remora0,18.72,18.72,28.33,19.05,19.05,19.05,28.45,19.39,19.39,28.57,18.24,18.24,28.15,18.59,18.59,18.59,28.28,18.93,18.93,28.4,2.88,2.87,2.86,2.86,2.85,2.83,2.83,2.82,2.81,2.8,3.18,3.17,3.17,3.16,3.15,3.14,3.14,3.13,3.12,3.11,149.12,0,1,1,0,0,0,-1,0,None,aggregation
24,128.51,remora5,remora0,28.57,19.71,19.71,19.89,19.89,19.89,19.89,20.08,20.08,20.08,28.4,19.26,19.26,19.45,19.45,19.44,19.44,19.63,19.63,19.64,2.8,2.8,2.79,2.78,2.77,2.76,2.75,2.74,2.73,2.72,3.11,3.1,3.09,3.08,3.07,3.06,3.05,3.05,3.04,3.03,163.98,0,1,1,0,0,0,-1,0,None,aggregation
24,129.51,remora5,remora0,20.08,20.41,20.41,20.41,20.41,20.74,20.74,20.73,20.73,20.91,19.64,19.98,19.98,19.98,19.98,20.31,20.31,20.3,20.3,20.49,2.71,2.7,2.69,2.69,2.68,2.67,2.66,2.65,2.64,2.63,3.02,3.01,3.01,3,2.99,2.99,2.98,2.97,2.96,2.95,174.03,0,1,1,0,0,0,-1,0,None,aggregation
24,130.51,remora5,remora0,20.91,20.99,20.99,21.09,21.09,23.71,23.71,21.41,21.41,21.71,20.49,20.56,20.56,20.67,20.67,23.36,23.36,20.99,20.99,21.31,2.63,2.62,2.61,2.6,2.59,2.59,2.58,2.57,2.57,2.56,2.94,2.93,2.92,2.92,2.91,2.9,2.9,2.89,2.89,2.88,189.7,0,1,1,0,0,0,-1,0,None,aggregation
24,131.51,remora5,remora0,21.71,29.44,29.44,29.44,22.01,22.01,22.07,22.3,22.3,22.3,21.31,29.33,29.33,29.33,21.61,21.61,21.68,21.91,21.91,21.91,2.55,2.54,2.54,2.54,2.54,2.53,2.53,2.52,2.52,2.51,2.88,2.87,2.87,2.86,2.85,2.85,2.85,2.84,2.84,2.83,211.3,0,1,1,0,0,0,-1,0,None,aggregation
24,132.51,remora5,remora0,22.39,29.64,29.64,29.64,22.74,29.7,29.7,29.7,23.02,23.02,22,29.55,29.55,29.55,22.36,29.62,29.62,29.62,22.65,22.65,2.5,2.5,2.5,2.51,2.5,2.49,2.49,2.49,2.49,2.48,2.82,2.82,2.82,2.81,2.81,2.8,2.79,2.79,2.79,2.78,217.17,0,1,1,0,0,0,-1,0,None,aggregation
24,133.51,remora5,remora0,16.92,16.92,23.28,23.28,23.35,17.55,17.55,23.62,23.62,23.62,16.41,16.41,22.92,22.92,22.99,17.05,17.05,23.27,23.27,23.27,2.48,2.47,2.46,2.46,2.45,2.44,2.44,2.43,2.42,2.42,2.78,2.77,2.76,2.76,2.75,2.75,2.74,2.74,2.73,2.72,221.2,0,1,1,0,0,0,-1,0,None,aggregation
24,134.51,remora5,remora0,23.72,23.72,29.91,29.91,23.95,24.09,24.09,24.09,18.1,18.1,23.37,23.37,29.87,29.87,23.61,23.75,23.75,23.75,17.61,17.61,2.41,2.41,2.41,2.41,2.41,2.41,2.41,2.4,2.39,2.38,2.72,2.71,2.71,2.7,2.7,2.7,2.69,2.68,2.67,2.66,224.15,0,1,1,0,0,0,-1,0,None,aggregation
24,135.51,remora5,remora0,24.22,24.22,24.28,18.38,18.38,24.53,24.53,24.53,24.62,24.62,23.88,23.88,23.95,17.9,17.9,24.2,24.2,24.2,24.29,24.29,2.38,2.37,2.37,2.37,2.36,2.35,2.35,2.35,2.35,2.34,2.65,2.65,2.64,2.64,2.64,2.63,2.63,2.63,2.62,2.62,224.69,0,1,1,0,0,0,-1,0,None,aggregation
24,136.51,remora5,remora0,18.87,24.84,24.84,24.98,24.98,24.98,19.22,25.2,25.2,25.2,18.4,24.53,24.53,24.67,24.67,24.67,18.76,24.9,24.9,24.9,2.34,2.34,2.33,2.34,2.34,2.34,2.33,2.33,2.33,2.33,2.61,2.6,2.6,2.6,2.6,2.6,2.59,2.59,2.58,2.58,226.35,0,1,1,0,0,0,-1,0,None,aggregation
24,137.51,remora5,remora0,25.21,25.21,19.6,25.42,25.42,25.42,25.55,25.55,19.92,25.76,24.9,24.9,19.15,25.12,25.12,25.12,25.26,25.26,19.48,25.47,2.33,2.33,2.32,2.31,2.31,2.31,2.31,2.3,2.3,2.3,2.58,2.58,2.57,2.56,2.56,2.56,2.55,2.55,2.55,2.54,228.81,0,1,1,0,0,0,-1,0,None,aggregation
24,138.51,remora5,remora0,25.76,20.03,20.03,25.88,25.88,25.88,25.94,26.08,26.08,20.76,25.47,19.59,19.59,25.6,25.6,25.6,25.66,25.81,25.81,20.33,2.31,2.31,2.31,2.31,2.31,2.31,2.32,2.32,2.33,2.33,2.54,2.54,2.54,2.53,2.53,2.53,2.53,2.54,2.54,2.54,232.31,0,1,1,0,0,0,-1,0,None,aggregation
24,139.51,remora5,remora0,20.76,20.76,26.39,26.56,26.56,26.65,26.65,21.76,21.76,22.05,20.33,20.33,26.13,26.3,26.3,26.39,26.39,21.35,21.35,21.65,2.32,2.31,2.31,2.31,2.32,2.32,2.33,2.33,2.33,2.32,2.54,2.54,2.54,2.55,2.55,2.56,2.56,2.57,2.57,2.57,235.78,0,1,1,0,0,0,-1,0,None,aggregation
24,140.51,remora5,remora0,22.05,22.05,27.09,27.09,27.24,27.4,27.4,23.1,23.1,23.1,21.65,21.65,26.85,26.85,27.01,27.17,27.17,22.73,22.73,22.73,2.32,2.32,2.32,2.33,2.33,2.33,2.33,2.34,2.34,2.34,2.57,2.57,2.58,2.59,2.59,2.59,2.6,2.61,2.61,2.62,239.09,0,1,1,0,0,0,-1,0,None,aggregation
24,141.51,remora5,remora0,23.37,27.74,27.74,27.86,27.86,27.86,27.86,24.19,24.19,24.19,23.01,27.53,27.53,27.66,27.66,27.66,27.66,23.85,23.85,23.85,2.34,2.34,2.35,2.35,2.35,2.36,2.37,2.37,2.37,2.38,2.62,2.63,2.63,2.64,2.65,2.66,2.67,2.68,2.68,2.69,241.1,0,1,1,0,0,0,-1,0,None,aggregation
24,142.51,remora5,remora0,28.18,28.18,28.25,28.37,28.37,24.97,24.97,25.19,25.19,25.19,27.99,27.99,28.07,28.19,28.19,24.65,24.65,24.88,24.88,24.88,2.38,2.39,2.4,2.4,2.4,2.4,2.41,2.41,2.41,2.42,2.7,2.71,2.72,2.73,2.73,2.74,2.75,2.76,2.77,2.78,240.85,0,1,1,0,0,0,-1,0,None,aggregation
24,143.51,remora5,remora0,28.61,28.72,28.72,28.78,28.78,28.78,28.74,29.52,29.52,28.94,28.44,28.56,28.56,28.63,28.63,28.63,28.59,29.61,29.61,28.8,2.43,2.43,2.44,2.45,2.46,2.46,2.46,2.47,2.47,2.48,2.79,2.8,2.81,2.82,2.83,2.84,2.85,2.86,2.87,2.89,248.94,0,1,1,0,0,0,-1,0,None,aggregation
24,144.51,remora5,remora0,28.94,26.24,26.24,29.08,29.08,29.14,29.14,29.49,29.49,29.06,28.8,25.97,25.97,28.95,28.95,29.01,29.01,29.58,29.58,28.92,2.49,2.5,2.5,2.51,2.52,2.53,2.53,2.54,2.55,2.55,2.9,2.91,2.92,2.93,2.95,2.96,2.97,2.99,3,3.01,253.66,0,1,1,0,0,0,-1,0,None,aggregation
24,145.51,remora5,remora0,29.06,29.25,29.25,29.3,29.3,27.15,27.15,27.15,29.45,29.42,28.92,29.13,29.13,29.18,29.18,26.91,26.91,26.91,29.55,29.31,2.55,2.56,2.57,2.58,2.59,2.6,2.61,2.62,2.63,2.64,3.02,3.03,3.05,3.06,3.08,3.09,3.1,3.12,3.14,3.16,259.19,0,1,1,0,0,0,-1,0,None,aggregation
24,146.51,remora5,remora0,29.42,27.48,27.48,29.52,29.52,29.42,29.42,29.42,29.58,29.42,29.31,27.26,27.26,29.42,29.42,29.51,29.51,29.51,29.49,29.52,2.65,2.65,2.66,2.66,2.67,2.68,2.7,2.71,2.72,2.73,3.19,3.21,3.22,3.23,3.24,3.25,3.27,3.29,3.3,3.31,264.57,0,1,1,0,0,0,-1,0,None,aggregation
24,147.51,remora5,remora0,29.42,29.42,29.62,29.62,29.5,29.5,29.42,29.42,29.7,29.42,29.52,29.52,29.53,29.53,29.4,29.4,29.52,29.52,29.62,29.52,2.73,2.73,2.74,2.75,2.76,2.76,2.77,2.77,2.77,2.78,3.32,3.32,3.34,3.36,3.39,3.4,3.41,3.41,3.42,3.44,269.94,0,1,1,0,0,0,-1,0,None,aggregation
24,148.51,remora5,remora0,29.42,29.42,29.42,29.42,29.73,29.73,29.42,29.42,29.42,29.76,29.52,29.52,29.52,29.52,29.65,29.65,29.52,29.52,29.52,29.69,2.79,2.79,2.8,2.8,2.81,2.82,2.83,2.84,2.85,2.86,3.45,3.45,3.46,3.46,3.47,3.48,3.49,3.51,3.52,3.53,275.4,0,1,1,0,0,0,-1,0,None,aggregation
24,149.51,remora5,remora0,29.76,29.42,29.42,29.42,29.42,29.5,29.5,29.5,29.5,29.5,29.69,29.52,29.52,29.52,29.52,29.59,29.59,29.59,29.59,29.59,2.86,2.87,2.89,2.91,2.94,2.97,2.98,2.98,2.98,2.99,3.53,3.53,3.54,3.56,3.57,3.58,3.59,3.59,3.61,3.64,281.12,0,1,1,0,0,0,-1,0,None,aggregation
24,150.51,remora5,remora0,29.5,29.77,29.77,29.5,29.5,29.5,29.5,29.5,29.5,29.79,29.59,29.7,29.7,29.59,29.59,29.59,29.59,29.59,29.59,29.73,3,3.01,3.02,3.02,3.03,3.03,3.05,3.07,3.08,3.09,3.65,3.65,3.65,3.65,3.66,3.68,3.69,3.7,3.72,3.74,285.91,0,0,1,0,0,0,-1,0,None,aggregation
24,151.51,remora5,remora0,29.79,29.79,29.5,29.51,29.51,29.51,29.82,0,0,30,29.73,29.73,29.6,29.6,29.6,29.6,29.76,0,0,30,3.1,3.11,3.12,3.13,3.15,3.17,3.18,3.18,3.16,3.15,3.75,3.76,3.77,3.77,3.79,3.82,3.84,3.83,3.82,3.8,283.51,0,0,1,0,0,0,-1,0,None,aggregation
24,152.51,remora5,remora0,30,0,0,-27.61,-27.61,-27.61,-27.63,-27.63,-29.97,-29.97,30,0,0,-28.43,-28.43,-28.43,-28.45,-28.45,-29.15,-29.15,3.15,3.15,3.14,3.1,3.06,3,2.95,2.89,2.85,2.82,3.79,3.8,3.78,3.75,3.71,3.65,3.6,3.55,3.52,3.49,279.87,0,0,1,0,0,0,-1,0,None,aggregation
24,153.51,remora5,remora0,-27.11,-27.11,-29.99,-26.85,-26.85,-30.01,-30.01,-26.6,-26.6,-26.31,-27.93,-27.93,-29.17,-27.67,-27.67,-29.19,-29.19,-27.42,-27.42,-27.13,2.78,2.74,2.69,2.64,2.59,2.55,2.49,2.44,2.4,2.35,3.47,3.44,3.4,3.35,3.31,3.26,3.22,3.19,3.15,3.1,278.93,0,1,1,0,0,0,-1,0,None,aggregation
24,154.51,remora5,remora0,-26.31,-26.31,-30.11,-30.11,-30.12,-30.13,-30.13,-30.13,-30.13,-24.89,-27.13,-27.13,-29.29,-29.29,-29.3,-29.31,-29.31,-29.31,-29.31,-25.71,2.3,2.24,2.19,2.13,2.08,2.03,1.99,1.94,1.89,1.85,3.05,3,2.95,2.89,2.86,2.82,2.79,2.76,2.73,2.7,279.07,0,1,1,0,0,0,-1,0,None,aggregation
24,155.51,remora5,remora0,-24.89,-24.89,-30.23,-30.26,-30.26,-30.24,-30.24,-30.24,-22.83,0,-25.71,-25.71,-29.41,-29.44,-29.44,-29.42,-29.42,-29.42,-23.65,0,1.81,1.76,1.72,1.67,1.63,1.59,1.54,1.49,1.45,1.42,2.66,2.61,2.57,2.53,2.49,2.46,2.43,2.4,2.37,2.35,275.77,0,1,1,0,0,0,-1,0,None,aggregation
24,156.51,remora5,remora0,0,0,0,0,0,0,0,0,0,0,0,0,0,0,0,0,0,0,0,0,1.42,1.42,1.42,1.42,1.42,1.42,1.42,1.42,1.42,1.42,2.35,2.35,2.34,2.33,2.32,2.31,2.3,2.29,2.28,2.27,246.73,1,0,1,0,0,0,-1,0,None,aggregation
24,157.51,remora5,remora0,0,0,0,0,0,0,0,0,0,0,0,0,0,0,0,0,0,0,0,0,1.42,1.42,1.42,1.42,1.42,1.42,1.42,1.42,1.42,1.42,2.26,2.25,2.24,2.23,2.22,2.21,2.2,2.19,2.18,2.17,217.22,1,0,1,0,0,0,-1,0,None,aggregation
24,158.51,remora5,remora0,0,0,0,0,0,0,0,0,0,0,0,0,0,0,0,0,0,0,0,0,1.42,1.42,1.42,1.42,1.42,1.42,1.42,1.42,1.42,1.42,2.16,2.16,2.15,2.14,2.14,2.13,2.12,2.11,2.1,2.09,187.68,1,1,1,0,0,0,-1,0,None,aggregation
24,159.51,remora5,remora0,0,0,0,0,0,0,0,0,0,0,0,0,0,0,0,0,0,0,0,0,1.42,1.42,1.42,1.42,1.42,1.42,1.42,1.42,1.42,1.42,2.08,2.07,2.06,2.05,2.04,2.04,2.03,2.01,2,2,158.15,1,1,1,0,0,0,-1,0,None,aggregation
24,160.51,remora5,remora0,0,0,0,0,0,0,0,0,0,0,0,0,0,0,0,0,0,0,0,0,1.42,1.42,1.42,1.42,1.42,1.42,1.42,1.42,1.42,1.42,1.99,1.98,1.98,1.97,1.96,1.95,1.95,1.94,1.93,1.93,128.54,1,1,1,0,0,0,-1,0,None,aggregation
24,161.51,remora5,remora0,0,0,0,0,0,0,0,0,0,0,0,0,0,0,0,0,0,0,0,0,1.42,1.42,1.42,1.42,1.42,1.42,1.42,1.42,1.42,1.42,1.92,1.92,1.91,1.9,1.89,1.89,1.88,1.87,1.87,1.86,104.79,1,1,1,0,0,0,-1,0,None,aggregation
24,162.51,remora5,remora0,0,0,0,0,0,0,0,0,0,0,0,0,0,0,0,0,0,0,0,0,1.42,1.42,1.42,1.42,1.42,1.42,1.42,1.42,1.43,1.44,1.86,1.85,1.85,1.84,1.84,1.83,1.83,1.82,1.82,1.82,81.87,1,1,1,0,0,0,-1,0,None,aggregation
24,163.51,remora5,remora0,0,0,0,0,0,0,0,0,0,0,0,0,0,0,0,0,0,0,0,0,1.45,1.46,1.47,1.47,1.48,1.49,1.5,1.51,1.52,1.53,1.82,1.82,1.82,1.82,1.82,1.82,1.82,1.82,1.82,1.82,53.96,1,1,1,0,0,0,-1,0,None,aggregation
24,164.51,remora5,remora0,0,0,0,0,0,0,0,0,0,0,0,0,0,0,0,0,0,0,0,0,1.54,1.55,1.56,1.57,1.58,1.59,1.6,1.61,1.62,1.63,1.82,1.83,1.83,1.83,1.83,1.83,1.83,1.83,1.83,1.84,25.28,0,1,0,0,0,0,-1,0,None,aggregation
24,165.51,remora5,remora0,0,0,0,0,0,0,0,0,0,0,0,0,0,0,0,0,0,0,0,0,1.64,1.66,1.67,1.68,1.69,1.7,1.72,1.73,1.74,1.75,1.84,1.84,1.84,1.85,1.85,1.85,1.85,1.86,1.86,1.86,0,0,1,0,0,0,0,-1,0,None,aggregation
24,166.51,remora5,remora0,0,0,0,0,0,0,0,0,0,0,0,0,0,0,0,0,0,0,0,0,1.76,1.78,1.78,1.79,1.8,1.82,1.83,1.84,1.86,1.87,1.87,1.87,1.87,1.87,1.88,1.88,1.89,1.89,1.89,1.9,0,0,1,0,0,0,0,-1,0,None,aggregation
24,167.51,remora5,remora0,0,0,0,0,0,0,0,0,0,0,0,0,0,0,0,0,0,0,0,0,1.88,1.89,1.91,1.91,1.9,1.9,1.89,1.89,1.89,1.88,1.9,1.91,1.91,1.91,1.92,1.92,1.93,1.93,1.94,1.94,0,0,1,0,0,0,0,-1,0,None,aggregation
24,168.51,remora5,remora0,0,0,0,0,0,0,0,0,0,0,0,0,0,0,0,0,0,0,0,0,1.88,1.87,1.87,1.87,1.86,1.86,1.86,1.85,1.85,1.85,1.95,1.95,1.95,1.96,1.96,1.97,1.97,1.98,1.98,1.98,0,0,1,0,0,0,0,-1,0,None,aggregation
24,169.51,remora5,remora0,0,0,0,23.53,23.53,27.46,27.46,27.46,27.46,27.49,0,0,0,23.17,23.17,27.24,27.24,27.24,27.24,27.27,1.84,1.84,1.84,1.83,1.83,1.84,1.84,1.85,1.85,1.85,1.99,2,2,2.01,2.02,2.04,2.06,2.08,2.11,2.12,18.35,0,1,0,0,0,0,-1,0,None,aggregation
24,170.51,remora5,remora0,27.49,27.5,27.5,27.53,27.53,27.53,27.53,27.58,27.58,23.97,27.27,27.28,27.28,27.32,27.32,27.32,27.32,27.36,27.36,23.63,1.86,1.86,1.87,1.87,1.88,1.88,1.89,1.9,1.91,1.92,2.15,2.17,2.2,2.22,2.24,2.27,2.29,2.32,2.34,2.37,45.41,0,1,1,0,0,0,-1,0,None,aggregation
24,171.51,remora5,remora0,24.14,24.14,24.35,27.82,27.82,27.82,20.4,20.4,20.4,24.97,23.8,23.8,24.02,27.62,27.62,27.62,19.96,19.96,19.96,24.66,1.93,1.95,1.96,1.97,1.98,2,2.01,2.02,2.03,2.05,2.39,2.41,2.44,2.46,2.48,2.51,2.54,2.56,2.58,2.6,69.47,0,1,1,0,0,0,-1,0,None,aggregation
24,172.51,remora5,remora0,24.97,24.97,24.97,25.37,25.37,25.37,28.34,28.34,28.42,28.5,24.66,24.66,24.66,25.07,25.07,25.07,28.16,28.16,28.25,28.33,2.06,2.08,2.09,2.1,2.12,2.13,2.15,2.17,2.18,2.2,2.62,2.64,2.66,2.67,2.68,2.68,2.69,2.71,2.72,2.73,95.81,0,1,1,0,0,0,-1,0,None,aggregation
24,173.51,remora5,remora0,28.5,28.5,20.78,20.78,26.38,26.38,28.82,28.82,28.89,26.81,28.33,28.33,20.35,20.35,26.11,26.11,28.67,28.67,28.74,26.56,2.22,2.24,2.25,2.27,2.28,2.3,2.32,2.34,2.36,2.38,2.75,2.76,2.77,2.78,2.79,2.8,2.82,2.83,2.84,2.86,122.15,0,1,1,0,0,0,-1,0,None,aggregation
24,174.51,remora5,remora0,26.81,26.81,22.3,22.3,29.14,29.2,29.2,27.41,27.41,23.4,26.56,26.56,21.91,21.91,29.01,29.07,29.07,27.18,27.18,23.04,2.4,2.42,2.44,2.46,2.47,2.49,2.51,2.53,2.56,2.58,2.87,2.88,2.9,2.91,2.92,2.94,2.96,2.99,3.01,3.02,148.43,0,1,1,0,0,0,-1,0,None,aggregation
24,175.51,remora5,remora0,23.4,23.4,29.36,27.73,27.73,27.73,27.73,26.37,26.37,26.37,23.04,23.04,29.24,27.52,27.52,27.52,27.52,26.11,26.11,26.11,2.59,2.61,2.63,2.65,2.67,2.7,2.72,2.74,2.76,2.78,3.03,3.04,3.06,3.07,3.09,3.1,3.12,3.13,3.15,3.16,174.92,0,1,1,0,0,0,-1,0,None,aggregation
24,176.51,remora5,remora0,24.43,24.43,26.77,26.78,26.78,28.32,28.32,29.67,29.67,29.67,24.1,24.1,26.52,26.53,26.53,28.14,28.14,29.59,29.59,29.59,2.8,2.82,2.84,2.86,2.89,2.91,2.93,2.95,2.98,3,3.17,3.19,3.21,3.22,3.24,3.25,3.27,3.28,3.3,3.32,202.31,0,1,1,0,0,0,-1,0,None,aggregation
24,177.51,remora5,remora0,29.67,29.71,29.71,29.71,29.74,29.74,28.67,29.77,29.77,28.76,29.59,29.63,29.63,29.63,29.67,29.67,28.5,29.7,29.7,28.61,3.03,3.05,3.08,3.11,3.12,3.14,3.15,3.16,3.17,3.18,3.34,3.35,3.38,3.4,3.42,3.44,3.45,3.46,3.47,3.48,231.79,0,0,1,0,0,0,-1,0,None,aggregation
24,178.51,remora5,remora0,28.76,28.76,28.76,29.69,29.69,29.69,29.82,29.82,29.82,28.11,28.61,28.61,28.61,29.61,29.61,29.61,29.76,29.76,29.76,27.92,3.19,3.2,3.2,3.2,3.21,3.22,3.23,3.24,3.24,3.24,3.5,3.51,3.51,3.52,3.53,3.54,3.55,3.56,3.57,3.58,261.03,0,0,1,0,0,0,-1,0,None,aggregation
24,179.51,remora5,remora0,28.11,26.68,26.68,28.25,28.25,28.25,29.79,29.88,29.88,29.88,27.92,26.43,26.43,28.07,28.07,28.07,29.72,29.83,29.83,29.83,3.25,3.26,3.26,3.27,3.27,3.27,3.27,3.27,3.28,3.29,3.59,3.6,3.61,3.61,3.62,3.62,3.63,3.64,3.65,3.67,271.17,0,0,1,0,0,0,-1,0,None,aggregation
24,180.51,remora5,remora0,28.38,28.38,28.5,28.51,28.51,28.51,28.63,28.63,28.63,28.63,28.2,28.2,28.33,28.34,28.34,28.34,28.46,28.46,28.46,28.46,3.3,3.31,3.31,3.32,3.32,3.33,3.34,3.35,3.36,3.37,3.68,3.69,3.7,3.71,3.72,3.73,3.74,3.75,3.76,3.77,272.56,0,0,1,0,0,0,-1,0,None,aggregation
24,181.51,remora5,remora0,28.74,28.74,28.74,28.74,0,0,0,0,-25.02,-25.02,28.59,28.59,28.59,28.59,0,0,0,0,-24.2,-24.2,3.37,3.38,3.39,3.4,3.4,3.39,3.37,3.35,3.33,3.29,3.78,3.79,3.8,3.81,3.81,3.79,3.78,3.77,3.75,3.71,264.88,0,0,1,0,0,0,-1,0,None,aggregation
24,182.51,remora5,remora0,-30.24,-30.24,-26.5,-30.21,-30.21,-30.21,-30.21,-24.44,-24.44,-30.17,-29.42,-29.42,-27.32,-29.38,-29.38,-29.38,-29.38,-23.62,-23.62,-29.34,3.25,3.21,3.17,3.13,3.09,3.04,3,2.96,2.92,2.87,3.67,3.63,3.59,3.54,3.5,3.46,3.41,3.37,3.33,3.29,266.9,0,0,1,0,0,0,-1,0,None,aggregation
24,183.51,remora5,remora0,-30.17,-29.01,-29.01,-29.01,-29.01,-23.36,-23.36,-23.36,-22.96,-22.96,-29.34,-28.19,-28.19,-28.19,-28.19,-22.54,-22.54,-22.54,-22.13,-22.13,2.82,2.77,2.74,2.7,2.65,2.62,2.58,2.55,2.52,2.49,3.24,3.2,3.16,3.11,3.06,3.02,2.99,2.96,2.92,2.89,266.37,0,1,1,0,0,0,-1,0,None,aggregation
24,184.51,remora5,remora0,-30.03,-30.03,-30.03,-29.93,-29.93,-29.93,-21.27,-21.27,-29.87,-29.87,-29.2,-29.2,-29.2,-29.11,-29.11,-29.11,-20.45,-20.45,-29.05,-29.05,2.46,2.42,2.38,2.35,2.32,2.28,2.25,2.22,2.2,2.16,2.85,2.81,2.76,2.73,2.68,2.64,2.61,2.57,2.53,2.49,267.9,0,1,1,0,0,0,-1,0,None,aggregation
24,185.51,remora5,remora0,-29.82,-29.82,-29.82,-28.18,-28.18,-29.73,-29.73,-29.67,-29.67,-29.6,-29,-29,-29,-27.36,-27.36,-28.91,-28.91,-28.85,-28.85,-28.78,2.14,2.11,2.08,2.05,2.02,1.99,1.96,1.94,1.91,1.89,2.46,2.42,2.38,2.35,2.31,2.28,2.24,2.21,2.17,2.13,270.41,0,1,1,0,0,0,-1,0,None,aggregation
24,186.51,remora5,remora0,-29.6,-29.6,-29.61,-29.61,-29.5,-29.52,-29.52,-27.44,-27.44,-27.34,-28.78,-28.78,-28.79,-28.79,-28.68,-28.7,-28.7,-26.62,-26.62,-26.52,1.86,1.84,1.83,1.82,1.8,1.78,1.76,1.74,1.72,1.7,2.1,2.06,2.04,2.01,1.98,1.95,1.92,1.88,1.85,1.82,271.54,0,1,1,0,0,0,-1,0,None,aggregation
24,187.51,remora5,remora0,-27.34,-29.39,-29.39,-29.42,-29.42,-29.42,-29.42,-29.35,-29.35,-29.31,-26.52,-28.57,-28.57,-28.59,-28.59,-28.6,-28.6,-28.53,-28.53,-28.49,1.69,1.68,1.67,1.65,1.63,1.61,1.6,1.58,1.56,1.55,1.8,1.77,1.74,1.71,1.68,1.66,1.63,1.6,1.58,1.55,270.83,0,1,1,0,0,0,-1,0,None,aggregation
24,188.51,remora5,remora0,-29.31,0,0,0,0,0,0,0,0,0,-28.49,0,0,0,0,0,0,0,0,0,1.51,1.49,1.48,1.48,1.48,1.48,1.48,1.48,1.48,1.48,1.52,1.5,1.5,1.5,1.5,1.5,1.5,1.5,1.5,1.5,244.48,1,1,1,0,0,0,-1,0,None,aggregation
24,189.51,remora5,remora0,0,0,0,0,0,0,0,0,0,0,0,0,0,0,0,0,0,0,0,0,1.48,1.48,1.48,1.48,1.48,1.48,1.48,1.48,1.48,1.48,1.5,1.49,1.49,1.49,1.49,1.49,1.49,1.49,1.49,1.49,215.99,1,1,1,0,0,0,-1,0,None,aggregation
24,190.51,remora5,remora0,0,0,0,0,0,0,0,0,0,0,0,0,0,0,0,0,0,0,0,0,1.48,1.48,1.48,1.48,1.48,1.48,1.48,1.48,1.47,1.47,1.49,1.49,1.48,1.48,1.48,1.48,1.48,1.48,1.48,1.48,187.54,1,0,1,0,0,0,-1,0,None,aggregation
24,191.51,remora5,remora0,0,0,0,0,0,0,0,0,0,0,0,0,0,0,0,0,0,0,0,0,1.47,1.47,1.46,1.46,1.46,1.45,1.45,1.45,1.44,1.44,1.48,1.47,1.47,1.47,1.47,1.47,1.47,1.47,1.46,1.46,171.15,1,0,1,0,0,0,-1,0,None,aggregation
24,192.51,remora5,remora0,0,0,0,0,0,0,0,0,0,0,0,0,0,0,0,0,0,0,0,0,1.44,1.43,1.43,1.43,1.42,1.42,1.42,1.41,1.41,1.41,1.46,1.46,1.46,1.46,1.45,1.45,1.45,1.45,1.45,1.45,142.8,1,0,1,0,0,0,-1,0,None,aggregation
24,193.51,remora5,remora0,0,0,0,0,0,0,0,0,0,0,0,0,0,0,0,0,0,0,0,0,1.4,1.4,1.4,1.39,1.39,1.38,1.38,1.38,1.37,1.37,1.44,1.44,1.44,1.44,1.44,1.44,1.43,1.43,1.43,1.43,116.99,1,0,1,0,0,0,-1,0,None,aggregation
24,194.51,remora5,remora0,0,0,0,0,0,0,0,0,0,0,0,0,0,0,0,0,0,0,0,0,1.36,1.36,1.35,1.35,1.35,1.34,1.34,1.33,1.33,1.32,1.43,1.42,1.42,1.42,1.42,1.41,1.41,1.41,1.41,1.4,89.18,1,0,1,0,0,0,-1,0,None,aggregation
24,195.51,remora5,remora0,0,0,0,0,0,0,0,0,0,0,0,0,0,0,0,0,0,0,0,0,1.32,1.31,1.3,1.3,1.29,1.29,1.28,1.27,1.27,1.26,1.4,1.4,1.4,1.39,1.39,1.39,1.39,1.39,1.39,1.39,60.17,1,0,1,0,0,0,-1,0,None,aggregation
24,196.51,remora5,remora0,0,0,0,0,0,0,0,0,0,0,0,0,0,0,0,0,0,0,0,0,1.25,1.25,1.24,1.23,1.22,1.22,1.21,1.2,1.19,1.19,1.39,1.39,1.39,1.39,1.39,1.39,1.39,1.39,1.39,1.39,31.66,1,1,0,0,0,0,-1,0,None,aggregation
24,197.51,remora5,remora0,0,0,0,0,0,0,0,0,0,0,0,0,0,0,0,0,0,0,0,0,1.18,1.17,1.17,1.16,1.15,1.15,1.14,1.13,1.12,1.12,1.39,1.39,1.39,1.39,1.39,1.39,1.39,1.39,1.39,1.39,2.89,1,1,0,0,0,0,-1,0,None,aggregation
24,198.51,remora5,remora0,0,0,0,0,0,0,0,0,0,0,0,0,0,0,0,0,0,0,0,0,1.11,1.11,1.1,1.1,1.09,1.09,1.08,1.08,1.08,1.07,1.4,1.4,1.4,1.4,1.4,1.4,1.4,1.41,1.41,1.41,0,1,1,0,0,0,0,-1,0,None,aggregation
24,199.51,remora5,remora0,0,0,0,0,0,0,0,0,0,0,0,0,0,0,0,0,0,0,0,0,1.07,1.07,1.07,1.07,1.07,1.07,1.07,1.07,1.07,1.07,1.41,1.42,1.42,1.42,1.43,1.43,1.44,1.44,1.45,1.45,0,1,1,0,0,0,0,-1,0,None,aggregation
24,200.51,remora5,remora0,0,0,0,0,0,0,0,0,0,0,0,0,0,0,0,0,0,0,0,0,1.07,1.08,1.08,1.09,1.09,1.1,1.11,1.11,1.12,1.13,1.46,1.47,1.47,1.48,1.49,1.5,1.5,1.51,1.52,1.53,0,1,1,0,0,0,0,-1,0,None,aggregation
24,201.51,remora5,remora0,0,0,0,0,0,0,0,0,0,17.53,0,0,0,0,0,0,0,0,0,17.03,1.14,1.15,1.16,1.17,1.18,1.19,1.21,1.22,1.23,1.25,1.54,1.55,1.56,1.58,1.59,1.6,1.61,1.63,1.64,1.65,1.73,1,1,0,0,0,0,-1,0,None,aggregation
24,202.51,remora5,remora0,17.53,22.37,22.37,17.67,17.67,17.73,17.73,17.81,17.81,17.86,17.03,21.99,21.99,17.17,17.17,17.24,17.24,17.32,17.32,17.37,1.25,1.26,1.26,1.26,1.26,1.27,1.27,1.28,1.28,1.29,1.67,1.69,1.7,1.72,1.74,1.75,1.77,1.79,1.8,1.82,20.15,1,1,0,0,0,0,-1,0,None,aggregation
24,203.51,remora5,remora0,17.86,20.94,20.94,20.48,20.48,20.48,20.23,20.23,19.79,18.22,17.37,20.52,20.52,20.05,20.05,20.05,19.79,19.79,19.34,17.73,1.3,1.3,1.3,1.31,1.31,1.32,1.32,1.32,1.32,1.32,1.84,1.86,1.88,1.89,1.91,1.93,1.94,1.96,1.98,2,39.89,1,1,0,0,0,0,-1,0,None,aggregation
24,204.51,remora5,remora0,18.22,18.24,18.24,18.64,18.64,18.64,18.1,17.85,17.85,17.85,17.73,17.76,17.76,18.16,18.16,18.16,17.61,17.35,17.35,17.35,1.33,1.33,1.33,1.34,1.34,1.34,1.35,1.35,1.36,1.37,2.02,2.04,2.06,2.07,2.09,2.11,2.13,2.15,2.17,2.19,57.88,1,1,1,0,0,0,-1,0,None,aggregation
24,205.51,remora5,remora0,-0.7,17.07,17.07,17.04,17.04,18.08,18.08,18.08,17.99,17.99,-1.52,16.56,16.56,16.52,16.52,17.59,17.59,17.59,17.5,17.5,1.38,1.4,1.41,1.41,1.42,1.43,1.44,1.45,1.45,1.46,2.21,2.22,2.23,2.25,2.27,2.29,2.3,2.32,2.33,2.35,73.6,1,0,1,0,0,0,-1,0,None,aggregation
24,206.51,remora5,remora0,16.3,16.3,-0.66,-0.88,-0.88,-0.96,-0.96,-20.54,-20.54,-20.54,15.77,15.77,-1.48,-1.7,-1.7,-1.78,-1.78,-21.36,-21.36,-21.36,1.46,1.47,1.48,1.5,1.52,1.55,1.57,1.6,1.63,1.67,2.36,2.38,2.4,2.41,2.43,2.45,2.46,2.48,2.5,2.52,83.74,0,1,1,0,0,0,-1,0,None,aggregation
24,207.51,remora5,remora0,-1,-21.63,-21.63,18.4,18.4,-1.29,-1.29,-1.11,-1.11,18.72,-1.82,-22.45,-22.45,17.92,17.92,-2.11,-2.11,-1.93,-1.93,18.25,1.7,1.73,1.77,1.81,1.82,1.83,1.86,1.88,1.91,1.94,2.54,2.56,2.58,2.6,2.62,2.64,2.65,2.67,2.69,2.7,94.41,0,1,1,0,0,0,-1,0,None,aggregation
24,208.51,remora5,remora0,18.72,18.72,18.78,18.78,19.09,19.09,-0.57,19.63,19.63,-0.17,18.25,18.25,18.31,18.31,18.63,18.63,-1.39,19.18,19.18,-0.99,1.95,1.96,1.97,1.98,1.99,2,2.03,2.05,2.07,2.07,2.72,2.73,2.73,2.73,2.75,2.76,2.76,2.77,2.77,2.78,109.62,0,1,1,0,0,0,-1,0,None,aggregation
24,209.51,remora5,remora0,-0.17,20.01,20.01,0.33,0.33,0.33,20.65,20.65,-23.32,21.14,-0.99,19.57,19.57,-0.5,-0.5,-0.5,20.23,20.23,-24.14,20.73,2.1,2.12,2.13,2.14,2.16,2.18,2.19,2.22,2.26,2.3,2.78,2.79,2.79,2.8,2.8,2.81,2.81,2.82,2.82,2.83,122.22,0,1,1,0,0,0,-1,0,None,aggregation
24,210.51,remora5,remora0,21.14,0.77,0.77,0.77,-23.65,21.74,21.74,26.57,26.57,22.09,20.73,-0.05,-0.05,-0.05,-24.47,21.34,21.34,26.32,26.32,21.69,2.31,2.32,2.35,2.38,2.42,2.46,2.47,2.48,2.48,2.49,2.85,2.86,2.87,2.89,2.9,2.92,2.93,2.94,2.95,2.96,138.61,0,1,1,0,0,0,-1,0,None,aggregation
24,211.51,remora5,remora0,22.09,22.31,22.31,22.31,2.18,26.51,26.51,22.74,22.74,3.02,21.69,21.92,21.92,21.92,1.39,26.25,26.25,22.36,22.36,2.24,2.49,2.5,2.51,2.52,2.53,2.55,2.56,2.56,2.57,2.58,2.97,2.98,2.99,2.99,3,3,3.01,3.01,3.01,3.02,155.94,0,1,1,0,0,0,-1,0,None,aggregation
24,212.51,remora5,remora0,3.02,23.21,23.21,3.33,3.33,28.12,28.12,28.12,23.7,23.64,2.24,22.85,22.85,2.56,2.56,27.93,27.93,27.93,23.35,23.29,2.6,2.62,2.63,2.64,2.66,2.68,2.68,2.69,2.69,2.7,3.02,3.02,3.03,3.03,3.04,3.06,3.07,3.09,3.09,3.1,156.08,0,1,1,0,0,0,-1,0,None,aggregation
24,213.51,remora5,remora0,23.64,23.64,23.9,23.91,23.91,5.1,5.1,5.1,24.19,24.51,23.29,23.29,23.56,23.57,23.57,4.37,4.37,4.37,23.86,24.18,2.7,2.71,2.72,2.72,2.73,2.74,2.75,2.77,2.78,2.79,3.11,3.11,3.12,3.12,3.13,3.13,3.14,3.14,3.15,3.15,154.41,0,1,1,0,0,0,-1,0,None,aggregation
24,214.51,remora5,remora0,24.51,5.78,5.78,5.78,24.93,24.99,24.99,6.51,6.51,25.38,24.18,5.05,5.05,5.05,24.61,24.67,24.67,5.8,5.8,25.08,2.79,2.8,2.82,2.85,2.85,2.86,2.87,2.87,2.89,2.92,3.16,3.16,3.17,3.17,3.18,3.18,3.19,3.19,3.2,3.2,151.68,0,1,1,0,0,0,-1,0,None,aggregation
24,215.51,remora5,remora0,25.38,25.45,25.45,7.44,7.44,7.54,7.54,25.77,25.77,8.29,25.08,25.15,25.15,6.74,6.74,6.85,6.85,25.49,25.49,7.61,2.93,2.93,2.94,2.94,2.96,2.98,3,3.02,3.04,3.04,3.21,3.21,3.22,3.23,3.23,3.23,3.24,3.24,3.25,3.26,152.32,0,1,1,0,0,0,-1,0,None,aggregation
24,216.51,remora5,remora0,8.29,26.16,26.16,8.54,8.54,26.56,26.56,29.92,29.92,26.34,7.61,25.89,25.89,7.86,7.86,26.3,26.3,29.88,29.88,26.07,3.06,3.07,3.08,3.09,3.11,3.13,3.11,3.09,3.07,3.04,3.26,3.26,3.26,3.27,3.27,3.27,3.27,3.27,3.27,3.27,163.71,0,0,1,0,0,0,-1,0,None,aggregation
24,217.51,remora5,remora0,26.34,9.36,9.36,27.1,27.1,27.1,26.19,26.19,25.92,9.42,26.07,8.69,8.69,26.87,26.87,26.87,25.92,25.92,25.64,8.76,3,2.96,2.92,2.89,2.84,2.79,2.75,2.7,2.66,2.62,3.26,3.24,3.22,3.2,3.18,3.16,3.15,3.14,3.13,3.12,174.26,0,1,1,0,0,0,-1,0,None,aggregation
24,218.51,remora5,remora0,9.42,9.33,9.33,25.42,25.42,25.27,25.27,25.11,25.11,24.95,8.76,8.66,8.66,25.12,25.12,24.97,24.97,24.8,24.8,24.63,2.58,2.55,2.52,2.49,2.44,2.4,2.36,2.32,2.27,2.23,3.1,3.08,3.06,3.04,3.03,3.02,3.01,3,2.98,2.96,179.3,0,1,1,0,0,0,-1,0,None,aggregation
24,219.51,remora5,remora0,24.95,24.79,24.79,24.65,24.65,10.32,10.32,10.62,10.62,10.62,24.63,24.47,24.47,24.32,24.32,9.68,9.68,9.98,9.98,9.98,2.19,2.15,2.11,2.07,2.03,2,1.97,1.94,1.92,1.89,2.94,2.93,2.92,2.91,2.9,2.89,2.87,2.86,2.85,2.84,184.09,0,1,1,0,0,0,-1,0,None,aggregation
24,220.51,remora5,remora0,24.4,24.28,24.28,24.17,24.17,24.19,24.19,24.31,24.31,24.29,24.07,23.95,23.95,23.84,23.84,23.86,23.86,23.98,23.98,23.95,1.86,1.83,1.79,1.76,1.73,1.71,1.68,1.65,1.62,1.59,2.84,2.83,2.82,2.8,2.79,2.78,2.76,2.75,2.73,2.72,191.79,0,1,1,0,0,0,-1,0,None,aggregation
24,221.51,remora5,remora0,24.29,13.92,13.92,14.44,14.44,14.44,15.02,24.84,24.84,15.82,23.95,13.34,13.34,13.87,13.87,13.87,14.46,24.52,24.52,15.28,1.57,1.54,1.52,1.5,1.5,1.49,1.49,1.48,1.47,1.46,2.71,2.7,2.69,2.68,2.67,2.67,2.67,2.68,2.68,2.69,190.09,1,0,1,0,0,0,-1,0,None,aggregation
24,222.51,remora5,remora0,15.82,16.21,16.21,16.21,25.22,17,17,17.38,17.38,17.75,15.28,15.68,15.68,15.68,24.92,16.49,16.49,16.87,16.87,17.25,1.46,1.46,1.45,1.45,1.44,1.44,1.43,1.43,1.43,1.42,2.68,2.68,2.67,2.67,2.67,2.66,2.66,2.66,2.66,2.65,188.9,1,0,1,0,0,0,-1,0,None,aggregation
24,223.51,remora5,remora0,17.75,17.75,25.87,25.87,25.98,25.98,26.24,26.24,26.4,26.57,17.25,17.25,25.59,25.59,25.7,25.7,25.97,25.97,26.14,26.31,1.42,1.42,1.41,1.41,1.41,1.41,1.41,1.41,1.41,1.41,2.65,2.65,2.64,2.64,2.64,2.64,2.64,2.64,2.65,2.65,195.13,1,0,1,0,0,0,-1,0,None,aggregation
24,224.51,remora5,remora0,26.57,26.73,26.73,26.96,26.96,27.17,27.17,27.28,27.28,27.49,26.31,26.48,26.48,26.71,26.71,26.93,26.93,27.05,27.05,27.27,1.41,1.41,1.41,1.41,1.42,1.42,1.43,1.43,1.44,1.44,2.65,2.65,2.65,2.66,2.66,2.66,2.67,2.67,2.67,2.68,206.79,1,0,1,0,0,0,-1,0,None,aggregation
24,225.51,remora5,remora0,27.49,27.7,27.7,27.85,27.85,28,28,28.15,28.15,28.32,27.27,27.49,27.49,27.65,27.65,27.8,27.8,27.96,27.96,28.14,1.45,1.45,1.46,1.47,1.48,1.49,1.5,1.51,1.52,1.53,2.68,2.69,2.69,2.7,2.7,2.71,2.72,2.72,2.73,2.74,218.24,1,0,1,0,0,0,-1,0,None,aggregation
24,226.51,remora5,remora0,28.32,28.42,28.42,28.59,28.59,25.44,25.44,25.68,25.68,26.04,28.14,28.25,28.25,28.42,28.42,25.14,25.14,25.39,25.39,25.77,1.54,1.55,1.56,1.58,1.59,1.6,1.62,1.63,1.64,1.66,2.74,2.75,2.76,2.77,2.78,2.78,2.79,2.8,2.8,2.81,223.67,0,1,1,0,0,0,-1,0,None,aggregation
24,227.51,remora5,remora0,26.04,26.04,26.23,26.5,26.5,26.66,26.66,26.86,26.86,27.02,25.77,25.77,25.96,26.24,26.24,26.41,26.41,26.62,26.62,26.78,1.67,1.69,1.7,1.72,1.73,1.75,1.76,1.78,1.8,1.81,2.82,2.83,2.83,2.84,2.85,2.86,2.87,2.87,2.88,2.89,228.86,0,1,1,0,0,0,-1,0,None,aggregation
24,228.51,remora5,remora0,27.02,27.2,27.2,27.35,27.35,27.48,27.48,27.48,27.57,27.66,26.78,26.97,26.97,27.12,27.12,27.26,27.26,27.26,27.36,27.44,1.83,1.85,1.87,1.88,1.9,1.92,1.94,1.95,1.96,1.97,2.9,2.91,2.92,2.93,2.94,2.95,2.96,2.97,2.98,2.98,235.87,0,1,1,0,0,0,-1,0,None,aggregation
24,229.51,remora5,remora0,27.66,27.79,27.79,27.78,27.78,27.82,27.82,27.82,29.63,29.64,27.44,27.58,27.58,27.57,27.57,27.61,27.61,27.61,29.54,29.56,1.98,1.99,2.01,2.02,2.03,2.04,2.05,2.06,2.07,2.09,2.99,3,3,3.01,3.01,3.02,3.03,3.04,3.05,3.05,246.53,0,1,1,0,0,0,-1,0,None,aggregation
24,230.51,remora5,remora0,29.64,29.68,29.68,28.01,28.01,28.04,28.04,28.08,28.08,28.12,29.56,29.6,29.6,27.81,27.81,27.85,27.85,27.89,27.89,27.93,2.1,2.11,2.13,2.14,2.15,2.16,2.17,2.19,2.2,2.21,3.06,3.07,3.08,3.09,3.1,3.11,3.12,3.13,3.13,3.14,250.9,0,1,1,0,0,0,-1,0,None,aggregation
24,231.51,remora5,remora0,28.12,28.12,25.75,29.74,29.74,29.75,29.75,28.3,28.3,28.33,27.93,27.93,25.46,29.67,29.67,29.68,29.68,28.12,28.12,28.15,2.23,2.24,2.25,2.26,2.28,2.29,2.3,2.32,2.33,2.34,3.15,3.16,3.17,3.18,3.18,3.19,3.2,3.21,3.22,3.23,262.07,0,1,1,0,0,0,-1,0,None,aggregation
24,232.51,remora5,remora0,28.33,28.33,28.33,28.33,28.36,29.67,29.67,29.67,29.69,26.31,28.15,28.15,28.15,28.15,28.19,29.59,29.59,29.59,29.61,26.04,2.36,2.37,2.38,2.4,2.41,2.42,2.43,2.45,2.46,2.47,3.24,3.25,3.26,3.27,3.28,3.29,3.3,3.31,3.32,3.33,273.29,0,1,1,0,0,0,-1,0,None,aggregation
24,233.51,remora5,remora0,26.31,26.31,26.32,28.49,28.49,28.52,28.52,28.51,28.51,29.81,26.04,26.04,26.05,28.32,28.32,28.35,28.35,28.34,28.34,29.75,2.48,2.5,2.51,2.52,2.53,2.54,2.56,2.57,2.58,2.6,3.34,3.35,3.35,3.36,3.37,3.39,3.4,3.4,3.41,3.42,276.87,0,1,1,0,0,0,-1,0,None,aggregation
24,234.51,remora5,remora0,29.81,29.71,29.71,26.64,26.64,26.64,26.74,26.74,26.74,26.74,29.75,29.63,29.63,26.39,26.39,26.39,26.48,26.49,26.49,26.49,2.61,2.62,2.64,2.65,2.66,2.67,2.68,2.69,2.71,2.72,3.44,3.44,3.45,3.47,3.47,3.49,3.49,3.51,3.52,3.53,277.47,0,1,1,0,0,0,-1,0,None,aggregation
24,235.51,remora5,remora0,26.74,29.72,29.72,29.72,29.72,28.5,28.5,28.49,28.49,28.47,26.49,29.64,29.64,29.64,29.64,28.33,28.33,28.31,28.31,28.3,2.73,2.74,2.75,2.76,2.78,2.79,2.8,2.81,2.83,2.84,3.54,3.54,3.55,3.57,3.58,3.59,3.6,3.61,3.63,3.64,278.38,0,1,1,0,0,0,-1,0,None,aggregation
24,236.51,remora5,remora0,28.47,29.81,29.81,29.62,29.62,27.15,27.15,27.15,27.15,27.16,28.3,29.75,29.75,29.7,29.7,26.91,26.91,26.92,26.92,26.92,2.86,2.89,2.91,2.93,2.95,2.96,2.97,2.98,2.99,3,3.66,3.67,3.7,3.72,3.73,3.75,3.77,3.78,3.79,3.8,279.68,0,1,1,0,0,0,-1,0,None,aggregation
24,237.51,remora5,remora0,27.16,29.73,29.73,27.17,27.17,27.34,27.34,27.51,27.51,27.52,26.92,29.66,29.66,26.94,26.94,27.12,27.12,27.3,27.3,27.31,3.02,3.03,3.05,3.08,3.1,3.13,3.16,3.18,3.2,3.21,3.82,3.83,3.85,3.87,3.9,3.92,3.94,3.97,3.99,4,280.99,0,0,1,0,0,0,-1,0,None,aggregation
24,238.51,remora5,remora0,27.52,27.52,27.53,27.53,28.97,27.7,27.7,27.7,27.7,27.71,27.31,27.31,27.31,27.31,29.11,27.48,27.48,27.49,27.49,27.5,3.22,3.24,3.26,3.29,3.3,3.32,3.33,3.34,3.36,3.39,4.02,4.04,4.05,4.07,4.08,4.09,4.1,4.11,4.13,4.16,281.39,0,0,1,0,0,0,-1,0,None,aggregation
24,239.51,remora5,remora0,27.71,0,0,30,30,0,0,-20.56,-20.56,0,27.5,0,0,30,30,0,0,-19.74,-19.74,0,3.41,3.42,3.42,3.41,3.42,3.44,3.44,3.43,3.41,3.39,4.18,4.2,4.19,4.18,4.2,4.21,4.21,4.2,4.18,4.15,266.12,0,0,1,0,0,0,-1,0,None,aggregation
24,240.51,remora5,remora0,0,0,0,0,0,30,30,30,30,30,0,0,0,0,0,30,30,30,30,30,3.38,3.37,3.36,3.36,3.36,3.36,3.38,3.41,3.43,3.46,4.14,4.14,4.14,4.14,4.14,4.14,4.15,4.19,4.21,4.23,252.66,0,0,1,0,0,0,-1,0,None,aggregation
24,241.51,remora5,remora0,30,30,30,30,30,0,0,0,-4.74,-4.74,30,30,30,30,30,0,0,0,-15.2,-15.2,3.47,3.48,3.51,3.53,3.54,3.55,3.54,3.54,3.55,3.55,4.24,4.26,4.27,4.29,4.3,4.3,4.29,4.28,4.28,4.27,241.14,0,0,1,1,0,1,-1,0,None,aggregation
24,242.51,remora5,remora0,0,0,-30.18,0,0,0,0,0,0,0,0,0,-29.36,0,0,0,0,0,0,0,3.55,3.53,3.5,3.48,3.46,3.45,3.46,3.47,3.47,3.47,4.26,4.24,4.2,4.17,4.15,4.13,4.13,4.13,4.12,4.12,215.53,0,0,1,0,0,0,-1,0,None,aggregation
24,243.51,remora5,remora0,0,-22.08,-22.08,0,0,0,0,0,0,0,0,-21.26,-21.26,0,0,0,0,0,0,0,3.47,3.47,3.45,3.43,3.43,3.44,3.44,3.45,3.45,3.45,4.11,4.11,4.09,4.08,4.06,4.06,4.05,4.05,4.05,4.05,191.98,0,0,1,0,0,0,-1,0,None,aggregation
24,124.51,remora4,remora7,5.8,5.8,5.8,5.8,28.12,28.12,10.48,10.48,-5.33,10.7,5.07,5.07,5.07,5.07,28.3,28.3,11.11,11.11,-4.51,11.33,2.33,2.33,2.33,2.33,2.32,2.32,2.32,2.32,2.31,2.31,3.03,3.03,3.03,3.02,3.01,3.01,3,3,2.99,2.99,178.6,0,1,1,0,0,0,-1,0,None,aggregation
24,125.51,remora4,remora7,10.7,10.7,28.36,28.4,28.4,10.68,10.68,10.44,10.44,8.03,11.33,11.33,28.53,28.56,28.56,11.3,11.3,11.07,11.07,7.35,2.31,2.31,2.3,2.3,2.3,2.29,2.29,2.29,2.28,2.28,2.98,2.98,2.97,2.97,2.96,2.95,2.94,2.94,2.93,2.93,169.86,0,1,1,0,0,0,-1,0,None,aggregation
24,126.51,remora4,remora7,8.03,28.47,28.47,10.65,10.65,10.65,28.43,8.21,8.21,10.4,7.35,28.64,28.64,11.28,11.28,11.28,28.6,7.53,7.53,11.03,2.28,2.27,2.27,2.27,2.26,2.26,2.26,2.25,2.25,2.25,2.92,2.92,2.91,2.9,2.9,2.89,2.89,2.88,2.87,2.87,157.14,0,1,1,0,0,0,-1,0,None,aggregation
24,127.51,remora4,remora7,10.4,10.4,8.99,9.33,9.33,9.33,10.5,10.5,10.5,28.66,11.03,11.03,8.32,8.67,8.67,8.67,9.86,9.86,9.86,28.81,2.24,2.24,2.23,2.23,2.23,2.22,2.22,2.22,2.21,2.21,2.86,2.86,2.85,2.85,2.84,2.84,2.83,2.83,2.82,2.82,142.81,0,1,1,0,0,0,-1,0,None,aggregation
24,128.51,remora4,remora7,28.66,28.67,28.67,28.64,28.64,10.13,10.13,9.88,9.88,10.11,28.81,28.82,28.82,28.8,28.8,10.76,10.76,10.52,10.52,10.74,2.2,2.2,2.19,2.19,2.19,2.18,2.18,2.17,2.17,2.16,2.81,2.8,2.79,2.79,2.78,2.77,2.77,2.76,2.75,2.75,143.32,0,1,1,0,0,0,-1,0,None,aggregation
24,129.51,remora4,remora7,10.11,10.1,10.1,10.1,11.73,28.76,28.76,28.77,28.77,28.71,10.74,10.74,10.74,10.74,11.11,28.91,28.91,28.91,28.91,28.86,2.16,2.16,2.15,2.15,2.14,2.14,2.13,2.13,2.12,2.12,2.74,2.74,2.73,2.73,2.72,2.72,2.71,2.7,2.7,2.69,146.79,0,1,1,0,0,0,-1,0,None,aggregation
24,130.51,remora4,remora7,28.71,9.82,9.82,9.59,9.59,-1.3,-1.3,11.66,11.66,11.66,28.86,10.46,10.46,10.24,10.24,-0.48,-0.48,11.04,11.04,11.04,2.11,2.1,2.1,2.09,2.09,2.08,2.08,2.07,2.07,2.06,2.68,2.67,2.67,2.66,2.66,2.65,2.65,2.64,2.64,2.63,148.45,0,1,1,0,0,0,-1,0,None,aggregation
24,131.51,remora4,remora7,12.32,28.82,28.82,28.82,13.33,13.33,1.75,1.75,28.83,28.83,11.72,28.96,28.96,28.96,12.74,12.74,2.53,2.53,28.97,28.97,2.06,2.05,2.05,2.04,2.03,2.03,2.02,2.02,2.01,2,2.63,2.62,2.62,2.61,2.6,2.6,2.59,2.59,2.58,2.57,152.17,0,1,1,0,0,0,-1,0,None,aggregation
24,132.51,remora4,remora7,14.61,14.61,14.28,14.28,14.28,28.82,28.82,14.94,14.63,14.63,14.05,14.05,13.71,13.71,13.71,28.96,28.96,14.39,14.07,14.07,2,1.99,1.99,1.98,1.97,1.97,1.96,1.95,1.95,1.94,2.57,2.56,2.56,2.55,2.54,2.54,2.53,2.52,2.52,2.51,156.93,0,1,1,0,0,0,-1,0,None,aggregation
24,133.51,remora4,remora7,15.6,15.6,9.88,9.88,9.88,16.4,16.4,16.4,28.69,28.69,15.05,15.05,10.52,10.52,10.52,15.88,15.88,15.88,28.84,28.84,1.93,1.93,1.92,1.91,1.91,1.9,1.9,1.89,1.88,1.88,2.5,2.5,2.49,2.49,2.48,2.48,2.47,2.47,2.46,2.45,156.65,0,1,1,0,0,0,-1,0,None,aggregation
24,134.51,remora4,remora7,17.26,17.26,28.63,28.63,28.63,28.56,28.56,28.56,28.5,28.5,16.75,16.75,28.79,28.79,28.78,28.72,28.72,28.72,28.66,28.66,1.87,1.86,1.85,1.85,1.84,1.83,1.83,1.82,1.81,1.8,2.44,2.44,2.43,2.42,2.41,2.41,2.4,2.39,2.38,2.37,171.4,0,1,1,0,0,0,-1,0,None,aggregation
24,135.51,remora4,remora7,28.5,28.5,7.91,7.91,7.91,7.89,15.99,15.99,15.95,15.95,28.66,28.66,8.58,8.58,8.58,8.57,15.45,15.45,15.42,15.42,1.8,1.79,1.78,1.78,1.77,1.76,1.75,1.74,1.74,1.73,2.36,2.36,2.35,2.35,2.34,2.33,2.33,2.32,2.32,2.31,170.84,0,1,1,0,0,0,-1,0,None,aggregation
24,136.51,remora4,remora7,28.45,16.91,16.91,16.33,16.33,16.33,16.38,17.27,17.27,17.27,28.61,16.39,16.39,15.81,15.81,15.81,15.85,16.76,16.76,16.76,1.72,1.71,1.71,1.7,1.69,1.68,1.67,1.66,1.66,1.65,2.3,2.29,2.29,2.28,2.27,2.27,2.26,2.26,2.25,2.24,173.29,0,1,1,0,0,0,-1,0,None,aggregation
24,137.51,remora4,remora7,17.26,17.26,28.26,17.59,17.59,17.59,17.3,17.3,28.12,28.12,16.75,16.75,28.43,17.09,17.09,17.09,16.79,16.79,28.31,28.31,1.64,1.63,1.62,1.61,1.61,1.6,1.59,1.58,1.57,1.56,2.24,2.23,2.22,2.21,2.21,2.2,2.19,2.19,2.18,2.17,182.14,0,1,1,0,0,0,-1,0,None,aggregation
24,138.51,remora4,remora7,18.16,17.65,17.65,17.68,17.68,17.68,0,0,0,0,17.67,17.15,17.15,17.19,17.19,17.19,0,0,0,0,1.56,1.55,1.54,1.53,1.52,1.52,1.52,1.52,1.52,1.52,2.16,2.16,2.15,2.14,2.14,2.13,2.13,2.13,2.14,2.14,173.1,0,1,1,0,0,0,-1,0,None,aggregation
24,139.51,remora4,remora7,0,0,0,0,0,0,0,0,0,0,0,0,0,0,0,0,0,0,0,0,1.52,1.52,1.52,1.52,1.52,1.52,1.51,1.51,1.51,1.51,2.14,2.14,2.14,2.15,2.15,2.15,2.16,2.16,2.16,2.17,153.38,0,1,1,0,0,0,-1,0,None,aggregation
24,140.51,remora4,remora7,0,0,0,0,0,0,0,0,0,0,0,0,0,0,0,0,0,0,0,0,1.51,1.51,1.51,1.51,1.51,1.51,1.51,1.51,1.51,1.51,2.17,2.17,2.18,2.18,2.18,2.19,2.19,2.2,2.2,2.21,142.91,0,1,1,0,0,0,-1,0,None,aggregation
24,141.51,remora4,remora7,0,0,0,0,0,0,0,0,0,0,0,0,0,0,0,0,0,0,0,0,1.51,1.51,1.51,1.51,1.51,1.51,1.51,1.51,1.51,1.51,2.21,2.21,2.22,2.22,2.23,2.24,2.24,2.25,2.25,2.26,124.22,0,1,1,0,0,0,-1,0,None,aggregation
24,142.51,remora4,remora7,0,0,0,0,0,0,0,0,0,0,0,0,0,0,0,0,0,0,0,0,1.52,1.52,1.52,1.52,1.52,1.52,1.52,1.52,1.52,1.52,2.26,2.27,2.28,2.28,2.29,2.3,2.3,2.31,2.32,2.32,107.05,0,1,1,0,0,0,-1,0,None,aggregation
24,143.51,remora4,remora7,0,0,0,0,0,0,0,0,0,0,0,0,0,0,0,0,0,0,0,0,1.52,1.52,1.52,1.52,1.52,1.52,1.52,1.52,1.52,1.52,2.33,2.34,2.35,2.35,2.36,2.37,2.38,2.39,2.39,2.4,90.33,0,1,1,0,0,0,-1,0,None,aggregation
24,144.51,remora4,remora7,0,0,0,0,0,0,0,0,0,0,0,0,0,0,0,0,0,0,0,0,1.52,1.52,1.52,1.52,1.52,1.52,1.52,1.52,1.52,1.52,2.41,2.42,2.43,2.44,2.45,2.45,2.46,2.47,2.48,2.49,64.01,0,1,1,0,0,0,-1,0,None,aggregation
24,145.51,remora4,remora7,0,0,0,0,0,0,0,0,0,-28.35,0,0,0,0,0,0,0,0,0,-27.53,1.52,1.52,1.52,1.52,1.52,1.52,1.52,1.52,1.52,1.52,2.5,2.51,2.52,2.53,2.54,2.55,2.56,2.57,2.58,2.6,51.5,0,1,1,0,0,0,-1,0,None,aggregation
24,146.51,remora4,remora7,-28.35,16.25,16.25,14.31,14.31,-11.38,-11.38,-11.38,-11.38,16.91,-27.53,15.72,15.72,13.74,13.74,-12.2,-12.2,-12.2,-12.2,16.39,1.52,1.53,1.53,1.54,1.54,1.54,1.55,1.56,1.56,1.57,2.63,2.65,2.66,2.67,2.67,2.68,2.69,2.71,2.73,2.73,48.96,0,1,1,0,0,0,-1,0,None,aggregation
24,147.51,remora4,remora7,16.91,16.91,-29.66,-29.66,12.78,12.78,16.25,16.25,-7.12,19.63,16.39,16.39,-28.84,-28.84,12.18,12.18,15.72,15.72,-7.94,19.18,1.57,1.58,1.58,1.59,1.6,1.6,1.61,1.62,1.63,1.64,2.74,2.74,2.76,2.78,2.81,2.82,2.83,2.84,2.85,2.87,46.04,0,1,1,0,0,0,-1,0,None,aggregation
24,148.51,remora4,remora7,19.63,19.85,19.85,19.85,15.08,15.08,-2.26,24.13,24.13,24.28,19.18,19.4,19.4,19.4,14.52,14.52,-3.08,23.79,23.79,23.95,1.65,1.66,1.67,1.68,1.69,1.7,1.71,1.72,1.73,1.74,2.88,2.89,2.89,2.9,2.91,2.92,2.93,2.95,2.96,2.97,53.8,0,1,1,0,0,0,-1,0,None,aggregation
24,149.51,remora4,remora7,24.28,24.28,25.66,25.66,27.03,19.18,19.18,19.18,19.18,28.97,23.95,23.95,25.37,25.37,26.79,18.72,18.72,18.72,18.72,28.83,1.76,1.78,1.79,1.81,1.83,1.85,1.87,1.89,1.9,1.9,2.98,2.99,2.99,3,3.01,3.02,3.04,3.05,3.07,3.09,76.88,0,1,1,0,0,0,-1,0,None,aggregation
24,150.51,remora4,remora7,28.97,28.79,28.79,7.92,7.92,29.49,29.49,29.49,-21.36,22.25,28.83,28.63,28.63,7.23,7.23,29.39,29.39,29.39,-20.54,21.86,1.92,1.94,1.97,1.99,2.01,2.03,2.06,2.08,2.09,2.09,3.11,3.12,3.13,3.14,3.16,3.17,3.19,3.2,3.22,3.24,100.16,0,1,1,0,0,0,-1,0,None,aggregation
24,151.51,remora4,remora7,22.25,22.25,22.25,-18.86,-18.86,-18.86,29.98,23.14,23.14,23.55,21.86,21.86,21.86,-18.04,-18.04,-18.04,29.95,22.77,22.77,23.19,2.11,2.14,2.17,2.2,2.22,2.22,2.24,2.27,2.3,2.33,3.26,3.28,3.29,3.31,3.33,3.35,3.37,3.38,3.38,3.39,122.24,0,1,1,0,0,0,-1,0,None,aggregation
24,152.51,remora4,remora7,23.55,23.96,23.96,23.96,29.89,29.89,29.79,29.79,-8.82,-8.82,23.19,23.61,23.61,23.61,29.93,29.93,29.85,29.85,-8,-8,2.36,2.39,2.43,2.46,2.5,2.54,2.57,2.61,2.63,2.64,3.4,3.42,3.43,3.43,3.43,3.42,3.42,3.41,3.41,3.41,145.34,0,1,1,0,0,0,-1,0,None,aggregation
24,153.51,remora4,remora7,-9.17,-9.17,25.12,25.12,29.53,-8.84,-8.84,29.18,29.18,29.18,-8.35,-8.35,24.81,24.81,29.62,-8.02,-8.02,29.29,29.29,29.29,2.65,2.67,2.69,2.73,2.77,2.8,2.82,2.83,2.86,2.91,3.4,3.4,3.4,3.4,3.39,3.39,3.39,3.38,3.38,3.38,165.5,0,1,1,0,0,0,-1,0,None,aggregation
24,154.51,remora4,remora7,29.07,29.07,28.82,28.82,-8.75,-8.98,-8.98,-8.98,-9.45,25.06,29.2,29.2,28.97,28.97,-7.93,-8.16,-8.16,-8.16,-8.62,24.75,2.95,2.99,3.03,3.08,3.1,3.11,3.13,3.14,3.14,3.13,3.38,3.37,3.37,3.36,3.36,3.36,3.36,3.36,3.35,3.34,183.9,0,0,1,0,0,0,-1,0,None,aggregation
24,155.51,remora4,remora7,25.06,25.06,28.54,28.54,-5.67,-5.67,-8.87,-8.87,0,0,24.75,24.75,28.7,28.7,-4.85,-4.85,-8.05,-8.05,0,0,3.15,3.17,3.19,3.21,3.22,3.22,3.21,3.21,3.21,3.2,3.33,3.32,3.31,3.3,3.29,3.28,3.27,3.26,3.25,3.24,194.56,0,0,1,0,0,0,-1,0,None,aggregation
24,156.51,remora4,remora7,0,0,18.09,18.09,28.97,28.97,28.97,24.09,23.84,23.84,0,0,17.6,17.6,29.11,29.11,29.11,23.75,23.5,23.5,3.18,3.15,3.14,3.13,3.12,3.12,3.12,3.11,3.1,3.1,3.23,3.21,3.2,3.19,3.18,3.16,3.15,3.14,3.12,3.11,198.79,0,0,1,0,0,0,-1,0,None,aggregation
24,157.51,remora4,remora7,23.84,23.3,23.3,23.31,23.31,22.46,22.46,27.16,27.16,27.16,23.5,22.94,22.94,22.95,22.95,22.07,22.07,26.92,26.92,26.92,3.09,3.08,3.06,3.04,3.02,3,2.98,2.97,2.95,2.92,3.09,3.08,3.07,3.06,3.05,3.05,3.05,3.05,3.04,3.03,205.4,0,0,1,0,0,0,-1,0,None,aggregation
24,158.51,remora4,remora7,5.42,21.33,21.33,21.33,21.31,21.31,22.56,22.56,20.71,20.71,4.69,20.91,20.91,20.91,20.9,20.9,22.17,22.17,20.28,20.28,2.91,2.9,2.89,2.87,2.86,2.84,2.82,2.8,2.78,2.77,3.02,3.01,2.99,2.98,2.97,2.95,2.94,2.93,2.91,2.9,206.78,0,1,1,0,0,0,-1,0,None,aggregation
24,159.51,remora4,remora7,29.97,29.97,20.1,19.48,19.48,29.84,29.84,18.52,18.52,18.21,29.94,29.94,19.65,19.02,19.02,29.78,29.78,18.04,18.04,17.72,2.75,2.72,2.7,2.69,2.67,2.66,2.63,2.61,2.59,2.58,2.89,2.87,2.86,2.85,2.84,2.82,2.81,2.8,2.8,2.79,206.93,0,1,1,0,0,0,-1,0,None,aggregation
24,160.51,remora4,remora7,18.21,18.21,20.96,20.96,17.3,17.3,16.83,16.83,16.39,16.43,17.72,17.72,20.53,20.53,16.8,16.8,16.32,16.32,15.87,15.9,2.56,2.55,2.53,2.52,2.5,2.49,2.48,2.46,2.45,2.44,2.79,2.8,2.79,2.78,2.78,2.78,2.78,2.78,2.77,2.76,201.35,0,1,1,0,0,0,-1,0,None,aggregation
24,161.51,remora4,remora7,16.43,16.43,20.44,20.44,20.35,20.35,15.07,14.88,14.88,14.88,15.9,15.9,20.01,20.01,19.91,19.91,14.52,14.32,14.32,14.32,2.43,2.41,2.4,2.38,2.37,2.35,2.34,2.33,2.32,2.31,2.75,2.73,2.72,2.71,2.7,2.68,2.67,2.66,2.65,2.63,196.44,0,1,1,0,0,0,-1,0,None,aggregation
24,162.51,remora4,remora7,14.34,14.34,14.32,14.12,14.12,13.74,13.74,13.74,13.54,13.17,13.78,13.78,13.76,13.55,13.55,13.16,13.16,13.16,12.96,12.58,2.3,2.28,2.27,2.26,2.25,2.24,2.23,2.22,2.21,2.2,2.62,2.61,2.6,2.58,2.57,2.56,2.55,2.53,2.52,2.51,186.97,0,1,1,0,0,0,-1,0,None,aggregation
24,163.51,remora4,remora7,13.17,13.17,12.95,12.95,12.56,11.86,11.86,11.86,11.65,11.22,12.58,12.58,12.36,12.36,11.96,11.25,11.25,11.25,11.03,10.59,2.19,2.18,2.17,2.17,2.16,2.15,2.14,2.13,2.12,2.11,2.5,2.48,2.47,2.46,2.45,2.43,2.42,2.41,2.4,2.38,178.83,0,1,1,0,0,0,-1,0,None,aggregation
24,164.51,remora4,remora7,11.22,10.81,10.81,10.4,10.4,10.4,10.35,9.75,9.75,9.75,10.59,10.18,10.18,9.76,9.76,9.76,9.7,9.1,9.1,9.1,2.1,2.1,2.09,2.08,2.07,2.07,2.06,2.05,2.05,2.04,2.37,2.36,2.35,2.34,2.32,2.31,2.3,2.29,2.28,2.26,170.47,0,1,1,0,0,0,-1,0,None,aggregation
24,165.51,remora4,remora7,9.33,9.08,9.08,8.77,8.77,8.77,8.34,8.28,8.28,7.83,8.67,8.41,8.41,8.1,8.1,8.1,7.66,7.6,7.6,7.14,2.03,2.03,2.02,2.01,2.01,2,1.99,1.99,1.98,1.98,2.25,2.24,2.23,2.22,2.2,2.19,2.18,2.17,2.16,2.15,165.34,0,1,1,0,0,0,-1,0,None,aggregation
24,166.51,remora4,remora7,7.83,7.78,7.78,7.32,7.32,7.32,7.25,6.97,6.97,6.97,7.14,7.09,7.09,6.62,6.62,6.62,6.55,6.27,6.27,6.27,1.97,1.97,1.96,1.96,1.95,1.94,1.94,1.93,1.93,1.92,2.13,2.12,2.11,2.1,2.09,2.07,2.06,2.05,2.04,2.03,152.93,0,1,1,0,0,0,-1,0,None,aggregation
24,167.51,remora4,remora7,6.51,6.51,6.58,6.58,6.1,6.22,6.22,6.22,5.73,5.73,5.8,5.8,5.87,5.87,5.38,5.5,5.5,5.5,5,5,1.92,1.92,1.91,1.91,1.9,1.9,1.89,1.89,1.89,1.88,2.02,2,1.99,1.98,1.97,1.96,1.95,1.93,1.92,1.91,134.63,0,1,1,0,0,0,-1,0,None,aggregation
24,168.51,remora4,remora7,5.4,5.4,5.4,5.44,5.44,4.96,4.96,4.96,5.25,4.74,4.67,4.67,4.67,4.71,4.71,4.22,4.22,4.22,4.51,4,1.88,1.87,1.87,1.87,1.85,1.84,1.82,1.8,1.79,1.77,1.9,1.89,1.88,1.87,1.86,1.85,1.84,1.83,1.82,1.81,119.82,0,1,1,0,0,0,-1,0,None,aggregation
24,169.51,remora4,remora7,4.74,4.74,4.88,4.52,4.52,5.08,5.08,5.08,5.08,6.16,4,4,4.13,3.77,3.77,4.34,4.34,4.34,4.34,5.44,1.75,1.73,1.71,1.7,1.68,1.66,1.64,1.63,1.61,1.59,1.8,1.79,1.78,1.76,1.76,1.75,1.74,1.74,1.73,1.72,101.2,0,1,1,0,0,0,-1,0,None,aggregation
24,170.51,remora4,remora7,6.16,6.16,6.26,7.37,7.37,7.37,7.37,0,0,0,5.44,5.44,5.54,6.67,6.67,6.67,6.67,0,0,0,1.57,1.56,1.54,1.52,1.51,1.5,1.49,1.49,1.49,1.49,1.72,1.71,1.7,1.7,1.69,1.69,1.69,1.7,1.7,1.71,88.06,0,1,1,0,0,0,-1,0,None,aggregation
24,171.51,remora4,remora7,0,0,0,0,0,0,0,0,0,0,0,0,0,0,0,0,0,0,0,0,1.49,1.49,1.49,1.49,1.49,1.49,1.49,1.49,1.49,1.49,1.71,1.72,1.72,1.73,1.73,1.74,1.75,1.75,1.76,1.77,70.89,1,1,1,0,0,0,-1,0,None,aggregation
24,172.51,remora4,remora7,0,0,0,0,0,0,0,0,0,0,0,0,0,0,0,0,0,0,0,0,1.49,1.49,1.49,1.49,1.49,1.49,1.49,1.49,1.49,1.48,1.77,1.78,1.79,1.8,1.8,1.81,1.82,1.83,1.83,1.84,57.26,1,1,1,0,0,0,-1,0,None,aggregation
24,173.51,remora4,remora7,0,0,0,0,0,0,0,0,0,0,0,0,0,0,0,0,0,0,0,0,1.48,1.48,1.48,1.48,1.48,1.48,1.48,1.48,1.48,1.48,1.85,1.86,1.87,1.88,1.88,1.89,1.9,1.91,1.92,1.93,45.24,1,1,1,0,0,0,-1,0,None,aggregation
24,174.51,remora4,remora7,0,0,0,0,0,0,0,0,0,0,0,0,0,0,0,0,0,0,0,0,1.48,1.48,1.48,1.48,1.48,1.48,1.48,1.48,1.48,1.48,1.94,1.95,1.96,1.97,1.98,1.99,2,2.01,2.02,2.03,35.2,1,1,0,0,0,0,-1,0,None,aggregation
24,175.51,remora4,remora7,0,0,0,0,0,0,0,0,0,0,0,0,0,0,0,0,0,0,0,0,1.48,1.48,1.48,1.48,1.48,1.48,1.48,1.48,1.48,1.48,2.04,2.05,2.06,2.07,2.08,2.09,2.1,2.11,2.12,2.13,26.88,1,1,0,0,0,0,-1,0,None,aggregation
24,176.51,remora4,remora7,0,0,0,0,0,0,0,0,0,0,0,0,0,0,0,0,0,0,0,0,1.48,1.48,1.48,1.48,1.48,1.48,1.48,1.48,1.48,1.48,2.14,2.15,2.16,2.17,2.18,2.19,2.21,2.22,2.23,2.24,19.88,1,1,0,0,0,0,-1,0,None,aggregation
24,177.51,remora4,remora7,0,0,0,0,13.09,13.09,14.17,14.22,14.22,14.24,0,0,0,0,13.67,13.67,14.73,14.78,14.78,14.8,1.48,1.48,1.48,1.48,1.48,1.49,1.5,1.51,1.53,1.54,2.26,2.27,2.28,2.29,2.3,2.32,2.33,2.34,2.35,2.36,22.47,1,0,0,0,0,0,-1,0,None,aggregation
24,178.51,remora4,remora7,14.24,29.2,29.2,14.64,14.64,14.64,15.34,15.34,15.34,15.61,14.8,29.32,29.32,15.19,15.19,15.19,15.87,15.87,15.87,16.14,1.55,1.56,1.58,1.6,1.62,1.63,1.64,1.66,1.67,1.7,2.37,2.38,2.39,2.4,2.41,2.42,2.43,2.45,2.46,2.47,35.7,0,1,0,0,0,0,-1,0,None,aggregation
24,179.51,remora4,remora7,15.61,16.15,16.15,16.15,28.7,28.7,28.66,16.3,16.3,16.3,16.14,16.67,16.67,16.67,28.85,28.85,28.82,16.82,16.82,16.82,1.71,1.72,1.74,1.75,1.77,1.79,1.82,1.84,1.86,1.87,2.48,2.49,2.5,2.51,2.52,2.53,2.54,2.55,2.57,2.58,51.19,0,1,1,0,0,0,-1,0,None,aggregation
24,180.51,remora4,remora7,16.35,16.35,28.42,17.17,17.17,17.17,17.17,17.6,17.6,17.39,16.86,16.86,28.59,17.67,17.67,17.67,17.67,18.09,18.09,17.88,1.89,1.9,1.91,1.93,1.95,1.97,1.98,2,2.01,2.03,2.59,2.6,2.61,2.63,2.64,2.65,2.66,2.67,2.68,2.7,65.1,0,1,1,0,0,0,-1,0,None,aggregation
24,181.51,remora4,remora7,17.29,17.29,17.29,17.34,17.17,17.38,17.38,17.38,17.16,17.16,17.78,17.78,17.78,17.83,17.67,17.87,17.87,17.87,17.66,17.66,2.04,2.06,2.07,2.09,2.1,2.12,2.13,2.15,2.17,2.18,2.71,2.72,2.73,2.74,2.75,2.75,2.75,2.75,2.75,2.74,82.63,0,1,1,0,0,0,-1,0,None,aggregation
24,182.51,remora4,remora7,16.79,16.79,16.31,16.01,16.01,16.01,16.01,27.66,27.66,27.66,17.29,17.29,16.83,16.53,16.53,16.53,16.53,27.86,27.86,27.86,2.2,2.21,2.23,2.24,2.25,2.27,2.28,2.3,2.32,2.34,2.73,2.71,2.7,2.68,2.67,2.66,2.64,2.63,2.62,2.61,102.53,0,1,1,0,0,0,-1,0,None,aggregation
24,183.51,remora4,remora7,13.27,12.86,12.86,12.86,12.86,11.34,11.34,11.34,10.59,10.59,13.85,13.44,13.44,13.44,13.44,11.95,11.95,11.95,11.21,11.21,2.37,2.38,2.39,2.4,2.42,2.43,2.44,2.45,2.47,2.49,2.59,2.58,2.56,2.55,2.54,2.52,2.51,2.5,2.49,2.49,114.82,0,1,1,0,0,0,-1,0,None,aggregation
24,184.51,remora4,remora7,10.06,10.06,10.06,8.09,8.09,8.09,7.26,7.26,6.35,6.35,10.69,10.69,10.69,8.76,8.76,8.76,7.95,7.95,7.06,7.06,2.46,2.42,2.38,2.35,2.32,2.28,2.25,2.22,2.2,2.16,2.49,2.49,2.49,2.49,2.49,2.49,2.49,2.49,2.49,2.49,123.32,0,1,1,0,0,0,-1,0,None,aggregation
24,185.51,remora4,remora7,5.45,4.52,4.52,4.52,3.67,3.22,3.22,2.6,2.6,1.93,6.17,5.25,5.25,5.25,4.43,3.98,3.98,3.37,3.37,2.71,2.14,2.11,2.08,2.05,2.02,1.99,1.96,1.94,1.91,1.89,2.49,2.49,2.49,2.5,2.5,2.5,2.5,2.5,2.5,2.5,127.32,0,1,1,0,0,0,-1,0,None,aggregation
24,186.51,remora4,remora7,1.93,1.93,-14.81,-14.81,0.97,0.3,0.3,0.14,0.14,-14.62,2.71,2.71,-13.99,-13.99,1.77,1.11,1.11,0.95,0.95,-13.8,1.86,1.84,1.83,1.82,1.8,1.78,1.76,1.74,1.72,1.7,2.5,2.5,2.49,2.48,2.47,2.46,2.44,2.41,2.39,2.37,132.48,0,1,1,0,0,0,-1,0,None,aggregation
24,187.51,remora4,remora7,-14.62,-0.06,-0.06,-0.48,-0.48,-0.56,-0.56,-0.25,-0.25,-0.09,-13.8,0.76,0.76,0.34,0.34,0.26,0.26,0.57,0.57,0.73,1.69,1.68,1.67,1.65,1.63,1.61,1.6,1.58,1.56,1.55,2.35,2.32,2.3,2.28,2.25,2.23,2.21,2.19,2.17,2.15,125.6,0,1,1,0,0,0,-1,0,None,aggregation
24,188.51,remora4,remora7,-0.09,-0.09,0,0.15,0.15,0.3,0.3,0.56,0.56,0.56,0.73,0.73,0.82,0.96,0.96,1.11,1.11,1.37,1.37,1.37,1.53,1.52,1.52,1.52,1.52,1.51,1.51,1.51,1.51,1.51,2.13,2.11,2.1,2.09,2.07,2.06,2.05,2.03,2.02,2.01,108.2,0,1,1,0,0,0,-1,0,None,aggregation
24,189.51,remora4,remora7,0.87,0.87,0.85,0.85,1.09,1.09,1.55,1.65,1.65,1.65,1.66,1.66,1.65,1.65,1.88,1.88,2.34,2.44,2.44,2.44,1.51,1.51,1.51,1.5,1.5,1.5,1.5,1.5,1.5,1.49,1.99,1.98,1.97,1.95,1.94,1.93,1.92,1.9,1.89,1.88,89.7,0,1,1,0,0,0,-1,0,None,aggregation
24,190.51,remora4,remora7,2.06,2.06,2.01,2.01,2.22,2.47,2.47,2.72,2.72,2.72,2.84,2.84,2.79,2.79,3,3.24,3.24,3.49,3.49,3.49,1.49,1.49,1.49,1.49,1.48,1.48,1.48,1.48,1.47,1.47,1.87,1.85,1.84,1.83,1.82,1.8,1.79,1.78,1.76,1.75,73.96,1,1,1,0,0,0,-1,0,None,aggregation
24,191.51,remora4,remora7,3.1,3.1,2.9,2.9,3.4,3.4,3.44,3.44,3.79,3.8,3.86,3.86,3.67,3.67,4.16,4.16,4.2,4.2,4.54,4.55,1.47,1.47,1.46,1.46,1.46,1.45,1.45,1.45,1.44,1.44,1.74,1.73,1.71,1.7,1.69,1.68,1.67,1.65,1.64,1.63,60.14,1,1,1,0,0,0,-1,0,None,aggregation
24,192.51,remora4,remora7,3.8,3.8,4.14,4.13,4.13,4.45,4.45,4.45,4.42,4.42,4.55,4.55,4.88,4.87,4.87,5.18,5.18,5.18,5.16,5.16,1.44,1.43,1.43,1.43,1.42,1.42,1.42,1.41,1.41,1.41,1.62,1.61,1.6,1.59,1.57,1.56,1.55,1.54,1.53,1.52,44.83,1,1,0,0,0,0,-1,0,None,aggregation
24,193.51,remora4,remora7,4.73,4.73,4.69,5.26,5.26,5.26,5.18,5.46,5.46,5.92,5.46,5.46,5.42,5.98,5.98,5.98,5.91,6.18,6.18,6.63,1.4,1.4,1.4,1.39,1.39,1.38,1.38,1.38,1.37,1.37,1.51,1.49,1.48,1.47,1.46,1.45,1.44,1.43,1.43,1.42,38.09,1,1,0,0,0,0,-1,0,None,aggregation
24,194.51,remora4,remora7,5.92,6.15,6.15,6.15,6.72,7.29,7.29,7.29,8.14,8.45,6.63,6.86,6.86,6.86,7.42,7.98,7.98,7.98,8.81,9.12,1.36,1.36,1.35,1.35,1.35,1.34,1.34,1.33,1.33,1.32,1.42,1.42,1.42,1.42,1.42,1.42,1.42,1.42,1.42,1.42,36.89,1,0,0,0,0,0,-1,0,None,aggregation
24,195.51,remora4,remora7,8.45,8.45,9.11,9.11,9.81,10.66,10.66,11.41,11.41,12.15,9.12,9.12,9.77,9.77,10.46,11.28,11.28,12.02,12.02,12.75,1.32,1.31,1.3,1.3,1.29,1.29,1.28,1.27,1.27,1.26,1.42,1.42,1.42,1.42,1.42,1.42,1.42,1.42,1.42,1.42,43.33,1,1,0,0,0,0,-1,0,None,aggregation
24,196.51,remora4,remora7,12.15,13,13,13.66,13.66,14.55,14.55,15.29,15.29,15.29,12.75,13.58,13.58,14.23,14.23,15.1,15.1,15.83,15.83,15.83,1.25,1.25,1.24,1.23,1.22,1.22,1.21,1.2,1.19,1.19,1.42,1.42,1.42,1.42,1.42,1.42,1.42,1.42,1.42,1.42,52.51,1,1,1,0,0,0,-1,0,None,aggregation
24,197.51,remora4,remora7,16.15,16.15,16.8,16.8,17.61,18.3,18.3,18.77,18.77,19.38,16.67,16.67,17.3,17.3,18.1,18.78,18.78,19.24,19.24,19.83,1.18,1.17,1.17,1.16,1.15,1.15,1.14,1.13,1.12,1.12,1.42,1.43,1.43,1.43,1.43,1.43,1.44,1.44,1.44,1.45,68.86,1,1,1,0,0,0,-1,0,None,aggregation
24,198.51,remora4,remora7,19.38,19.38,20.06,20.68,20.68,20.68,21.22,21.73,21.73,21.73,19.83,19.83,20.5,21.1,21.1,21.1,21.62,22.12,22.12,22.12,1.11,1.11,1.1,1.1,1.09,1.09,1.08,1.08,1.08,1.07,1.45,1.45,1.46,1.46,1.47,1.47,1.48,1.48,1.49,1.49,89.14,1,1,1,0,0,0,-1,0,None,aggregation
24,199.51,remora4,remora7,22.26,22.26,22.77,23.26,23.26,23.64,23.64,23.64,24.18,24.56,22.64,22.64,23.14,23.61,23.61,23.98,23.98,23.98,24.51,24.87,1.07,1.07,1.07,1.07,1.07,1.07,1.07,1.07,1.07,1.07,1.5,1.51,1.52,1.52,1.53,1.54,1.55,1.56,1.57,1.58,111.06,1,1,1,0,0,0,-1,0,None,aggregation
24,200.51,remora4,remora7,24.56,24.95,24.95,24.95,25.36,25.36,25.73,25.95,25.95,26.32,24.87,25.26,25.26,25.26,25.65,25.65,26.01,26.22,26.22,26.58,1.07,1.08,1.08,1.09,1.09,1.1,1.11,1.11,1.12,1.13,1.59,1.6,1.61,1.63,1.64,1.66,1.68,1.71,1.73,1.76,133.88,1,1,1,0,0,0,-1,0,None,aggregation
24,201.51,remora4,remora7,26.32,26.61,26.61,26.61,26.81,26.81,27.14,27.3,27.3,27.52,26.58,26.85,26.85,26.85,27.05,27.05,27.37,27.52,27.52,27.73,1.14,1.15,1.16,1.17,1.18,1.19,1.21,1.22,1.23,1.25,1.78,1.81,1.84,1.87,1.9,1.93,1.96,1.99,2.02,2.06,157.19,1,1,1,0,0,0,-1,0,None,aggregation
24,202.51,remora4,remora7,27.52,27.52,27.67,29.01,29.01,29.04,29.04,29.04,29.02,29.07,27.73,27.73,27.87,29.14,29.14,29.17,29.17,29.17,29.15,29.2,1.25,1.26,1.26,1.26,1.26,1.27,1.27,1.28,1.28,1.29,2.09,2.12,2.14,2.17,2.2,2.22,2.25,2.28,2.31,2.34,181.27,1,0,1,0,0,0,-1,0,None,aggregation
24,203.51,remora4,remora7,29.07,29.07,29.06,29.09,29.09,29.09,23.99,23.99,28.23,24.45,29.2,29.2,29.19,29.22,29.22,29.22,24.32,24.32,28.4,24.76,1.3,1.3,1.3,1.31,1.31,1.32,1.32,1.32,1.32,1.32,2.37,2.39,2.42,2.44,2.47,2.5,2.52,2.54,2.56,2.59,203.33,1,0,1,0,0,0,-1,0,None,aggregation
24,204.51,remora4,remora7,24.45,24.63,24.63,23.91,23.91,23.91,29.13,29.2,29.2,29.2,24.76,24.94,24.94,24.24,24.24,24.24,29.25,29.32,29.32,29.32,1.33,1.33,1.33,1.34,1.34,1.34,1.35,1.35,1.36,1.37,2.6,2.62,2.63,2.64,2.65,2.64,2.64,2.65,2.66,2.68,222.36,1,0,1,0,0,0,-1,0,None,aggregation
24,205.51,remora4,remora7,25.37,24.79,24.79,29.33,29.33,28.88,28.88,28.88,25.38,25.38,25.66,25.1,25.1,29.43,29.43,29.02,29.02,29.02,25.67,25.67,1.38,1.4,1.41,1.41,1.42,1.43,1.44,1.45,1.45,1.46,2.7,2.72,2.72,2.73,2.73,2.73,2.73,2.74,2.74,2.75,239.13,1,0,1,0,0,0,-1,0,None,aggregation
24,206.51,remora4,remora7,26.26,26.26,25.71,29.1,29.1,26.25,26.25,26.25,26.45,26.45,26.52,26.52,25.99,29.23,29.23,26.51,26.51,26.51,26.7,26.7,1.46,1.47,1.48,1.5,1.52,1.55,1.57,1.6,1.63,1.67,2.76,2.76,2.77,2.78,2.79,2.81,2.82,2.83,2.85,2.87,251.72,0,1,1,0,0,0,-1,0,None,aggregation
24,207.51,remora4,remora7,26.45,29.74,29.74,27.61,27.61,27.48,27.48,27.48,29.61,29.86,26.7,29.81,29.81,27.81,27.81,27.69,27.69,27.69,29.69,29.91,1.7,1.73,1.77,1.81,1.82,1.83,1.86,1.88,1.91,1.94,2.88,2.89,2.91,2.93,2.94,2.95,2.96,2.97,2.98,3,262.16,0,1,1,0,0,0,-1,0,None,aggregation
24,208.51,remora4,remora7,29.86,29.86,27.96,27.96,27.97,27.97,29.88,28.12,28.12,28.26,29.91,29.91,28.15,28.15,28.16,28.16,29.92,28.3,28.3,28.43,1.95,1.96,1.97,1.98,1.99,2,2.03,2.05,2.07,2.07,3.01,3.02,3.04,3.06,3.07,3.09,3.1,3.12,3.13,3.14,269.89,0,1,1,0,0,0,-1,0,None,aggregation
24,209.51,remora4,remora7,28.26,28.26,28.26,29.91,29.91,29.91,28.4,28.4,28.47,28.6,28.43,28.44,28.44,29.95,29.95,29.95,28.57,28.57,28.63,28.75,2.1,2.12,2.13,2.14,2.16,2.18,2.19,2.22,2.26,2.3,3.17,3.19,3.21,3.23,3.24,3.25,3.26,3.28,3.3,3.33,275.27,0,1,1,0,0,0,-1,0,None,aggregation
24,210.51,remora4,remora7,28.6,29.94,29.94,29.94,28.72,28.72,28.79,28.79,28.84,29.95,28.75,29.97,29.97,29.97,28.87,28.87,28.93,28.93,28.99,29.98,2.31,2.32,2.35,2.38,2.42,2.46,2.47,2.48,2.48,2.49,3.34,3.36,3.37,3.39,3.42,3.45,3.47,3.49,3.5,3.5,278.99,0,1,1,0,0,0,-1,0,None,aggregation
24,211.51,remora4,remora7,29.95,29.95,28.9,28.9,28.9,29.96,29.96,28.96,28.96,28.96,29.98,29.98,29.04,29.04,29.04,29.98,29.98,29.09,29.09,29.09,2.49,2.5,2.51,2.52,2.53,2.55,2.56,2.56,2.57,2.58,3.5,3.51,3.52,3.53,3.54,3.57,3.58,3.6,3.6,3.61,281.36,0,1,1,0,0,0,-1,0,None,aggregation
24,212.51,remora4,remora7,28.96,28.96,28.96,28.96,29.94,29.02,29.02,29.02,29.02,29.07,29.09,29.09,29.09,29.09,29.97,29.15,29.15,29.15,29.15,29.19,2.6,2.62,2.63,2.64,2.66,2.68,2.68,2.69,2.69,2.7,3.62,3.64,3.64,3.65,3.66,3.67,3.67,3.68,3.68,3.68,281.84,0,1,1,0,0,0,-1,0,None,aggregation
24,213.51,remora4,remora7,29.95,29.95,29.07,29.07,29.07,29.07,29.07,29.07,29.94,29.07,29.98,29.98,29.19,29.19,29.19,29.19,29.19,29.19,29.97,29.2,2.7,2.71,2.72,2.72,2.73,2.74,2.75,2.77,2.78,2.79,3.69,3.69,3.7,3.71,3.72,3.74,3.76,3.79,3.8,3.82,283.61,0,1,1,0,0,0,-1,0,None,aggregation
24,214.51,remora4,remora7,29.07,29.07,29.07,29.07,29.07,29.08,29.08,29.08,29.92,29.17,29.2,29.2,29.2,29.2,29.2,29.2,29.2,29.2,29.95,29.29,2.79,2.8,2.82,2.85,2.85,2.86,2.87,2.87,2.89,2.92,3.84,3.85,3.87,3.88,3.89,3.89,3.9,3.91,3.92,3.93,286.5,0,1,1,0,0,0,-1,0,None,aggregation
24,215.51,remora4,remora7,29.17,29.17,29.17,29.18,29.18,29.18,29.18,29.18,29.18,29.18,29.29,29.29,29.29,29.29,29.29,29.3,29.3,29.3,29.3,29.3,2.93,2.93,2.94,2.94,2.96,2.98,3,3.02,3.04,3.04,3.94,3.94,3.95,3.95,3.96,3.98,3.99,4,4.01,4.01,288.53,0,1,1,0,0,0,-1,0,None,aggregation
24,216.51,remora4,remora7,29.18,29.92,29.92,29.18,29.18,0,0,0,0,-26.37,29.3,29.95,29.95,29.3,29.3,0,0,0,0,-27.19,3.06,3.07,3.08,3.09,3.11,3.13,3.11,3.09,3.07,3.04,4.03,4.04,4.05,4.05,4.07,4.07,4.06,4.03,4.01,3.98,279.04,0,0,1,0,0,0,-1,0,None,aggregation
24,217.51,remora4,remora7,-26.37,-26.04,-26.04,-26.04,-26.04,-25.71,-25.38,-25.38,-25.04,-29.08,-27.19,-26.86,-26.86,-26.86,-26.86,-26.54,-26.2,-26.2,-25.86,-29.91,3,2.96,2.92,2.89,2.84,2.79,2.75,2.7,2.66,2.62,3.94,3.89,3.85,3.81,3.76,3.71,3.67,3.61,3.57,3.53,277.18,0,1,1,0,0,0,-1,0,None,aggregation
24,218.51,remora4,remora7,-29.08,-29.08,-24.12,-28.87,-28.87,-23.14,-23.14,-28.57,-28.57,-28.57,-29.91,-29.91,-24.94,-29.69,-29.69,-23.97,-23.97,-29.39,-29.39,-29.39,2.58,2.55,2.52,2.49,2.44,2.4,2.36,2.32,2.27,2.23,3.48,3.44,3.4,3.36,3.31,3.26,3.22,3.17,3.12,3.08,276.13,0,1,1,0,0,0,-1,0,None,aggregation
24,219.51,remora4,remora7,-21.91,-28.16,-28.16,-20.37,-20.37,-27.7,-27.7,-18.5,-18.5,-18.5,-22.73,-28.98,-28.98,-21.19,-21.19,-28.52,-28.52,-19.32,-19.32,-19.32,2.19,2.15,2.11,2.07,2.03,2,1.97,1.94,1.92,1.89,3.03,2.99,2.94,2.9,2.86,2.82,2.78,2.74,2.7,2.67,270.62,0,1,1,0,0,0,-1,0,None,aggregation
24,220.51,remora4,remora7,-27.1,-26.73,-26.73,-15.26,-15.26,-25.87,-25.87,-25.24,-25.24,-24.57,-27.93,-27.55,-27.55,-16.09,-16.09,-26.69,-26.69,-26.06,-26.06,-25.39,1.86,1.83,1.79,1.76,1.73,1.71,1.68,1.65,1.62,1.59,2.63,2.59,2.54,2.5,2.47,2.43,2.39,2.35,2.31,2.28,265.55,0,1,1,0,0,0,-1,0,None,aggregation
24,221.51,remora4,remora7,-24.57,-23.91,-23.91,0,0,0,0,0,0,0,-25.39,-24.74,-24.74,0,0,0,0,0,0,0,1.57,1.54,1.52,1.5,1.5,1.49,1.49,1.48,1.47,1.46,2.24,2.2,2.17,2.14,2.11,2.1,2.08,2.07,2.05,2.04,243.52,1,1,1,0,0,0,-1,0,None,aggregation
24,222.51,remora4,remora7,0,0,0,0,0,0,0,0,0,0,0,0,0,0,0,0,0,0,0,0,1.46,1.46,1.45,1.45,1.44,1.44,1.43,1.43,1.43,1.42,2.02,2.01,1.99,1.97,1.96,1.95,1.93,1.92,1.9,1.89,214.37,1,1,1,0,0,0,-1,0,None,aggregation
24,223.51,remora4,remora7,0,0,0,0,0,0,0,0,0,0,0,0,0,0,0,0,0,0,0,0,1.42,1.42,1.41,1.41,1.41,1.41,1.41,1.41,1.41,1.41,1.88,1.86,1.85,1.84,1.82,1.81,1.8,1.79,1.78,1.76,184.99,1,1,1,0,0,0,-1,0,None,aggregation
24,224.51,remora4,remora7,0,0,0,0,0,0,0,0,0,0,0,0,0,0,0,0,0,0,0,0,1.41,1.41,1.41,1.41,1.42,1.42,1.43,1.43,1.44,1.44,1.75,1.74,1.73,1.72,1.71,1.7,1.7,1.69,1.68,1.67,155.76,1,1,1,0,0,0,-1,0,None,aggregation
24,225.51,remora4,remora7,0,0,0,0,0,0,0,0,0,0,0,0,0,0,0,0,0,0,0,0,1.45,1.45,1.46,1.47,1.48,1.49,1.5,1.51,1.52,1.53,1.66,1.66,1.65,1.64,1.64,1.63,1.63,1.62,1.62,1.62,126.53,1,1,1,0,0,0,-1,0,None,aggregation
24,226.51,remora4,remora7,0,0,0,0,0,0,0,0,0,0,0,0,0,0,0,0,0,0,0,0,1.54,1.55,1.56,1.58,1.59,1.6,1.59,1.57,1.56,1.54,1.61,1.61,1.61,1.61,1.6,1.6,1.6,1.6,1.6,1.6,109.09,0,1,1,0,0,0,-1,0,None,aggregation
24,227.51,remora4,remora7,0,0,0,0,0,0,0,0,0,0,0,0,0,0,0,0,0,0,0,0,1.53,1.52,1.51,1.51,1.51,1.51,1.51,1.51,1.51,1.51,1.6,1.6,1.61,1.61,1.62,1.63,1.64,1.65,1.66,1.66,82.57,0,1,1,0,0,0,-1,0,None,aggregation
24,228.51,remora4,remora7,0,0,0,0,0,0,12.05,12.05,15,15.21,0,0,0,0,0,0,12.65,12.65,15.54,15.75,1.51,1.51,1.51,1.51,1.51,1.52,1.52,1.53,1.55,1.56,1.67,1.68,1.69,1.7,1.71,1.72,1.73,1.74,1.75,1.76,60.5,0,1,1,0,0,0,-1,0,None,aggregation
24,229.51,remora4,remora7,15.21,15.33,15.33,15.47,15.47,15.55,15.55,15.55,15.74,15.85,15.75,15.86,15.86,16.01,16.01,16.08,16.08,16.08,16.27,16.38,1.57,1.58,1.6,1.61,1.62,1.64,1.65,1.66,1.68,1.69,1.78,1.79,1.8,1.81,1.83,1.84,1.85,1.86,1.87,1.89,52.88,0,1,1,0,0,0,-1,0,None,aggregation
24,230.51,remora4,remora7,15.85,15.85,16.05,16.25,16.25,16.25,13.57,13.86,13.86,14.15,16.38,16.38,16.57,16.77,16.77,16.77,14.14,14.42,14.42,14.71,1.7,1.72,1.73,1.74,1.76,1.77,1.79,1.8,1.81,1.82,1.9,1.91,1.93,1.94,1.95,1.97,1.98,1.99,2.01,2.02,44.14,0,1,0,0,0,0,-1,0,None,aggregation
24,231.51,remora4,remora7,14.15,14.15,14.11,14.4,14.4,14.68,14.68,14.71,14.71,15,14.71,14.71,14.67,14.95,14.95,15.22,15.22,15.26,15.26,15.54,1.84,1.85,1.86,1.88,1.89,1.9,1.91,1.93,1.94,1.96,2.03,2.04,2.06,2.07,2.08,2.1,2.11,2.12,2.14,2.15,51.55,0,1,1,0,0,0,-1,0,None,aggregation
24,232.51,remora4,remora7,15,14.93,14.93,14.93,17.51,17.52,17.52,17.52,17.71,17.81,15.54,15.47,15.47,15.47,18,18.01,18.01,18.01,18.19,18.29,1.97,1.98,2,2.01,2.03,2.04,2.06,2.08,2.09,2.11,2.16,2.18,2.19,2.21,2.22,2.23,2.25,2.26,2.28,2.29,68.34,0,1,1,0,0,0,-1,0,None,aggregation
24,233.51,remora4,remora7,17.81,17.81,15.78,16.01,16.01,16.01,16.14,16.14,16.3,16.43,18.29,18.29,16.31,16.54,16.54,16.54,16.66,16.66,16.81,16.94,2.13,2.14,2.16,2.17,2.19,2.2,2.22,2.23,2.25,2.27,2.3,2.32,2.33,2.35,2.36,2.37,2.39,2.4,2.42,2.43,85.04,0,1,1,0,0,0,-1,0,None,aggregation
24,234.51,remora4,remora7,16.43,16.43,18.57,18.57,18.66,18.66,18.81,17.3,17.3,17.3,16.94,16.94,19.03,19.03,19.12,19.12,19.27,17.8,17.8,17.8,2.28,2.3,2.31,2.34,2.37,2.41,2.44,2.48,2.52,2.55,2.45,2.46,2.48,2.5,2.52,2.54,2.56,2.59,2.61,2.64,103.09,0,1,1,0,0,0,-1,0,None,aggregation
24,235.51,remora4,remora7,17.59,19.57,19.57,19.69,19.69,19.81,19.81,19.81,18.53,-7.03,18.08,20.01,20.01,20.13,20.13,20.25,20.25,20.25,19,-6.21,2.59,2.63,2.67,2.71,2.75,2.79,2.8,2.81,2.83,2.84,2.66,2.68,2.71,2.74,2.76,2.79,2.82,2.84,2.87,2.89,121.36,0,1,1,0,0,0,-1,0,None,aggregation
24,236.51,remora4,remora7,-7.03,-7.03,8.84,20.47,20.47,20.47,20.62,19.48,19.48,20.98,-6.21,-6.21,9.5,20.89,20.89,20.89,21.04,19.93,19.93,21.39,2.86,2.89,2.91,2.93,2.95,2.96,2.97,2.98,2.99,3,2.92,2.94,2.96,2.97,3,3.03,3.05,3.08,3.11,3.13,137.95,0,1,1,0,0,0,-1,0,None,aggregation
24,237.51,remora4,remora7,20.98,-6.72,-6.72,-6.66,-6.66,-7.11,-7.11,20.22,20.22,21.63,21.39,-5.9,-5.9,-5.84,-5.84,-6.29,-6.29,20.65,20.65,22.03,3.02,3.03,3.05,3.08,3.1,3.13,3.16,3.18,3.2,3.21,3.16,3.19,3.21,3.23,3.26,3.28,3.3,3.32,3.35,3.37,150.19,0,0,1,0,0,0,-1,0,None,aggregation
24,238.51,remora4,remora7,21.63,21.63,-6.92,-6.92,20.57,20.78,20.78,-6.72,-6.72,10.49,22.03,22.03,-6.09,-6.09,21,21.19,21.19,-5.9,-5.9,11.11,3.22,3.24,3.26,3.29,3.3,3.32,3.33,3.34,3.36,3.39,3.4,3.42,3.44,3.47,3.49,3.52,3.55,3.57,3.59,3.6,158.93,0,0,1,0,0,0,-1,0,None,aggregation
24,239.51,remora4,remora7,10.49,10.59,10.59,21.08,21.08,11.04,11.04,11.04,11.04,20.89,11.11,11.21,11.21,21.49,21.49,11.66,11.66,11.66,11.66,21.31,3.41,3.42,3.42,3.41,3.42,3.44,3.44,3.43,3.41,3.39,3.63,3.65,3.66,3.67,3.7,3.73,3.74,3.75,3.76,3.76,157.33,0,0,1,0,0,0,-1,0,None,aggregation
24,240.51,remora4,remora7,20.89,0,0,0,0,0,-14.04,-14.04,3.54,3.54,21.31,0,0,0,0,0,-14.86,-14.86,2.78,2.78,3.38,3.37,3.36,3.36,3.36,3.36,3.38,3.41,3.43,3.46,3.77,3.78,3.79,3.8,3.8,3.81,3.83,3.85,3.87,3.9,147.49,0,0,1,0,0,0,-1,0,None,aggregation
24,241.51,remora4,remora7,21.99,0,0,0,30,0,0,0,-27.63,-27.63,21.59,0,0,0,30,0,0,0,-28.46,-28.46,3.47,3.48,3.51,3.53,3.54,3.55,3.54,3.54,3.55,3.55,3.92,3.95,3.96,3.98,3.99,4.01,4,3.99,3.97,3.94,143.51,0,0,1,0,0,0,-1,0,None,aggregation
24,242.51,remora4,remora7,22.34,22.34,4.08,22.31,22.31,22.31,-29.98,-29.98,3.96,0,21.95,21.95,3.33,21.92,21.92,21.92,-29.16,-29.16,3.2,0,3.55,3.53,3.5,3.48,3.46,3.45,3.46,3.47,3.47,3.47,3.93,3.92,3.9,3.88,3.87,3.86,3.84,3.82,3.81,3.8,144.42,0,0,1,0,0,0,-1,0,None,aggregation
24,243.51,remora4,remora7,0,0,0,0,-14.15,-14.15,-14.15,4.38,4.38,-30.33,0,0,0,0,-14.97,-14.97,-14.97,3.63,3.63,-29.51,3.47,3.47,3.45,3.43,3.43,3.44,3.44,3.45,3.45,3.45,3.79,3.77,3.75,3.73,3.71,3.69,3.68,3.66,3.65,3.64,135.88,0,0,1,0,0,0,-1,0,None,aggregation
24,124.51,remora4,remora5,13.02,13.02,13.02,13.02,13.02,13.21,13.21,13.21,13.41,13.41,12.43,12.43,12.43,12.43,12.42,12.62,12.62,12.62,12.83,12.83,2.33,2.33,2.33,2.33,2.32,2.32,2.32,2.32,2.31,2.31,4.18,4.17,4.17,4.16,4.15,4.14,4.14,4.13,4.13,4.12,80.47,0,1,1,0,0,0,-1,0,None,aggregation
24,125.51,remora4,remora5,13.41,13.19,13.19,13.4,13.4,13.8,13.8,13.98,13.98,13.98,12.83,12.61,12.61,12.82,12.82,13.22,13.22,13.41,13.41,13.41,2.31,2.31,2.3,2.3,2.3,2.29,2.29,2.29,2.28,2.28,4.11,4.1,4.1,4.09,4.08,4.07,4.06,4.06,4.05,4.04,90.32,0,1,1,0,0,0,-1,0,None,aggregation
24,126.51,remora4,remora5,13.98,14.19,14.19,14.17,14.17,14.17,14.36,14.56,14.56,14.74,13.41,13.62,13.62,13.61,13.61,13.61,13.79,14,14,14.18,2.28,2.27,2.27,2.27,2.26,2.26,2.26,2.25,2.25,2.25,4.03,4.03,4.02,4.01,4,4,3.99,3.98,3.97,3.96,103.36,0,1,1,0,0,0,-1,0,None,aggregation
24,127.51,remora4,remora5,14.74,14.73,14.73,14.73,14.73,14.73,14.72,14.72,14.72,14.71,14.18,14.18,14.18,14.17,14.17,14.17,14.16,14.16,14.16,14.15,2.24,2.24,2.23,2.23,2.23,2.22,2.22,2.22,2.21,2.21,3.96,3.95,3.94,3.93,3.93,3.92,3.91,3.9,3.89,3.89,113.83,0,1,1,0,0,0,-1,0,None,aggregation
24,128.51,remora4,remora5,14.71,14.7,14.7,15.08,15.08,15.46,15.46,15.65,15.65,15.65,14.15,14.14,14.14,14.53,14.53,14.92,14.92,15.11,15.11,15.11,2.2,2.2,2.19,2.19,2.19,2.18,2.18,2.17,2.17,2.16,3.88,3.87,3.86,3.85,3.84,3.83,3.83,3.82,3.81,3.8,121.8,0,1,1,0,0,0,-1,0,None,aggregation
24,129.51,remora4,remora5,15.65,15.64,15.64,15.63,15.63,15.63,15.63,15.8,15.8,16.17,15.11,15.1,15.1,15.09,15.09,15.09,15.09,15.26,15.26,15.64,2.16,2.16,2.15,2.15,2.14,2.14,2.13,2.13,2.12,2.12,3.79,3.79,3.78,3.77,3.76,3.75,3.74,3.74,3.73,3.72,128.57,0,1,1,0,0,0,-1,0,None,aggregation
24,130.51,remora4,remora5,16.17,16.53,16.53,16.71,16.71,16.71,16.71,16.51,16.51,16.51,15.64,16.01,16.01,16.2,16.2,16.19,16.19,15.99,15.99,15.99,2.11,2.1,2.1,2.09,2.09,2.08,2.08,2.07,2.07,2.06,3.71,3.7,3.69,3.68,3.67,3.67,3.66,3.65,3.64,3.63,135.27,0,1,1,0,0,0,-1,0,None,aggregation
24,131.51,remora4,remora5,16.32,16.31,16.31,16.31,16.49,16.49,16.67,16.66,16.66,16.66,15.8,15.79,15.79,15.79,15.96,15.96,16.15,16.14,16.14,16.14,2.06,2.05,2.05,2.04,2.03,2.03,2.02,2.02,2.01,2,3.62,3.61,3.6,3.59,3.58,3.57,3.56,3.56,3.55,3.54,141.2,0,1,1,0,0,0,-1,0,None,aggregation
24,132.51,remora4,remora5,16.65,16.82,16.82,16.82,17,16.99,16.99,17.01,17.01,17.01,16.13,16.31,16.31,16.31,16.49,16.48,16.48,16.5,16.5,16.5,2,1.99,1.99,1.98,1.97,1.97,1.96,1.95,1.95,1.94,3.53,3.52,3.51,3.5,3.49,3.48,3.47,3.46,3.45,3.44,146.39,0,1,1,0,0,0,-1,0,None,aggregation
24,133.51,remora4,remora5,17.34,17.34,17.33,17.33,17.33,17.31,17.31,17.31,17.28,17.28,16.83,16.83,16.82,16.82,16.82,16.8,16.8,16.8,16.78,16.78,1.93,1.93,1.92,1.91,1.91,1.9,1.9,1.89,1.88,1.88,3.43,3.42,3.41,3.4,3.39,3.38,3.37,3.36,3.35,3.34,151.3,0,1,1,0,0,0,-1,0,None,aggregation
24,134.51,remora4,remora5,17.3,17.3,17.64,17.64,17.99,18.33,18.33,18.33,18.46,18.46,16.79,16.79,17.14,17.14,17.5,17.85,17.85,17.85,17.98,17.98,1.87,1.86,1.85,1.85,1.84,1.83,1.83,1.82,1.81,1.8,3.33,3.32,3.31,3.3,3.29,3.28,3.27,3.26,3.25,3.24,156.17,0,1,1,0,0,0,-1,0,None,aggregation
24,135.51,remora4,remora5,18.83,18.83,19.16,19.16,19.16,19.31,19.31,19.31,18.96,18.96,18.36,18.36,18.7,18.7,18.7,18.85,18.85,18.85,18.49,18.49,1.8,1.79,1.78,1.78,1.77,1.76,1.75,1.74,1.74,1.73,3.23,3.22,3.21,3.2,3.19,3.18,3.17,3.16,3.15,3.14,161.71,0,1,1,0,0,0,-1,0,None,aggregation
24,136.51,remora4,remora5,19.13,19.28,19.28,19.4,19.4,19.4,19.6,19.59,19.59,19.63,18.66,18.82,18.82,18.94,18.94,18.94,19.14,19.13,19.13,19.17,1.72,1.71,1.71,1.7,1.69,1.68,1.67,1.66,1.66,1.65,3.13,3.12,3.11,3.09,3.08,3.07,3.06,3.05,3.04,3.03,166.89,0,1,1,0,0,0,-1,0,None,aggregation
24,137.51,remora4,remora5,19.63,19.63,19.57,19.73,19.73,19.73,19.88,19.88,20.04,20.2,19.17,19.17,19.11,19.28,19.28,19.28,19.43,19.43,19.59,19.76,1.64,1.63,1.62,1.61,1.61,1.6,1.59,1.58,1.57,1.56,3.02,3.01,3,2.99,2.98,2.96,2.95,2.94,2.93,2.92,172.02,0,1,1,0,0,0,-1,0,None,aggregation
24,138.51,remora4,remora5,20.2,20.34,20.34,20.53,20.53,0,0,0,0,0,19.76,19.91,19.91,20.1,20.1,0,0,0,0,0,1.56,1.55,1.54,1.53,1.52,1.52,1.52,1.52,1.52,1.52,2.91,2.9,2.89,2.88,2.86,2.86,2.86,2.86,2.86,2.86,167.16,0,1,1,0,0,0,-1,0,None,aggregation
24,139.51,remora4,remora5,0,0,0,0,0,0,0,0,0,0,0,0,0,0,0,0,0,0,0,0,1.52,1.52,1.52,1.52,1.52,1.52,1.51,1.51,1.51,1.51,2.86,2.86,2.86,2.86,2.86,2.86,2.86,2.86,2.86,2.86,151.71,0,1,1,0,0,0,-1,0,None,aggregation
24,140.51,remora4,remora5,0,0,0,0,0,0,0,0,0,0,0,0,0,0,0,0,0,0,0,0,1.51,1.51,1.51,1.51,1.51,1.51,1.51,1.51,1.51,1.51,2.87,2.87,2.87,2.87,2.87,2.87,2.88,2.88,2.88,2.88,135.41,0,1,1,0,0,0,-1,0,None,aggregation
24,141.51,remora4,remora5,0,0,0,0,0,0,0,0,0,0,0,0,0,0,0,0,0,0,0,0,1.51,1.51,1.51,1.51,1.51,1.51,1.51,1.51,1.51,1.51,2.89,2.89,2.89,2.89,2.9,2.9,2.9,2.9,2.91,2.91,119.18,0,1,1,0,0,0,-1,0,None,aggregation
24,142.51,remora4,remora5,0,0,0,0,0,0,0,0,0,0,0,0,0,0,0,0,0,0,0,0,1.52,1.52,1.52,1.52,1.52,1.52,1.52,1.52,1.52,1.52,2.91,2.92,2.92,2.93,2.93,2.93,2.94,2.94,2.94,2.95,102.52,0,1,1,0,0,0,-1,0,None,aggregation
24,143.51,remora4,remora5,0,0,0,0,0,0,0,0,0,0,0,0,0,0,0,0,0,0,0,0,1.52,1.52,1.52,1.52,1.52,1.52,1.52,1.52,1.52,1.52,2.95,2.96,2.96,2.97,2.97,2.98,2.98,2.99,2.99,3,85.46,0,1,1,0,0,0,-1,0,None,aggregation
24,144.51,remora4,remora5,0,0,0,0,0,0,0,0,0,0,0,0,0,0,0,0,0,0,0,0,1.52,1.52,1.52,1.52,1.52,1.52,1.52,1.52,1.52,1.52,3,3.01,3.01,3.02,3.03,3.03,3.04,3.04,3.05,3.06,67.73,0,1,1,0,0,0,-1,0,None,aggregation
24,145.51,remora4,remora5,0,0,0,0,0,0,0,0,-7.65,-12.19,0,0,0,0,0,0,0,0,-6.83,-11.37,1.52,1.52,1.52,1.52,1.52,1.52,1.52,1.52,1.52,1.52,3.06,3.07,3.08,3.08,3.09,3.1,3.1,3.11,3.12,3.13,50.76,0,1,1,0,0,0,-1,0,None,aggregation
24,146.51,remora4,remora5,-12.19,-6.54,-6.54,-6.53,-6.53,-18.06,-18.06,-18.06,-7.34,-7.33,-11.37,-5.72,-5.72,-5.71,-5.71,-17.23,-17.23,-17.23,-6.52,-6.51,1.52,1.53,1.53,1.54,1.54,1.54,1.55,1.56,1.56,1.57,3.14,3.16,3.17,3.18,3.2,3.21,3.22,3.24,3.26,3.27,41.87,0,1,0,0,0,0,-1,0,None,aggregation
24,147.51,remora4,remora5,-7.33,-7.33,-18.61,-18.61,-8.67,-8.67,-13,-13,-18.51,-9.17,-6.51,-6.51,-17.79,-17.79,-7.85,-7.85,-12.18,-12.18,-17.69,-8.35,1.57,1.58,1.58,1.59,1.6,1.6,1.61,1.62,1.63,1.64,3.29,3.3,3.32,3.33,3.35,3.37,3.39,3.4,3.43,3.45,34.17,0,1,0,0,0,0,-1,0,None,aggregation
24,148.51,remora4,remora5,-9.17,-9.7,-9.7,-9.7,-10.51,-10.51,-11.04,-11.57,-11.57,-12.1,-8.35,-8.88,-8.88,-8.88,-9.69,-9.69,-10.22,-10.74,-10.74,-11.27,1.65,1.66,1.67,1.68,1.69,1.7,1.71,1.72,1.73,1.74,3.47,3.48,3.5,3.52,3.54,3.56,3.58,3.6,3.62,3.64,34.23,0,1,0,0,0,0,-1,0,None,aggregation
24,149.51,remora4,remora5,-12.1,-12.1,-12.87,-12.87,-13.67,-14.71,-14.71,-14.71,-14.71,-15.72,-11.27,-11.27,-12.05,-12.05,-12.85,-13.89,-13.89,-13.89,-13.89,-14.9,1.76,1.78,1.79,1.81,1.83,1.85,1.87,1.89,1.9,1.9,3.66,3.68,3.71,3.73,3.76,3.78,3.81,3.84,3.86,3.88,47.64,0,1,1,0,0,0,-1,0,None,aggregation
24,150.51,remora4,remora5,-15.72,-15.71,-15.71,-16.72,-16.72,-17.21,-17.21,-17.21,-17.69,-17.92,-14.9,-14.88,-14.88,-15.9,-15.9,-16.39,-16.39,-16.39,-16.87,-17.1,1.92,1.94,1.97,1.99,2.01,2.03,2.06,2.08,2.09,2.09,3.9,3.93,3.96,3.99,4.02,4.04,4.08,4.11,4.13,4.15,64.01,0,1,1,0,0,0,-1,0,None,aggregation
24,151.51,remora4,remora5,-17.92,-17.92,-17.92,-18.62,-18.62,-18.62,-18.84,-18.82,-18.82,-19.52,-17.1,-17.1,-17.1,-17.8,-17.8,-17.8,-18.02,-18,-18,-18.7,2.11,2.14,2.17,2.2,2.22,2.22,2.24,2.27,2.3,2.33,4.18,4.21,4.25,4.28,4.31,4.33,4.36,4.39,4.41,4.44,82.16,0,1,1,0,0,0,-1,0,None,aggregation
24,152.51,remora4,remora5,-19.52,-19.97,-19.97,-19.97,-20.42,-20.42,-20.85,-20.85,-21.28,-21.28,-18.7,-19.15,-19.15,-19.15,-19.6,-19.6,-20.03,-20.03,-20.45,-20.45,2.36,2.39,2.43,2.46,2.5,2.54,2.57,2.61,2.63,2.64,4.47,4.5,4.53,4.56,4.58,4.6,4.62,4.64,4.65,4.65,102.21,0,1,1,0,0,0,-1,0,None,aggregation
24,153.51,remora4,remora5,-21.48,-21.46,-21.46,-21.46,-21.43,-21.85,-21.85,-21.78,-21.78,-22.23,-20.66,-20.63,-20.63,-20.63,-20.6,-21.03,-21.03,-20.96,-20.96,-21.41,2.65,2.67,2.69,2.73,2.77,2.8,2.82,2.83,2.86,2.91,4.66,4.67,4.68,4.7,4.72,4.74,4.75,4.75,4.77,4.79,123.47,0,1,1,0,0,0,-1,0,None,aggregation
24,154.51,remora4,remora5,-22.23,-22.23,-22.15,-22.15,-22.56,-22.97,-22.97,-22.97,0,0,-21.41,-21.41,-21.33,-21.33,-21.74,-22.15,-22.15,-22.15,0,0,2.95,2.99,3.03,3.08,3.1,3.11,3.13,3.14,3.14,3.13,4.81,4.84,4.86,4.88,4.89,4.9,4.9,4.91,4.9,4.89,141.17,0,0,1,0,0,0,-1,0,None,aggregation
24,155.51,remora4,remora5,0,0,0,0,0,0,0,0,0,0,0,0,0,0,0,0,0,0,0,0,3.15,3.17,3.19,3.21,3.22,3.22,3.21,3.21,3.21,3.2,4.89,4.89,4.89,4.89,4.89,4.88,4.87,4.85,4.85,4.83,139.26,0,0,1,0,0,0,-1,0,None,aggregation
24,156.51,remora4,remora5,28.24,28.24,28.24,28.23,28.23,28.23,28.23,28.23,28.23,28.23,28.06,28.06,28.05,28.05,28.05,28.05,28.05,28.04,28.04,28.04,3.18,3.15,3.14,3.13,3.12,3.12,3.12,3.11,3.1,3.1,4.81,4.78,4.77,4.75,4.73,4.72,4.7,4.69,4.67,4.65,157.1,0,0,1,0,0,0,-1,0,None,aggregation
24,157.51,remora4,remora5,28.23,28.23,28.23,0,0,0,0,0,28.36,28.36,28.04,28.04,28.04,0,0,0,0,0,28.18,28.18,3.09,3.08,3.08,3.07,3.08,3.1,3.11,3.13,3.14,3.14,4.64,4.62,4.61,4.59,4.59,4.6,4.61,4.61,4.61,4.6,159.31,0,0,1,0,0,0,-1,0,None,aggregation
24,158.51,remora4,remora5,28.49,28.48,28.48,28.48,28.48,28.48,28.48,28.48,28.48,28.48,28.32,28.31,28.31,28.31,28.31,28.31,28.31,28.3,28.3,28.3,3.13,3.11,3.09,3.08,3.08,3.07,3.06,3.05,3.04,3.03,4.58,4.56,4.54,4.52,4.5,4.49,4.47,4.45,4.44,4.42,177.56,0,0,1,0,0,0,-1,0,None,aggregation
24,159.51,remora4,remora5,28.47,28.47,28.47,28.47,28.47,28.47,28.47,0,0,0,28.3,28.3,28.3,28.3,28.3,28.3,28.3,0,0,0,3.03,3.03,3.02,3.01,3,2.99,2.99,2.99,3,3.01,4.4,4.39,4.37,4.36,4.34,4.32,4.31,4.29,4.29,4.3,184.03,0,0,1,0,0,0,-1,0,None,aggregation
24,160.51,remora4,remora5,0,0,28.59,28.59,0,0,0,0,28.71,28.72,0,0,28.43,28.43,0,0,0,0,28.56,28.56,3.03,3.04,3.04,3.04,3.06,3.07,3.08,3.1,3.09,3.08,4.31,4.31,4.31,4.3,4.3,4.31,4.32,4.32,4.31,4.29,179.09,0,0,1,0,0,0,-1,0,None,aggregation
24,161.51,remora4,remora5,28.72,28.72,28.71,28.71,28.71,28.71,28.71,28.71,28.71,28.71,28.56,28.56,28.55,28.55,28.55,28.55,28.55,28.55,28.55,28.55,3.06,3.05,3.04,3.03,3.02,3.01,3,2.99,2.97,2.96,4.27,4.25,4.23,4.21,4.2,4.18,4.16,4.14,4.12,4.1,189.56,0,0,1,0,0,0,-1,0,None,aggregation
24,162.51,remora4,remora5,28.14,28.14,28.7,28.7,28.7,28.7,28.7,28.7,28.69,28.69,27.95,27.95,28.54,28.54,28.54,28.54,28.54,28.54,28.53,28.53,2.95,2.93,2.92,2.9,2.89,2.87,2.86,2.84,2.83,2.81,4.08,4.06,4.04,4.02,4,3.98,3.96,3.94,3.92,3.9,198.02,0,1,1,0,0,0,-1,0,None,aggregation
24,163.51,remora4,remora5,28.69,28.69,28.69,28.68,28.68,28.68,28.68,28.68,28.56,28.56,28.53,28.53,28.53,28.52,28.52,28.52,28.52,28.52,28.39,28.39,2.8,2.78,2.77,2.75,2.74,2.72,2.71,2.69,2.67,2.66,3.88,3.86,3.84,3.82,3.8,3.78,3.76,3.74,3.72,3.7,205.34,0,1,1,0,0,0,-1,0,None,aggregation
24,164.51,remora4,remora5,28.56,28.55,28.55,27.78,27.78,27.78,26.37,28.48,28.48,28.48,28.39,28.39,28.39,27.58,27.58,27.58,26.11,28.31,28.31,28.31,2.64,2.62,2.61,2.59,2.57,2.56,2.54,2.52,2.51,2.49,3.68,3.66,3.64,3.61,3.59,3.57,3.55,3.53,3.51,3.49,215.63,0,1,1,0,0,0,-1,0,None,aggregation
24,165.51,remora4,remora5,28.41,27.59,27.59,25.93,25.93,28.34,28.34,27.44,27.44,28.26,28.24,27.37,27.37,25.65,25.65,28.16,28.16,27.22,27.22,28.08,2.47,2.45,2.44,2.42,2.4,2.39,2.37,2.35,2.33,2.31,3.47,3.45,3.43,3.41,3.39,3.37,3.35,3.33,3.31,3.29,243.05,0,1,1,0,0,0,-1,0,None,aggregation
24,166.51,remora4,remora5,28.26,28.26,28.26,25.26,25.26,25.26,27.18,28.11,28.11,28.11,28.08,28.08,28.08,24.96,24.96,24.96,26.95,27.92,27.92,27.92,2.3,2.28,2.26,2.24,2.22,2.2,2.19,2.17,2.15,2.13,3.27,3.24,3.22,3.2,3.18,3.16,3.14,3.12,3.1,3.08,242,0,1,1,0,0,0,-1,0,None,aggregation
24,167.51,remora4,remora5,28.04,28.04,26.97,26.97,27.88,26.81,26.81,26.81,26.69,26.69,27.84,27.84,26.73,26.73,27.68,26.57,26.57,26.57,26.44,26.44,2.11,2.09,2.07,2.05,2.04,2.02,2,1.98,1.96,1.94,3.06,3.04,3.02,3,2.98,2.95,2.93,2.91,2.89,2.87,254.96,0,1,1,0,0,0,-1,0,None,aggregation
24,168.51,remora4,remora5,27.71,27.71,27.71,23.64,23.64,23.35,23.35,23.35,26.23,26.1,27.5,27.5,27.5,23.29,23.29,22.99,22.99,22.99,25.96,25.83,1.92,1.9,1.88,1.87,1.85,1.84,1.82,1.8,1.79,1.77,2.85,2.83,2.81,2.79,2.78,2.76,2.74,2.72,2.71,2.69,251.7,0,1,1,0,0,0,-1,0,None,aggregation
24,169.51,remora4,remora5,26.1,26.1,27.19,25.86,25.86,25.72,25.72,25.72,25.72,26.62,25.83,25.83,26.95,25.58,25.58,25.44,25.44,25.44,25.44,26.36,1.75,1.73,1.71,1.7,1.68,1.66,1.64,1.63,1.61,1.59,2.67,2.65,2.63,2.61,2.59,2.58,2.56,2.55,2.53,2.52,257.76,0,1,1,0,0,0,-1,0,None,aggregation
24,170.51,remora4,remora5,26.62,26.62,26.42,21.21,21.21,21.21,21.21,0,0,0,26.36,26.36,26.15,20.8,20.8,20.8,20.8,0,0,0,1.57,1.56,1.54,1.52,1.51,1.5,1.49,1.49,1.49,1.49,2.5,2.49,2.47,2.46,2.45,2.44,2.44,2.44,2.44,2.45,262.65,0,0,1,0,0,0,-1,0,None,aggregation
24,171.51,remora4,remora5,0,0,0,0,0,0,0,0,0,0,0,0,0,0,0,0,0,0,0,0,1.49,1.49,1.49,1.49,1.49,1.49,1.49,1.49,1.49,1.49,2.45,2.46,2.46,2.47,2.47,2.48,2.48,2.49,2.49,2.5,234.02,1,0,1,0,0,0,-1,0,None,aggregation
24,172.51,remora4,remora5,0,0,0,0,0,0,0,0,0,0,0,0,0,0,0,0,0,0,0,0,1.49,1.49,1.49,1.49,1.49,1.49,1.49,1.49,1.49,1.48,2.5,2.51,2.52,2.52,2.53,2.53,2.54,2.55,2.55,2.56,205.52,1,0,1,0,0,0,-1,0,None,aggregation
24,173.51,remora4,remora5,0,0,0,0,0,0,0,0,0,0,0,0,0,0,0,0,0,0,0,0,1.48,1.48,1.48,1.48,1.48,1.48,1.48,1.48,1.48,1.48,2.57,2.58,2.58,2.59,2.6,2.6,2.61,2.62,2.63,2.63,176.94,1,0,1,0,0,0,-1,0,None,aggregation
24,174.51,remora4,remora5,0,0,0,0,0,0,0,0,0,0,0,0,0,0,0,0,0,0,0,0,1.48,1.48,1.48,1.48,1.48,1.48,1.48,1.48,1.48,1.48,2.64,2.65,2.66,2.67,2.67,2.68,2.69,2.7,2.71,2.71,148.96,1,0,1,0,0,0,-1,0,None,aggregation
24,175.51,remora4,remora5,0,0,0,0,0,0,0,0,0,0,0,0,0,0,0,0,0,0,0,0,1.48,1.48,1.48,1.48,1.48,1.48,1.48,1.48,1.48,1.48,2.72,2.73,2.74,2.75,2.76,2.76,2.77,2.78,2.79,2.8,121.53,1,0,1,0,0,0,-1,0,None,aggregation
24,176.51,remora4,remora5,0,0,0,0,0,0,0,0,0,0,0,0,0,0,0,0,0,0,0,0,1.48,1.48,1.48,1.48,1.48,1.48,1.48,1.48,1.48,1.48,2.81,2.82,2.83,2.84,2.84,2.85,2.86,2.87,2.88,2.89,94.44,1,0,1,0,0,0,-1,0,None,aggregation
24,177.51,remora4,remora5,0,0,0,0,0,0,0,0,0,0,0,0,0,0,0,0,0,0,0,0,1.48,1.48,1.48,1.48,1.48,1.49,1.5,1.51,1.53,1.54,2.91,2.92,2.93,2.94,2.95,2.97,2.98,3,3.01,3.03,67.39,1,0,1,0,0,0,-1,0,None,aggregation
24,178.51,remora4,remora5,0,0,0,0,0,0,0,0,0,0,0,0,0,0,0,0,0,0,0,0,1.55,1.56,1.58,1.6,1.62,1.63,1.64,1.66,1.67,1.7,3.05,3.07,3.09,3.11,3.13,3.14,3.16,3.18,3.2,3.22,42.25,0,1,0,0,0,0,-1,0,None,aggregation
24,179.51,remora4,remora5,0,0,0,0,0,0,0,0,0,0,0,0,0,0,0,0,0,0,0,0,1.71,1.72,1.74,1.75,1.77,1.79,1.82,1.84,1.86,1.87,3.24,3.26,3.28,3.29,3.31,3.34,3.36,3.38,3.4,3.42,16.33,0,1,0,0,0,0,-1,0,None,aggregation
24,180.51,remora4,remora5,0,0,0,0,0,0,0,0,0,0,0,0,0,0,0,0,0,0,0,0,1.89,1.9,1.91,1.93,1.95,1.97,1.98,2,2.01,2.03,3.44,3.46,3.48,3.5,3.52,3.54,3.56,3.58,3.6,3.62,0,0,1,0,0,0,0,-1,0,None,aggregation
24,181.51,remora4,remora5,0,0,0,0,0,0,0,0,0,0,0,0,0,0,0,0,0,0,0,0,2.04,2.06,2.07,2.09,2.1,2.12,2.13,2.15,2.17,2.18,3.64,3.66,3.68,3.69,3.71,3.72,3.73,3.73,3.74,3.74,0,0,1,0,0,0,0,-1,0,None,aggregation
24,182.51,remora4,remora5,0,0,0,0,0,0,0,0,0,0,0,0,0,0,0,0,0,0,0,0,2.2,2.21,2.23,2.24,2.25,2.27,2.28,2.3,2.32,2.34,3.74,3.73,3.73,3.73,3.72,3.72,3.71,3.71,3.71,3.71,0,0,1,0,0,0,0,-1,0,None,aggregation
24,183.51,remora4,remora5,0,0,0,0,0,0,0,0,-26.41,-26.41,0,0,0,0,0,0,0,0,-25.58,-25.58,2.37,2.38,2.39,2.4,2.42,2.43,2.44,2.45,2.47,2.5,3.71,3.71,3.7,3.7,3.69,3.69,3.68,3.68,3.68,3.7,5.2,0,1,0,0,0,0,-1,0,None,aggregation
24,184.51,remora4,remora5,-26.05,-26.05,-26.05,-26.51,-26.51,-26.51,-26.67,-26.67,-23.6,-28.47,-25.23,-25.23,-25.23,-25.69,-25.69,-25.69,-25.84,-25.84,-22.78,-27.64,2.53,2.57,2.6,2.63,2.66,2.7,2.73,2.76,2.79,2.82,3.72,3.74,3.76,3.77,3.79,3.81,3.83,3.85,3.87,3.88,31.1,0,1,0,0,0,0,-1,0,None,aggregation
24,185.51,remora4,remora5,-28.47,-26.58,-26.58,-26.58,-26.54,-26.51,-26.51,-26.48,-26.48,-24.15,-27.64,-25.75,-25.75,-25.75,-25.72,-25.69,-25.69,-25.65,-25.65,-23.33,2.85,2.88,2.91,2.94,2.97,3,3.03,3.06,3.09,3.11,3.9,3.92,3.94,3.95,3.97,3.99,4,4.02,4.04,4.05,57.17,0,1,1,0,0,0,-1,0,None,aggregation
24,186.51,remora4,remora5,-24.15,-24.15,0,0,0,29.13,29.13,29.13,29.13,29.12,-23.33,-23.33,0,0,0,29,29,29,29,28.99,3.14,3.15,3.15,3.14,3.13,3.13,3.11,3.09,3.06,3.04,4.06,4.07,4.06,4.04,4.03,4.02,3.99,3.96,3.92,3.88,76.45,0,0,1,0,0,0,-1,0,None,aggregation
24,187.51,remora4,remora5,29.12,29.02,29.02,27.31,27.31,27.2,27.2,27.19,27.19,27.19,28.99,28.89,28.89,27.08,27.08,26.96,26.96,26.96,26.96,26.96,3,2.96,2.93,2.9,2.88,2.85,2.83,2.8,2.78,2.75,3.85,3.8,3.77,3.73,3.69,3.66,3.63,3.59,3.56,3.53,104.13,0,1,1,0,0,0,-1,0,None,aggregation
24,188.51,remora4,remora5,27.19,27.19,27.19,27.07,27.07,28.78,28.78,28.73,28.73,28.73,26.96,26.96,26.95,26.83,26.83,28.63,28.63,28.57,28.57,28.57,2.73,2.7,2.68,2.66,2.63,2.61,2.58,2.56,2.53,2.5,3.49,3.46,3.44,3.41,3.39,3.36,3.34,3.31,3.29,3.26,131.97,0,1,1,0,0,0,-1,0,None,aggregation
24,189.51,remora4,remora5,28.66,28.66,28.66,28.66,26.63,28.53,28.53,26.47,26.47,26.47,28.5,28.5,28.5,28.5,26.38,28.36,28.36,26.21,26.21,26.21,2.48,2.45,2.43,2.4,2.38,2.36,2.33,2.31,2.29,2.26,3.23,3.21,3.18,3.15,3.13,3.11,3.08,3.06,3.03,3.01,159.65,0,1,1,0,0,0,-1,0,None,aggregation
24,190.51,remora4,remora5,28.39,28.39,28.32,28.25,28.25,28.18,28.18,28.17,28.17,28.17,28.21,28.21,28.14,28.06,28.06,27.99,27.99,27.98,27.98,27.98,2.24,2.22,2.19,2.17,2.15,2.12,2.1,2.08,2.06,2.03,2.99,2.96,2.94,2.91,2.89,2.86,2.84,2.82,2.79,2.77,187.8,0,1,1,0,0,0,-1,0,None,aggregation
24,191.51,remora4,remora5,28.02,28.02,28.02,28.02,25.51,25.51,27.78,25.25,25.25,27.62,27.83,27.82,27.82,27.82,25.21,25.21,27.58,24.95,24.95,27.4,2.01,1.99,1.97,1.94,1.92,1.9,1.88,1.86,1.84,1.82,2.74,2.72,2.7,2.67,2.65,2.63,2.61,2.58,2.56,2.54,214.58,0,1,1,0,0,0,-1,0,None,aggregation
24,192.51,remora4,remora5,27.62,27.62,24.99,27.44,27.44,25.19,25.19,27.18,27.18,27.18,27.4,27.4,24.67,27.22,27.22,24.89,24.89,26.94,26.94,26.94,1.8,1.78,1.76,1.74,1.72,1.7,1.68,1.66,1.65,1.63,2.52,2.49,2.48,2.46,2.43,2.41,2.39,2.37,2.35,2.33,241.16,0,1,1,0,0,0,-1,0,None,aggregation
24,193.51,remora4,remora5,24.87,24.87,26.6,24.59,24.59,26.32,26.32,0,0,0,24.55,24.55,26.35,24.27,24.27,26.06,26.06,0,0,0,1.61,1.59,1.57,1.55,1.54,1.52,1.5,1.48,1.48,1.48,2.31,2.29,2.27,2.25,2.23,2.21,2.19,2.17,2.16,2.16,253.67,0,1,1,0,0,0,-1,0,None,aggregation
24,194.51,remora4,remora5,0,0,0,0,0,0,0,0,0,0,0,0,0,0,0,0,0,0,0,0,1.48,1.49,1.49,1.49,1.5,1.5,1.5,1.51,1.51,1.52,2.16,2.16,2.16,2.17,2.17,2.17,2.17,2.17,2.17,2.18,227.78,0,1,1,0,0,0,-1,0,None,aggregation
24,195.51,remora4,remora5,0,0,0,0,0,0,0,0,0,0,0,0,0,0,0,0,0,0,0,0,1.52,1.53,1.53,1.54,1.54,1.55,1.55,1.56,1.57,1.57,2.18,2.18,2.18,2.19,2.19,2.19,2.19,2.2,2.2,2.2,201.7,0,1,1,0,0,0,-1,0,None,aggregation
24,196.51,remora4,remora5,0,0,0,0,0,0,0,0,0,0,0,0,0,0,0,0,0,0,0,0,1.58,1.59,1.6,1.6,1.61,1.62,1.63,1.64,1.65,1.66,2.21,2.21,2.21,2.22,2.22,2.23,2.23,2.23,2.24,2.24,182.42,0,1,1,0,0,0,-1,0,None,aggregation
24,197.51,remora4,remora5,0,0,0,0,0,0,0,0,0,0,0,0,0,0,0,0,0,0,0,0,1.67,1.68,1.69,1.7,1.71,1.72,1.73,1.75,1.76,1.77,2.25,2.25,2.26,2.26,2.27,2.27,2.28,2.29,2.29,2.3,154.75,0,1,1,0,0,0,-1,0,None,aggregation
24,198.51,remora4,remora5,0,0,0,0,0,0,0,0,0,0,0,0,0,0,0,0,0,0,0,0,1.79,1.8,1.81,1.83,1.84,1.86,1.87,1.89,1.9,1.92,2.31,2.31,2.32,2.33,2.33,2.34,2.35,2.35,2.36,2.37,126.9,0,1,1,0,0,0,-1,0,None,aggregation
24,199.51,remora4,remora5,0,0,0,0,0,0,0,0,0,0,0,0,0,0,0,0,0,0,0,0,1.93,1.95,1.97,1.98,2,2.02,2.03,2.05,2.07,2.09,2.38,2.39,2.39,2.4,2.41,2.42,2.43,2.44,2.45,2.46,99.23,0,1,1,0,0,0,-1,0,None,aggregation
24,200.51,remora4,remora5,0,0,0,0,0,0,-23.79,-24.02,-24.02,-24.04,0,0,0,0,0,0,-22.97,-23.19,-23.19,-23.21,2.11,2.13,2.15,2.17,2.19,2.22,2.26,2.3,2.34,2.39,2.46,2.47,2.48,2.49,2.5,2.52,2.55,2.58,2.61,2.64,80.49,0,1,1,0,0,0,-1,0,None,aggregation
24,201.51,remora4,remora5,-24.04,-24.06,-24.06,-24.06,-27.82,-27.87,-27.87,-27.97,-27.97,-29.82,-23.21,-23.24,-23.24,-23.24,-27,-27.05,-27.05,-27.15,-27.15,-28.99,2.43,2.48,2.52,2.57,2.62,2.66,2.71,2.76,2.81,2.86,2.68,2.71,2.74,2.78,2.81,2.85,2.88,2.92,2.96,2.99,79.86,0,1,1,0,0,0,-1,0,None,aggregation
24,202.51,remora4,remora5,-29.82,-29.82,-28.05,-28.28,-28.28,-29.94,-29.94,-29.94,-28.35,-22.63,-28.99,-28.99,-27.23,-27.46,-27.46,-29.12,-29.12,-29.12,-27.53,-21.81,2.92,2.97,3.02,3.07,3.13,3.18,3.23,3.28,3.34,3.39,3.04,3.08,3.12,3.16,3.21,3.25,3.3,3.34,3.38,3.42,81.37,0,0,1,0,0,0,-1,0,None,aggregation
24,203.51,remora4,remora5,-22.63,-22.17,-22.17,-24.48,-24.48,-24.48,-21.91,-21.91,-17.5,0,-21.81,-21.35,-21.35,-23.66,-23.66,-23.66,-21.09,-21.09,-16.68,0,3.44,3.49,3.53,3.58,3.61,3.65,3.68,3.71,3.74,3.76,3.47,3.5,3.54,3.58,3.62,3.67,3.7,3.74,3.77,3.81,83.46,0,0,1,0,0,0,-1,0,None,aggregation
24,204.51,remora4,remora5,0,0,0,29.39,29.39,29.39,29.97,0,0,0,0,0,0,29.28,29.28,29.28,29.94,0,0,0,3.78,3.79,3.8,3.81,3.81,3.79,3.78,3.77,3.78,3.79,3.83,3.85,3.86,3.88,3.88,3.87,3.86,3.86,3.87,3.89,95.26,0,0,1,0,0,0,-1,0,None,aggregation
24,205.51,remora4,remora5,0,26.56,26.56,28.79,28.79,29.99,29.99,29.99,17.59,17.59,0,26.3,26.3,28.64,28.64,29.98,29.98,29.98,17.09,17.09,3.79,3.79,3.78,3.77,3.75,3.74,3.72,3.71,3.7,3.7,3.9,3.91,3.91,3.9,3.89,3.88,3.88,3.87,3.87,3.87,118.75,0,0,1,0,0,0,-1,0,None,aggregation
24,206.51,remora4,remora5,17.24,17.24,29.57,16.86,16.86,26.45,26.45,26.42,26.42,26.42,16.73,16.73,29.48,16.35,16.35,26.19,26.19,26.15,26.15,26.15,3.69,3.69,3.67,3.65,3.63,3.61,3.59,3.56,3.53,3.49,3.87,3.87,3.87,3.85,3.85,3.84,3.83,3.82,3.8,3.78,141.57,0,0,1,0,0,0,-1,0,None,aggregation
24,207.51,remora4,remora5,30,22.13,22.13,28.64,28.64,28.63,28.63,21.48,21.48,24.9,30,21.74,21.74,28.47,28.47,28.47,28.47,21.07,21.07,24.58,3.46,3.43,3.4,3.37,3.35,3.33,3.31,3.28,3.26,3.24,3.76,3.74,3.73,3.71,3.71,3.69,3.68,3.67,3.66,3.65,167.11,0,0,1,0,0,0,-1,0,None,aggregation
24,208.51,remora4,remora5,24.9,24.9,0,0,0,0,21.34,13,13,0,24.58,24.58,0,0,0,0,20.93,12.41,12.41,0,3.22,3.22,3.23,3.24,3.25,3.25,3.23,3.22,3.21,3.21,3.64,3.65,3.66,3.68,3.7,3.71,3.71,3.7,3.71,3.71,176.71,0,0,1,0,0,0,-1,0,None,aggregation
24,209.51,remora4,remora5,0,0,0,29.71,29.71,29.71,13.78,13.78,21.97,13.76,0,0,0,29.63,29.63,29.63,13.2,13.2,21.57,13.18,3.21,3.21,3.22,3.23,3.22,3.2,3.2,3.19,3.16,3.13,3.72,3.74,3.75,3.77,3.77,3.76,3.77,3.77,3.76,3.75,191.83,0,0,1,0,0,0,-1,0,None,aggregation
24,210.51,remora4,remora5,13.76,21.84,21.84,21.84,0,0,0,26.3,26.3,21.89,13.18,21.44,21.44,21.44,0,0,0,26.04,26.04,21.49,3.13,3.12,3.11,3.08,3.07,3.06,3.07,3.08,3.08,3.07,3.75,3.76,3.75,3.74,3.74,3.75,3.77,3.79,3.79,3.79,197.65,0,0,1,0,0,0,-1,0,None,aggregation
24,211.51,remora4,remora5,21.89,21.9,21.9,21.9,0,0,0,29.85,29.85,22.34,21.49,21.5,21.5,21.5,0,0,0,29.79,29.79,21.95,3.07,3.06,3.06,3.05,3.05,3.06,3.08,3.09,3.09,3.08,3.79,3.79,3.79,3.8,3.8,3.82,3.84,3.86,3.86,3.86,188.36,0,0,1,0,0,0,-1,0,None,aggregation
24,212.51,remora4,remora5,22.34,22.35,22.35,22.35,29.89,29.03,29.03,29.03,29.63,29.63,21.95,21.96,21.96,21.96,29.84,28.89,28.89,28.89,29.71,29.71,3.06,3.04,3.04,3.03,3.01,2.99,2.98,2.97,2.96,2.95,3.85,3.85,3.85,3.85,3.84,3.83,3.82,3.82,3.82,3.81,186.74,0,0,1,0,0,0,-1,0,None,aggregation
24,213.51,remora4,remora5,22.42,22.42,29.12,0,0,0,0,0,0,0,22.04,22.04,28.98,0,0,0,0,0,0,0,2.95,2.94,2.93,2.94,2.95,2.97,2.98,2.98,3,3.02,3.81,3.81,3.81,3.81,3.83,3.85,3.87,3.89,3.91,3.94,174.29,0,1,1,0,0,0,-1,0,None,aggregation
24,214.51,remora4,remora5,0,25.53,25.53,25.53,23.08,23.08,23.08,23.08,23.08,29.45,0,25.23,25.23,25.23,22.71,22.72,22.72,22.71,22.71,29.35,3.04,3.04,3.03,3.01,3,3,3,2.99,2.98,2.96,3.96,3.97,3.97,3.96,3.96,3.96,3.96,3.97,3.96,3.96,184.49,0,0,1,0,0,0,-1,0,None,aggregation
24,215.51,remora4,remora5,29.45,29.45,29.45,23.24,23.24,27.32,27.32,23.25,23.25,23.41,29.35,29.35,29.35,22.88,22.88,27.09,27.09,22.88,22.88,23.05,2.95,2.94,2.93,2.92,2.91,2.89,2.87,2.85,2.85,2.84,3.95,3.95,3.94,3.94,3.94,3.93,3.92,3.91,3.91,3.92,186.81,0,1,1,0,0,0,-1,0,None,aggregation
24,216.51,remora4,remora5,23.41,23.42,23.42,29.52,29.52,29.59,29.59,23.58,23.58,29.58,23.05,23.06,23.06,29.42,29.42,29.49,29.49,23.23,23.23,29.49,2.83,2.82,2.82,2.81,2.79,2.77,2.76,2.75,2.75,2.75,3.91,3.91,3.91,3.91,3.9,3.89,3.88,3.86,3.85,3.84,190.4,0,1,1,0,0,0,-1,0,None,aggregation
24,217.51,remora4,remora5,29.58,23.61,23.61,29.65,29.65,29.65,29.65,23.66,23.66,27.92,29.49,23.26,23.26,29.56,29.56,29.56,29.56,23.3,23.3,27.71,2.75,2.74,2.73,2.71,2.71,2.7,2.69,2.68,2.68,2.68,3.82,3.79,3.76,3.73,3.69,3.66,3.64,3.61,3.58,3.56,191.82,0,1,1,0,0,0,-1,0,None,aggregation
24,218.51,remora4,remora5,27.92,29.97,29.97,23.52,23.52,29.75,29.75,23.52,23.52,28.21,27.71,29.99,29.99,23.16,23.16,29.68,29.68,23.16,23.16,28.02,2.66,2.65,2.62,2.6,2.6,2.59,2.59,2.58,2.57,2.57,3.52,3.49,3.45,3.41,3.39,3.36,3.33,3.3,3.27,3.25,209.09,0,1,1,0,0,0,-1,0,None,aggregation
24,219.51,remora4,remora5,28.21,23.55,23.55,23.53,23.53,28.46,28.46,23.5,23.5,23.5,28.02,23.2,23.2,23.17,23.17,28.28,28.28,23.15,23.15,23.15,2.57,2.56,2.56,2.56,2.55,2.55,2.54,2.52,2.5,2.49,3.22,3.19,3.16,3.14,3.12,3.09,3.06,3.03,2.99,2.97,218.79,0,1,1,0,0,0,-1,0,None,aggregation
24,220.51,remora4,remora5,28.58,28.63,28.63,23.49,23.49,28.8,28.8,23.64,23.64,28.92,28.41,28.47,28.47,23.14,23.14,28.64,28.64,23.29,23.29,28.77,2.48,2.48,2.47,2.46,2.46,2.45,2.45,2.44,2.44,2.44,2.94,2.91,2.88,2.85,2.83,2.81,2.78,2.75,2.72,2.7,230.1,0,1,1,0,0,0,-1,0,None,aggregation
24,221.51,remora4,remora5,28.92,29.02,29.02,29.57,29.57,29.13,29.13,29.16,29.16,29.21,28.77,28.88,28.88,29.66,29.66,28.99,28.99,29.03,29.03,29.09,2.43,2.42,2.41,2.39,2.38,2.36,2.35,2.33,2.33,2.32,2.67,2.64,2.61,2.58,2.55,2.53,2.51,2.49,2.48,2.46,242.38,0,1,1,0,0,0,-1,0,None,aggregation
24,222.51,remora4,remora5,29.21,29.3,29.3,29.3,29.34,29.37,29.37,29.44,29.44,29.5,29.09,29.18,29.18,29.18,29.22,29.25,29.25,29.33,29.33,29.4,2.3,2.29,2.28,2.26,2.25,2.24,2.23,2.22,2.21,2.19,2.44,2.42,2.4,2.38,2.37,2.35,2.33,2.31,2.29,2.28,245.21,0,1,1,0,0,0,-1,0,None,aggregation
24,223.51,remora4,remora5,29.5,29.5,29.56,29.56,29.58,29.58,29.67,29.67,29.7,29.75,29.4,29.4,29.46,29.46,29.49,29.49,29.58,29.58,29.62,29.68,2.18,2.17,2.16,2.16,2.15,2.15,2.14,2.14,2.13,2.12,2.26,2.24,2.23,2.21,2.2,2.18,2.17,2.15,2.14,2.13,267.42,0,1,1,0,0,0,-1,0,None,aggregation
24,224.51,remora4,remora5,29.75,29.75,29.78,29.83,29.83,29.85,29.85,29.91,29.91,29.93,29.68,29.68,29.71,29.77,29.77,29.79,29.79,29.87,29.87,29.89,2.1,2.07,2.05,2.03,2.01,1.99,1.97,1.94,1.92,1.9,2.11,2.1,2.08,2.07,2.06,2.05,2.03,2.02,2.01,1.99,275.23,0,1,1,0,0,0,-1,0,None,aggregation
24,225.51,remora4,remora5,29.93,29.96,29.96,29.98,29.98,30,30,30,30,30,29.89,29.93,29.93,29.95,29.95,29.98,29.98,29.99,29.99,29.99,1.88,1.86,1.84,1.82,1.8,1.78,1.76,1.74,1.72,1.71,1.98,1.97,1.96,1.95,1.93,1.92,1.91,1.9,1.89,1.88,279.39,0,1,1,0,0,0,-1,0,None,aggregation
24,226.51,remora4,remora5,30,30,29.99,29.97,29.97,29.94,29.94,29.89,29.89,29.89,30,30,30,29.99,29.99,29.97,29.97,29.93,29.93,29.93,1.69,1.67,1.65,1.64,1.62,1.6,1.59,1.57,1.56,1.54,1.87,1.86,1.85,1.84,1.83,1.83,1.82,1.8,1.8,1.79,282.94,0,1,1,0,0,0,-1,0,None,aggregation
24,227.51,remora4,remora5,29.85,29.85,0,0,0,0,0,0,0,0,29.9,29.9,0,0,0,0,0,0,0,0,1.53,1.52,1.51,1.51,1.51,1.51,1.51,1.51,1.51,1.51,1.78,1.77,1.78,1.79,1.8,1.82,1.83,1.84,1.86,1.87,261.96,0,1,1,0,0,0,-1,0,None,aggregation
24,228.51,remora4,remora5,0,0,0,0,0,0,0,0,0,0,0,0,0,0,0,0,0,0,0,0,1.51,1.51,1.51,1.51,1.51,1.52,1.52,1.53,1.55,1.56,1.88,1.9,1.91,1.92,1.94,1.95,1.97,1.99,2,2.02,235.09,0,1,1,0,0,0,-1,0,None,aggregation
24,229.51,remora4,remora5,0,0,0,0,0,0,0,0,0,0,0,0,0,0,0,0,0,0,0,0,1.57,1.58,1.6,1.61,1.62,1.64,1.65,1.66,1.68,1.69,2.04,2.06,2.08,2.1,2.12,2.15,2.17,2.19,2.21,2.23,210.26,0,1,1,0,0,0,-1,0,None,aggregation
24,230.51,remora4,remora5,0,0,0,0,0,0,0,0,0,0,0,0,0,0,0,0,0,0,0,0,1.7,1.72,1.73,1.74,1.76,1.77,1.79,1.8,1.81,1.82,2.25,2.27,2.29,2.31,2.34,2.36,2.38,2.4,2.42,2.44,183.72,0,1,1,0,0,0,-1,0,None,aggregation
24,231.51,remora4,remora5,0,0,0,0,0,0,0,0,0,0,0,0,0,0,0,0,0,0,0,0,1.84,1.85,1.86,1.88,1.89,1.9,1.91,1.93,1.94,1.96,2.46,2.48,2.5,2.52,2.54,2.56,2.58,2.6,2.62,2.64,154.57,0,1,1,0,0,0,-1,0,None,aggregation
24,232.51,remora4,remora5,0,0,0,0,0,0,0,0,0,0,0,0,0,0,0,0,0,0,0,0,1.97,1.98,2,2.01,2.03,2.04,2.06,2.08,2.09,2.11,2.67,2.69,2.71,2.73,2.75,2.77,2.8,2.82,2.84,2.86,125.28,0,1,1,0,0,0,-1,0,None,aggregation
24,233.51,remora4,remora5,0,0,0,0,0,0,0,0,0,0,0,0,0,0,0,0,0,0,0,0,2.13,2.14,2.16,2.17,2.19,2.2,2.22,2.23,2.25,2.27,2.89,2.91,2.93,2.95,2.97,2.99,3.01,3.04,3.06,3.08,95.71,0,1,1,0,0,0,-1,0,None,aggregation
24,234.51,remora4,remora5,0,0,0,0,-28.88,-28.88,-30.39,-29.09,-29.09,-30.34,0,0,0,0,-28.06,-28.06,-29.56,-28.26,-28.26,-29.52,2.28,2.3,2.31,2.34,2.37,2.41,2.44,2.48,2.52,2.55,3.11,3.13,3.15,3.18,3.22,3.27,3.31,3.36,3.41,3.45,83.32,0,1,1,0,0,0,-1,0,None,aggregation
24,235.51,remora4,remora5,-30.34,-30.34,-29.14,-29.25,-29.25,-29.26,-29.26,-29.35,-29.35,-30.28,-29.52,-29.52,-28.32,-28.43,-28.43,-28.44,-28.44,-28.53,-28.53,-29.46,2.59,2.63,2.67,2.71,2.75,2.79,2.83,2.87,2.91,2.95,3.5,3.54,3.59,3.64,3.69,3.74,3.79,3.84,3.88,3.93,82.52,0,1,1,0,0,0,-1,0,None,aggregation
24,236.51,remora4,remora5,-30.28,-8.96,-8.96,-29.47,-29.47,-29.48,-29.48,-29.46,-29.46,-29.45,-29.46,-8.14,-8.14,-28.64,-28.64,-28.66,-28.66,-28.64,-28.64,-28.63,2.98,2.99,3,3.02,3.05,3.09,3.13,3.18,3.22,3.26,3.98,4.01,4.04,4.06,4.11,4.16,4.21,4.25,4.3,4.35,77.6,0,0,1,0,0,0,-1,0,None,aggregation
24,237.51,remora4,remora5,-29.45,-29.44,-29.44,-29.45,-29.45,-29.53,-29.53,-29.49,-29.49,-13.51,-28.63,-28.62,-28.62,-28.63,-28.63,-28.7,-28.7,-28.67,-28.67,-12.69,3.31,3.35,3.37,3.39,3.41,3.43,3.45,3.46,3.5,3.54,4.41,4.45,4.49,4.53,4.57,4.6,4.64,4.68,4.72,4.77,99.09,0,0,1,0,0,0,-1,0,None,aggregation
24,238.51,remora4,remora5,-13.51,-29.48,-29.48,-29.48,-29.49,-14.45,-14.45,-14.93,-14.93,-29.57,-12.69,-28.65,-28.65,-28.65,-28.67,-13.63,-13.63,-14.11,-14.11,-28.75,3.57,3.61,3.62,3.65,3.68,3.73,3.76,3.8,3.81,3.82,4.81,4.85,4.88,4.92,4.97,5.02,5.06,5.1,5.12,5.15,120.66,0,0,1,0,0,0,-1,0,None,aggregation
24,239.51,remora4,remora5,-29.57,-15.41,-15.41,-29.58,-29.58,-15.86,-15.86,-16.34,-16.34,-16.29,-28.75,-14.59,-14.59,-28.76,-28.76,-15.03,-15.03,-15.52,-15.52,-15.47,3.85,3.88,3.91,3.93,3.97,4.02,4.05,4.08,4.1,4.13,5.19,5.23,5.26,5.28,5.32,5.37,5.4,5.42,5.44,5.45,140.27,0,0,1,0,0,0,-1,0,None,aggregation
24,240.51,remora4,remora5,-16.29,-16.8,-16.8,-16.76,-16.76,-16.72,-16.72,-16.72,-24.58,-24.45,-15.47,-15.97,-15.97,-15.94,-15.94,-15.9,-15.9,-15.9,-23.76,-23.63,4.16,4.2,4.22,4.23,4.25,4.26,4.27,4.28,4.3,4.33,5.47,5.5,5.52,5.53,5.55,5.56,5.59,5.61,5.65,5.69,158.12,0,0,1,0,0,0,-1,0,None,aggregation
24,241.51,remora4,remora5,-24.45,0,0,0,0,29.67,29.67,29.67,29.66,29.66,-23.63,0,0,0,0,29.58,29.58,29.58,29.58,29.58,4.37,4.41,4.42,4.43,4.45,4.47,4.46,4.43,4.38,4.33,5.74,5.78,5.8,5.82,5.85,5.87,5.85,5.82,5.78,5.74,175.34,0,0,1,0,0,0,-1,0,None,aggregation
24,242.51,remora4,remora5,26.69,26.69,26.68,29.7,29.7,29.7,26.66,26.66,28.14,29.83,26.43,26.43,26.43,29.62,29.62,29.62,26.41,26.41,27.95,29.77,4.32,4.31,4.3,4.28,4.27,4.26,4.23,4.18,4.15,4.13,5.72,5.7,5.67,5.63,5.61,5.59,5.56,5.52,5.49,5.47,203.3,0,0,1,0,0,0,-1,0,None,aggregation
24,243.51,remora4,remora5,29.83,28.17,28.17,29.84,29.84,29.84,29.84,28.11,28.11,29.85,29.77,27.98,27.98,29.78,29.78,29.78,29.78,27.91,27.91,29.79,4.11,4.08,4.05,4.03,4,3.95,3.91,3.88,3.85,3.83,5.44,5.41,5.38,5.34,5.31,5.27,5.23,5.2,5.18,5.15,232.4,0,0,1,0,0,0,-1,0,None,aggregation
24,124.51,remora4,remora0,27.15,27.15,16.72,16.72,27.32,17.02,17.02,16.96,16.96,27.65,26.91,26.91,16.2,16.2,27.09,16.51,16.51,16.45,16.45,27.44,3.74,3.73,3.72,3.71,3.7,3.69,3.68,3.68,3.67,3.67,4.88,4.87,4.86,4.85,4.84,4.83,4.82,4.81,4.81,4.8,125.81,0,0,1,0,0,0,-1,0,None,aggregation
24,125.51,remora4,remora0,27.65,17.28,17.28,27.8,27.8,27.8,27.8,17.82,17.82,17.8,27.44,16.77,16.77,27.59,27.59,27.59,27.59,17.32,17.32,17.31,3.66,3.65,3.64,3.63,3.62,3.61,3.6,3.59,3.58,3.57,4.79,4.78,4.77,4.75,4.74,4.73,4.72,4.71,4.7,4.69,133.73,0,0,1,0,0,0,-1,0,None,aggregation
24,126.51,remora4,remora0,17.8,28.07,28.07,18.16,18.16,18.16,18.36,28.2,28.2,18.72,17.31,27.88,27.88,17.67,17.67,17.67,17.88,28.02,28.02,18.24,3.57,3.56,3.55,3.54,3.53,3.52,3.52,3.51,3.5,3.49,4.68,4.67,4.66,4.65,4.64,4.63,4.62,4.61,4.6,4.59,141.58,0,0,1,0,0,0,-1,0,None,aggregation
24,127.51,remora4,remora0,18.72,18.72,28.33,19.05,19.05,19.05,28.45,19.39,19.39,28.57,18.24,18.24,28.15,18.59,18.59,18.59,28.28,18.93,18.93,28.4,3.48,3.48,3.47,3.46,3.46,3.45,3.44,3.44,3.43,3.42,4.58,4.57,4.56,4.55,4.54,4.53,4.52,4.51,4.5,4.49,149.12,0,0,1,0,0,0,-1,0,None,aggregation
24,128.51,remora4,remora0,28.57,19.71,19.71,19.89,19.89,19.89,19.89,20.08,20.08,20.08,28.4,19.26,19.26,19.45,19.45,19.44,19.44,19.63,19.63,19.64,3.41,3.4,3.39,3.38,3.37,3.36,3.35,3.35,3.34,3.34,4.48,4.47,4.46,4.45,4.44,4.42,4.42,4.41,4.4,4.39,163.98,0,0,1,0,0,0,-1,0,None,aggregation
24,129.51,remora4,remora0,20.08,20.41,20.41,20.41,20.41,20.74,20.74,20.73,20.73,20.91,19.64,19.98,19.98,19.98,19.98,20.31,20.31,20.3,20.3,20.49,3.33,3.32,3.32,3.31,3.31,3.3,3.29,3.28,3.27,3.26,4.38,4.37,4.36,4.35,4.34,4.34,4.33,4.31,4.3,4.29,174.03,0,0,1,0,0,0,-1,0,None,aggregation
24,130.51,remora4,remora0,20.91,20.99,20.99,21.09,21.09,23.71,23.71,21.41,21.41,21.71,20.49,20.56,20.56,20.67,20.67,23.36,23.36,20.99,20.99,21.31,3.25,3.24,3.24,3.23,3.23,3.22,3.22,3.21,3.21,3.21,4.28,4.27,4.26,4.25,4.24,4.23,4.23,4.22,4.21,4.2,189.7,0,0,1,0,0,0,-1,0,None,aggregation
24,131.51,remora4,remora0,21.71,29.44,29.44,29.44,22.01,22.01,22.07,22.3,22.3,22.3,21.31,29.33,29.33,29.33,21.61,21.61,21.68,21.91,21.91,21.91,3.2,3.2,3.19,3.18,3.17,3.16,3.16,3.16,3.15,3.14,4.19,4.18,4.17,4.16,4.15,4.14,4.13,4.13,4.12,4.11,211.3,0,0,1,0,0,0,-1,0,None,aggregation
24,132.51,remora4,remora0,22.39,29.64,29.64,29.64,22.74,29.7,29.7,29.7,23.02,23.02,22,29.55,29.55,29.55,22.36,29.62,29.62,29.62,22.65,22.65,3.14,3.13,3.13,3.12,3.11,3.1,3.1,3.09,3.09,3.08,4.1,4.09,4.08,4.07,4.06,4.05,4.04,4.03,4.02,4.01,217.17,0,0,1,0,0,0,-1,0,None,aggregation
24,133.51,remora4,remora0,16.92,16.92,23.28,23.28,23.35,17.55,17.55,23.62,23.62,23.62,16.41,16.41,22.92,22.92,22.99,17.05,17.05,23.27,23.27,23.27,3.08,3.07,3.07,3.06,3.06,3.05,3.05,3.04,3.04,3.03,4,3.99,3.98,3.97,3.97,3.96,3.95,3.94,3.93,3.92,221.2,0,0,1,0,0,0,-1,0,None,aggregation
24,134.51,remora4,remora0,23.72,23.72,29.91,29.91,23.95,24.09,24.09,24.09,18.1,18.1,23.37,23.37,29.87,29.87,23.61,23.75,23.75,23.75,17.61,17.61,3.02,3.01,3.01,3,2.99,2.98,2.97,2.96,2.95,2.94,3.91,3.9,3.89,3.88,3.87,3.86,3.84,3.83,3.82,3.81,224.15,0,1,1,0,0,0,-1,0,None,aggregation
24,135.51,remora4,remora0,24.22,24.22,24.28,18.38,18.38,24.53,24.53,24.53,24.62,24.62,23.88,23.88,23.95,17.9,17.9,24.2,24.2,24.2,24.29,24.29,2.93,2.92,2.92,2.91,2.91,2.91,2.91,2.9,2.9,2.89,3.8,3.79,3.78,3.77,3.76,3.76,3.75,3.74,3.73,3.72,224.69,0,1,1,0,0,0,-1,0,None,aggregation
24,136.51,remora4,remora0,18.87,24.84,24.84,24.98,24.98,24.98,19.22,25.2,25.2,25.2,18.4,24.53,24.53,24.67,24.67,24.67,18.76,24.9,24.9,24.9,2.88,2.87,2.87,2.86,2.86,2.86,2.85,2.85,2.84,2.84,3.71,3.7,3.69,3.68,3.67,3.66,3.65,3.64,3.63,3.62,226.35,0,1,1,0,0,0,-1,0,None,aggregation
24,137.51,remora4,remora0,25.21,25.21,19.6,25.42,25.42,25.42,25.55,25.55,19.92,25.76,24.9,24.9,19.15,25.12,25.12,25.12,25.26,25.26,19.48,25.47,2.83,2.83,2.82,2.81,2.81,2.8,2.8,2.79,2.79,2.78,3.62,3.61,3.6,3.58,3.58,3.57,3.56,3.55,3.54,3.53,228.81,0,1,1,0,0,0,-1,0,None,aggregation
24,138.51,remora4,remora0,25.76,20.03,20.03,25.88,25.88,25.88,25.94,26.08,26.08,20.76,25.47,19.59,19.59,25.6,25.6,25.6,25.66,25.81,25.81,20.33,2.77,2.77,2.76,2.76,2.75,2.75,2.75,2.75,2.76,2.76,3.52,3.51,3.5,3.49,3.48,3.47,3.47,3.47,3.48,3.48,232.31,0,1,1,0,0,0,-1,0,None,aggregation
24,139.51,remora4,remora0,20.76,20.76,26.39,26.56,26.56,26.65,26.65,21.76,21.76,22.05,20.33,20.33,26.13,26.3,26.3,26.39,26.39,21.35,21.35,21.65,2.77,2.77,2.77,2.78,2.79,2.79,2.8,2.8,2.81,2.82,3.48,3.48,3.49,3.49,3.49,3.5,3.5,3.51,3.51,3.52,235.78,0,1,1,0,0,0,-1,0,None,aggregation
24,140.51,remora4,remora0,22.05,22.05,27.09,27.09,27.24,27.4,27.4,23.1,23.1,23.1,21.65,21.65,26.85,26.85,27.01,27.17,27.17,22.73,22.73,22.73,2.82,2.83,2.84,2.84,2.85,2.86,2.87,2.88,2.89,2.9,3.52,3.52,3.53,3.54,3.54,3.55,3.55,3.56,3.57,3.57,239.09,0,1,1,0,0,0,-1,0,None,aggregation
24,141.51,remora4,remora0,23.37,27.74,27.74,27.86,27.86,27.86,27.86,24.19,24.19,24.19,23.01,27.53,27.53,27.66,27.66,27.66,27.66,23.85,23.85,23.85,2.9,2.91,2.92,2.93,2.95,2.96,2.97,2.98,2.99,3,3.58,3.59,3.59,3.6,3.61,3.62,3.63,3.64,3.65,3.65,241.1,0,1,1,0,0,0,-1,0,None,aggregation
24,142.51,remora4,remora0,28.18,28.18,28.25,28.37,28.37,24.97,24.97,25.19,25.19,25.19,27.99,27.99,28.07,28.19,28.19,24.65,24.65,24.88,24.88,24.88,3.01,3.03,3.04,3.05,3.07,3.08,3.09,3.11,3.12,3.13,3.66,3.67,3.68,3.69,3.7,3.72,3.73,3.74,3.75,3.76,240.85,0,0,1,0,0,0,-1,0,None,aggregation
24,143.51,remora4,remora0,28.61,28.72,28.72,28.78,28.78,28.78,28.74,29.52,29.52,28.94,28.44,28.56,28.56,28.63,28.63,28.63,28.59,29.61,29.61,28.8,3.15,3.16,3.18,3.19,3.21,3.23,3.24,3.26,3.27,3.29,3.77,3.78,3.79,3.8,3.82,3.83,3.84,3.86,3.87,3.89,248.94,0,0,1,0,0,0,-1,0,None,aggregation
24,144.51,remora4,remora0,28.94,26.24,26.24,29.08,29.08,29.14,29.14,29.49,29.49,29.06,28.8,25.97,25.97,28.95,28.95,29.01,29.01,29.58,29.58,28.92,3.31,3.32,3.34,3.36,3.37,3.39,3.41,3.43,3.45,3.47,3.9,3.91,3.93,3.94,3.95,3.97,3.98,4,4.01,4.03,253.66,0,0,1,0,0,0,-1,0,None,aggregation
24,145.51,remora4,remora0,29.06,29.25,29.25,29.3,29.3,27.15,27.15,27.15,29.45,29.42,28.92,29.13,29.13,29.18,29.18,26.91,26.91,26.91,29.55,29.31,3.49,3.5,3.52,3.54,3.56,3.58,3.6,3.62,3.65,3.68,4.05,4.06,4.08,4.09,4.11,4.13,4.14,4.16,4.18,4.21,259.19,0,0,1,0,0,0,-1,0,None,aggregation
24,146.51,remora4,remora0,29.42,27.48,27.48,29.52,29.52,29.42,29.42,29.42,29.58,29.42,29.31,27.26,27.26,29.42,29.42,29.51,29.51,29.51,29.49,29.52,3.73,3.77,3.79,3.8,3.81,3.81,3.84,3.87,3.89,3.9,4.25,4.28,4.3,4.31,4.33,4.34,4.37,4.4,4.42,4.43,264.57,0,0,1,0,0,0,-1,0,None,aggregation
24,147.51,remora4,remora0,29.42,29.42,29.62,29.62,29.5,29.5,29.42,29.42,29.7,29.42,29.52,29.52,29.53,29.53,29.4,29.4,29.52,29.52,29.62,29.52,3.9,3.91,3.93,3.98,4.02,4.04,4.05,4.06,4.07,4.1,4.45,4.46,4.49,4.53,4.57,4.59,4.61,4.63,4.65,4.68,269.94,0,0,1,0,0,0,-1,0,None,aggregation
24,148.51,remora4,remora0,29.42,29.42,29.42,29.42,29.73,29.73,29.42,29.42,29.42,29.76,29.52,29.52,29.52,29.52,29.65,29.65,29.52,29.52,29.52,29.69,4.11,4.11,4.12,4.13,4.13,4.14,4.16,4.18,4.19,4.19,4.7,4.71,4.73,4.75,4.76,4.78,4.8,4.83,4.85,4.86,275.4,0,0,1,0,0,0,-1,0,None,aggregation
24,149.51,remora4,remora0,29.76,29.42,29.42,29.42,29.42,29.5,29.5,29.5,29.5,29.5,29.69,29.52,29.52,29.52,29.52,29.59,29.59,29.59,29.59,29.59,4.19,4.19,4.2,4.2,4.2,4.2,4.2,4.21,4.24,4.28,4.88,4.89,4.91,4.93,4.94,4.96,4.97,5,5.03,5.06,281.12,0,0,1,0,0,0,-1,0,None,aggregation
24,150.51,remora4,remora0,29.5,29.77,29.77,29.5,29.5,29.5,29.5,29.5,29.5,29.79,29.59,29.7,29.7,29.59,29.59,29.59,29.59,29.59,29.59,29.73,4.29,4.29,4.29,4.29,4.3,4.32,4.32,4.32,4.35,4.39,5.09,5.11,5.12,5.14,5.16,5.19,5.21,5.23,5.26,5.3,285.91,0,0,1,0,0,0,-1,0,None,aggregation
24,151.51,remora4,remora0,29.79,29.79,29.5,29.51,29.51,29.51,29.82,0,0,30,29.73,29.73,29.6,29.6,29.6,29.6,29.76,0,0,30,4.41,4.41,4.41,4.41,4.44,4.48,4.49,4.49,4.47,4.45,5.33,5.35,5.37,5.38,5.42,5.46,5.48,5.49,5.5,5.49,283.51,0,0,1,0,0,0,-1,0,None,aggregation
24,152.51,remora4,remora0,30,0,0,-27.61,-27.61,-27.61,-27.63,-27.63,-29.97,-29.97,30,0,0,-28.43,-28.43,-28.43,-28.45,-28.45,-29.15,-29.15,4.44,4.44,4.43,4.4,4.36,4.3,4.26,4.21,4.19,4.17,5.51,5.53,5.53,5.53,5.51,5.48,5.46,5.44,5.43,5.42,279.87,0,0,1,0,0,0,-1,0,None,aggregation
24,153.51,remora4,remora0,-27.11,-27.11,-29.99,-26.85,-26.85,-30.01,-30.01,-26.6,-26.6,-26.31,-27.93,-27.93,-29.17,-27.67,-27.67,-29.19,-29.19,-27.42,-27.42,-27.13,4.16,4.14,4.11,4.07,4.02,3.98,3.95,3.94,3.9,3.85,5.41,5.4,5.39,5.37,5.34,5.32,5.31,5.3,5.29,5.26,278.93,0,0,1,0,0,0,-1,0,None,aggregation
24,154.51,remora4,remora0,-26.31,-26.31,-30.11,-30.11,-30.12,-30.13,-30.13,-30.13,-30.13,-24.89,-27.13,-27.13,-29.29,-29.29,-29.3,-29.31,-29.31,-29.31,-29.31,-25.71,3.81,3.75,3.7,3.65,3.63,3.61,3.6,3.58,3.57,3.55,5.24,5.22,5.19,5.17,5.16,5.15,5.14,5.13,5.12,5.1,279.07,0,0,1,0,0,0,-1,0,None,aggregation
24,155.51,remora4,remora0,-24.89,-24.89,-30.23,-30.26,-30.26,-30.24,-30.24,-30.24,-22.83,0,-25.71,-25.71,-29.41,-29.44,-29.44,-29.42,-29.42,-29.42,-23.65,0,3.52,3.47,3.43,3.39,3.35,3.33,3.32,3.3,3.29,3.28,5.07,5.04,5.01,4.98,4.95,4.94,4.92,4.9,4.89,4.87,275.77,0,0,1,0,0,0,-1,0,None,aggregation
24,156.51,remora4,remora0,0,0,0,0,0,0,0,0,0,0,0,0,0,0,0,0,0,0,0,0,3.28,3.27,3.26,3.25,3.23,3.2,3.18,3.16,3.14,3.12,4.86,4.84,4.83,4.81,4.78,4.76,4.73,4.71,4.69,4.66,246.73,0,0,1,0,0,0,-1,0,None,aggregation
24,157.51,remora4,remora0,0,0,0,0,0,0,0,0,0,0,0,0,0,0,0,0,0,0,0,0,3.1,3.08,3.06,3.04,3.02,3,2.98,2.97,2.95,2.92,4.64,4.62,4.6,4.58,4.56,4.55,4.54,4.53,4.52,4.49,217.22,0,0,1,0,0,0,-1,0,None,aggregation
24,158.51,remora4,remora0,0,0,0,0,0,0,0,0,0,0,0,0,0,0,0,0,0,0,0,0,2.91,2.9,2.89,2.87,2.86,2.84,2.82,2.8,2.78,2.77,4.47,4.46,4.44,4.41,4.39,4.37,4.35,4.33,4.31,4.28,187.68,0,1,1,0,0,0,-1,0,None,aggregation
24,159.51,remora4,remora0,0,0,0,0,0,0,0,0,0,0,0,0,0,0,0,0,0,0,0,0,2.75,2.72,2.7,2.69,2.67,2.66,2.63,2.61,2.59,2.58,4.26,4.23,4.21,4.19,4.17,4.15,4.13,4.1,4.09,4.08,158.15,0,1,1,0,0,0,-1,0,None,aggregation
24,160.51,remora4,remora0,0,0,0,0,0,0,0,0,0,0,0,0,0,0,0,0,0,0,0,0,2.56,2.55,2.53,2.52,2.5,2.49,2.48,2.46,2.45,2.44,4.07,4.07,4.05,4.03,4.03,4.02,4.01,4,3.99,3.97,128.54,0,1,1,0,0,0,-1,0,None,aggregation
24,161.51,remora4,remora0,0,0,0,0,0,0,0,0,0,0,0,0,0,0,0,0,0,0,0,0,2.43,2.41,2.4,2.38,2.37,2.35,2.34,2.33,2.32,2.31,3.95,3.93,3.91,3.89,3.87,3.85,3.83,3.81,3.79,3.77,104.79,0,1,1,0,0,0,-1,0,None,aggregation
24,162.51,remora4,remora0,0,0,0,0,0,0,0,0,0,0,0,0,0,0,0,0,0,0,0,0,2.3,2.28,2.27,2.26,2.25,2.24,2.23,2.22,2.21,2.2,3.76,3.74,3.72,3.7,3.69,3.67,3.65,3.63,3.62,3.6,81.87,0,1,1,0,0,0,-1,0,None,aggregation
24,163.51,remora4,remora0,0,0,0,0,0,0,0,0,0,0,0,0,0,0,0,0,0,0,0,0,2.19,2.18,2.17,2.17,2.16,2.15,2.14,2.13,2.12,2.11,3.58,3.56,3.55,3.53,3.51,3.49,3.48,3.46,3.44,3.43,53.96,0,1,1,0,0,0,-1,0,None,aggregation
24,164.51,remora4,remora0,0,0,0,0,0,0,0,0,0,0,0,0,0,0,0,0,0,0,0,0,2.1,2.1,2.09,2.08,2.07,2.07,2.06,2.05,2.05,2.04,3.41,3.39,3.38,3.36,3.34,3.33,3.31,3.3,3.28,3.27,25.28,0,1,0,0,0,0,-1,0,None,aggregation
24,165.51,remora4,remora0,0,0,0,0,0,0,0,0,0,0,0,0,0,0,0,0,0,0,0,0,2.03,2.03,2.02,2.01,2.01,2,1.99,1.99,1.98,1.98,3.25,3.24,3.22,3.21,3.19,3.18,3.16,3.15,3.13,3.12,0,0,1,0,0,0,0,-1,0,None,aggregation
24,166.51,remora4,remora0,0,0,0,0,0,0,0,0,0,0,0,0,0,0,0,0,0,0,0,0,1.97,1.97,1.96,1.96,1.95,1.94,1.94,1.93,1.93,1.92,3.1,3.09,3.07,3.06,3.05,3.03,3.02,3.01,2.99,2.98,0,0,1,0,0,0,0,-1,0,None,aggregation
24,167.51,remora4,remora0,0,0,0,0,0,0,0,0,0,0,0,0,0,0,0,0,0,0,0,0,1.92,1.92,1.91,1.91,1.9,1.9,1.89,1.89,1.89,1.88,2.96,2.95,2.94,2.92,2.91,2.9,2.88,2.87,2.86,2.84,0,0,1,0,0,0,0,-1,0,None,aggregation
24,168.51,remora4,remora0,0,0,0,0,0,0,0,0,0,0,0,0,0,0,0,0,0,0,0,0,1.88,1.87,1.87,1.87,1.86,1.86,1.86,1.85,1.85,1.85,2.83,2.82,2.8,2.79,2.78,2.77,2.76,2.75,2.74,2.72,0,0,1,0,0,0,0,-1,0,None,aggregation
24,169.51,remora4,remora0,0,0,0,23.53,23.53,27.46,27.46,27.46,27.46,27.49,0,0,0,23.17,23.17,27.24,27.24,27.24,27.24,27.27,1.84,1.84,1.84,1.83,1.83,1.84,1.84,1.85,1.85,1.85,2.71,2.7,2.69,2.68,2.67,2.66,2.66,2.66,2.65,2.65,18.35,0,1,0,0,0,0,-1,0,None,aggregation
24,170.51,remora4,remora0,27.49,27.5,27.5,27.53,27.53,27.53,27.53,27.58,27.58,23.97,27.27,27.28,27.28,27.32,27.32,27.32,27.32,27.36,27.36,23.63,1.86,1.86,1.87,1.87,1.88,1.88,1.89,1.9,1.91,1.92,2.65,2.64,2.64,2.64,2.63,2.63,2.64,2.65,2.66,2.67,45.41,0,1,1,0,0,0,-1,0,None,aggregation
24,171.51,remora4,remora0,24.14,24.14,24.35,27.82,27.82,27.82,20.4,20.4,20.4,24.97,23.8,23.8,24.02,27.62,27.62,27.62,19.96,19.96,19.96,24.66,1.93,1.95,1.96,1.97,1.98,2,2.01,2.02,2.03,2.05,2.68,2.69,2.7,2.71,2.72,2.73,2.74,2.75,2.77,2.78,69.47,0,1,1,0,0,0,-1,0,None,aggregation
24,172.51,remora4,remora0,24.97,24.97,24.97,25.37,25.37,25.37,28.34,28.34,28.42,28.5,24.66,24.66,24.66,25.07,25.07,25.07,28.16,28.16,28.25,28.33,2.06,2.08,2.09,2.1,2.12,2.13,2.15,2.17,2.18,2.2,2.79,2.81,2.82,2.83,2.84,2.86,2.87,2.89,2.9,2.92,95.81,0,1,1,0,0,0,-1,0,None,aggregation
24,173.51,remora4,remora0,28.5,28.5,20.78,20.78,26.38,26.38,28.82,28.82,28.89,26.81,28.33,28.33,20.35,20.35,26.11,26.11,28.67,28.67,28.74,26.56,2.22,2.24,2.25,2.27,2.28,2.3,2.32,2.34,2.36,2.38,2.94,2.95,2.97,2.98,3,3.01,3.03,3.05,3.06,3.08,122.15,0,1,1,0,0,0,-1,0,None,aggregation
24,174.51,remora4,remora0,26.81,26.81,22.3,22.3,29.14,29.2,29.2,27.41,27.41,23.4,26.56,26.56,21.91,21.91,29.01,29.07,29.07,27.18,27.18,23.04,2.4,2.42,2.44,2.46,2.47,2.49,2.51,2.53,2.56,2.58,3.1,3.12,3.14,3.15,3.17,3.18,3.2,3.22,3.24,3.26,148.43,0,1,1,0,0,0,-1,0,None,aggregation
24,175.51,remora4,remora0,23.4,23.4,29.36,27.73,27.73,27.73,27.73,26.37,26.37,26.37,23.04,23.04,29.24,27.52,27.52,27.52,27.52,26.11,26.11,26.11,2.59,2.61,2.63,2.65,2.67,2.7,2.72,2.74,2.76,2.78,3.28,3.3,3.31,3.33,3.35,3.37,3.39,3.41,3.43,3.45,174.92,0,1,1,0,0,0,-1,0,None,aggregation
24,176.51,remora4,remora0,24.43,24.43,26.77,26.78,26.78,28.32,28.32,29.67,29.67,29.67,24.1,24.1,26.52,26.53,26.53,28.14,28.14,29.59,29.59,29.59,2.8,2.82,2.84,2.86,2.89,2.91,2.93,2.95,2.98,3,3.47,3.49,3.51,3.53,3.55,3.57,3.59,3.61,3.63,3.66,202.31,0,1,1,0,0,0,-1,0,None,aggregation
24,177.51,remora4,remora0,29.67,29.71,29.71,29.71,29.74,29.74,28.67,29.77,29.77,28.76,29.59,29.63,29.63,29.63,29.67,29.67,28.5,29.7,29.7,28.61,3.03,3.05,3.08,3.11,3.12,3.14,3.15,3.16,3.17,3.18,3.68,3.7,3.72,3.75,3.77,3.79,3.8,3.82,3.84,3.85,231.79,0,0,1,0,0,0,-1,0,None,aggregation
24,178.51,remora4,remora0,28.76,28.76,28.76,29.69,29.69,29.69,29.82,29.82,29.82,28.11,28.61,28.61,28.61,29.61,29.61,29.61,29.76,29.76,29.76,27.92,3.19,3.2,3.2,3.2,3.21,3.22,3.23,3.24,3.24,3.24,3.87,3.89,3.9,3.91,3.92,3.94,3.95,3.97,3.99,4,261.03,0,0,1,0,0,0,-1,0,None,aggregation
24,179.51,remora4,remora0,28.11,26.68,26.68,28.25,28.25,28.25,29.79,29.88,29.88,29.88,27.92,26.43,26.43,28.07,28.07,28.07,29.72,29.83,29.83,29.83,3.25,3.26,3.26,3.27,3.27,3.27,3.27,3.27,3.28,3.29,4.01,4.02,4.04,4.05,4.07,4.08,4.09,4.1,4.11,4.13,271.17,0,0,1,0,0,0,-1,0,None,aggregation
24,180.51,remora4,remora0,28.38,28.38,28.5,28.51,28.51,28.51,28.63,28.63,28.63,28.63,28.2,28.2,28.33,28.34,28.34,28.34,28.46,28.46,28.46,28.46,3.3,3.31,3.31,3.32,3.32,3.33,3.34,3.35,3.36,3.37,4.15,4.16,4.18,4.19,4.21,4.22,4.24,4.25,4.27,4.29,272.56,0,0,1,0,0,0,-1,0,None,aggregation
24,181.51,remora4,remora0,28.74,28.74,28.74,28.74,0,0,0,0,-25.02,-25.02,28.59,28.59,28.59,28.59,0,0,0,0,-24.2,-24.2,3.37,3.38,3.39,3.4,3.4,3.39,3.37,3.35,3.33,3.29,4.3,4.32,4.34,4.35,4.36,4.35,4.34,4.34,4.32,4.3,264.88,0,0,1,0,0,0,-1,0,None,aggregation
24,182.51,remora4,remora0,-30.24,-30.24,-26.5,-30.21,-30.21,-30.21,-30.21,-24.44,-24.44,-30.17,-29.42,-29.42,-27.32,-29.38,-29.38,-29.38,-29.38,-23.62,-23.62,-29.34,3.25,3.21,3.17,3.13,3.09,3.04,3,2.96,2.92,2.87,4.27,4.23,4.2,4.17,4.14,4.1,4.07,4.04,4.01,3.98,266.9,0,0,1,0,0,0,-1,0,None,aggregation
24,183.51,remora4,remora0,-30.17,-29.01,-29.01,-29.01,-29.01,-23.36,-23.36,-23.36,-22.96,-22.96,-29.34,-28.19,-28.19,-28.19,-28.19,-22.54,-22.54,-22.54,-22.13,-22.13,2.82,2.77,2.74,2.7,2.65,2.62,2.58,2.55,2.52,2.49,3.94,3.91,3.87,3.84,3.81,3.78,3.76,3.73,3.71,3.7,266.37,0,1,1,0,0,0,-1,0,None,aggregation
24,184.51,remora4,remora0,-30.03,-30.03,-30.03,-29.93,-29.93,-29.93,-21.27,-21.27,-29.87,-29.87,-29.2,-29.2,-29.2,-29.11,-29.11,-29.11,-20.45,-20.45,-29.05,-29.05,2.46,2.42,2.38,2.35,2.32,2.28,2.25,2.22,2.2,2.16,3.68,3.67,3.65,3.63,3.62,3.6,3.59,3.58,3.57,3.55,267.9,0,1,1,0,0,0,-1,0,None,aggregation
24,185.51,remora4,remora0,-29.82,-29.82,-29.82,-28.18,-28.18,-29.73,-29.73,-29.67,-29.67,-29.6,-29,-29,-29,-27.36,-27.36,-28.91,-28.91,-28.85,-28.85,-28.78,2.14,2.11,2.08,2.05,2.02,1.99,1.96,1.94,1.91,1.89,3.54,3.53,3.52,3.51,3.49,3.48,3.47,3.46,3.45,3.44,270.41,0,1,1,0,0,0,-1,0,None,aggregation
24,186.51,remora4,remora0,-29.6,-29.6,-29.61,-29.61,-29.5,-29.52,-29.52,-27.44,-27.44,-27.34,-28.78,-28.78,-28.79,-28.79,-28.68,-28.7,-28.7,-26.62,-26.62,-26.52,1.86,1.84,1.83,1.82,1.8,1.78,1.76,1.74,1.72,1.7,3.43,3.41,3.4,3.38,3.37,3.35,3.32,3.28,3.25,3.22,271.54,0,1,1,0,0,0,-1,0,None,aggregation
24,187.51,remora4,remora0,-27.34,-29.39,-29.39,-29.42,-29.42,-29.42,-29.42,-29.35,-29.35,-29.31,-26.52,-28.57,-28.57,-28.59,-28.59,-28.6,-28.6,-28.53,-28.53,-28.49,1.69,1.68,1.67,1.65,1.63,1.61,1.6,1.58,1.56,1.55,3.19,3.16,3.14,3.1,3.07,3.04,3.01,2.98,2.95,2.92,270.83,0,1,1,0,0,0,-1,0,None,aggregation
24,188.51,remora4,remora0,-29.31,0,0,0,0,0,0,0,0,0,-28.49,0,0,0,0,0,0,0,0,0,1.53,1.52,1.52,1.52,1.52,1.51,1.51,1.51,1.51,1.51,2.89,2.87,2.86,2.84,2.83,2.82,2.8,2.79,2.78,2.76,244.48,0,1,1,0,0,0,-1,0,None,aggregation
24,189.51,remora4,remora0,0,0,0,0,0,0,0,0,0,0,0,0,0,0,0,0,0,0,0,0,1.51,1.51,1.51,1.5,1.5,1.5,1.5,1.5,1.5,1.49,2.75,2.73,2.72,2.7,2.69,2.68,2.67,2.65,2.64,2.62,215.99,0,1,1,0,0,0,-1,0,None,aggregation
24,190.51,remora4,remora0,0,0,0,0,0,0,0,0,0,0,0,0,0,0,0,0,0,0,0,0,1.49,1.49,1.49,1.49,1.48,1.48,1.48,1.48,1.47,1.47,2.61,2.6,2.58,2.57,2.56,2.54,2.53,2.51,2.5,2.49,187.54,1,0,1,0,0,0,-1,0,None,aggregation
24,191.51,remora4,remora0,0,0,0,0,0,0,0,0,0,0,0,0,0,0,0,0,0,0,0,0,1.47,1.47,1.46,1.46,1.46,1.45,1.45,1.45,1.44,1.44,2.47,2.46,2.44,2.43,2.42,2.4,2.39,2.38,2.36,2.35,171.15,1,0,1,0,0,0,-1,0,None,aggregation
24,192.51,remora4,remora0,0,0,0,0,0,0,0,0,0,0,0,0,0,0,0,0,0,0,0,0,1.44,1.43,1.43,1.43,1.42,1.42,1.42,1.41,1.41,1.41,2.34,2.32,2.31,2.3,2.28,2.27,2.26,2.24,2.23,2.22,142.8,1,0,1,0,0,0,-1,0,None,aggregation
24,193.51,remora4,remora0,0,0,0,0,0,0,0,0,0,0,0,0,0,0,0,0,0,0,0,0,1.4,1.4,1.4,1.39,1.39,1.38,1.38,1.38,1.37,1.37,2.2,2.19,2.18,2.17,2.15,2.14,2.13,2.11,2.11,2.1,116.99,1,1,1,0,0,0,-1,0,None,aggregation
24,194.51,remora4,remora0,0,0,0,0,0,0,0,0,0,0,0,0,0,0,0,0,0,0,0,0,1.36,1.36,1.35,1.35,1.35,1.34,1.34,1.33,1.33,1.32,2.1,2.1,2.1,2.09,2.09,2.09,2.09,2.08,2.08,2.08,89.18,1,1,1,0,0,0,-1,0,None,aggregation
24,195.51,remora4,remora0,0,0,0,0,0,0,0,0,0,0,0,0,0,0,0,0,0,0,0,0,1.32,1.31,1.3,1.3,1.29,1.29,1.28,1.27,1.27,1.26,2.08,2.07,2.07,2.07,2.06,2.06,2.06,2.05,2.05,2.05,60.17,1,1,1,0,0,0,-1,0,None,aggregation
24,196.51,remora4,remora0,0,0,0,0,0,0,0,0,0,0,0,0,0,0,0,0,0,0,0,0,1.25,1.25,1.24,1.23,1.22,1.22,1.21,1.2,1.19,1.19,2.04,2.04,2.04,2.03,2.03,2.02,2.02,2.02,2.01,2.01,31.66,1,1,0,0,0,0,-1,0,None,aggregation
24,197.51,remora4,remora0,0,0,0,0,0,0,0,0,0,0,0,0,0,0,0,0,0,0,0,0,1.18,1.17,1.17,1.16,1.15,1.15,1.14,1.13,1.12,1.12,2,2,2,1.99,1.99,1.99,1.98,1.98,1.98,1.97,2.89,1,1,0,0,0,0,-1,0,None,aggregation
24,198.51,remora4,remora0,0,0,0,0,0,0,0,0,0,0,0,0,0,0,0,0,0,0,0,0,1.11,1.11,1.1,1.1,1.09,1.09,1.08,1.08,1.08,1.07,1.97,1.97,1.96,1.96,1.96,1.96,1.95,1.95,1.95,1.95,0,1,1,0,0,0,0,-1,0,None,aggregation
24,199.51,remora4,remora0,0,0,0,0,0,0,0,0,0,0,0,0,0,0,0,0,0,0,0,0,1.07,1.07,1.07,1.07,1.07,1.07,1.07,1.07,1.07,1.07,1.95,1.95,1.95,1.94,1.94,1.94,1.94,1.94,1.95,1.95,0,1,1,0,0,0,0,-1,0,None,aggregation
24,200.51,remora4,remora0,0,0,0,0,0,0,0,0,0,0,0,0,0,0,0,0,0,0,0,0,1.07,1.08,1.08,1.09,1.09,1.1,1.11,1.11,1.12,1.13,1.95,1.95,1.95,1.95,1.96,1.96,1.97,1.99,2,2.02,0,1,1,0,0,0,0,-1,0,None,aggregation
24,201.51,remora4,remora0,0,0,0,0,0,0,0,0,0,17.53,0,0,0,0,0,0,0,0,0,17.03,1.14,1.15,1.16,1.17,1.18,1.19,1.21,1.22,1.23,1.25,2.03,2.05,2.06,2.08,2.09,2.11,2.13,2.15,2.17,2.19,1.73,1,0,0,0,0,0,-1,0,None,aggregation
24,202.51,remora4,remora0,17.53,22.37,22.37,17.67,17.67,17.73,17.73,17.81,17.81,17.86,17.03,21.99,21.99,17.17,17.17,17.24,17.24,17.32,17.32,17.37,1.25,1.26,1.26,1.26,1.26,1.27,1.27,1.28,1.28,1.29,2.2,2.22,2.24,2.26,2.28,2.3,2.32,2.33,2.35,2.37,20.15,1,0,0,0,0,0,-1,0,None,aggregation
24,203.51,remora4,remora0,17.86,20.94,20.94,20.48,20.48,20.48,20.23,20.23,19.79,18.22,17.37,20.52,20.52,20.05,20.05,20.05,19.79,19.79,19.34,17.73,1.3,1.3,1.3,1.31,1.31,1.32,1.32,1.32,1.32,1.32,2.39,2.41,2.43,2.44,2.46,2.48,2.5,2.51,2.53,2.54,39.89,1,0,0,0,0,0,-1,0,None,aggregation
24,204.51,remora4,remora0,18.22,18.24,18.24,18.64,18.64,18.64,18.1,17.85,17.85,17.85,17.73,17.76,17.76,18.16,18.16,18.16,17.61,17.35,17.35,17.35,1.33,1.33,1.33,1.34,1.34,1.34,1.35,1.35,1.36,1.37,2.55,2.56,2.57,2.58,2.57,2.57,2.56,2.56,2.57,2.58,57.88,1,0,1,0,0,0,-1,0,None,aggregation
24,205.51,remora4,remora0,-0.7,17.07,17.07,17.04,17.04,18.08,18.08,18.08,17.99,17.99,-1.52,16.56,16.56,16.52,16.52,17.59,17.59,17.59,17.5,17.5,1.38,1.4,1.41,1.41,1.42,1.43,1.44,1.45,1.45,1.46,2.59,2.6,2.59,2.59,2.59,2.58,2.58,2.58,2.58,2.58,73.6,1,0,1,0,0,0,-1,0,None,aggregation
24,206.51,remora4,remora0,16.3,16.3,-0.66,-0.88,-0.88,-0.96,-0.96,-20.54,-20.54,-20.54,15.77,15.77,-1.48,-1.7,-1.7,-1.78,-1.78,-21.36,-21.36,-21.36,1.46,1.47,1.48,1.5,1.52,1.55,1.57,1.6,1.63,1.67,2.58,2.58,2.58,2.58,2.58,2.58,2.58,2.58,2.58,2.58,83.74,0,1,1,0,0,0,-1,0,None,aggregation
24,207.51,remora4,remora0,-1,-21.63,-21.63,18.4,18.4,-1.29,-1.29,-1.11,-1.11,18.72,-1.82,-22.45,-22.45,17.92,17.92,-2.11,-2.11,-1.93,-1.93,18.25,1.7,1.73,1.77,1.81,1.82,1.83,1.86,1.88,1.91,1.94,2.58,2.58,2.58,2.59,2.59,2.58,2.58,2.58,2.58,2.59,94.41,0,1,1,0,0,0,-1,0,None,aggregation
24,208.51,remora4,remora0,18.72,18.72,18.78,18.78,19.09,19.09,-0.57,19.63,19.63,-0.17,18.25,18.25,18.31,18.31,18.63,18.63,-1.39,19.18,19.18,-0.99,1.95,1.96,1.97,1.98,1.99,2,2.03,2.05,2.07,2.07,2.59,2.59,2.6,2.61,2.62,2.63,2.63,2.63,2.64,2.64,109.62,0,1,1,0,0,0,-1,0,None,aggregation
24,209.51,remora4,remora0,-0.17,20.01,20.01,0.33,0.33,0.33,20.65,20.65,-23.32,21.14,-0.99,19.57,19.57,-0.5,-0.5,-0.5,20.23,20.23,-24.14,20.73,2.1,2.12,2.13,2.14,2.16,2.18,2.19,2.22,2.26,2.3,2.65,2.67,2.68,2.69,2.69,2.69,2.7,2.7,2.71,2.71,122.22,0,1,1,0,0,0,-1,0,None,aggregation
24,210.51,remora4,remora0,21.14,0.77,0.77,0.77,-23.65,21.74,21.74,26.57,26.57,22.09,20.73,-0.05,-0.05,-0.05,-24.47,21.34,21.34,26.32,26.32,21.69,2.31,2.32,2.35,2.38,2.42,2.46,2.47,2.48,2.48,2.49,2.72,2.72,2.73,2.73,2.74,2.76,2.77,2.78,2.78,2.78,138.61,0,1,1,0,0,0,-1,0,None,aggregation
24,211.51,remora4,remora0,22.09,22.31,22.31,22.31,2.18,26.51,26.51,22.74,22.74,3.02,21.69,21.92,21.92,21.92,1.39,26.25,26.25,22.36,22.36,2.24,2.49,2.5,2.51,2.52,2.53,2.55,2.56,2.56,2.57,2.58,2.78,2.78,2.78,2.79,2.79,2.8,2.82,2.83,2.83,2.83,155.94,0,1,1,0,0,0,-1,0,None,aggregation
24,212.51,remora4,remora0,3.02,23.21,23.21,3.33,3.33,28.12,28.12,28.12,23.7,23.64,2.24,22.85,22.85,2.56,2.56,27.93,27.93,27.93,23.35,23.29,2.6,2.62,2.63,2.64,2.66,2.68,2.68,2.69,2.69,2.7,2.83,2.83,2.83,2.83,2.83,2.83,2.83,2.83,2.83,2.83,156.08,0,1,1,0,0,0,-1,0,None,aggregation
24,213.51,remora4,remora0,23.64,23.64,23.9,23.91,23.91,5.1,5.1,5.1,24.19,24.51,23.29,23.29,23.56,23.57,23.57,4.37,4.37,4.37,23.86,24.18,2.7,2.71,2.72,2.72,2.73,2.74,2.75,2.77,2.78,2.79,2.83,2.83,2.83,2.83,2.84,2.85,2.86,2.88,2.89,2.9,154.41,0,1,1,0,0,0,-1,0,None,aggregation
24,214.51,remora4,remora0,24.51,5.78,5.78,5.78,24.93,24.99,24.99,6.51,6.51,25.38,24.18,5.05,5.05,5.05,24.61,24.67,24.67,5.8,5.8,25.08,2.79,2.8,2.82,2.85,2.85,2.86,2.87,2.87,2.89,2.92,2.91,2.92,2.93,2.93,2.93,2.93,2.93,2.93,2.94,2.94,151.68,0,1,1,0,0,0,-1,0,None,aggregation
24,215.51,remora4,remora0,25.38,25.45,25.45,7.44,7.44,7.54,7.54,25.77,25.77,8.29,25.08,25.15,25.15,6.74,6.74,6.85,6.85,25.49,25.49,7.61,2.93,2.93,2.93,2.92,2.91,2.89,2.87,2.85,2.85,2.84,2.94,2.94,2.94,2.93,2.94,2.94,2.94,2.94,2.94,2.94,152.32,0,1,1,0,0,0,-1,0,None,aggregation
24,216.51,remora4,remora0,8.29,26.16,26.16,8.54,8.54,26.56,26.56,29.92,29.92,26.34,7.61,25.89,25.89,7.86,7.86,26.3,26.3,29.88,29.88,26.07,2.83,2.82,2.82,2.81,2.79,2.77,2.76,2.75,2.75,2.75,2.94,2.95,2.95,2.95,2.95,2.95,2.94,2.92,2.91,2.9,163.71,0,1,1,0,0,0,-1,0,None,aggregation
24,217.51,remora4,remora0,26.34,9.36,9.36,27.1,27.1,27.1,26.19,26.19,25.92,9.42,26.07,8.69,8.69,26.87,26.87,26.87,25.92,25.92,25.64,8.76,2.75,2.74,2.73,2.71,2.71,2.7,2.69,2.68,2.66,2.62,2.88,2.85,2.82,2.8,2.77,2.75,2.72,2.69,2.67,2.65,174.26,0,1,1,0,0,0,-1,0,None,aggregation
24,218.51,remora4,remora0,9.42,9.33,9.33,25.42,25.42,25.27,25.27,25.11,25.11,24.95,8.76,8.66,8.66,25.12,25.12,24.97,24.97,24.8,24.8,24.63,2.58,2.55,2.52,2.49,2.44,2.4,2.36,2.32,2.27,2.23,2.62,2.6,2.57,2.54,2.52,2.5,2.47,2.45,2.42,2.4,179.3,0,1,1,0,0,0,-1,0,None,aggregation
24,219.51,remora4,remora0,24.95,24.79,24.79,24.65,24.65,10.32,10.32,10.62,10.62,10.62,24.63,24.47,24.47,24.32,24.32,9.68,9.68,9.98,9.98,9.98,2.19,2.15,2.11,2.07,2.03,2,1.97,1.94,1.92,1.89,2.38,2.36,2.33,2.31,2.29,2.28,2.25,2.23,2.21,2.19,184.09,0,1,1,0,0,0,-1,0,None,aggregation
24,220.51,remora4,remora0,24.4,24.28,24.28,24.17,24.17,24.19,24.19,24.31,24.31,24.29,24.07,23.95,23.95,23.84,23.84,23.86,23.86,23.98,23.98,23.95,1.86,1.83,1.79,1.76,1.73,1.71,1.68,1.65,1.62,1.59,2.17,2.15,2.13,2.11,2.09,2.08,2.06,2.04,2.03,2.01,191.79,0,1,1,0,0,0,-1,0,None,aggregation
24,221.51,remora4,remora0,24.29,13.92,13.92,14.44,14.44,14.44,15.02,24.84,24.84,15.82,23.95,13.34,13.34,13.87,13.87,13.87,14.46,24.52,24.52,15.28,1.57,1.54,1.52,1.5,1.5,1.49,1.49,1.48,1.47,1.46,2,1.98,1.97,1.95,1.94,1.93,1.92,1.91,1.9,1.89,190.09,1,1,1,0,0,0,-1,0,None,aggregation
24,222.51,remora4,remora0,15.82,16.21,16.21,16.21,25.22,17,17,17.38,17.38,17.75,15.28,15.68,15.68,15.68,24.92,16.49,16.49,16.87,16.87,17.25,1.46,1.46,1.45,1.45,1.44,1.44,1.43,1.43,1.43,1.42,1.88,1.87,1.86,1.85,1.85,1.84,1.83,1.82,1.82,1.81,188.9,1,1,1,0,0,0,-1,0,None,aggregation
24,223.51,remora4,remora0,17.75,17.75,25.87,25.87,25.98,25.98,26.24,26.24,26.4,26.57,17.25,17.25,25.59,25.59,25.7,25.7,25.97,25.97,26.14,26.31,1.42,1.42,1.41,1.41,1.41,1.41,1.41,1.41,1.41,1.41,1.8,1.79,1.79,1.79,1.78,1.78,1.78,1.77,1.77,1.77,195.13,1,1,1,0,0,0,-1,0,None,aggregation
24,224.51,remora4,remora0,26.57,26.73,26.73,26.96,26.96,27.17,27.17,27.28,27.28,27.49,26.31,26.48,26.48,26.71,26.71,26.93,26.93,27.05,27.05,27.27,1.41,1.41,1.41,1.41,1.42,1.42,1.43,1.43,1.44,1.44,1.77,1.76,1.76,1.76,1.76,1.76,1.76,1.76,1.76,1.76,206.79,1,1,1,0,0,0,-1,0,None,aggregation
24,225.51,remora4,remora0,27.49,27.7,27.7,27.85,27.85,28,28,28.15,28.15,28.32,27.27,27.49,27.49,27.65,27.65,27.8,27.8,27.96,27.96,28.14,1.45,1.45,1.46,1.47,1.48,1.49,1.5,1.51,1.52,1.53,1.77,1.77,1.77,1.77,1.78,1.78,1.78,1.79,1.79,1.79,218.24,1,1,1,0,0,0,-1,0,None,aggregation
24,226.51,remora4,remora0,28.32,28.42,28.42,28.59,28.59,25.44,25.44,25.68,25.68,26.04,28.14,28.25,28.25,28.42,28.42,25.14,25.14,25.39,25.39,25.77,1.54,1.55,1.56,1.58,1.59,1.6,1.62,1.63,1.64,1.66,1.8,1.8,1.81,1.81,1.82,1.83,1.83,1.83,1.84,1.84,223.67,0,1,1,0,0,0,-1,0,None,aggregation
24,227.51,remora4,remora0,26.04,26.04,26.23,26.5,26.5,26.66,26.66,26.86,26.86,27.02,25.77,25.77,25.96,26.24,26.24,26.41,26.41,26.62,26.62,26.78,1.67,1.69,1.7,1.72,1.73,1.75,1.76,1.78,1.8,1.81,1.85,1.86,1.87,1.89,1.91,1.93,1.95,1.98,2,2.02,228.86,0,1,1,0,0,0,-1,0,None,aggregation
24,228.51,remora4,remora0,27.02,27.2,27.2,27.35,27.35,27.48,27.48,27.48,27.57,27.66,26.78,26.97,26.97,27.12,27.12,27.26,27.26,27.26,27.36,27.44,1.83,1.85,1.87,1.88,1.9,1.92,1.94,1.95,1.96,1.97,2.04,2.06,2.08,2.11,2.13,2.15,2.17,2.19,2.21,2.23,235.87,0,1,1,0,0,0,-1,0,None,aggregation
24,229.51,remora4,remora0,27.66,27.79,27.79,27.78,27.78,27.82,27.82,27.82,29.63,29.64,27.44,27.58,27.58,27.57,27.57,27.61,27.61,27.61,29.54,29.56,1.98,1.99,2.01,2.02,2.03,2.04,2.05,2.06,2.07,2.09,2.25,2.27,2.29,2.31,2.33,2.35,2.37,2.39,2.41,2.43,246.53,0,1,1,0,0,0,-1,0,None,aggregation
24,230.51,remora4,remora0,29.64,29.68,29.68,28.01,28.01,28.04,28.04,28.08,28.08,28.12,29.56,29.6,29.6,27.81,27.81,27.85,27.85,27.89,27.89,27.93,2.1,2.11,2.13,2.14,2.15,2.16,2.17,2.19,2.2,2.21,2.45,2.47,2.49,2.51,2.53,2.55,2.57,2.59,2.61,2.63,250.9,0,1,1,0,0,0,-1,0,None,aggregation
24,231.51,remora4,remora0,28.12,28.12,25.75,29.74,29.74,29.75,29.75,28.3,28.3,28.33,27.93,27.93,25.46,29.67,29.67,29.68,29.68,28.12,28.12,28.15,2.23,2.24,2.25,2.26,2.28,2.29,2.3,2.32,2.33,2.34,2.65,2.67,2.69,2.71,2.73,2.75,2.78,2.8,2.82,2.84,262.07,0,1,1,0,0,0,-1,0,None,aggregation
24,232.51,remora4,remora0,28.33,28.33,28.33,28.33,28.36,29.67,29.67,29.67,29.69,26.31,28.15,28.15,28.15,28.15,28.19,29.59,29.59,29.59,29.61,26.04,2.36,2.37,2.38,2.4,2.41,2.42,2.43,2.45,2.46,2.47,2.86,2.88,2.9,2.92,2.94,2.96,2.98,3.01,3.03,3.05,273.29,0,1,1,0,0,0,-1,0,None,aggregation
24,233.51,remora4,remora0,26.31,26.31,26.32,28.49,28.49,28.52,28.52,28.51,28.51,29.81,26.04,26.04,26.05,28.32,28.32,28.35,28.35,28.34,28.34,29.75,2.48,2.5,2.51,2.52,2.53,2.54,2.56,2.57,2.58,2.6,3.06,3.09,3.1,3.12,3.14,3.16,3.18,3.2,3.22,3.25,276.87,0,1,1,0,0,0,-1,0,None,aggregation
24,234.51,remora4,remora0,29.81,29.71,29.71,26.64,26.64,26.64,26.74,26.74,26.74,26.74,29.75,29.63,29.63,26.39,26.39,26.39,26.48,26.49,26.49,26.49,2.61,2.62,2.64,2.65,2.66,2.67,2.68,2.69,2.71,2.72,3.27,3.29,3.31,3.34,3.37,3.4,3.43,3.47,3.5,3.53,277.47,0,1,1,0,0,0,-1,0,None,aggregation
24,235.51,remora4,remora0,26.74,29.72,29.72,29.72,29.72,28.5,28.5,28.49,28.49,28.47,26.49,29.64,29.64,29.64,29.64,28.33,28.33,28.31,28.31,28.3,2.73,2.74,2.75,2.76,2.78,2.79,2.8,2.81,2.83,2.84,3.57,3.6,3.63,3.67,3.7,3.74,3.77,3.81,3.84,3.88,278.38,0,1,1,0,0,0,-1,0,None,aggregation
24,236.51,remora4,remora0,28.47,29.81,29.81,29.62,29.62,27.15,27.15,27.15,27.15,27.16,28.3,29.75,29.75,29.7,29.7,26.91,26.91,26.92,26.92,26.92,2.86,2.89,2.91,2.93,2.95,2.96,2.97,2.98,2.99,3,3.92,3.96,3.99,4.02,4.05,4.09,4.12,4.16,4.19,4.22,279.68,0,1,1,0,0,0,-1,0,None,aggregation
24,237.51,remora4,remora0,27.16,29.73,29.73,27.17,27.17,27.34,27.34,27.51,27.51,27.52,26.92,29.66,29.66,26.94,26.94,27.12,27.12,27.3,27.3,27.31,3.02,3.03,3.05,3.08,3.1,3.13,3.16,3.18,3.2,3.21,4.26,4.29,4.33,4.37,4.41,4.46,4.5,4.54,4.57,4.61,280.99,0,0,1,0,0,0,-1,0,None,aggregation
24,238.51,remora4,remora0,27.52,27.52,27.53,27.53,28.97,27.7,27.7,27.7,27.7,27.71,27.31,27.31,27.31,27.31,29.11,27.48,27.48,27.49,27.49,27.5,3.22,3.24,3.26,3.29,3.3,3.32,3.33,3.34,3.36,3.39,4.63,4.66,4.7,4.74,4.78,4.81,4.84,4.87,4.9,4.93,281.39,0,0,1,0,0,0,-1,0,None,aggregation
24,239.51,remora4,remora0,27.71,0,0,30,30,0,0,-20.56,-20.56,0,27.5,0,0,30,30,0,0,-19.74,-19.74,0,3.41,3.42,3.42,3.41,3.42,3.44,3.44,3.43,3.41,3.39,4.97,5,5.01,5.02,5.04,5.08,5.1,5.1,5.09,5.08,266.12,0,0,1,0,0,0,-1,0,None,aggregation
24,240.51,remora4,remora0,0,0,0,0,0,30,30,30,30,30,0,0,0,0,0,30,30,30,30,30,3.38,3.37,3.36,3.36,3.36,3.36,3.38,3.41,3.43,3.46,5.08,5.08,5.09,5.1,5.1,5.11,5.14,5.18,5.22,5.26,252.66,0,0,1,0,0,0,-1,0,None,aggregation
24,241.51,remora4,remora0,30,30,30,30,30,0,0,0,-4.74,-4.74,30,30,30,30,30,0,0,0,-15.2,-15.2,3.47,3.48,3.51,3.53,3.54,3.55,3.54,3.54,3.55,3.55,5.29,5.32,5.35,5.38,5.4,5.41,5.4,5.38,5.36,5.35,241.14,0,0,1,1,0,1,-1,0,None,aggregation
24,242.51,remora4,remora0,0,0,-30.18,0,0,0,0,0,0,0,0,0,-29.36,0,0,0,0,0,0,0,3.55,3.53,3.5,3.48,3.46,3.45,3.46,3.47,3.47,3.47,5.33,5.3,5.27,5.23,5.2,5.18,5.17,5.16,5.15,5.14,215.53,0,0,1,0,0,0,-1,0,None,aggregation
24,243.51,remora4,remora0,0,-22.08,-22.08,0,0,0,0,0,0,0,0,-21.26,-21.26,0,0,0,0,0,0,0,3.47,3.47,3.45,3.43,3.43,3.44,3.44,3.45,3.45,3.45,5.12,5.11,5.07,5.04,5.02,5.01,5,4.99,4.98,4.96,191.98,0,0,1,0,0,0,-1,0,None,aggregation
24,124.51,remora3,remora1,-21.01,-21.01,-20.73,-20.73,-20.46,-20.27,-20.27,-20,-20,-19.73,-20.18,-20.18,-19.9,-19.9,-19.63,-19.45,-19.45,-19.18,-19.18,-18.91,2.01,1.97,1.94,1.9,1.87,1.83,1.8,1.76,1.73,1.69,5.23,5.2,5.18,5.15,5.12,5.1,5.07,5.04,5.02,4.99,165.43,0,1,1,0,0,0,-1,0,None,aggregation
24,125.51,remora3,remora1,-19.73,-19.45,-19.45,-19.28,-19.28,0,0,0,0,0,-18.91,-18.62,-18.62,-18.45,-18.45,0,0,0,0,0,1.66,1.62,1.59,1.56,1.52,1.49,1.48,1.48,1.48,1.48,4.96,4.94,4.91,4.89,4.86,4.84,4.83,4.83,4.83,4.83,160.1,0,0,1,0,0,0,-1,0,None,aggregation
24,126.51,remora3,remora1,0,0,0,0,0,0,0,0,0,0,0,0,0,0,0,0,0,0,0,0,1.47,1.47,1.47,1.47,1.47,1.47,1.47,1.47,1.47,1.47,4.83,4.83,4.84,4.84,4.84,4.84,4.84,4.84,4.84,4.84,155.43,1,0,1,0,0,0,-1,0,None,aggregation
24,127.51,remora3,remora1,0,0,0,0,0,0,0,0,0,0,0,0,0,0,0,0,0,0,0,0,1.47,1.47,1.47,1.47,1.47,1.47,1.47,1.47,1.47,1.47,4.84,4.85,4.85,4.85,4.85,4.85,4.85,4.86,4.86,4.86,137.02,1,0,1,0,0,0,-1,0,None,aggregation
24,128.51,remora3,remora1,0,0,0,0,0,0,0,0,0,0,0,0,0,0,0,0,0,0,0,0,1.47,1.47,1.47,1.47,1.47,1.47,1.47,1.47,1.47,1.47,4.86,4.86,4.87,4.87,4.87,4.87,4.88,4.88,4.88,4.88,124.5,1,0,1,0,0,0,-1,0,None,aggregation
24,129.51,remora3,remora1,0,0,0,0,0,0,0,0,0,0,0,0,0,0,0,0,0,0,0,0,1.47,1.47,1.47,1.47,1.47,1.47,1.47,1.47,1.47,1.47,4.89,4.89,4.89,4.89,4.9,4.9,4.9,4.91,4.91,4.91,107.49,1,0,1,0,0,0,-1,0,None,aggregation
24,130.51,remora3,remora1,0,0,0,0,0,0,0,0,0,0,0,0,0,0,0,0,0,0,0,0,1.47,1.47,1.47,1.47,1.47,1.47,1.47,1.47,1.47,1.47,4.91,4.92,4.92,4.92,4.93,4.93,4.93,4.94,4.94,4.95,87.45,1,0,1,0,0,0,-1,0,None,aggregation
24,131.51,remora3,remora1,0,0,0,0,0,0,0,0,0,0,0,0,0,0,0,0,0,0,0,0,1.47,1.47,1.47,1.47,1.47,1.47,1.47,1.47,1.47,1.47,4.95,4.95,4.96,4.96,4.96,4.97,4.97,4.98,4.98,4.98,72.67,1,0,1,0,0,0,-1,0,None,aggregation
24,132.51,remora3,remora1,0,0,0,0,0,24.32,24.32,24.54,24.54,24.54,0,0,0,0,0,23.99,23.99,24.21,24.21,24.21,1.47,1.47,1.47,1.47,1.49,1.51,1.55,1.57,1.6,1.63,4.99,4.99,5,5,5.02,5.05,5.08,5.11,5.14,5.18,62.65,0,0,1,0,0,0,-1,0,None,aggregation
24,133.51,remora3,remora1,24.76,24.76,24.82,24.82,24.82,25.15,25.15,25.29,25.29,25.44,24.44,24.44,24.5,24.5,24.5,24.84,24.84,24.98,24.98,25.14,1.66,1.69,1.72,1.75,1.78,1.81,1.84,1.87,1.9,1.93,5.21,5.24,5.27,5.3,5.34,5.36,5.4,5.43,5.46,5.49,66.54,0,1,1,0,0,0,-1,0,None,aggregation
24,134.51,remora3,remora1,25.44,25.62,25.62,25.62,25.72,25.82,25.82,25.82,26.01,26.01,25.14,25.33,25.33,25.33,25.44,25.53,25.53,25.53,25.74,25.74,1.96,1.99,2.02,2.05,2.08,2.11,2.14,2.17,2.19,2.23,5.52,5.56,5.59,5.63,5.65,5.69,5.72,5.76,5.79,5.82,72.13,0,1,1,0,0,0,-1,0,None,aggregation
24,135.51,remora3,remora1,26.23,26.23,26.27,26.37,26.37,26.51,26.51,26.66,26.66,26.66,25.96,25.96,26,26.1,26.1,26.25,26.25,26.41,26.41,26.41,2.25,2.29,2.31,2.34,2.38,2.4,2.43,2.46,2.49,2.52,5.85,5.89,5.92,5.95,5.99,6.02,6.05,6.09,6.12,6.16,88.94,0,1,1,0,0,0,-1,0,None,aggregation
24,136.51,remora3,remora1,26.71,26.86,26.86,26.95,26.95,27.04,27.04,27.22,27.22,27.22,26.46,26.62,26.62,26.7,26.7,26.8,26.8,26.98,26.98,26.98,2.55,2.58,2.61,2.64,2.67,2.7,2.73,2.76,2.79,2.82,6.19,6.22,6.25,6.29,6.32,2.7,2.73,2.76,2.79,2.82,115.82,0,1,1,0,0,0,-1,0,None,aggregation
24,137.51,remora3,remora1,27.22,27.22,27.4,27.57,27.57,27.57,27.57,27.57,27.58,29.89,26.98,26.98,27.17,27.36,27.36,27.36,27.36,27.36,27.36,29.84,2.85,2.88,2.9,2.93,2.96,3,3.02,3.05,3.08,3.11,2.85,2.88,2.9,2.93,2.96,3,3.02,3.05,3.08,3.11,143.43,0,1,1,0,0,0,-1,0,None,aggregation
24,138.51,remora3,remora1,29.89,27.82,27.82,25.26,25.26,25.26,0,0,0,0,29.84,27.62,27.62,24.95,24.95,24.95,0,0,0,0,3.14,3.17,3.2,3.23,3.26,3.27,3.28,3.28,3.28,3.28,3.14,3.17,3.2,3.23,3.26,3.27,3.28,3.28,3.28,3.28,159.49,0,0,1,0,0,0,-1,0,None,aggregation
24,139.51,remora3,remora1,0,0,0,-13.85,-13.85,-13.87,-13.87,-25.84,-25.84,-25.69,0,0,0,-13.03,-13.03,-13.05,-13.05,-25.02,-25.02,-24.86,3.28,3.29,3.29,3.29,3.27,3.24,3.23,3.21,3.19,3.17,3.28,3.29,3.29,3.29,3.27,3.24,3.23,3.21,3.19,3.17,172.49,0,0,1,0,0,0,-1,0,None,aggregation
24,140.51,remora3,remora1,-25.69,-25.69,-12.28,-12.28,-25.03,-25.05,-25.05,-11.31,-11.31,-11.31,-24.86,-24.86,-11.46,-11.46,-24.21,-24.23,-24.23,-10.49,-10.49,-10.49,3.14,3.12,3.1,3.07,3.05,3.02,3,2.98,2.96,2.95,3.14,3.12,3.1,3.07,3.05,3.02,3,2.98,2.96,2.95,190.58,0,0,1,0,0,0,-1,0,None,aggregation
24,141.51,remora3,remora1,-24.54,-24.54,-24.54,-24.2,-24.2,-24.2,-24.2,-23.48,-23.48,-23.48,-23.72,-23.72,-23.72,-23.38,-23.38,-23.38,-23.38,-22.65,-22.65,-22.65,2.93,2.9,2.87,2.84,2.81,2.79,2.77,2.74,2.72,2.7,2.93,2.9,2.87,2.84,2.81,2.79,2.77,2.74,2.72,2.7,214.25,0,1,1,0,0,0,-1,0,None,aggregation
24,142.51,remora3,remora1,-23.31,-23.31,-23.12,-22.74,-22.74,-22.76,-22.76,-22.17,-22.17,-22.17,-22.49,-22.49,-22.3,-21.92,-21.92,-21.94,-21.94,-21.35,-21.35,-21.35,2.68,2.65,2.63,2.61,2.59,2.57,2.55,2.52,2.5,2.48,2.68,2.65,2.63,2.61,2.59,2.57,2.55,2.52,2.5,2.48,224.43,0,1,1,0,0,0,-1,0,None,aggregation
24,143.51,remora3,remora1,-21.77,-21.38,-21.38,-21.17,-21.17,-21.17,-20.76,-20.56,-20.56,-20.37,-20.95,-20.56,-20.56,-20.35,-20.35,-20.35,-19.94,-19.74,-19.74,-19.55,2.46,2.44,2.42,2.4,2.38,2.36,2.34,2.32,2.3,2.28,2.46,2.44,2.42,2.4,2.38,2.36,2.34,2.32,2.3,2.28,220.17,0,1,1,0,0,0,-1,0,None,aggregation
24,144.51,remora3,remora1,-20.37,-19.82,-19.82,-19.51,-19.51,-19.18,-19.18,-18.74,-18.74,-18.3,-19.55,-18.99,-18.99,-18.69,-18.69,-18.35,-18.35,-17.92,-17.92,-17.48,2.26,2.24,2.22,2.2,2.19,2.17,2.15,2.13,2.11,2.1,2.26,2.24,2.22,2.2,2.19,2.17,2.15,2.13,2.11,2.1,213.47,0,1,1,0,0,0,-1,0,None,aggregation
24,145.51,remora3,remora1,-18.3,-17.76,-17.76,-17.54,-17.54,-17.19,-17.19,-17.19,-16.86,-16.74,-17.48,-16.94,-16.94,-16.72,-16.72,-16.37,-16.37,-16.37,-16.04,-15.92,2.08,2.06,2.04,2.03,2.01,2,1.98,1.96,1.95,1.93,2.08,2.06,2.04,2.03,2.01,2,1.98,1.96,1.95,1.93,204.15,0,1,1,0,0,0,-1,0,None,aggregation
24,146.51,remora3,remora1,-16.74,-16.17,-16.17,-15.48,-15.48,-15.12,-15.12,-15.12,-14.78,-14.41,-15.92,-15.35,-15.35,-14.65,-14.65,-14.3,-14.3,-14.3,-13.96,-13.59,1.92,1.9,1.89,1.87,1.86,1.84,1.83,1.82,1.8,1.79,1.92,1.9,1.89,1.87,1.86,1.84,1.83,1.82,1.8,1.79,192.31,0,1,1,0,0,0,-1,0,None,aggregation
24,147.51,remora3,remora1,-14.41,-14.31,-14.31,-14.31,-13.82,-13.45,-13.45,-13.45,-12.84,-12.52,-13.59,-13.49,-13.49,-13.49,-13,-12.63,-12.63,-12.63,-12.02,-11.69,1.78,1.76,1.75,1.74,1.73,1.71,1.7,1.69,1.68,1.67,1.78,1.76,1.75,1.74,1.73,1.71,1.7,1.69,1.68,1.67,177.98,0,1,1,0,0,0,-1,0,None,aggregation
24,148.51,remora3,remora1,-12.52,-12.01,-12.01,-11.77,-11.77,-11.77,-11.39,-11.16,-11.16,-10.78,-11.69,-11.19,-11.19,-10.95,-10.95,-10.95,-10.56,-10.34,-10.34,-9.95,1.66,1.65,1.64,1.63,1.62,1.61,1.6,1.59,1.58,1.57,1.66,1.65,1.64,1.63,1.62,1.61,1.6,1.59,1.58,1.57,173.14,0,1,1,0,0,0,-1,0,None,aggregation
24,149.51,remora3,remora1,-10.78,-10.78,-10.17,-10.17,0,0,0,0,0,0,-9.95,-9.95,-9.35,-9.35,0,0,0,0,0,0,1.56,1.55,1.54,1.53,1.52,1.52,1.52,1.52,1.52,1.52,1.56,1.55,1.54,1.53,1.52,1.52,1.52,1.52,1.52,1.52,164.17,0,1,1,0,0,0,-1,0,None,aggregation
24,150.51,remora3,remora1,0,0,0,0,0,0,0,0,0,0,0,0,0,0,0,0,0,0,0,0,1.52,1.52,1.52,1.52,1.52,1.52,1.52,1.51,1.51,1.51,1.52,1.52,1.52,1.52,1.52,1.52,1.52,1.51,1.51,1.51,146.08,0,1,1,0,0,0,-1,0,None,aggregation
24,151.51,remora3,remora1,0,0,0,0,0,0,0,0,0,0,0,0,0,0,0,0,0,0,0,0,1.51,1.51,1.51,1.51,1.51,1.51,1.51,1.51,1.51,1.5,1.51,1.51,1.51,1.51,1.51,1.51,1.51,1.51,1.51,1.5,122.41,0,1,1,0,0,0,-1,0,None,aggregation
24,152.51,remora3,remora1,0,0,0,0,0,0,0,0,0,0,0,0,0,0,0,0,0,0,0,0,1.5,1.5,1.5,1.5,1.5,1.5,1.5,1.5,1.5,1.49,1.5,1.5,1.5,1.5,1.5,1.5,1.5,1.5,1.5,1.49,100.09,1,0,1,0,0,0,-1,0,None,aggregation
24,153.51,remora3,remora1,0,0,0,0,0,0,0,0,0,0,0,0,0,0,0,0,0,0,0,0,1.49,1.49,1.49,1.49,1.49,1.49,1.48,1.48,1.48,1.48,1.49,1.49,1.49,1.49,1.49,1.49,1.48,1.48,1.48,1.48,79.47,1,0,1,0,0,0,-1,0,None,aggregation
24,154.51,remora3,remora1,0,0,0,0,0,0,0,0,0,0,0,0,0,0,0,0,0,0,0,0,1.48,1.48,1.48,1.47,1.47,1.47,1.47,1.47,1.46,1.46,1.48,1.48,1.48,1.47,1.47,1.47,1.47,1.47,1.46,1.46,60.57,1,0,1,0,0,0,-1,0,None,aggregation
24,155.51,remora3,remora1,0,0,0,0,0,0,0,0,0,0,0,0,0,0,0,0,0,0,0,0,1.46,1.46,1.46,1.46,1.45,1.45,1.45,1.45,1.45,1.44,1.46,1.46,1.46,1.46,1.45,1.45,1.45,1.45,1.45,1.44,43.57,1,0,0,0,0,0,-1,0,None,aggregation
24,156.51,remora3,remora1,0,0,18.33,18.5,18.5,18.5,18.9,19.34,19.34,19.34,0,0,17.85,18.02,18.02,18.02,18.43,18.88,18.88,18.88,1.44,1.44,1.46,1.47,1.48,1.5,1.51,1.52,1.54,1.55,1.44,1.44,1.46,1.47,1.48,1.5,1.51,1.52,1.54,1.55,43.41,1,0,0,0,0,0,-1,0,None,aggregation
24,157.51,remora3,remora1,19.75,20.1,20.1,20.44,20.44,20.81,20.81,21.12,21.12,21.51,19.3,19.65,19.65,20,20,20.38,20.38,20.7,20.7,21.1,1.57,1.58,1.6,1.61,1.63,1.64,1.66,1.68,1.69,1.71,1.57,1.58,1.6,1.61,1.63,1.64,1.66,1.68,1.69,1.71,50.54,0,1,1,0,0,0,-1,0,None,aggregation
24,158.51,remora3,remora1,21.51,21.77,21.77,22.02,22.02,22.37,22.37,22.72,22.72,22.72,21.1,21.37,21.37,21.63,21.63,21.98,21.98,22.35,22.35,22.35,1.73,1.74,1.76,1.78,1.8,1.81,1.83,1.85,1.87,1.89,1.73,1.74,1.76,1.78,1.8,1.81,1.83,1.85,1.87,1.89,61.32,0,1,1,0,0,0,-1,0,None,aggregation
24,159.51,remora3,remora1,23.06,23.06,23.4,23.61,23.61,23.74,23.74,24.07,24.07,24.37,22.69,22.69,23.04,23.25,23.25,23.39,23.39,23.73,23.73,24.04,1.91,1.93,1.95,1.97,1.99,2.01,2.03,2.05,2.07,2.09,1.91,1.93,1.95,1.97,1.99,2.01,2.03,2.05,2.07,2.09,80.79,0,1,1,0,0,0,-1,0,None,aggregation
24,160.51,remora3,remora1,24.37,24.37,24.63,24.63,24.78,24.78,25.03,25.03,25.24,25.52,24.04,24.04,24.31,24.31,24.46,24.46,24.72,24.72,24.94,25.23,2.11,2.13,2.15,2.17,2.19,2.22,2.24,2.26,2.28,2.3,2.11,2.13,2.15,2.17,2.19,2.22,2.24,2.26,2.28,2.3,105.47,0,1,1,0,0,0,-1,0,None,aggregation
24,161.51,remora3,remora1,25.52,25.52,25.74,25.9,25.9,25.9,25.98,26.2,26.2,26.2,25.23,25.23,25.46,25.62,25.62,25.62,25.7,25.93,25.93,25.93,2.33,2.35,2.37,2.4,2.42,2.44,2.46,2.49,2.51,2.54,2.33,2.35,2.37,2.4,2.42,2.44,2.46,2.49,2.51,2.54,131.24,0,1,1,0,0,0,-1,0,None,aggregation
24,162.51,remora3,remora1,26.44,26.44,26.59,26.89,26.89,26.94,26.94,26.94,27.08,27.25,26.18,26.18,26.34,26.64,26.64,26.7,26.7,26.7,26.84,27.02,2.56,2.59,2.61,2.63,2.66,2.68,2.71,2.73,2.76,2.78,2.56,2.59,2.61,2.63,2.66,2.68,2.71,2.73,2.76,2.78,157.95,0,1,1,0,0,0,-1,0,None,aggregation
24,163.51,remora3,remora1,27.25,27.36,27.36,27.44,27.44,29.99,29.99,29.99,29.99,27.86,27.02,27.13,27.13,27.21,27.21,29.98,29.98,29.98,29.98,27.66,2.81,2.83,2.86,2.88,2.91,2.93,2.96,2.99,3.02,3.05,2.81,2.83,2.86,2.88,2.91,2.93,2.96,2.99,3.02,3.05,186.35,0,1,1,0,0,0,-1,0,None,aggregation
24,164.51,remora3,remora1,27.86,27.86,27.86,30,30,30,28.17,24.62,24.62,24.62,27.66,27.66,27.66,30,30,30,27.98,24.3,24.3,24.3,3.07,3.1,3.13,3.15,3.18,3.21,3.24,3.26,3.29,3.31,3.07,3.1,3.13,3.15,3.18,3.21,3.24,3.26,3.29,3.31,213.82,0,0,1,0,0,0,-1,0,None,aggregation
24,165.51,remora3,remora1,-13.63,-13.54,-13.54,-13.16,-13.16,-12.72,-12.72,-12.25,-12.25,20.34,-3.17,-3.08,-3.08,-2.69,-2.69,-2.26,-2.26,-1.79,-1.79,19.91,3.32,3.31,3.3,3.29,3.28,3.27,3.27,3.26,3.25,3.24,3.32,3.31,3.3,3.29,3.28,3.27,3.27,3.26,3.25,3.24,222.83,0,0,1,1,0,1,-1,0,None,aggregation
24,166.51,remora3,remora1,20.34,24.73,24.73,-11.4,-11.4,-11.4,-11.11,-10.54,-10.54,-10.54,19.91,24.41,24.41,-0.94,-0.94,-0.94,-0.64,-0.07,-0.07,-0.07,3.25,3.27,3.29,3.31,3.31,3.3,3.29,3.29,3.28,3.28,3.25,3.27,3.29,3.31,3.31,3.3,3.29,3.29,3.28,3.28,218.9,0,0,1,1,0,1,-1,0,None,aggregation
24,167.51,remora3,remora1,-9.95,-9.33,-9.33,-8.69,-8.69,-8.03,-8.03,-8.03,-7.2,-7.2,0.52,1.13,1.13,1.77,1.77,2.43,2.43,2.43,3.26,3.26,3.27,3.27,3.27,3.26,3.26,3.26,3.25,3.25,3.25,3.25,3.27,3.27,3.27,3.26,3.26,3.26,3.25,3.25,3.25,3.25,201.71,0,0,1,0,0,0,-1,0,None,aggregation
24,168.51,remora3,remora1,25.94,25.94,25.94,-6.1,-6.1,-5.91,-5.91,-5.91,-5.22,-4.3,25.66,25.66,25.66,4.37,4.37,4.56,4.56,4.56,5.24,5.7,3.26,3.28,3.29,3.31,3.32,3.32,3.32,3.32,3.32,3.32,3.26,3.28,3.29,3.31,3.32,3.32,3.32,3.32,3.32,3.32,187.89,0,0,1,0,0,0,-1,0,None,aggregation
24,169.51,remora3,remora1,-4.3,-3.39,-3.39,-2.53,-2.53,-1.71,-1.71,-0.95,-0.95,-0.14,5.7,6.15,6.15,6.58,6.58,6.98,6.98,7.34,7.34,7.73,3.32,3.32,3.33,3.33,3.33,3.33,3.34,3.34,3.35,3.35,3.32,3.32,3.33,3.33,3.33,3.33,3.34,3.34,3.35,3.35,166.7,0,0,1,0,0,0,-1,0,None,aggregation
24,170.51,remora3,remora1,-0.14,23.06,23.06,10.43,10.43,10.26,10.26,23.29,23.29,23.29,7.73,23.42,23.42,11.06,11.06,10.89,10.89,23.64,23.64,23.64,3.35,3.36,3.37,3.38,3.39,3.39,3.4,3.41,3.42,3.43,3.35,3.36,3.37,3.38,3.39,3.39,3.4,3.41,3.42,3.43,158.35,0,0,1,0,0,0,-1,0,None,aggregation
24,171.51,remora3,remora1,9.88,9.88,9.73,9.76,9.76,22.74,22.74,22.74,22.74,9.37,10.52,10.52,10.37,10.41,10.41,23.1,23.1,23.1,23.1,10.02,3.44,3.45,3.46,3.46,3.47,3.48,3.49,3.5,3.51,3.51,3.44,3.45,3.46,3.46,3.47,3.48,3.49,3.5,3.51,3.51,147.78,0,0,1,0,0,0,-1,0,None,aggregation
24,172.51,remora3,remora1,22.44,22.44,22.44,9.29,9.29,9.05,9.05,9.05,9.07,22.4,22.81,22.81,22.81,9.94,9.94,9.7,9.7,9.7,9.73,22.78,3.52,3.53,3.53,3.54,3.55,3.55,3.56,3.56,3.56,3.56,3.52,3.53,3.53,3.54,3.55,3.55,3.56,3.56,3.56,3.56,135.79,0,0,1,0,0,0,-1,0,None,aggregation
24,173.51,remora3,remora1,22.4,22.39,22.39,22.39,8.87,8.87,22.1,22.1,8.67,8.7,22.78,22.77,22.77,22.77,9.53,9.53,22.48,22.48,9.33,9.36,3.57,3.58,3.59,3.6,3.6,3.61,3.61,3.62,3.62,3.62,3.57,3.58,3.59,3.6,3.6,3.61,3.61,3.62,3.62,3.62,124.52,0,0,1,0,0,0,-1,0,None,aggregation
24,174.51,remora3,remora1,8.7,8.7,8.69,22.06,22.06,21.77,21.77,21.77,21.77,8.24,9.36,9.36,9.36,22.45,22.45,22.16,22.16,22.16,22.16,8.91,3.63,3.63,3.63,3.63,3.63,3.64,3.65,3.65,3.66,3.67,3.63,3.63,3.63,3.63,3.63,3.64,3.65,3.65,3.66,3.67,113.85,0,0,1,0,0,0,-1,0,None,aggregation
24,175.51,remora3,remora1,8.24,8.24,-13.73,-13.68,-13.68,-13.68,-13.68,12.23,12.23,12.23,8.91,8.91,-3.27,-3.21,-3.21,-3.21,-3.21,12.82,12.82,12.82,3.68,3.69,3.69,3.69,3.69,3.69,3.68,3.68,3.68,3.68,3.68,3.69,3.69,3.69,3.69,3.69,3.68,3.68,3.68,3.68,114.55,0,0,1,1,0,1,-1,0,None,aggregation
24,176.51,remora3,remora1,24.13,24.13,-12.56,-12.54,-12.54,-12.16,-12.16,-11.65,-11.65,-11.11,24.46,24.46,-2.1,-2.08,-2.08,-1.69,-1.69,-1.18,-1.18,-0.64,3.69,3.69,3.7,3.7,3.7,3.7,3.7,3.69,3.69,3.69,3.69,3.69,3.7,3.7,3.7,3.7,3.7,3.69,3.69,3.69,113.91,0,0,1,0,0,0,-1,0,None,aggregation
24,177.51,remora3,remora1,-11.11,-10.54,-10.54,-10.54,-9.95,-9.95,-9.32,-8.69,-8.69,29.25,-0.64,-0.08,-0.08,-0.08,0.52,0.52,1.14,1.78,1.78,29.37,3.69,3.68,3.68,3.68,3.67,3.67,3.67,3.67,3.67,3.66,3.69,3.68,3.68,3.68,3.67,3.67,3.67,3.67,3.67,3.66,117.84,0,0,1,0,0,0,-1,0,None,aggregation
24,178.51,remora3,remora1,29.25,-7.68,-7.68,-7.31,-7.31,-7.31,-6.63,-6.63,-5.94,-5.94,29.37,2.78,2.78,3.16,3.16,3.16,3.83,3.83,4.52,4.52,3.65,3.64,3.64,3.64,3.64,3.64,3.64,3.64,3.64,3.64,3.65,3.64,3.64,3.64,3.64,3.64,3.64,3.64,3.64,3.64,114.12,0,0,1,0,0,0,-1,0,None,aggregation
24,179.51,remora3,remora1,-5.26,-4.33,-4.33,-3.43,-3.43,-2.58,-2.58,-1.77,-1.77,-1.77,5.21,5.68,5.68,6.13,6.13,6.55,6.55,6.95,6.95,6.95,3.64,3.63,3.63,3.63,3.63,3.63,3.63,3.63,3.63,3.62,3.64,3.63,3.63,3.63,3.63,3.63,3.63,3.63,3.63,3.62,113.41,0,0,1,0,0,0,-1,0,None,aggregation
24,180.51,remora3,remora1,-0.99,-0.25,-0.25,29.99,29.99,28.17,28.17,30,30,30,7.33,7.68,7.68,30,30,27.98,27.98,29.99,29.99,29.99,3.62,3.62,3.62,3.61,3.59,3.57,3.54,3.51,3.49,3.46,3.62,3.62,3.62,3.61,3.59,3.57,3.54,3.51,3.49,3.46,118.75,0,0,1,0,0,0,-1,0,None,aggregation
24,181.51,remora3,remora1,30,30,30,30,27.93,30,30,30,30,30,29.99,29.99,29.99,29.99,27.73,29.98,29.98,29.98,29.98,29.98,3.43,3.41,3.38,3.35,3.32,3.3,3.27,3.25,3.22,3.19,3.43,3.41,3.38,3.35,3.32,3.3,3.27,3.25,3.22,3.19,133.32,0,0,1,0,0,0,-1,0,None,aggregation
24,182.51,remora3,remora1,29.99,29.99,29.99,29.99,29.99,29.99,29.99,29.98,29.98,29.97,29.98,29.98,29.98,29.97,29.97,29.97,29.97,29.96,29.96,29.94,3.17,3.14,3.12,3.09,3.06,3.04,3.01,2.99,2.96,2.93,3.17,3.14,3.12,3.09,3.06,3.04,3.01,2.99,2.96,2.93,148.58,0,0,1,0,0,0,-1,0,None,aggregation
24,183.51,remora3,remora1,29.97,29.96,29.96,29.96,29.96,29.96,29.96,29.95,29.95,29.93,29.94,29.93,29.93,29.93,29.93,29.93,29.93,29.91,29.91,29.89,2.91,2.88,2.85,2.83,2.8,2.78,2.75,2.72,2.7,2.68,2.91,2.88,2.85,2.83,2.8,2.78,2.75,2.72,2.7,2.68,161.38,0,1,1,0,0,0,-1,0,None,aggregation
24,184.51,remora3,remora1,29.93,29.93,29.93,29.92,29.92,29.91,29.91,29.91,29.87,29.87,29.89,29.89,29.89,29.88,29.88,29.86,29.86,29.86,29.82,29.82,2.65,2.63,2.6,2.58,2.55,2.53,2.5,2.47,2.45,2.42,2.65,2.63,2.6,2.58,2.55,2.53,2.5,2.47,2.45,2.42,174.47,0,1,1,0,0,0,-1,0,None,aggregation
24,185.51,remora3,remora1,29.85,29.86,29.86,29.86,0,0,0,0,0,0,29.79,29.8,29.8,29.8,0,0,0,0,0,0,2.4,2.38,2.35,2.33,2.31,2.31,2.3,2.3,2.3,2.3,2.4,2.38,2.35,2.33,2.31,2.31,2.3,2.3,2.3,2.3,176.69,0,1,1,0,0,0,-1,0,None,aggregation
24,186.51,remora3,remora1,0,0,0,0,0,0,0,0,0,0,0,0,0,0,0,0,0,0,0,0,2.3,2.29,2.29,2.29,2.29,2.28,2.28,2.28,2.28,2.28,2.3,2.29,2.29,2.29,2.29,2.28,2.28,2.28,2.28,2.28,166.38,0,1,1,0,0,0,-1,0,None,aggregation
24,187.51,remora3,remora1,0,0,0,0,0,0,0,0,0,0,0,0,0,0,0,0,0,0,0,0,2.27,2.27,2.27,2.27,2.27,2.26,2.26,2.26,2.26,2.26,2.27,2.27,2.27,2.27,2.27,2.26,2.26,2.26,2.26,2.26,159.23,0,1,1,0,0,0,-1,0,None,aggregation
24,188.51,remora3,remora1,0,0,0,0,0,0,0,0,0,0,0,0,0,0,0,0,0,0,0,0,2.26,2.25,2.25,2.25,2.25,2.25,2.25,2.25,2.24,2.24,2.26,2.25,2.25,2.25,2.25,2.25,2.25,2.25,2.24,2.24,154.76,0,1,1,0,0,0,-1,0,None,aggregation
24,189.51,remora3,remora1,0,0,0,0,0,0,0,0,0,0,0,0,0,0,0,0,0,0,0,0,2.24,2.24,2.24,2.24,2.24,2.23,2.23,2.23,2.23,2.23,2.24,2.24,2.24,2.24,2.24,2.23,2.23,2.23,2.23,2.23,153.18,0,1,1,0,0,0,-1,0,None,aggregation
24,190.51,remora3,remora1,0,0,0,0,0,0,0,0,0,0,0,0,0,0,0,0,0,0,0,0,2.23,2.23,2.23,2.22,2.22,2.22,2.22,2.22,2.22,2.22,2.23,2.23,2.23,2.22,2.22,2.22,2.22,2.22,2.22,2.22,131.51,0,1,1,0,0,0,-1,0,None,aggregation
24,191.51,remora3,remora1,0,0,0,0,0,0,0,0,0,0,0,0,0,0,0,0,0,0,0,0,2.22,2.22,2.22,2.21,2.21,2.21,2.21,2.21,2.21,2.21,2.22,2.22,2.22,2.21,2.21,2.21,2.21,2.21,2.21,2.21,101.73,0,1,1,0,0,0,-1,0,None,aggregation
24,192.51,remora3,remora1,0,0,-29.41,-29.34,-29.34,-29.45,-29.45,-29.51,-29.51,-29.51,0,0,-28.59,-28.52,-28.52,-28.62,-28.62,-28.69,-28.69,-28.69,2.21,2.21,2.23,2.25,2.27,2.3,2.32,2.34,2.37,2.39,2.21,2.21,2.23,2.25,2.27,2.3,2.32,2.34,2.37,2.39,94.98,0,1,1,0,0,0,-1,0,None,aggregation
24,193.51,remora3,remora1,-29.53,-29.53,-29.49,-29.46,-29.46,-29.47,-29.47,-29.57,-29.57,-29.57,-28.71,-28.71,-28.67,-28.64,-28.64,-28.65,-28.65,-28.74,-28.74,-28.75,2.41,2.44,2.46,2.49,2.51,2.54,2.56,2.59,2.61,2.64,2.41,2.44,2.46,2.49,2.51,2.54,2.56,2.59,2.61,2.64,94.14,0,1,1,0,0,0,-1,0,None,aggregation
24,194.51,remora3,remora1,-29.57,-29.5,-29.5,-29.46,-29.46,-29.56,-29.56,-29.56,-29.56,-29.57,-28.75,-28.68,-28.68,-28.64,-28.64,-28.73,-28.73,-28.74,-28.74,-28.75,2.66,2.69,2.72,2.74,2.77,2.79,2.82,2.85,2.87,2.9,2.66,2.69,2.72,2.74,2.77,2.79,2.82,2.85,2.87,2.9,93.38,0,1,1,0,0,0,-1,0,None,aggregation
24,195.51,remora3,remora1,-29.57,-29.57,-29.45,-29.45,-29.42,-18.87,-18.87,-29.51,-29.51,-29.47,-28.75,-28.75,-28.63,-28.63,-28.6,-18.04,-18.04,-28.69,-28.69,-28.65,2.93,2.96,2.98,3.01,3.04,3.06,3.08,3.1,3.12,3.15,2.93,2.96,2.98,3.01,3.04,3.06,3.08,3.1,3.12,3.15,108.4,0,0,1,0,0,0,-1,0,None,aggregation
24,196.51,remora3,remora1,-29.47,-19.26,-19.26,-29.39,-29.39,-29.4,-29.4,-19.65,-19.65,-29.3,-28.65,-18.44,-18.44,-28.56,-28.56,-28.58,-28.58,-18.83,-18.83,-28.48,3.17,3.2,3.22,3.24,3.26,3.29,3.32,3.35,3.37,3.39,3.17,3.2,3.22,3.24,3.26,3.29,3.32,3.35,3.37,3.39,133.41,0,0,1,0,0,0,-1,0,None,aggregation
24,197.51,remora3,remora1,-29.3,-29.22,-29.22,2.55,2.55,2.74,2.74,3.2,3.2,3.65,-28.48,-28.4,-28.4,8.94,8.94,9.02,9.02,9.21,9.21,9.38,3.41,3.44,3.47,3.49,3.5,3.5,3.49,3.49,3.48,3.47,3.41,3.44,3.47,3.49,3.5,3.5,3.49,3.49,3.48,3.47,146.28,0,0,1,0,0,0,-1,0,None,aggregation
24,198.51,remora3,remora1,3.65,3.65,4.06,4.45,4.45,4.81,4.81,5.15,5.15,-11.37,9.38,9.38,9.54,9.68,9.68,9.81,9.81,9.93,9.93,-10.55,3.47,3.46,3.46,3.45,3.44,3.44,3.43,3.42,3.42,3.41,3.47,3.46,3.46,3.45,3.44,3.44,3.43,3.42,3.42,3.41,153.74,0,0,1,0,0,0,-1,0,None,aggregation
24,199.51,remora3,remora1,-11.37,-24.29,-24.29,5.74,5.74,5.95,5.95,5.95,6.21,-22.54,-10.55,-23.47,-23.47,10.11,10.11,10.17,10.17,10.17,10.24,-21.72,3.41,3.43,3.45,3.45,3.45,3.44,3.43,3.43,3.42,3.41,3.41,3.43,3.45,3.45,3.45,3.44,3.43,3.43,3.42,3.41,166.65,0,0,1,0,0,0,-1,0,None,aggregation
24,200.51,remora3,remora1,-22.54,-21.87,-21.87,-21.87,6.68,6.68,6.83,7.02,7.02,7.21,-21.72,-21.05,-21.05,-21.05,10.36,10.36,10.39,10.43,10.43,10.46,3.42,3.44,3.46,3.47,3.47,3.46,3.45,3.45,3.44,3.43,3.42,3.44,3.46,3.47,3.47,3.46,3.45,3.45,3.44,3.43,180.49,0,0,1,0,0,0,-1,0,None,aggregation
24,201.51,remora3,remora1,7.21,-19.61,-19.61,-19.61,-19.27,7.56,7.56,7.65,7.65,7.8,10.46,-18.78,-18.78,-18.78,-18.45,10.51,10.51,10.52,10.52,10.54,3.42,3.41,3.42,3.44,3.46,3.47,3.47,3.46,3.45,3.44,3.42,3.41,3.42,3.44,3.46,3.47,3.47,3.46,3.45,3.44,193.56,0,0,1,0,0,0,-1,0,None,aggregation
24,202.51,remora3,remora1,7.8,7.8,7.93,-1.2,-1.2,-16.47,-16.47,-16.47,-0.95,8.22,10.54,10.54,10.55,-0.38,-0.38,-15.65,-15.65,-15.65,-0.13,10.56,3.44,3.43,3.42,3.41,3.41,3.41,3.42,3.43,3.44,3.44,3.44,3.43,3.42,3.41,3.41,3.41,3.42,3.43,3.44,3.44,179.06,0,0,1,0,0,0,-1,0,None,aggregation
24,203.51,remora3,remora1,8.22,8.3,8.3,0.38,0.38,0.38,-15.12,8.51,8.51,8.56,10.56,10.56,10.56,1.18,1.18,1.18,-14.29,10.56,10.56,10.55,3.44,3.43,3.42,3.41,3.41,3.42,3.43,3.44,3.43,3.43,3.44,3.43,3.42,3.41,3.41,3.42,3.43,3.44,3.43,3.43,157.35,0,0,1,0,0,0,-1,0,None,aggregation
24,204.51,remora3,remora1,8.56,-14.38,-14.38,1.66,1.66,1.66,8.73,8.78,8.78,8.78,10.55,-13.56,-13.56,2.45,2.45,2.45,10.54,10.53,10.53,10.53,3.42,3.42,3.43,3.44,3.44,3.44,3.43,3.42,3.42,3.41,3.42,3.42,3.43,3.44,3.44,3.44,3.43,3.42,3.42,3.41,136.46,0,0,1,0,0,0,-1,0,None,aggregation
24,205.51,remora3,remora1,-13.22,2.68,2.68,8.93,8.93,2.68,2.68,-12.34,-12.34,-12.34,-12.4,3.45,3.45,10.51,10.51,3.45,3.45,-11.52,-11.52,-11.52,3.42,3.43,3.43,3.42,3.42,3.41,3.4,3.41,3.41,3.42,3.42,3.43,3.43,3.42,3.42,3.41,3.4,3.41,3.41,3.42,117.53,0,0,1,0,0,0,-1,0,None,aggregation
24,206.51,remora3,remora1,-12.01,9.09,9.09,9.13,9.13,3.96,3.96,-11.14,-11.14,-11.14,-11.19,10.48,10.48,10.47,10.47,4.7,4.7,-10.31,-10.31,-10.31,3.43,3.44,3.44,3.43,3.42,3.42,3.41,3.41,3.42,3.43,3.43,3.44,3.44,3.43,3.42,3.42,3.41,3.41,3.42,3.43,101.69,0,0,1,0,0,0,-1,0,None,aggregation
24,207.51,remora3,remora1,4.19,4.19,4.19,-10.75,-10.75,-10.43,-10.43,9.34,9.34,9.37,4.93,4.93,4.93,-9.93,-9.93,-9.61,-9.61,10.4,10.4,10.39,3.43,3.42,3.42,3.42,3.42,3.43,3.44,3.44,3.44,3.43,3.43,3.42,3.42,3.42,3.42,3.43,3.44,3.44,3.44,3.43,97.22,0,0,1,0,0,0,-1,0,None,aggregation
24,208.51,remora3,remora1,9.37,9.37,5.17,5.17,-9.7,-9.7,-9.38,5.66,5.66,-9.45,10.39,10.39,5.9,5.9,-8.88,-8.88,-8.56,6.37,6.37,-8.63,3.42,3.42,3.41,3.41,3.41,3.42,3.43,3.43,3.43,3.42,3.42,3.42,3.41,3.41,3.41,3.42,3.43,3.43,3.43,3.42,97.71,0,0,1,0,0,0,-1,0,None,aggregation
24,209.51,remora3,remora1,-9.45,9.54,9.54,6.14,6.14,6.14,-8.64,-8.64,-8.79,9.63,-8.63,10.32,10.32,6.85,6.85,6.85,-7.81,-7.81,-7.97,10.28,3.43,3.43,3.43,3.42,3.42,3.41,3.42,3.43,3.43,3.43,3.43,3.43,3.43,3.42,3.42,3.41,3.42,3.43,3.43,3.43,93.11,0,0,1,0,0,0,-1,0,None,aggregation
24,210.51,remora3,remora1,9.63,7.09,7.09,7.09,-8.11,-8.11,7.09,-7.87,-7.87,-7.74,10.28,7.78,7.78,7.78,-7.28,-7.28,7.78,-7.05,-7.05,-6.92,3.43,3.42,3.41,3.41,3.41,3.42,3.41,3.41,3.41,3.42,3.43,3.42,3.41,3.41,3.41,3.42,3.41,3.41,3.41,3.42,87,0,0,1,0,0,0,-1,0,None,aggregation
24,211.51,remora3,remora1,-7.74,-7.55,-7.55,-7.55,9.77,9.79,9.79,-7.19,-7.19,8.03,-6.92,-6.73,-6.73,-6.73,10.19,10.18,10.18,-6.37,-6.37,8.7,3.42,3.43,3.43,3.44,3.43,3.43,3.42,3.41,3.42,3.42,3.42,3.43,3.43,3.44,3.43,3.43,3.42,3.41,3.42,3.42,82,0,0,1,0,0,0,-1,0,None,aggregation
24,212.51,remora3,remora1,8.03,-6.5,-6.5,-6.51,-6.51,8.48,8.48,8.48,8.48,-6.15,8.7,-5.68,-5.68,-5.69,-5.69,9.15,9.15,9.15,9.15,-5.33,3.41,3.41,3.41,3.41,3.42,3.42,3.41,3.41,3.4,3.4,3.41,3.41,3.41,3.41,3.42,3.42,3.41,3.41,3.4,3.4,80.65,0,0,1,0,0,0,-1,0,None,aggregation
24,213.51,remora3,remora1,-6.15,-6.15,9.18,-5.47,-5.47,-5.47,-5.47,-5.47,9.39,-4.92,-5.33,-5.33,9.83,-4.64,-4.64,-4.64,-4.64,-4.64,10.04,-4.1,3.4,3.4,3.39,3.39,3.39,3.4,3.4,3.4,3.4,3.39,3.4,3.4,3.39,3.39,3.39,3.4,3.4,3.4,3.4,3.39,79.3,0,0,1,0,0,0,-1,0,None,aggregation
24,214.51,remora3,remora1,-4.92,-4.93,-4.93,-4.93,-4.91,9.84,9.84,-4.39,-4.39,-4.24,-4.1,-4.11,-4.11,-4.11,-4.09,10.48,10.48,-3.57,-3.57,-3.42,3.4,3.4,3.4,3.4,3.41,3.41,3.4,3.4,3.4,3.4,3.4,3.4,3.4,3.4,3.41,3.41,3.4,3.4,3.4,3.4,76.55,0,0,1,0,0,0,-1,0,None,aggregation
24,215.51,remora3,remora1,-4.24,10.28,10.28,-4.16,-4.16,-4.03,-4.03,10.72,10.72,-3.32,-3.42,10.92,10.92,-3.34,-3.34,-3.2,-3.2,11.35,11.35,-2.5,3.4,3.41,3.4,3.39,3.4,3.4,3.4,3.4,3.4,3.39,3.4,3.41,3.4,3.39,3.4,3.4,3.4,3.4,3.4,3.39,74.99,0,0,1,0,0,0,-1,0,None,aggregation
24,216.51,remora3,remora1,-3.32,-3.34,-3.34,11.16,11.16,-3.11,-3.11,-2.82,-2.82,11.81,-2.5,-2.52,-2.52,11.78,11.78,-2.29,-2.29,-2,-2,12.42,3.39,3.39,3.4,3.4,3.39,3.38,3.38,3.39,3.39,3.39,3.39,3.39,3.4,3.4,3.39,3.38,3.38,3.39,3.39,3.39,71.23,0,0,1,0,0,0,-1,0,None,aggregation
24,217.51,remora3,remora1,11.81,-2.59,-2.59,-2.3,-2.3,12.43,12.43,12.43,-1.64,-1.63,12.42,-1.77,-1.77,-1.48,-1.48,13.02,13.02,13.02,-0.81,-0.81,3.38,3.38,3.38,3.38,3.38,3.38,3.37,3.37,3.37,3.37,3.38,3.38,3.38,3.38,3.38,3.38,3.37,3.37,3.37,3.37,68.92,0,0,1,0,0,0,-1,0,None,aggregation
24,218.51,remora3,remora1,-1.63,12.44,12.44,-1.27,-1.27,13.26,13.26,-0.47,-0.47,13.67,-0.81,13.03,13.03,-0.45,-0.45,13.84,13.84,0.35,0.35,14.24,3.37,3.37,3.36,3.35,3.35,3.35,3.34,3.34,3.33,3.33,3.37,3.37,3.36,3.35,3.35,3.35,3.34,3.34,3.33,3.33,67.93,0,0,1,0,0,0,-1,0,None,aggregation
24,219.51,remora3,remora1,13.67,-0.13,-0.13,14.47,14.47,0.53,0.53,0.67,0.67,0.67,14.24,0.69,0.69,15.03,15.03,1.34,1.34,1.48,1.48,1.48,3.33,3.32,3.32,3.32,3.31,3.3,3.3,3.3,3.3,3.3,3.33,3.32,3.32,3.32,3.31,3.3,3.3,3.3,3.3,3.3,64.53,0,0,1,0,0,0,-1,0,None,aggregation
24,220.51,remora3,remora1,0.89,1.03,1.03,15.08,15.08,1.55,1.55,15.26,15.26,2.18,1.69,1.83,1.83,15.62,15.62,2.33,2.33,15.8,15.8,2.95,3.3,3.3,3.29,3.29,3.29,3.28,3.28,3.27,3.27,3.26,3.3,3.3,3.29,3.29,3.29,3.28,3.28,3.27,3.27,3.26,64.03,0,0,1,0,0,0,-1,0,None,aggregation
24,221.51,remora3,remora1,2.18,16.03,16.03,2.52,2.52,2.52,16.41,3,3,17.15,2.95,16.55,16.55,3.29,3.29,3.29,16.92,3.76,3.76,17.64,3.26,3.26,3.25,3.24,3.24,3.24,3.23,3.22,3.22,3.22,3.26,3.26,3.25,3.24,3.24,3.24,3.23,3.22,3.22,3.22,64.44,0,0,1,0,0,0,-1,0,None,aggregation
24,222.51,remora3,remora1,17.15,3.91,3.91,3.91,4.28,4.26,4.26,17.87,17.87,5.03,17.64,4.66,4.66,4.66,5.02,5,5,18.35,18.35,5.75,3.21,3.2,3.2,3.2,3.2,3.19,3.19,3.19,3.18,3.18,3.21,3.2,3.2,3.2,3.2,3.19,3.19,3.19,3.18,3.18,65.64,0,0,1,0,0,0,-1,0,None,aggregation
24,223.51,remora3,remora1,5.03,5.03,5.52,5.52,5.5,5.5,18.57,18.57,5.7,6.18,5.75,5.75,6.24,6.24,6.22,6.22,19.03,19.03,6.41,6.89,3.17,3.17,3.17,3.16,3.16,3.16,3.15,3.15,3.15,3.14,3.17,3.17,3.17,3.16,3.16,3.16,3.15,3.15,3.15,3.14,68.03,0,0,1,0,0,0,-1,0,None,aggregation
24,224.51,remora3,remora1,6.18,6.44,6.44,6.93,6.93,6.92,6.92,7.13,7.13,7.38,6.89,7.14,7.14,7.62,7.62,7.61,7.61,7.82,7.82,8.07,3.14,3.14,3.13,3.13,3.13,3.13,3.12,3.12,3.12,3.11,3.14,3.14,3.13,3.13,3.13,3.13,3.12,3.12,3.12,3.11,69.75,0,0,1,0,0,0,-1,0,None,aggregation
24,225.51,remora3,remora1,7.38,7.72,7.72,7.85,7.85,8.05,8.05,8.58,8.58,8.76,8.07,8.4,8.4,8.53,8.53,8.72,8.72,9.24,9.24,9.42,3.11,3.11,3.11,3.1,3.1,3.1,3.09,3.09,3.09,3.09,3.11,3.11,3.11,3.1,3.1,3.1,3.09,3.09,3.09,3.09,71.67,0,0,1,0,0,0,-1,0,None,aggregation
24,226.51,remora3,remora1,8.76,21.17,21.17,9.22,9.22,9.67,9.67,21.78,21.78,21.78,9.42,21.58,21.58,9.87,9.87,10.31,10.31,22.17,22.17,22.17,3.08,3.08,3.07,3.07,3.07,3.06,3.06,3.06,3.05,3.05,3.08,3.08,3.07,3.07,3.07,3.06,3.06,3.06,3.05,3.05,81.95,0,0,1,0,0,0,-1,0,None,aggregation
24,227.51,remora3,remora1,10.11,10.11,10.55,11,11,10.99,10.99,11.42,11.42,22.93,10.74,10.74,11.18,11.62,11.62,11.61,11.61,12.03,12.03,23.29,3.04,3.04,3.04,3.04,3.03,3.03,3.03,3.02,3.02,3.02,3.04,3.04,3.04,3.04,3.03,3.03,3.03,3.02,3.02,3.02,88.21,0,0,1,0,0,0,-1,0,None,aggregation
24,228.51,remora3,remora1,22.93,12.09,12.09,12.27,12.27,12.7,12.7,12.7,12.91,13.12,23.29,12.69,12.69,12.86,12.86,13.28,13.28,13.28,13.49,13.69,3.01,3.01,3.01,3.01,3,3,3,3,2.99,2.99,3.01,3.01,3.01,3.01,3,3,3,3,2.99,2.99,95.11,0,0,1,0,0,0,-1,0,None,aggregation
24,229.51,remora3,remora1,13.12,13.53,13.53,13.72,13.72,24.01,24.01,24.01,14.13,14.3,13.69,14.1,14.1,14.29,14.29,24.34,24.34,24.34,14.69,14.86,2.99,2.99,2.99,2.99,2.98,2.98,2.98,2.98,2.98,2.97,2.99,2.99,2.99,2.99,2.98,2.98,2.98,2.98,2.98,2.97,107.25,0,1,1,0,0,0,-1,0,None,aggregation
24,230.51,remora3,remora1,14.3,14.93,14.93,9.01,9.01,15.52,15.52,15.51,15.51,15.9,14.86,15.47,15.47,9.67,9.67,16.05,16.05,16.04,16.04,16.42,2.97,2.97,2.97,2.97,2.97,2.97,2.97,2.97,2.97,2.97,2.97,2.97,2.97,2.97,2.97,2.97,2.97,2.97,2.97,2.97,114.31,0,1,1,0,0,0,-1,0,None,aggregation
24,231.51,remora3,remora1,15.9,15.9,16.28,16.47,16.47,11.21,11.21,16.85,16.85,11.62,16.42,16.42,16.8,16.98,16.98,11.82,11.82,17.35,17.35,12.23,2.97,2.97,2.97,2.97,2.97,2.97,2.97,2.97,2.97,2.97,2.97,2.97,2.97,2.97,2.97,2.97,2.97,2.97,2.97,2.97,120.99,0,1,1,0,0,0,-1,0,None,aggregation
24,232.51,remora3,remora1,11.62,12.05,12.05,12.05,12.47,17.96,17.96,17.96,18.14,18.31,12.23,12.65,12.65,12.65,13.06,18.44,18.44,18.44,18.61,18.78,2.97,2.97,2.97,2.97,2.98,2.98,2.98,2.98,2.98,2.98,2.97,2.97,2.97,2.97,2.98,2.98,2.98,2.98,2.98,2.98,127.74,0,1,1,0,0,0,-1,0,None,aggregation
24,233.51,remora3,remora1,18.31,18.31,18.67,19.02,19.02,19.2,19.2,19.55,19.55,27.06,18.78,18.78,19.13,19.48,19.48,19.65,19.65,20,20,27.29,2.99,2.99,2.99,3,3,3,3.01,3.01,3.01,3.02,2.99,2.99,2.99,3,3,3,3.01,3.01,3.01,3.02,139.3,0,0,1,0,0,0,-1,0,None,aggregation
24,234.51,remora3,remora1,27.06,27.06,27.06,27.06,16.06,16.06,0,0,0,2.68,27.29,27.29,27.29,27.29,16.58,16.58,0,0,0,1.9,3.02,3.03,3.04,3.04,3.05,3.05,3.05,3.05,3.05,3.05,3.02,3.03,3.04,3.04,3.05,3.05,3.05,3.05,3.05,3.05,146.47,0,0,1,0,0,0,-1,0,None,aggregation
24,235.51,remora3,remora1,2.68,-12.32,-12.32,0,0,0,0,-12.04,-12.04,-18.32,1.9,-13.14,-13.14,0,0,0,0,-12.86,-12.86,-19.14,3.05,3.05,3.04,3.04,3.04,3.04,3.04,3.04,3.04,3.03,3.05,3.05,3.04,3.04,3.04,3.04,3.04,3.04,3.04,3.03,145.22,0,0,1,0,0,0,-1,0,None,aggregation
24,236.51,remora3,remora1,-18.32,-11.54,-11.54,4.13,4.13,4.62,4.62,-10.58,-10.58,-10.58,-19.14,-12.37,-12.37,3.38,3.38,3.87,3.87,-11.4,-11.4,-11.4,3.03,3.02,3.02,3.02,3.02,3.02,3.02,3.02,3.02,3.02,3.03,3.02,3.02,3.02,3.02,3.02,3.02,3.02,3.02,3.02,138.7,0,0,1,0,0,0,-1,0,None,aggregation
24,237.51,remora3,remora1,-10.58,-10.27,-10.27,-9.99,-9.99,-9.79,-9.79,6.04,6.04,-15.77,-11.4,-11.09,-11.09,-10.81,-10.81,-10.61,-10.61,5.32,5.32,-16.59,3.01,3.01,3.01,3.01,3,3,3,3,3,3,3.01,3.01,3.01,3.01,3,3,3,3,3,3,136.46,0,0,1,0,0,0,-1,0,None,aggregation
24,238.51,remora3,remora1,-15.77,-15.77,-8.8,-8.8,6.97,-8.5,-8.5,7.45,7.45,-7.99,-16.59,-16.59,-9.62,-9.62,6.27,-9.32,-9.32,6.76,6.76,-8.81,3,3,3,2.99,3,3,2.99,2.99,2.99,2.99,3,3,3,2.99,3,3,2.99,2.99,2.99,2.99,132.38,0,1,1,0,0,0,-1,0,None,aggregation
24,239.51,remora3,remora1,-7.99,7.44,7.44,-14.16,-14.16,-7.46,-7.46,8.37,8.37,-6.95,-8.81,6.74,6.74,-14.98,-14.98,-8.28,-8.28,7.69,7.69,-7.78,2.99,2.99,2.99,2.99,2.99,2.99,2.99,2.99,2.99,2.99,2.99,2.99,2.99,2.99,2.99,2.99,2.99,2.99,2.99,2.99,124.42,0,1,1,0,0,0,-1,0,None,aggregation
24,240.51,remora3,remora1,-6.95,-6.71,-6.71,-6.43,-6.43,-6.44,-6.44,-6.44,-5.92,-5.92,-7.78,-7.53,-7.53,-7.25,-7.25,-7.26,-7.26,-7.26,-6.74,-6.74,2.99,2.99,2.99,2.99,2.99,2.99,2.99,2.99,2.99,2.99,2.99,2.99,2.99,2.99,2.99,2.99,2.99,2.99,2.99,2.99,116.97,0,1,1,0,0,0,-1,0,None,aggregation
24,241.51,remora3,remora1,0,0,0,-5.62,-5.62,-5.62,-5.62,-5.11,-5.11,-5.11,0,0,0,-6.44,-6.44,-6.44,-6.44,-5.93,-5.93,-5.93,2.99,2.99,2.99,2.99,2.99,2.99,2.99,2.99,2.99,2.99,2.99,2.99,2.99,2.99,2.99,2.99,2.99,2.99,2.99,2.99,105.89,0,1,1,0,0,0,-1,0,None,aggregation
24,242.51,remora3,remora1,10.13,10.13,-4.9,-4.89,-4.89,-4.89,10.56,10.56,-4.36,-4.34,9.48,9.48,-5.72,-5.71,-5.71,-5.71,9.92,9.92,-5.18,-5.16,2.99,2.99,2.99,2.99,2.99,2.99,2.99,2.99,2.99,2.99,2.99,2.99,2.99,2.99,2.99,2.99,2.99,2.99,2.99,2.99,97.65,0,1,1,0,0,0,-1,0,None,aggregation
24,243.51,remora3,remora1,-4.34,10.99,10.99,-4.04,-4.04,10.99,10.99,-3.82,-3.82,0,-5.16,10.36,10.36,-4.86,-4.86,10.36,10.36,-4.64,-4.64,0,2.99,2.99,2.99,2.99,2.99,2.99,2.99,2.99,2.99,2.99,2.99,2.99,2.99,2.99,2.99,2.99,2.99,2.99,2.99,2.99,84.12,0,1,1,0,0,0,-1,0,None,aggregation
24,124.51,remora3,remora8,17.86,17.85,17.8,17.8,17.66,17.65,17.49,17.49,17.36,17.31,18.34,18.32,18.27,18.27,18.14,18.12,17.97,17.97,17.84,17.79,2.01,1.97,1.94,1.9,1.87,1.83,1.8,1.76,1.73,1.69,4.36,4.35,4.33,4.32,4.3,4.29,4.27,4.26,4.25,4.23,188.74,0,1,1,0,0,0,98.43,1,GradualMotor,aggregation
24,125.51,remora3,remora8,17.29,17.27,17.24,17.2,17.19,17.17,0,0,0,0,17.77,17.75,17.72,17.68,17.66,17.65,0,0,0,0,1.66,1.62,1.59,1.56,1.52,1.49,1.48,1.48,1.48,1.48,4.22,4.2,4.19,4.18,4.17,4.16,4.15,4.15,4.15,4.15,178.33,0,0,1,0,0,0,97.43,1,GradualMotor,aggregation
24,126.51,remora3,remora8,0,0,0,0,0,0,0,0,0,0,0,0,0,0,0,0,0,0,0,0,1.47,1.47,1.47,1.47,1.47,1.47,1.47,1.47,1.47,1.47,4.15,4.15,4.15,4.15,4.15,4.15,4.15,4.15,4.15,4.15,159.04,1,0,1,0,0,0,96.43,1,GradualMotor,aggregation
24,127.51,remora3,remora8,0,0,0,0,0,0,0,0,0,0,0,0,0,0,0,0,0,0,0,0,1.47,1.47,1.47,1.47,1.47,1.47,1.47,1.47,1.47,1.47,4.15,4.15,4.15,4.15,4.15,4.15,4.16,4.16,4.16,4.16,141.05,1,0,1,0,0,0,95.43,1,GradualMotor,aggregation
24,128.51,remora3,remora8,0,0,0,0,0,0,0,0,0,0,0,0,0,0,0,0,0,0,0,0,1.47,1.47,1.47,1.47,1.47,1.47,1.47,1.47,1.47,1.47,4.16,4.16,4.16,4.16,4.17,4.17,4.17,4.17,4.17,4.17,124.54,1,0,1,0,0,0,94.43,1,GradualMotor,aggregation
24,129.51,remora3,remora8,0,0,0,0,0,0,0,0,0,0,0,0,0,0,0,0,0,0,0,0,1.47,1.47,1.47,1.47,1.47,1.47,1.47,1.47,1.47,1.47,4.18,4.18,4.18,4.18,4.18,4.19,4.19,4.19,4.19,4.19,104.53,1,0,1,0,0,0,93.43,1,GradualMotor,aggregation
24,130.51,remora3,remora8,0,0,0,0,0,0,0,0,0,0,0,0,0,0,0,0,0,0,0,0,1.47,1.47,1.47,1.47,1.47,1.47,1.47,1.47,1.47,1.47,4.2,4.2,4.2,4.2,4.21,4.21,4.21,4.22,4.22,4.22,84.05,1,0,1,0,0,0,92.43,1,GradualMotor,aggregation
24,131.51,remora3,remora8,0,0,0,0,0,0,0,0,0,0,0,0,0,0,0,0,0,0,0,0,1.47,1.47,1.47,1.47,1.47,1.47,1.47,1.47,1.47,1.47,4.23,4.23,4.23,4.24,4.24,4.24,4.25,4.25,4.25,4.26,65.98,1,0,1,0,0,0,91.43,1,GradualMotor,aggregation
24,132.51,remora3,remora8,0,0,0,0,0,-6.66,-6.66,-6.62,-6.4,-6.4,0,0,0,0,0,-7.4,-7.4,-7.37,-7.14,-7.14,1.47,1.47,1.47,1.47,1.49,1.51,1.55,1.57,1.6,1.63,4.26,4.26,4.27,4.27,4.28,4.3,4.32,4.33,4.35,4.36,50.33,0,0,1,0,0,0,90.43,1,GradualMotor,aggregation
24,133.51,remora3,remora8,-6.3,-6.3,-6.13,-6.13,-6.13,-5.7,-5.69,-5.69,-5.57,-5.56,-7.04,-7.04,-6.88,-6.88,-6.87,-6.44,-6.43,-6.42,-6.3,-6.3,1.66,1.69,1.72,1.75,1.78,1.81,1.84,1.87,1.9,1.93,4.38,4.4,4.41,4.43,4.45,4.46,4.48,4.5,4.51,4.53,38.1,0,1,0,0,0,0,89.43,1,GradualMotor,aggregation
24,134.51,remora3,remora8,-5.43,-5.43,-5.15,-5.15,-5.07,-4.86,-4.86,-4.86,-4.61,-4.61,-6.17,-6.16,-5.88,-5.88,-5.8,-5.59,-5.58,-5.58,-5.34,-5.34,1.96,1.99,2.02,2.05,2.08,2.11,2.14,2.17,2.19,2.23,4.55,4.57,4.58,4.6,4.62,4.64,4.65,4.67,4.69,4.71,25.6,0,1,0,0,0,0,88.43,1,GradualMotor,aggregation
24,135.51,remora3,remora8,-4.49,-4.49,-4.32,-4.31,-4.31,-4.09,-3.98,-3.98,-3.8,-3.8,-5.22,-5.22,-5.04,-5.03,-5.03,-4.82,-4.7,-4.7,-4.52,-4.52,2.25,2.29,2.31,2.34,2.38,2.4,2.43,2.46,2.49,2.52,4.73,4.75,4.76,4.78,4.8,4.82,4.84,4.86,4.87,4.89,19.64,0,1,0,0,0,0,87.43,1,GradualMotor,aggregation
24,136.51,remora3,remora8,-3.73,-3.45,-3.44,-3.33,-3.33,-3.33,-3.21,-2.76,-2.76,-2.75,-4.45,-4.16,-4.16,-4.05,-4.04,-4.04,-3.92,-3.47,-3.47,-3.46,2.55,2.58,2.61,2.64,2.67,2.7,2.73,2.76,2.79,2.82,4.91,4.93,4.95,4.97,4.99,5.01,5.03,5.05,5.06,5.09,23.2,0,1,0,0,0,0,86.43,1,GradualMotor,aggregation
24,137.51,remora3,remora8,-2.67,-2.67,-2.56,-2.14,-2.14,-2.14,-2.07,-2.07,-1.98,-1.97,-3.38,-3.38,-3.27,-2.84,-2.84,-2.84,-2.77,-2.77,-2.68,-2.68,2.85,2.88,2.9,2.93,2.96,3,3.02,3.05,3.08,3.11,5.1,5.13,5.14,5.16,5.18,5.21,5.22,5.25,5.26,5.28,25.79,0,1,0,0,0,0,85.43,1,GradualMotor,aggregation
24,138.51,remora3,remora8,-1.69,-1.59,-1.59,-1.58,-1.46,-1.46,-1.05,-0.93,-0.92,-0.92,-2.39,-2.29,-2.29,-2.28,-2.16,-2.16,-1.75,-1.62,-1.62,-1.62,3.14,3.17,3.2,3.23,3.26,3.27,3.28,3.28,3.28,3.28,5.31,5.33,5.35,5.37,5.39,5.4,5.41,5.42,5.43,5.43,27.46,0,0,0,0,0,0,84.43,1,GradualMotor,aggregation
24,139.51,remora3,remora8,-0.93,-0.93,-0.9,13.55,13.53,13.53,-0.47,-0.37,-0.37,-0.37,-1.63,-1.63,-1.59,13.1,13.09,13.09,-1.16,-1.06,-1.06,-1.06,3.28,3.29,3.29,3.29,3.27,3.24,3.23,3.21,3.19,3.17,5.44,5.45,5.46,5.46,5.46,5.47,5.47,5.47,5.46,5.46,32.13,0,0,0,0,0,0,83.43,1,GradualMotor,aggregation
24,140.51,remora3,remora8,-0.28,-0.28,13.88,13.88,-0.18,-0.12,-0.12,-0.18,-0.18,-0.18,-0.97,-0.97,13.45,13.45,-0.86,-0.8,-0.8,-0.86,-0.86,-0.86,3.14,3.12,3.1,3.07,3.05,3.02,3,2.98,2.96,2.95,5.45,5.45,5.45,5.45,5.44,5.43,5.41,5.4,5.4,5.4,35.29,0,0,0,0,0,0,82.43,1,GradualMotor,aggregation
24,141.51,remora3,remora8,-0.08,14.3,14.28,0.08,0.08,0.08,0.08,0.12,0.12,0.12,-0.76,13.89,13.87,-0.6,-0.6,-0.6,-0.59,-0.55,-0.55,-0.55,2.93,2.9,2.87,2.84,2.81,2.79,2.77,2.74,2.72,2.7,5.4,5.39,5.39,5.39,5.38,5.38,5.38,5.37,5.37,5.37,38.32,0,1,0,0,0,0,81.43,1,GradualMotor,aggregation
24,142.51,remora3,remora8,0.21,0.21,0.16,0.15,0.23,0.28,0.28,0.21,0.21,0.21,-0.46,-0.46,-0.51,-0.51,-0.44,-0.39,-0.39,-0.46,-0.46,-0.46,2.68,2.65,2.63,2.61,2.59,2.57,2.55,2.52,2.5,2.48,5.36,5.36,5.35,5.34,5.33,5.32,5.31,5.31,5.31,5.31,34.98,0,1,0,0,0,0,80.43,1,GradualMotor,aggregation
24,143.51,remora3,remora8,0.36,0.36,0.28,0.28,0.3,0.3,0.38,0.38,0.45,0.41,-0.3,-0.3,-0.38,-0.38,-0.36,-0.36,-0.27,-0.27,-0.2,-0.24,2.46,2.44,2.42,2.4,2.38,2.36,2.34,2.32,2.3,2.28,5.3,5.3,5.3,5.3,5.3,5.3,5.29,5.29,5.29,5.29,28.74,0,1,0,0,0,0,79.43,1,GradualMotor,aggregation
24,144.51,remora3,remora8,0.41,0.41,0.28,0.34,0.34,0.41,0.41,0.36,0.36,0.36,-0.24,-0.24,-0.37,-0.31,-0.31,-0.23,-0.23,-0.29,-0.29,-0.29,2.26,2.24,2.22,2.2,2.19,2.17,2.15,2.13,2.11,2.1,5.29,5.29,5.29,5.29,5.29,5.29,5.29,5.29,5.29,5.29,23.43,0,1,0,0,0,0,78.43,1,GradualMotor,aggregation
24,145.51,remora3,remora8,0.26,0.32,0.32,0.32,0.32,0.37,0.36,0.36,0.36,0.43,-0.38,-0.32,-0.32,-0.32,-0.32,-0.27,-0.27,-0.27,-0.27,-0.21,2.08,2.06,2.04,2.03,2.01,2,1.98,1.96,1.95,1.93,5.29,5.29,5.29,5.29,5.3,5.3,5.3,5.3,5.3,5.3,18.94,0,1,0,0,0,0,77.43,1,GradualMotor,aggregation
24,146.51,remora3,remora8,0.43,0.43,0.49,0.41,0.41,0.41,0.48,0.47,0.47,0.36,-0.21,-0.21,-0.14,-0.22,-0.22,-0.22,-0.15,-0.15,-0.15,-0.27,1.92,1.9,1.89,1.87,1.86,1.84,1.83,1.82,1.8,1.79,5.31,5.31,5.31,5.31,5.31,5.32,5.32,5.32,5.33,5.33,15.5,0,1,0,0,0,0,76.43,1,GradualMotor,aggregation
24,147.51,remora3,remora8,0.36,0.36,0.34,0.34,0.31,0.31,0.41,0.41,0.44,0.44,-0.27,-0.27,-0.29,-0.29,-0.31,-0.31,-0.21,-0.21,-0.17,-0.17,1.78,1.76,1.75,1.74,1.73,1.71,1.7,1.69,1.68,1.67,5.33,5.34,5.34,5.34,5.35,5.35,5.36,5.36,5.36,5.36,12.97,0,1,0,0,0,0,75.43,1,GradualMotor,aggregation
24,148.51,remora3,remora8,0.3,0.28,0.27,0.27,0.38,0.38,0.38,0.37,0.37,0.34,-0.32,-0.34,-0.34,-0.34,-0.23,-0.23,-0.24,-0.24,-0.24,-0.27,1.66,1.65,1.64,1.63,1.62,1.61,1.6,1.59,1.58,1.57,5.35,5.35,5.35,5.36,5.36,5.36,5.36,5.35,5.35,5.36,11.35,0,1,0,0,0,0,74.43,1,GradualMotor,aggregation
24,149.51,remora3,remora8,0.34,0.34,0.3,0.3,0.32,0.31,0.31,0.31,0.31,0.45,-0.27,-0.27,-0.31,-0.31,-0.28,-0.3,-0.3,-0.3,-0.3,-0.15,1.56,1.55,1.54,1.53,1.52,1.52,1.52,1.52,1.52,1.52,5.36,5.35,5.35,5.34,5.34,5.34,5.35,5.36,5.37,5.37,6.71,0,1,0,0,0,0,73.43,1,GradualMotor,aggregation
24,150.51,remora3,remora8,0.45,0.64,0.64,0.75,0.75,0.76,0.76,0.76,0.86,0.86,-0.15,0.04,0.04,0.16,0.16,0.17,0.17,0.17,0.28,0.28,1.52,1.52,1.52,1.52,1.52,1.52,1.52,1.51,1.51,1.51,5.37,5.37,5.37,5.38,5.39,5.4,5.41,5.42,5.43,5.43,3.98,0,1,0,0,0,0,72.43,1,GradualMotor,aggregation
24,151.51,remora3,remora8,0.98,0.98,0.98,1.06,1.06,1.05,1.18,1.36,1.36,1.36,0.4,0.4,0.4,0.48,0.48,0.48,0.61,0.79,0.79,0.79,1.51,1.51,1.51,1.51,1.51,1.51,1.51,1.51,1.51,1.5,5.43,5.43,5.43,5.44,5.45,5.46,5.47,5.48,5.49,5.5,1.8,0,1,0,0,0,0,71.43,1,GradualMotor,aggregation
24,152.51,remora3,remora8,1.46,1.45,1.45,1.45,1.58,1.58,1.74,1.74,1.74,1.74,0.89,0.88,0.88,0.88,1.02,1.02,1.18,1.18,1.19,1.19,1.5,1.5,1.5,1.5,1.5,1.5,1.5,1.5,1.5,1.49,5.51,5.51,5.51,5.51,5.52,5.53,5.53,5.53,5.53,5.53,2.99,1,0,0,0,0,0,70.43,1,GradualMotor,aggregation
24,153.51,remora3,remora8,1.86,1.86,2.12,2.12,2.12,2.09,2.09,2.3,2.29,2.29,1.31,1.31,1.57,1.57,1.58,1.55,1.55,1.76,1.76,1.76,1.49,1.49,1.49,1.49,1.49,1.49,1.48,1.48,1.48,1.48,5.53,5.55,5.55,5.55,5.55,5.55,5.56,5.57,5.58,5.6,4.78,1,0,0,0,0,0,69.42,1,GradualMotor,aggregation
24,154.51,remora3,remora8,2.36,2.36,2.35,2.36,2.54,2.72,2.71,2.71,2.72,2.94,1.82,1.82,1.82,1.83,2.01,2.19,2.19,2.19,2.2,2.43,1.48,1.48,1.48,1.47,1.47,1.47,1.47,1.47,1.46,1.46,5.61,5.62,5.62,5.62,5.63,5.63,5.64,5.64,5.65,5.66,7.03,1,0,0,0,0,0,68.42,1,GradualMotor,aggregation
24,155.51,remora3,remora8,2.94,2.94,2.99,2.99,3,3.25,3.25,3.25,3.31,3.31,2.43,2.43,2.48,2.48,2.49,2.75,2.74,2.74,2.81,2.81,1.46,1.46,1.46,1.46,1.45,1.45,1.45,1.45,1.45,1.44,5.66,5.66,5.66,5.66,5.66,5.66,5.66,5.66,5.66,5.66,9.87,1,0,0,0,0,0,67.42,1,GradualMotor,aggregation
24,156.51,remora3,remora8,3.32,3.32,3.47,3.46,3.72,3.72,3.71,4.18,4.18,4.18,2.82,2.82,2.98,2.97,3.23,3.23,3.23,3.7,3.7,3.7,1.44,1.44,1.46,1.47,1.48,1.5,1.51,1.52,1.54,1.55,5.67,5.68,5.69,5.7,5.71,5.72,5.73,5.75,5.76,5.77,13.23,1,0,0,0,0,0,66.42,1,GradualMotor,aggregation
24,157.51,remora3,remora8,4.44,4.59,4.58,4.83,4.82,5.08,5.07,5.25,5.24,5.23,3.97,4.12,4.11,4.37,4.36,4.62,4.62,4.8,4.79,4.79,1.57,1.58,1.6,1.61,1.63,1.64,1.66,1.68,1.69,1.71,5.78,5.79,1.6,1.61,1.63,1.64,1.66,1.68,1.69,1.71,17.85,0,1,0,0,0,0,65.42,1,GradualMotor,aggregation
24,158.51,remora3,remora8,5.49,5.69,5.69,5.69,5.82,6.08,6.07,6.06,6.24,6.24,5.04,5.26,5.26,5.25,5.39,5.65,5.64,5.64,5.81,5.81,1.73,1.74,1.76,1.78,1.8,1.81,1.83,1.85,1.87,1.89,1.73,1.74,1.76,1.78,1.8,1.81,1.83,1.85,1.87,1.89,23.49,0,1,0,0,0,0,64.42,1,GradualMotor,aggregation
24,159.51,remora3,remora8,6.48,6.48,6.71,6.85,6.84,7.06,7.05,7.28,7.27,7.51,6.06,6.06,6.3,6.44,6.43,6.65,6.64,6.88,6.87,7.12,1.91,1.93,1.95,1.97,1.99,2.01,2.03,2.05,2.07,2.09,1.91,1.93,1.95,1.97,1.99,2.01,2.03,2.05,2.07,2.09,30.21,0,1,0,0,0,0,63.42,1,GradualMotor,aggregation
24,160.51,remora3,remora8,7.5,7.49,7.63,7.63,7.68,7.68,7.89,7.89,8.1,8.09,7.11,7.1,7.24,7.24,7.3,7.3,7.51,7.51,7.73,7.72,2.11,2.13,2.15,2.17,2.19,2.22,2.24,2.26,2.28,2.3,2.11,2.13,2.15,2.17,2.19,2.22,2.24,2.26,2.28,2.3,37.35,0,1,0,0,0,0,62.42,1,GradualMotor,aggregation
24,161.51,remora3,remora8,8.24,8.24,8.45,8.45,8.51,8.51,8.63,8.82,8.81,8.81,7.88,7.88,8.09,8.09,8.15,8.15,8.27,8.47,8.46,8.46,2.33,2.35,2.37,2.4,2.42,2.44,2.46,2.49,2.51,2.54,2.33,2.35,2.37,2.4,2.42,2.44,2.46,2.49,2.51,2.54,44.87,0,1,0,0,0,0,61.42,1,GradualMotor,aggregation
24,162.51,remora3,remora8,8.96,8.96,9.02,9,9.28,9.27,9.28,9.28,9.45,9.43,8.62,8.62,8.68,8.66,8.95,8.93,8.95,8.95,9.12,9.1,2.56,2.59,2.61,2.63,2.66,2.68,2.71,2.73,2.76,2.78,2.56,2.59,2.61,2.63,2.66,2.68,2.71,2.73,2.76,2.78,52.59,0,1,1,0,0,0,60.42,1,GradualMotor,aggregation
24,163.51,remora3,remora8,9.54,9.52,9.63,9.81,9.8,9.78,9.87,9.87,10.04,10.11,9.21,9.2,9.31,9.5,9.48,9.47,9.56,9.56,9.73,9.8,2.81,2.83,2.86,2.88,2.91,2.93,2.96,2.99,3.02,3.05,2.81,2.83,2.86,2.88,2.91,2.93,2.96,2.99,3.02,3.05,60.39,0,1,1,0,0,0,59.42,1,GradualMotor,aggregation
24,164.51,remora3,remora8,10.09,10.2,10.18,10.2,10.18,10.16,16,10.43,10.42,10.4,9.79,9.9,9.88,9.9,9.88,9.87,15.86,10.14,10.13,10.11,3.07,3.1,3.13,3.15,3.18,3.21,3.24,3.26,3.29,3.31,3.07,3.1,3.13,3.15,3.18,3.21,3.24,3.26,3.29,3.31,68.76,0,0,1,0,0,0,58.42,1,GradualMotor,aggregation
24,165.51,remora3,remora8,15.99,10.61,10.59,10.57,15.88,15.86,10.7,10.76,10.76,10.82,15.86,10.32,10.31,10.29,15.76,15.73,10.42,10.49,10.49,10.55,3.32,3.31,3.3,3.29,3.28,3.27,3.27,3.26,3.25,3.24,3.32,3.31,3.3,3.29,3.28,3.27,3.27,3.26,3.25,3.24,78.03,0,0,1,0,0,0,57.42,1,GradualMotor,aggregation
24,166.51,remora3,remora8,10.8,10.78,10.84,15.83,15.8,15.8,10.92,15.8,15.77,15.77,10.53,10.51,10.57,15.71,15.68,15.68,10.66,15.69,15.66,15.66,3.25,3.27,3.29,3.31,3.31,3.3,3.29,3.29,3.28,3.28,3.25,3.27,3.29,3.31,3.31,3.3,3.29,3.29,3.28,3.28,88.27,0,0,1,0,0,0,56.42,1,GradualMotor,aggregation
24,167.51,remora3,remora8,10.96,10.94,15.67,15.64,11.03,15.67,15.64,15.64,11.02,11,10.71,10.69,15.56,15.53,10.78,15.56,15.53,15.53,10.77,10.76,3.27,3.27,3.27,3.26,3.26,3.26,3.25,3.25,3.25,3.25,3.27,3.27,3.27,3.26,3.26,3.26,3.25,3.25,3.25,3.25,96.81,0,0,1,0,0,0,55.42,1,GradualMotor,aggregation
24,168.51,remora3,remora8,15.6,15.57,15.57,11.19,11.17,6.71,6.71,6.7,15.46,11.34,15.5,15.47,15.47,10.95,10.93,6.38,6.38,6.37,15.36,11.1,3.26,3.28,3.29,3.31,3.32,3.32,3.32,3.32,3.32,3.32,3.26,3.28,3.29,3.31,3.32,3.32,3.32,3.32,3.32,3.32,102.62,0,0,1,0,0,0,54.42,1,GradualMotor,aggregation
24,169.51,remora3,remora8,11.32,11.29,15.41,11.43,11.41,15.33,15.3,15.27,15.27,11.53,11.08,11.06,15.32,11.2,11.18,15.24,15.21,15.18,15.18,11.31,3.32,3.32,3.33,3.33,3.33,3.33,3.34,3.34,3.35,3.35,3.32,3.32,3.33,3.33,3.33,3.33,3.34,3.34,3.35,3.35,109.15,0,0,1,0,0,0,53.42,1,GradualMotor,aggregation
24,170.51,remora3,remora8,11.51,11.49,15.2,15.17,11.49,11.47,11.47,15.06,15.06,7.93,11.29,11.27,15.11,15.08,11.28,11.26,11.26,14.97,14.97,7.64,3.35,3.36,3.37,3.38,3.39,3.39,3.4,3.41,3.42,3.43,3.35,3.36,3.37,3.38,3.39,3.39,3.4,3.41,3.42,3.43,114.08,0,0,1,0,0,0,52.42,1,GradualMotor,aggregation
24,171.51,remora3,remora8,11.68,11.68,11.71,11.75,11.73,11.71,0,0,0,0,11.47,11.47,11.51,11.56,11.53,11.51,0,0,0,0,3.44,3.45,3.46,3.46,3.47,3.48,3.49,3.5,3.51,3.51,3.44,3.45,3.46,3.46,3.47,3.48,3.49,3.5,3.51,3.51,112.68,0,0,1,0,0,0,51.42,1,GradualMotor,aggregation
24,172.51,remora3,remora8,-8.28,-8.27,-8.27,1.41,1.4,1.4,-8.19,-8.19,-8.18,-8.16,-7.86,-7.85,-7.85,1.8,1.8,1.79,-7.78,-7.78,-7.76,-7.75,3.52,3.53,3.53,3.54,3.55,3.55,3.56,3.56,3.56,3.56,3.52,3.53,3.53,3.54,3.55,3.55,3.56,3.56,3.56,3.56,109.74,0,0,1,0,0,0,50.42,1,GradualMotor,aggregation
24,173.51,remora3,remora8,-8.16,-8.15,1.41,1.4,-7.98,-7.96,-7.95,-12.01,-12,-8.08,-7.75,-7.73,1.79,1.79,-7.57,-7.56,-7.54,-11.6,-11.59,-7.67,3.57,3.58,3.59,3.6,3.6,3.61,3.61,3.62,3.62,3.62,3.57,3.58,3.59,3.6,3.6,3.61,3.61,3.62,3.62,3.62,107.49,0,0,1,0,0,0,49.42,1,GradualMotor,aggregation
24,174.51,remora3,remora8,-8.06,-8.04,-11.67,-11.64,-11.62,-11.62,-11.59,-11.57,-11.57,14.53,-7.65,-7.64,-11.26,-11.24,-11.22,-11.21,-11.19,-11.17,-11.17,14.53,3.63,3.63,3.63,3.63,3.63,3.64,3.65,3.65,3.66,3.67,3.63,3.63,3.63,3.63,3.63,3.64,3.65,3.65,3.66,3.67,107.81,0,0,1,0,0,0,48.42,1,GradualMotor,aggregation
24,175.51,remora3,remora8,14.5,14.47,0,0,0.98,0.98,0.98,0,0,0,14.5,14.47,0,0,1.35,1.35,1.35,0,0,0,3.68,3.69,3.69,3.69,3.69,3.69,3.68,3.68,3.68,3.68,3.68,3.69,3.69,3.69,3.69,3.69,3.68,3.68,3.68,3.68,98.92,0,0,1,0,0,0,47.42,1,GradualMotor,aggregation
24,176.51,remora3,remora8,1.2,1.2,0,0,0,-7.6,-7.59,0.95,0.95,0.95,1.56,1.56,0,0,0,-7.22,-7.2,1.31,1.31,1.31,3.69,3.69,3.7,3.7,3.7,3.7,3.7,3.69,3.69,3.69,3.69,3.69,3.7,3.7,3.7,3.7,3.7,3.69,3.69,3.69,87.29,0,0,1,0,0,0,46.42,1,GradualMotor,aggregation
24,177.51,remora3,remora8,0.95,-7.43,-7.41,-7.4,-10.76,-10.76,1.37,1.37,-10.44,-6.94,1.31,-7.05,-7.03,-7.02,-10.38,-10.38,1.72,1.72,-10.07,-6.57,3.69,3.68,3.68,3.68,3.67,3.67,3.67,3.67,3.67,3.66,3.69,3.68,3.68,3.68,3.67,3.67,3.67,3.67,3.67,3.66,80.46,0,0,1,0,0,0,45.42,1,GradualMotor,aggregation
24,178.51,remora3,remora8,-6.93,-6.91,-6.91,1.55,1.55,1.55,-6.74,-6.74,-6.73,-6.69,-6.55,-6.54,-6.54,1.89,1.89,1.88,-6.37,-6.37,-6.36,-6.33,3.65,3.64,3.64,3.64,3.64,3.64,3.64,3.64,3.64,3.64,3.65,3.64,3.64,3.64,3.64,3.64,3.64,3.64,3.64,3.64,74.12,0,0,1,0,0,0,44.42,1,GradualMotor,aggregation
24,179.51,remora3,remora8,-9.96,1.74,1.73,1.73,1.73,1.72,0,0,0,0,-9.6,2.07,2.06,2.06,2.05,2.05,0,0,0,0,3.64,3.63,3.63,3.63,3.63,3.63,3.63,3.63,3.63,3.62,3.64,3.63,3.63,3.63,3.63,3.63,3.63,3.63,3.63,3.62,62.77,0,0,1,0,0,0,43.42,1,GradualMotor,aggregation
24,180.51,remora3,remora8,0,0,0,0,-6.25,-6.24,-6.22,-6.2,-6.18,-6.15,0,0,0,0,-5.9,-5.89,-5.87,-5.85,-5.83,-5.81,3.62,3.62,3.62,3.61,3.59,3.57,3.54,3.51,3.49,3.46,3.62,3.62,3.62,3.61,3.59,3.57,3.54,3.51,3.49,3.46,53.89,0,0,1,0,0,0,42.42,1,GradualMotor,aggregation
24,181.51,remora3,remora8,-9.32,-9.3,-9.3,-9.26,-6.09,-6.06,-6.05,-6.04,-6.01,-5.99,-8.97,-8.95,-8.95,-8.92,-5.74,-5.72,-5.71,-5.69,-5.67,-5.65,3.43,3.41,3.38,3.35,3.32,3.3,3.27,3.25,3.22,3.19,3.43,3.41,3.38,3.35,3.32,3.3,3.27,3.25,3.22,3.19,54.09,0,0,1,0,0,0,41.42,1,GradualMotor,aggregation
24,182.51,remora3,remora8,1.12,1.11,-8.68,-5.94,-5.92,-5.91,-5.91,-8.59,-8.56,-8.54,1.43,1.43,-8.34,-5.6,-5.59,-5.57,-5.57,-8.25,-8.23,-8.21,3.17,3.14,3.12,3.09,3.06,3.04,3.01,2.99,2.96,2.93,3.17,3.14,3.12,3.09,3.06,3.04,3.01,2.99,2.96,2.93,53.93,0,0,1,0,0,0,40.42,1,GradualMotor,aggregation
24,183.51,remora3,remora8,-5.83,-5.81,-5.79,-5.78,-5.78,-5.86,-5.84,-5.83,0.16,0.16,-5.5,-5.48,-5.46,-5.45,-5.45,-5.53,-5.52,-5.5,0.48,0.48,2.91,2.88,2.85,2.83,2.8,2.78,2.75,2.72,2.7,2.68,2.91,2.88,2.85,2.83,2.8,2.78,2.75,2.72,2.7,2.68,51.13,0,1,1,0,0,0,39.42,1,GradualMotor,aggregation
24,184.51,remora3,remora8,-5.79,-5.77,-5.77,-5.85,-5.83,-5.82,-5.8,-5.8,-5.77,-5.77,-5.47,-5.45,-5.45,-5.53,-5.51,-5.5,-5.48,-5.48,-5.46,-5.46,2.65,2.63,2.6,2.58,2.55,2.53,2.5,2.47,2.45,2.42,2.65,2.63,2.6,2.58,2.55,2.53,2.5,2.47,2.45,2.42,45.76,0,1,1,0,0,0,38.42,1,GradualMotor,aggregation
24,185.51,remora3,remora8,-5.74,-5.83,-5.82,-5.8,-5.84,-5.88,-5.88,-5.71,-5.71,-5.62,-5.43,-5.52,-5.5,-5.49,-5.53,-5.57,-5.57,-5.4,-5.4,-5.31,2.4,2.38,2.35,2.33,2.31,2.31,2.3,2.3,2.3,2.3,2.4,2.38,2.35,2.33,2.31,2.31,2.3,2.3,2.3,2.3,48.14,0,1,1,0,0,0,37.42,1,GradualMotor,aggregation
24,186.51,remora3,remora8,-5.6,-5.6,-5.5,-5.47,-5.41,-5.36,-5.34,-5.34,-5.34,-5.26,-5.3,-5.3,-5.19,-5.17,-5.11,-5.06,-5.04,-5.04,-5.04,-4.96,2.3,2.29,2.29,2.29,2.29,2.28,2.28,2.28,2.28,2.28,2.3,2.29,2.29,2.29,2.29,2.28,2.28,2.28,2.28,2.28,51.32,0,1,1,0,0,0,36.42,1,GradualMotor,aggregation
24,187.51,remora3,remora8,-5.25,-5.09,-5.08,-5.06,-5.06,-5,-4.98,-4.93,-4.91,-4.9,-4.95,-4.79,-4.78,-4.77,-4.77,-4.7,-4.69,-4.63,-4.62,-4.61,2.27,2.27,2.27,2.27,2.27,2.26,2.26,2.26,2.26,2.26,2.27,2.27,2.27,2.27,2.27,2.26,2.26,2.26,2.26,2.26,49.79,0,1,1,0,0,0,35.42,1,GradualMotor,aggregation
24,188.51,remora3,remora8,-4.89,-4.87,-4.72,-4.66,-4.64,-4.64,-4.62,-4.57,-4.56,-4.54,-4.6,-4.58,-4.43,-4.37,-4.36,-4.35,-4.34,-4.29,-4.27,-4.26,2.26,2.25,2.25,2.25,2.25,2.25,2.25,2.25,2.24,2.24,2.26,2.25,2.25,2.25,2.25,2.25,2.25,2.25,2.24,2.24,49.17,0,1,1,0,0,0,34.42,1,GradualMotor,aggregation
24,189.51,remora3,remora8,-4.44,-4.42,-4.37,-4.37,-4.31,-4.3,-4.29,-4.23,-4.22,-4.22,-4.15,-4.14,-4.09,-4.09,-4.03,-4.02,-4.01,-3.95,-3.94,-3.94,2.24,2.24,2.24,2.24,2.24,2.23,2.23,2.23,2.23,2.23,2.24,2.24,2.24,2.24,2.24,2.23,2.23,2.23,2.23,2.23,51.42,0,1,1,0,0,0,33.42,1,GradualMotor,aggregation
24,190.51,remora3,remora8,-4.06,-4.06,-4.03,-4.02,-3.97,-3.97,-3.95,-3.9,-3.89,-3.87,-3.78,-3.78,-3.76,-3.75,-3.7,-3.7,-3.68,-3.63,-3.62,-3.61,2.23,2.23,2.23,2.22,2.22,2.22,2.22,2.22,2.22,2.22,2.23,2.23,2.23,2.22,2.22,2.22,2.22,2.22,2.22,2.22,51.64,0,1,1,0,0,0,32.42,1,GradualMotor,aggregation
24,191.51,remora3,remora8,-3.73,-3.72,-3.7,-3.69,-3.64,-3.63,-3.63,-3.62,-3.57,-3.52,-3.46,-3.45,-3.44,-3.43,-3.38,-3.37,-3.37,-3.36,-3.31,-3.26,2.22,2.22,2.22,2.21,2.21,2.21,2.21,2.21,2.21,2.21,2.22,2.22,2.22,2.21,2.21,2.21,2.21,2.21,2.21,2.21,47.98,0,1,1,0,0,0,31.42,1,GradualMotor,aggregation
24,192.51,remora3,remora8,-3.51,-3.51,-3.4,-3.39,-3.33,-3.32,-3.23,-3.23,-3.14,-3.13,-3.25,-3.25,-3.14,-3.13,-3.08,-3.07,-2.98,-2.98,-2.89,-2.88,2.21,2.21,2.23,2.25,2.27,2.3,2.32,2.34,2.37,2.39,2.21,2.21,2.23,2.25,2.27,2.3,2.32,2.34,2.37,2.39,45.25,0,1,1,0,0,0,30.42,1,GradualMotor,aggregation
24,193.51,remora3,remora8,-3.04,-3.04,-2.85,-2.77,-2.76,-2.75,-2.67,-2.59,-2.58,-2.54,-2.79,-2.79,-2.61,-2.52,-2.51,-2.5,-2.42,-2.34,-2.34,-2.3,2.41,2.44,2.46,2.49,2.51,2.54,2.56,2.59,2.61,2.64,2.41,2.44,2.46,2.49,2.51,2.54,2.56,2.59,2.61,2.64,43.3,0,1,0,0,0,0,29.42,1,GradualMotor,aggregation
24,194.51,remora3,remora8,-2.53,-2.44,-2.43,-2.42,-2.3,-2.23,-2.22,-2.21,-2.22,-2.14,-2.29,-2.2,-2.19,-2.18,-2.06,-1.99,-1.98,-1.98,-1.98,-1.91,2.66,2.69,2.72,2.74,2.77,2.79,2.82,2.85,2.87,2.9,2.66,2.69,2.72,2.74,2.77,2.79,2.82,2.85,2.87,2.9,39.85,0,1,0,0,0,0,28.42,1,GradualMotor,aggregation
24,195.51,remora3,remora8,-2.13,-2.13,-2.04,-2.04,-1.99,-1.92,-1.92,-1.92,-1.91,-1.91,-1.9,-1.9,-1.81,-1.81,-1.76,-1.69,-1.69,-1.69,-1.69,-1.68,2.93,2.96,2.98,3.01,3.04,3.06,3.08,3.1,3.12,3.15,2.93,2.96,2.98,3.01,3.04,3.06,3.08,3.1,3.12,3.15,36.1,0,0,0,0,0,0,27.42,1,GradualMotor,aggregation
24,196.51,remora3,remora8,-3.87,-1.79,-1.79,-3.82,-3.81,-1.72,-1.71,-3.77,-3.77,-3.74,-3.65,-1.57,-1.56,-3.6,-3.59,-1.5,-1.49,-3.55,-3.55,-3.53,3.17,3.2,3.22,3.24,3.26,3.29,3.32,3.35,3.37,3.39,3.17,3.2,3.22,3.24,3.26,3.29,3.32,3.35,3.37,3.39,33.7,0,0,0,0,0,0,26.42,1,GradualMotor,aggregation
24,197.51,remora3,remora8,-1.55,-1.55,-1.55,-1.54,-3.53,-1.49,-1.49,-1.48,-1.48,-1.46,-1.34,-1.33,-1.33,-1.33,-3.32,-1.28,-1.27,-1.27,-1.27,-1.25,3.41,3.44,3.47,3.49,3.5,3.5,3.49,3.49,3.48,3.47,3.41,3.44,3.47,3.49,3.5,3.5,3.49,3.49,3.48,3.47,30.43,0,0,0,0,0,0,25.42,1,GradualMotor,aggregation
24,198.51,remora3,remora8,-1.45,-1.45,-1.4,-3.34,-3.33,-3.31,-3.31,-3.24,-3.22,-3.21,-1.24,-1.24,-1.19,-3.14,-3.12,-3.11,-3.11,-3.03,-3.02,-3.01,3.47,3.46,3.46,3.45,3.44,3.44,3.43,3.42,3.42,3.41,3.47,3.46,3.46,3.45,3.44,3.44,3.43,3.42,3.42,3.41,28.52,0,0,0,0,0,0,24.43,1,GradualMotor,aggregation
24,199.51,remora3,remora8,-1.27,-1.26,-1.25,-1.25,-1.24,-1.24,-1.24,-1.24,-1.2,-3.01,-1.07,-1.06,-1.05,-1.05,-1.04,-1.05,-1.04,-1.04,-1,-2.82,3.41,3.43,3.45,3.45,3.45,3.44,3.43,3.43,3.42,3.41,3.41,3.43,3.45,3.45,3.45,3.44,3.43,3.43,3.42,3.41,25.67,0,0,0,0,0,0,23.42,1,GradualMotor,aggregation
24,200.51,remora3,remora8,-3,-2.92,-2.9,-2.9,-2.88,-2.88,-2.86,-1.07,-1.06,-1.06,-2.81,-2.72,-2.71,-2.71,-2.69,-2.69,-2.67,-0.88,-0.88,-0.87,3.42,3.44,3.46,3.47,3.47,3.46,3.45,3.45,3.44,3.43,3.42,3.44,3.46,3.47,3.47,3.46,3.45,3.45,3.44,3.43,24.09,0,0,0,0,0,0,22.42,1,GradualMotor,aggregation
24,201.51,remora3,remora8,-1.05,-1.05,-1.05,-1.05,-2.7,-2.69,-1,-2.6,-2.59,-2.58,-0.87,-0.87,-0.87,-0.87,-2.52,-2.51,-0.82,-2.42,-2.41,-2.4,3.42,3.41,3.42,3.44,3.46,3.47,3.47,3.46,3.45,3.44,3.42,3.41,3.42,3.44,3.46,3.47,3.47,3.46,3.45,3.44,22.32,0,0,0,0,0,0,21.42,1,GradualMotor,aggregation
24,202.51,remora3,remora8,-2.57,-2.57,-0.89,-0.88,-0.88,-0.87,-0.87,-0.86,-0.86,-0.86,-2.39,-2.39,-0.72,-0.7,-0.7,-0.7,-0.7,-0.69,-0.69,-0.69,3.44,3.43,3.42,3.41,3.41,3.41,3.42,3.43,3.44,3.44,3.44,3.43,3.42,3.41,3.41,3.41,3.42,3.43,3.44,3.44,20.25,0,0,0,0,0,0,20.42,1,GradualMotor,aggregation
24,203.51,remora3,remora8,-0.86,-0.82,-0.81,-0.81,-2.34,-2.34,-2.27,-2.26,-2.25,-0.72,-0.69,-0.66,-0.65,-0.64,-2.17,-2.17,-2.1,-2.09,-2.09,-0.56,3.44,3.43,3.42,3.41,3.41,3.42,3.43,3.44,3.43,3.43,3.44,3.43,3.42,3.41,3.41,3.42,3.43,3.44,3.43,3.43,19.08,0,0,0,0,0,0,19.42,1,GradualMotor,aggregation
24,204.51,remora3,remora8,-0.72,-0.71,-0.7,-0.7,-0.7,-0.7,-0.7,-0.69,-0.69,-0.69,-0.56,-0.55,-0.55,-0.54,-0.54,-0.54,-0.54,-0.54,-0.54,-0.54,3.42,3.42,3.43,3.44,3.44,3.44,3.43,3.42,3.42,3.41,3.42,3.42,3.43,3.44,3.44,3.44,3.43,3.42,3.42,3.41,17.51,0,0,0,0,0,0,18.42,1,GradualMotor,aggregation
24,205.51,remora3,remora8,-0.65,-0.64,-0.64,-2.02,-2.01,-2.01,-1.99,-1.99,-0.55,-0.55,-0.49,-0.49,-0.49,-1.87,-1.86,-1.86,-1.85,-1.85,-0.41,-0.41,3.42,3.43,3.43,3.42,3.42,3.41,3.4,3.41,3.41,3.42,3.42,3.43,3.43,3.42,3.42,3.41,3.4,3.41,3.41,3.42,16.87,0,0,0,0,0,0,17.42,1,GradualMotor,aggregation
24,206.51,remora3,remora8,-0.54,-0.54,-1.87,-1.87,-1.86,-0.53,-0.53,-0.53,-0.52,-0.52,-0.4,-0.4,-1.73,-1.73,-1.72,-0.39,-0.39,-0.39,-0.38,-0.38,3.43,3.44,3.44,3.43,3.42,3.42,3.41,3.41,3.42,3.43,3.43,3.44,3.44,3.43,3.42,3.42,3.41,3.41,3.42,3.43,14.86,0,0,0,0,0,0,16.42,1,GradualMotor,aggregation
24,207.51,remora3,remora8,-0.52,-0.52,-0.51,-0.51,-0.48,-1.69,-1.68,-1.66,-0.47,-1.65,-0.38,-0.38,-0.38,-0.38,-0.35,-1.56,-1.55,-1.54,-0.34,-1.53,3.43,3.42,3.42,3.42,3.42,3.43,3.44,3.44,3.44,3.43,3.43,3.42,3.42,3.42,3.42,3.43,3.44,3.44,3.44,3.43,14.16,0,0,0,0,0,0,15.42,1,GradualMotor,aggregation
24,208.51,remora3,remora8,-1.64,-1.64,-1.62,-1.62,-0.39,-0.39,-0.39,-0.39,-0.39,-0.39,-1.52,-1.52,-1.5,-1.5,-0.27,-0.27,-0.26,-0.27,-0.27,-0.27,3.42,3.42,3.41,3.41,3.41,3.42,3.43,3.43,3.43,3.42,3.42,3.42,3.41,3.41,3.41,3.42,3.43,3.43,3.43,3.42,12.36,0,0,0,0,0,0,14.42,1,GradualMotor,aggregation
24,209.51,remora3,remora8,-0.39,-0.38,-0.38,-0.37,-0.37,-0.37,-0.36,-0.36,-0.36,-0.36,-0.27,-0.26,-0.26,-0.26,-0.26,-0.26,-0.25,-0.25,-0.25,-0.25,3.43,3.43,3.43,3.42,3.42,3.41,3.42,3.43,3.43,3.43,3.43,3.43,3.43,3.42,3.42,3.41,3.42,3.43,3.43,3.43,11.35,0,0,0,0,0,0,13.42,1,GradualMotor,aggregation
24,210.51,remora3,remora8,-0.36,-0.35,-0.35,-0.34,-1.35,-1.35,-1.33,-1.32,-1.27,-0.28,-0.25,-0.24,-0.24,-0.24,-1.24,-1.24,-1.22,-1.21,-1.17,-0.18,3.43,3.42,3.41,3.41,3.41,3.42,3.41,3.41,3.41,3.42,3.43,3.42,3.41,3.41,3.41,3.42,3.41,3.41,3.41,3.42,9.87,0,0,0,0,0,0,12.42,1,GradualMotor,aggregation
24,211.51,remora3,remora8,-0.28,-0.28,-1.23,-1.23,-1.17,-1.16,-1.16,-0.25,-0.25,-0.24,-0.18,-0.18,-1.13,-1.13,-1.08,-1.07,-1.07,-0.15,-0.15,-0.15,3.42,3.43,3.43,3.44,3.43,3.43,3.42,3.41,3.42,3.42,3.42,3.43,3.43,3.44,3.43,3.43,3.42,3.41,3.42,3.42,8.8,0,0,0,0,0,0,11.42,1,GradualMotor,aggregation
24,212.51,remora3,remora8,-0.24,-0.24,-0.24,-0.23,-0.23,-0.23,-0.23,-0.23,-0.23,-0.23,-0.15,-0.14,-0.14,-0.14,-0.14,-0.14,-0.14,-0.14,-0.14,-0.14,3.41,3.41,3.41,3.41,3.42,3.42,3.41,3.41,3.4,3.4,3.41,3.41,3.41,3.41,3.42,3.42,3.41,3.41,3.4,3.4,7.86,0,0,0,0,0,0,10.42,1,GradualMotor,aggregation
24,213.51,remora3,remora8,-1.02,-1.02,-1,-0.19,-0.18,-0.18,-0.18,-0.18,-0.94,-0.17,-0.94,-0.94,-0.92,-0.1,-0.1,-0.1,-0.1,-0.1,-0.87,-0.1,3.4,3.4,3.39,3.39,3.39,3.4,3.4,3.4,3.4,3.39,3.4,3.4,3.39,3.39,3.39,3.4,3.4,3.4,3.4,3.39,6.86,0,0,0,0,0,0,9.42,1,GradualMotor,aggregation
24,214.51,remora3,remora8,-0.17,-0.17,-0.17,-0.17,-0.17,-0.17,-0.16,-0.16,-0.15,-0.14,-0.1,-0.09,-0.09,-0.09,-0.09,-0.09,-0.09,-0.09,-0.08,-0.07,3.4,3.4,3.4,3.4,3.41,3.41,3.4,3.4,3.4,3.4,3.4,3.4,3.4,3.4,3.41,3.41,3.4,3.4,3.4,3.4,6.37,0,0,0,0,0,0,8.42,1,GradualMotor,aggregation
24,215.51,remora3,remora8,-0.14,-0.14,-0.14,-0.14,-0.14,-0.14,-0.13,-0.13,-0.13,-0.13,-0.07,-0.07,-0.07,-0.07,-0.07,-0.07,-0.07,-0.07,-0.07,-0.07,3.4,3.41,3.4,3.39,3.4,3.4,3.4,3.4,3.4,3.39,3.4,3.41,3.4,3.39,3.4,3.4,3.4,3.4,3.4,3.39,5.24,0,0,0,0,0,0,7.42,1,GradualMotor,aggregation
24,216.51,remora3,remora8,-0.13,-0.12,-0.12,-0.12,-0.12,-0.12,-0.12,-0.64,-0.63,-0.62,-0.07,-0.06,-0.06,-0.06,-0.06,-0.06,-0.06,-0.58,-0.57,-0.56,3.39,3.39,3.4,3.4,3.39,3.38,3.38,3.39,3.39,3.39,3.39,3.39,3.4,3.4,3.39,3.38,3.38,3.39,3.39,3.39,4.62,0,0,0,0,0,0,6.42,1,GradualMotor,aggregation
24,217.51,remora3,remora8,-0.61,-0.6,-0.59,-0.58,-0.58,-0.09,-0.08,-0.08,-0.07,-0.07,-0.55,-0.55,-0.54,-0.53,-0.53,-0.04,-0.03,-0.03,-0.03,-0.03,3.38,3.38,3.38,3.38,3.38,3.38,3.37,3.37,3.37,3.37,3.38,3.38,3.38,3.38,3.38,3.38,3.37,3.37,3.37,3.37,4.03,0,0,0,0,0,0,5.42,1,GradualMotor,aggregation
24,218.51,remora3,remora8,-0.07,-0.07,-0.07,-0.07,-0.07,-0.45,-0.44,-0.43,-0.42,-0.41,-0.03,-0.03,-0.03,-0.03,-0.03,-0.41,-0.4,-0.39,-0.38,-0.38,3.37,3.37,3.36,3.35,3.35,3.35,3.34,3.34,3.33,3.33,3.37,3.37,3.36,3.35,3.35,3.35,3.34,3.34,3.33,3.33,3.44,0,0,0,0,0,0,4.42,1,GradualMotor,aggregation
24,219.51,remora3,remora8,-0.05,-0.04,-0.04,-0.04,-0.04,-0.04,-0.35,-0.03,-0.03,-0.03,-0.01,-0.01,-0.01,-0.01,-0.01,-0.01,-0.32,0,0,0,3.33,3.32,3.32,3.32,3.31,3.3,3.3,3.3,3.3,3.3,3.33,3.32,3.32,3.32,3.31,3.3,3.3,3.3,3.3,3.3,3.17,0,0,0,0,0,0,3.42,1,GradualMotor,aggregation
24,220.51,remora3,remora8,-0.03,-0.02,-0.02,-0.02,-0.02,-0.02,-0.02,-0.02,-0.02,-0.23,0,0,0,0,0,0,0,0,0,-0.21,3.3,3.3,3.29,3.29,3.29,3.28,3.28,3.27,3.27,3.26,3.3,3.3,3.29,3.29,3.29,3.28,3.28,3.27,3.27,3.26,2.43,0,0,0,0,0,0,2.42,1,GradualMotor,aggregation
24,221.51,remora3,remora8,-0.22,-0.01,-0.01,-0.01,-0.01,-0.01,-0.16,0,0,0,-0.2,0.01,0.01,0.01,0.01,0.01,-0.15,0.01,0.01,0.01,3.26,3.26,3.25,3.24,3.24,3.24,3.23,3.22,3.22,3.22,3.26,3.26,3.25,3.24,3.24,3.24,3.23,3.22,3.22,3.22,1.79,0,0,0,0,0,0,1.42,1,GradualMotor,aggregation
24,222.51,remora3,remora8,0,0,0,0,0,0,0,0,0,0,0.01,0.01,0.01,0.01,0.01,0.01,0.01,0.01,0,0,3.21,3.2,3.2,3.2,3.2,3.19,3.19,3.19,3.18,3.18,3.21,3.2,3.2,3.2,3.2,3.19,3.19,3.19,3.18,3.18,1.6,0,0,0,0,0,0,0.42,1,GradualMotor,aggregation
24,223.51,remora3,remora8,0,0,0,0,0,0,0,0,0,0,0,0,0,0,0,0,0,0,0,0,3.17,3.17,3.17,3.16,3.16,3.16,3.15,3.15,3.15,3.14,3.17,3.17,3.17,3.16,3.16,3.16,3.15,3.15,3.15,3.14,1.14,0,0,0,0,0,0,0,1,GradualMotor,aggregation
24,224.51,remora3,remora8,0,0,0,0,0,0,0,0,0,0,0,0,0,0,0,0,0,0,0,0,3.14,3.14,3.13,3.13,3.13,3.13,3.12,3.12,3.12,3.11,3.14,3.14,3.13,3.13,3.13,3.13,3.12,3.12,3.12,3.11,1.01,0,0,0,0,0,0,0,1,GradualMotor,aggregation
24,225.51,remora3,remora8,0,0,0,0,0,0,0,0,0,0,0,0,0,0,0,0,0,0,0,0,3.11,3.11,3.11,3.1,3.1,3.1,3.09,3.09,3.09,3.09,3.11,3.11,3.11,3.1,3.1,3.1,3.09,3.09,3.09,3.09,0.91,0,0,0,0,0,0,0,1,GradualMotor,aggregation
24,226.51,remora3,remora8,0,0,0,0,0,0,0,0,0,0,0,0,0,0,0,0,0,0,0,0,3.08,3.08,3.07,3.07,3.07,3.06,3.06,3.06,3.05,3.05,3.08,3.08,3.07,3.07,3.07,3.06,3.06,3.06,3.05,3.05,0.66,0,0,0,0,0,0,0,1,GradualMotor,aggregation
24,227.51,remora3,remora8,0,0,0,0,0,0,0,0,0,0,0,0,0,0,0,0,0,0,0,0,3.04,3.04,3.04,3.04,3.03,3.03,3.03,3.02,3.02,3.02,3.04,3.04,3.04,3.04,3.03,3.03,3.03,3.02,3.02,3.02,0.36,0,0,0,0,0,0,0,1,GradualMotor,aggregation
24,228.51,remora3,remora8,0,0,0,0,0,0,0,0,0,0,0,0,0,0,0,0,0,0,0,0,3.01,3.01,3.01,3.01,3,3,3,3,2.99,2.99,3.01,3.01,3.01,3.01,3,3,3,3,2.99,2.99,0.12,0,0,0,0,0,0,0,1,GradualMotor,aggregation
24,229.51,remora3,remora8,0,0,0,0,0,0,0,0,0,0,0,0,0,0,0,0,0,0,0,0,2.99,2.99,2.99,2.99,2.98,2.98,2.98,2.98,2.98,2.97,2.99,2.99,2.99,2.99,2.98,2.98,2.98,2.98,2.98,2.97,0.07,0,1,0,0,0,0,0,1,GradualMotor,aggregation
24,230.51,remora3,remora8,0,0,0,0,0,0,0,0,0,0,0,0,0,0,0,0,0,0,0,0,2.97,2.97,2.97,2.97,2.97,2.97,2.97,2.97,2.97,2.97,2.97,2.97,2.97,2.97,2.97,2.97,2.97,2.97,2.97,2.97,0.04,0,1,0,0,0,0,0,1,GradualMotor,aggregation
24,231.51,remora3,remora8,0,0,0,0,0,0,0,0,0,0,0,0,0,0,0,0,0,0,0,0,2.97,2.97,2.97,2.97,2.97,2.97,2.97,2.97,2.97,2.97,2.97,2.97,2.97,2.97,2.97,2.97,2.97,2.97,2.97,2.97,0,0,1,0,0,0,0,0,1,GradualMotor,aggregation
24,232.51,remora3,remora8,0,0,0,0,0,0,0,0,0,0,0,0,0,0,0,0,0,0,0,0,2.97,2.97,2.97,2.97,2.98,2.98,2.98,2.98,2.98,2.98,2.97,2.97,2.97,2.97,2.98,2.98,2.98,2.98,2.98,2.98,0,0,1,0,0,0,0,0,1,GradualMotor,aggregation
24,233.51,remora3,remora8,0,0,0,0,0,0,0,0,0,0,0,0,0,0,0,0,0,0,0,0,2.99,2.99,2.99,3,3,3,3.01,3.01,3.01,3.02,2.99,2.99,2.99,3,3,3,3.01,3.01,3.01,3.02,0,0,0,0,0,0,0,0,1,GradualMotor,aggregation
24,234.51,remora3,remora8,0,0,0,0,0,0,0,0,0,0,0,0,0,0,0,0,0,0,0,0,3.02,3.03,3.04,3.04,3.05,3.05,3.05,3.05,3.05,3.05,3.02,3.03,3.04,3.04,3.05,3.05,3.05,3.05,3.05,3.05,0,0,0,0,0,0,0,0,1,GradualMotor,aggregation
24,235.51,remora3,remora8,0,0,0,0,0,0,0,0,0,0,0,0,0,0,0,0,0,0,0,0,3.05,3.05,3.04,3.04,3.04,3.04,3.04,3.04,3.04,3.03,3.05,3.05,3.04,3.04,3.04,3.04,3.04,3.04,3.04,3.03,0,0,0,0,0,0,0,0,1,GradualMotor,aggregation
24,236.51,remora3,remora8,0,0,0,0,0,0,0,0,0,0,0,0,0,0,0,0,0,0,0,0,3.03,3.02,3.02,3.02,3.02,3.02,3.02,3.02,3.02,3.02,3.03,3.02,3.02,3.02,3.02,3.02,3.02,3.02,3.02,3.02,0,0,0,0,0,0,0,0,1,GradualMotor,aggregation
24,237.51,remora3,remora8,0,0,0,0,0,0,0,0,0,0,0,0,0,0,0,0,0,0,0,0,3.01,3.01,3.01,3.01,3,3,3,3,3,3,3.01,3.01,3.01,3.01,3,3,3,3,3,3,0,0,0,0,0,0,0,0,1,GradualMotor,aggregation
24,238.51,remora3,remora8,0,0,0,0,0,0,0,0,0,0,0,0,0,0,0,0,0,0,0,0,3,3,3,2.99,3,3,2.99,2.99,2.99,2.99,3,3,3,2.99,3,3,2.99,2.99,2.99,2.99,0,0,1,0,0,0,0,0,1,GradualMotor,aggregation
24,239.51,remora3,remora8,0,0,0,0,0,0,0,0,0,0,0,0,0,0,0,0,0,0,0,0,2.99,2.99,2.99,2.99,2.99,2.99,2.99,2.99,2.99,2.99,2.99,2.99,2.99,2.99,2.99,2.99,2.99,2.99,2.99,2.99,0,0,1,0,0,0,0,0,1,GradualMotor,aggregation
24,240.51,remora3,remora8,0,0,0,0,0,0,0,0,0,0,0,0,0,0,0,0,0,0,0,0,2.99,2.99,2.99,2.99,2.99,2.99,2.99,2.99,2.99,2.99,2.99,2.99,2.99,2.99,2.99,2.99,2.99,2.99,2.99,2.99,0,0,1,0,0,0,0,0,1,GradualMotor,aggregation
24,241.51,remora3,remora8,0,0,0,0,0,0,0,0,0,0,0,0,0,0,0,0,0,0,0,0,2.99,2.99,2.99,2.99,2.99,2.99,2.99,2.99,2.99,2.99,2.99,2.99,2.99,2.99,2.99,2.99,2.99,2.99,2.99,2.99,0,0,1,0,0,0,0,0,1,GradualMotor,aggregation
24,242.51,remora3,remora8,0,0,0,0,0,0,0,0,0,0,0,0,0,0,0,0,0,0,0,0,2.99,2.99,2.99,2.99,2.99,2.99,2.99,2.99,2.99,2.99,2.99,2.99,2.99,2.99,2.99,2.99,2.99,2.99,2.99,2.99,0,0,1,0,0,0,0,0,1,GradualMotor,aggregation
24,243.51,remora3,remora8,0,0,0,0,0,0,0,0,0,0,0,0,0,0,0,0,0,0,0,0,2.99,2.99,2.99,2.99,2.99,2.99,2.99,2.99,2.99,2.99,2.99,2.99,2.99,2.99,2.99,2.99,2.99,2.99,2.99,2.99,0,0,1,0,0,0,0,0,1,GradualMotor,aggregation
24,124.51,remora3,remora9,30,30,30,30,30,30,30,30,30,30,30,30,30,30,30,30,30,30,30,30,6.71,6.72,6.72,6.73,6.74,6.74,6.75,6.76,6.76,6.77,7.58,7.58,7.57,7.56,7.56,7.55,7.55,7.54,7.53,7.53,300,0,0,1,0,0,0,-1,0,None,aggregation
24,125.51,remora3,remora9,30,30,30,30,30,30,30,30,30,30,30,30,30,30,30,30,30,30,30,30,6.78,6.79,6.79,6.8,6.81,6.82,6.83,6.83,6.83,6.83,7.52,7.52,7.51,7.51,7.51,7.5,7.51,7.51,7.51,7.51,300,0,0,1,0,0,0,-1,0,None,aggregation
24,126.51,remora3,remora9,30,30,30,30,30,30,30,30,30,30,30,30,30,30,30,30,30,30,30,30,6.83,6.83,6.83,6.83,6.83,6.83,6.83,6.83,6.83,6.83,7.51,7.51,7.51,7.51,7.51,7.52,7.52,7.52,7.52,7.52,300,0,0,1,0,0,0,-1,0,None,aggregation
24,127.51,remora3,remora9,30,30,30,30,30,30,30,30,30,30,30,30,30,30,30,30,30,30,30,30,6.83,6.83,6.83,6.84,6.84,6.84,6.84,6.84,6.85,6.85,7.52,7.53,7.53,7.53,7.53,7.54,7.54,7.54,7.55,7.55,300,0,0,1,0,0,0,-1,0,None,aggregation
24,128.51,remora3,remora9,30,30,30,30,30,30,30,30,30,30,30,30,30,30,30,30,30,30,30,30,6.85,6.85,6.86,6.86,6.86,6.86,6.87,6.87,6.87,6.88,7.55,7.56,7.56,7.56,7.57,7.57,7.57,7.58,7.58,7.59,300,0,0,1,0,0,0,-1,0,None,aggregation
24,129.51,remora3,remora9,30,30,30,30,30,30,30,30,30,30,30,30,30,30,30,30,30,30,30,30,6.88,6.89,6.89,6.89,6.9,6.9,6.91,6.91,6.92,6.92,7.59,7.6,7.6,7.61,7.61,7.62,7.62,7.63,7.63,7.64,300,0,0,1,0,0,0,-1,0,None,aggregation
24,130.51,remora3,remora9,30,30,30,30,30,30,30,30,30,30,30,30,30,30,30,30,30,30,30,30,6.93,6.93,6.94,6.94,6.95,6.95,6.96,6.96,6.97,6.98,7.64,7.65,7.65,7.66,7.67,7.67,7.68,7.69,7.69,7.7,300,0,0,1,0,0,0,-1,0,None,aggregation
24,131.51,remora3,remora9,30,30,30,30,30,30,30,30,30,30,30,30,30,30,30,30,30,30,30,30,6.98,6.99,7,7,7.01,7.02,7.02,7.03,7.04,7.05,7.71,7.71,7.72,7.73,7.73,7.74,7.75,7.76,7.76,7.77,300,0,0,1,0,0,0,-1,0,None,aggregation
24,132.51,remora3,remora9,30,30,30,30,30,30,30,30,30,30,30,30,30,30,30,30,30,30,30,30,7.05,7.06,7.07,7.08,7.08,7.08,7.09,7.09,7.09,7.09,7.78,7.79,7.8,7.81,7.82,7.83,7.85,7.87,7.89,7.91,300,0,0,1,0,0,0,-1,0,None,aggregation
24,133.51,remora3,remora9,30,30,30,30,30,30,30,30,30,30,30,30,30,30,30,30,30,30,30,30,7.1,7.1,7.1,7.11,7.11,7.12,7.12,7.12,7.13,7.13,7.92,7.94,7.96,7.98,8,8.02,8.04,8.06,8.08,8.1,300,0,0,1,0,0,0,-1,0,None,aggregation
24,134.51,remora3,remora9,30,30,30,30,30,30,30,30,30,30,30,30,30,30,30,30,30,30,30,30,7.14,7.14,7.15,7.15,7.16,7.16,7.17,7.18,7.18,7.19,8.12,8.14,8.16,8.18,8.2,8.22,8.24,8.26,8.28,8.3,300,0,0,1,0,0,0,-1,0,None,aggregation
24,135.51,remora3,remora9,30,30,30,30,30,30,30,30,30,30,30,30,30,30,30,30,30,30,30,30,7.2,7.2,7.21,7.22,7.22,7.23,7.24,7.25,7.25,7.26,8.32,8.35,8.37,8.39,8.41,8.43,8.46,8.48,8.5,8.53,300,0,0,1,0,0,0,-1,0,None,aggregation
24,136.51,remora3,remora9,30,30,30,30,30,30,30,30,30,30,30,30,30,30,30,30,30,30,30,30,7.27,7.28,7.29,7.3,7.31,7.32,7.32,7.33,7.34,7.35,8.55,8.57,8.59,8.62,8.64,7.32,7.32,7.33,7.34,7.35,300,0,0,1,0,0,0,-1,0,None,aggregation
24,137.51,remora3,remora9,30,30,30,30,30,30,30,30,30,30,30,30,30,30,30,30,30,30,30,30,7.36,7.37,7.38,7.39,7.4,7.42,7.43,7.44,7.45,7.46,7.36,7.37,7.38,7.39,7.4,7.42,7.43,7.44,7.45,7.46,300,0,0,1,0,0,0,-1,0,None,aggregation
24,138.51,remora3,remora9,30,30,30,30,30,30,30,30,30,30,30,30,30,30,30,30,30,30,30,30,7.47,7.48,7.5,7.51,7.52,7.53,7.54,7.56,7.57,7.58,7.47,7.48,7.5,7.51,7.52,7.53,7.54,7.56,7.57,7.58,300,0,0,1,0,0,0,-1,0,None,aggregation
24,139.51,remora3,remora9,30,30,30,30,30,30,30,30,30,30,30,30,30,30,30,30,30,30,30,30,7.6,7.61,7.62,7.64,7.66,7.69,7.7,7.72,7.73,7.75,7.6,7.61,7.62,7.64,7.66,7.69,7.7,7.72,7.73,7.75,300,0,0,1,0,0,0,-1,0,None,aggregation
24,140.51,remora3,remora9,30,30,30,30,0,0,0,0,30,30,30,30,30,30,0,0,0,0,30,30,7.76,7.78,7.8,7.82,7.83,7.83,7.83,7.82,7.83,7.85,7.76,7.78,7.8,7.82,7.83,7.83,7.83,7.82,7.83,7.85,288,0,0,1,0,0,0,-1,0,None,aggregation
24,141.51,remora3,remora9,30,30,30,30,30,30,30,30,30,30,30,30,30,30,30,30,30,30,30,30,7.86,7.88,7.91,7.93,7.95,7.97,7.99,8,8.02,8.03,7.86,7.88,7.91,7.93,7.95,7.97,7.99,8,8.02,8.03,288,0,0,1,0,0,0,-1,0,None,aggregation
24,142.51,remora3,remora9,30,30,0,0,0,30,30,30,30,30,30,30,0,0,0,30,30,30,30,30,8.05,8.06,8.07,8.07,8.07,8.07,8.08,8.1,8.11,8.13,8.05,8.06,8.07,8.07,8.07,8.07,8.08,8.1,8.11,8.13,279,0,0,1,0,0,0,-1,0,None,aggregation
24,143.51,remora3,remora9,30,30,30,30,30,30,30,30,30,30,30,30,30,30,30,30,30,30,30,30,8.15,8.16,8.18,8.2,8.22,8.24,8.25,8.27,8.29,8.3,8.15,8.16,8.18,8.2,8.22,8.24,8.25,8.27,8.29,8.3,279,0,0,1,0,0,0,-1,0,None,aggregation
24,144.51,remora3,remora9,30,30,30,30,30,30,30,30,30,30,30,30,30,30,30,30,30,30,30,30,8.32,8.34,8.36,8.38,8.39,8.41,8.43,8.45,8.47,8.49,8.32,8.34,8.36,8.38,8.39,8.41,8.43,8.45,8.47,8.49,279,0,0,1,0,0,0,-1,0,None,aggregation
24,145.51,remora3,remora9,30,30,30,30,30,30,30,30,30,30,30,30,30,30,30,30,30,30,30,30,8.5,8.52,8.54,8.56,8.58,8.6,8.62,8.64,8.66,8.67,8.5,8.52,8.54,8.56,8.58,8.6,8.62,8.64,8.66,8.67,279,0,0,1,0,0,0,-1,0,None,aggregation
24,146.51,remora3,remora9,30,30,30,30,30,30,30,30,30,30,30,30,30,30,30,30,30,30,30,30,8.69,8.71,8.73,8.75,8.77,8.79,8.81,8.83,8.85,8.87,8.69,8.71,8.73,8.75,8.77,8.79,8.81,8.83,8.85,8.87,279,0,0,1,0,0,0,-1,0,None,aggregation
24,147.51,remora3,remora9,30,30,30,30,30,30,30,30,0,0,30,30,30,30,30,30,30,30,0,0,8.89,8.91,8.93,8.95,8.97,8.99,9.01,9.03,9.05,9.05,8.89,8.91,8.93,8.95,8.97,8.99,9.01,9.03,9.05,9.05,273,0,0,1,0,0,0,-1,0,None,aggregation
24,148.51,remora3,remora9,0,30,30,30,0,0,0,30,30,0,0,30,30,30,0,0,0,30,30,0,9.05,9.05,9.07,9.09,9.11,9.11,9.12,9.12,9.13,9.15,9.05,9.05,9.07,9.09,9.11,9.11,9.12,9.12,9.13,9.15,258,0,0,1,0,0,0,-1,0,None,aggregation
24,149.51,remora3,remora9,0,0,0,0,30,30,30,30,30,0,0,0,0,0,30,30,30,30,30,0,9.15,9.15,9.15,9.15,9.15,9.17,9.19,9.21,9.22,9.22,9.15,9.15,9.15,9.15,9.15,9.17,9.19,9.21,9.22,9.22,243,0,0,1,0,0,0,-1,0,None,aggregation
24,150.51,remora3,remora9,0,0,30,30,30,30,30,30,0,0,0,0,30,30,30,30,30,30,0,0,9.22,9.22,9.23,9.25,9.27,9.29,9.31,9.33,9.34,9.34,9.22,9.22,9.23,9.25,9.27,9.29,9.31,9.33,9.34,9.34,243,0,0,1,0,0,0,-1,0,None,aggregation
24,151.51,remora3,remora9,0,0,30,30,30,30,30,30,30,30,0,0,30,30,30,30,30,30,30,30,9.34,9.34,9.35,9.37,9.39,9.42,9.43,9.46,9.48,9.5,9.34,9.34,9.35,9.37,9.39,9.42,9.43,9.46,9.48,9.5,237,0,0,1,0,0,0,-1,0,None,aggregation
24,152.51,remora3,remora9,0,0,0,0,30,30,0,0,0,0,0,0,0,0,30,30,0,0,0,0,9.52,9.52,9.52,9.52,9.53,9.55,9.56,9.56,9.56,9.56,9.52,9.52,9.52,9.52,9.53,9.55,9.56,9.56,9.56,9.56,222,0,0,1,0,0,0,-1,0,None,aggregation
24,153.51,remora3,remora9,30,30,0,0,0,30,30,30,30,30,30,30,0,0,0,30,30,30,30,30,9.58,9.6,9.61,9.62,9.62,9.62,9.64,9.66,9.69,9.71,9.58,9.6,9.61,9.62,9.62,9.62,9.64,9.66,9.69,9.71,213,0,0,1,0,0,0,-1,0,None,aggregation
24,154.51,remora3,remora9,30,30,0,0,15.68,16.21,16.21,16.21,16.21,0,30,30,0,0,16.21,16.73,16.73,16.73,16.73,0,9.73,9.76,9.77,9.77,9.78,9.79,9.81,9.82,9.84,9.85,9.73,9.76,9.77,9.77,9.78,9.79,9.81,9.82,9.84,9.85,197.18,0,0,1,0,0,0,-1,0,None,aggregation
24,155.51,remora3,remora9,0,0,0,0,0,0,0,0,0,0,0,0,0,0,0,0,0,0,0,0,9.85,9.85,9.86,9.86,9.86,9.86,9.87,9.87,9.87,9.88,9.85,9.85,9.86,9.86,9.86,9.86,9.87,9.87,9.87,9.88,167.18,0,0,1,0,0,0,-1,0,None,aggregation
24,156.51,remora3,remora9,30,30,0,0,0,0,30,0,0,0,30,30,0,0,0,0,30,0,0,0,9.9,9.92,9.93,9.93,9.93,9.93,9.95,9.97,9.99,9.99,9.9,9.92,9.93,9.93,9.93,9.93,9.95,9.97,9.99,9.99,146.18,0,0,1,0,0,0,-1,0,None,aggregation
24,157.51,remora3,remora9,0,30,30,30,0,0,16.04,16.04,0,0,0,30,30,30,0,0,16.56,16.56,0,0,9.99,10,10,10,10,10,10,10,10,10,9.99,10,10,10,10,10,10,10,10,10,134.44,0,0,1,0,0,0,-1,0,None,aggregation
24,158.51,remora3,remora9,30,30,30,30,-13.1,-12.93,-12.93,-12.48,-12.48,-12.48,30,30,30,30,-2.63,-2.46,-2.46,-2.01,-2.01,-2.01,10,10,10,10,10,10,10,10,10,10,10,10,10,10,10,10,10,10,10,10,135.94,0,0,1,0,0,0,-1,0,None,aggregation
24,159.51,remora3,remora9,-11.99,-11.99,-11.48,-10.93,-10.93,-10.34,-10.34,-10.34,22.6,0,-1.53,-1.53,-1.01,-0.46,-0.46,0.13,0.13,0.13,22.97,0,10,10,10,10,10,10,10,10,10,10,10,10,10,10,10,10,10,10,10,10,127.87,0,0,1,0,0,0,-1,0,None,aggregation
24,160.51,remora3,remora9,0,0,-9.17,-9.17,30,30,-8.55,-8.55,-8.37,-8.37,0,0,1.3,1.3,30,30,1.92,1.92,2.1,2.1,10,10,10,10,10,10,10,10,10,10,10,10,10,10,10,10,10,10,10,10,117.94,0,0,1,0,0,0,-1,0,None,aggregation
24,161.51,remora3,remora9,-7.72,-7.72,-7.05,-7.05,-6.37,-6.37,-5.68,-4.91,-4.91,-4.91,2.75,2.75,3.42,3.42,4.1,4.1,4.79,5.39,5.39,5.39,10,10,10,10,10,10,10,10,10,10,10,10,10,10,10,10,10,10,10,10,95.15,0,0,1,0,0,0,-1,0,None,aggregation
24,162.51,remora3,remora9,-4,-4,-3.1,-2.25,-2.25,-1.45,-1.45,-1.45,-0.7,0.02,5.85,5.85,6.3,6.71,6.71,7.1,7.1,7.1,7.47,7.8,10,10,10,10,10,10,10,10,10,10,10,10,10,10,10,10,10,10,10,10,91.52,0,0,1,0,0,0,-1,0,None,aggregation
24,163.51,remora3,remora9,0.02,0.02,0.69,0,0,0,30,30,30,0,7.8,7.8,8.12,0,0,0,30,30,30,0,10,10,10,10,10,10,10,10,10,10,10,10,10,10,10,10,10,10,10,10,80.74,0,0,1,0,0,0,-1,0,None,aggregation
24,124.51,remora2,remora6,0,0,-29.25,0,0,0,0,0,-29.12,-29.12,0,0,-30.07,0,0,0,0,0,-29.94,-29.95,10,10,10,10,10,10,10,10,10,10,10,10,10,10,10,10,10,10,10,10,139.34,0,0,1,0,0,0,-1,0,None,aggregation
24,125.51,remora2,remora6,-29.12,-28.98,-28.98,-28.82,-28.82,-28.64,-28.64,-28.45,-28.45,-28.24,-29.95,-29.8,-29.8,-29.64,-29.64,-29.46,-29.46,-29.27,-29.27,-29.06,10,10,10,10,10,10,10,10,10,10,10,10,10,10,10,10,10,10,10,10,168.46,0,0,1,0,0,0,-1,0,None,aggregation
24,126.51,remora2,remora6,-28.24,-28.02,-28.02,-27.78,-27.78,-27.78,-27.53,-27.26,-27.26,-26.83,-29.06,-28.84,-28.84,-28.6,-28.6,-28.6,-28.35,-28.09,-28.09,-27.65,10,10,10,10,10,10,10,8.18,8.18,8.17,10,10,10,10,10,10,10,8.18,8.18,8.17,196.52,0,0,1,0,0,0,-1,0,None,aggregation
24,127.51,remora2,remora6,-26.83,-26.83,-26.54,-26.06,-26.06,-26.06,-25.56,-25.56,-25.22,-24.68,-27.65,-27.65,-27.36,-26.89,-26.89,-26.89,-26.38,-26.38,-26.04,-25.5,8.16,8.15,8.15,8.14,8.13,8.12,8.11,8.1,8.1,8.09,8.16,8.15,8.15,8.14,8.13,8.12,8.11,8.1,8.1,8.09,222.87,0,0,1,0,0,0,-1,0,None,aggregation
24,128.51,remora2,remora6,-24.68,-24.11,-24.11,-23.73,-23.73,-22.91,-22.91,-22.5,-22.5,-21.63,-25.5,-24.93,-24.93,-24.55,-24.55,-23.73,-23.73,-23.32,-23.32,-22.45,8.08,8.07,8.06,8.05,8.04,8.03,8.02,8.01,8,7.98,8.08,8.07,8.06,8.05,8.04,8.03,8.02,8.01,8,7.98,219.16,0,0,1,0,0,0,-1,0,None,aggregation
24,129.51,remora2,remora6,-21.63,-20.96,-20.96,-20.28,-20.28,-19.58,-19.58,0,0,0,-22.45,-21.78,-21.78,-21.1,-21.1,-20.4,-20.4,0,0,0,7.97,7.96,7.95,7.94,7.92,7.91,7.9,7.88,7.86,7.84,7.97,7.96,7.95,7.94,7.92,7.91,7.9,7.88,7.86,7.84,204.98,0,0,1,0,0,0,-1,0,None,aggregation
24,130.51,remora2,remora6,0,0,0,0,0,0,0,0,0,0,0,0,0,0,0,0,0,0,0,0,7.81,7.79,7.76,7.74,7.71,7.69,7.66,7.64,7.61,7.59,7.81,7.79,7.76,7.74,7.71,7.69,7.66,7.64,7.61,7.59,175.47,0,0,1,0,0,0,-1,0,None,aggregation
24,131.51,remora2,remora6,0,0,0,0,0,0,0,0,0,0,0,0,0,0,0,0,0,0,0,0,7.56,7.54,7.52,7.49,7.47,7.44,7.42,7.39,7.37,7.34,7.56,7.54,7.52,7.49,7.47,7.44,7.42,7.39,7.37,7.34,145.66,0,0,1,0,0,0,-1,0,None,aggregation
24,132.51,remora2,remora6,0,0,0,0,0,0,0,0,0,0,0,0,0,0,0,0,0,0,0,0,7.32,7.29,7.27,7.24,7.22,7.2,7.17,7.15,7.13,7.1,7.32,7.29,7.27,7.24,7.22,7.2,7.17,7.15,7.13,7.1,142.67,0,0,1,0,0,0,-1,0,None,aggregation
24,133.51,remora2,remora6,0,0,0,0,0,0,0,0,0,0,0,0,0,0,0,0,0,0,0,0,7.08,7.05,7.03,7,6.98,6.96,6.93,6.91,6.89,6.86,7.08,7.05,7.03,7,6.98,6.96,6.93,6.91,6.89,6.86,130.71,0,0,1,0,0,0,-1,0,None,aggregation
24,134.51,remora2,remora6,0,0,0,0,0,0,0,0,0,0,0,0,0,0,0,0,0,0,0,0,6.84,6.82,6.79,6.77,6.75,6.72,6.7,6.67,6.65,6.63,6.84,6.82,6.79,6.77,6.75,6.72,6.7,6.67,6.65,6.63,121.84,0,0,1,0,0,0,-1,0,None,aggregation
24,135.51,remora2,remora6,0,0,0,0,0,0,0,0,0,0,0,0,0,0,0,0,0,0,0,0,6.61,6.58,6.56,6.54,6.51,6.49,6.47,6.45,6.43,6.4,6.61,6.58,6.56,6.54,6.51,6.49,6.47,6.45,6.43,6.4,92.71,0,0,1,0,0,0,-1,0,None,aggregation
24,136.51,remora2,remora6,0,0,0,25.83,25.83,25.83,26.04,26.55,26.55,26.55,0,0,0,26.1,26.1,26.1,26.31,26.8,26.8,26.8,6.38,6.36,6.34,6.31,6.28,6.25,6.22,6.19,6.15,6.12,6.38,6.36,6.34,6.31,6.28,6.25,6.22,6.19,6.15,6.12,83.06,0,0,1,0,0,0,-1,0,None,aggregation
24,137.51,remora2,remora6,26.93,26.93,27.38,27.71,27.71,27.71,28.02,28.02,28.24,28.24,27.17,27.17,27.6,27.92,27.92,27.92,28.21,28.21,28.42,28.42,6.09,6.05,6.03,5.99,5.96,5.93,5.9,5.87,5.84,5.81,6.09,6.05,6.03,5.99,5.96,5.93,5.9,5.87,5.84,5.81,84.51,0,0,1,0,0,0,-1,0,None,aggregation
24,138.51,remora2,remora6,28.51,28.76,28.76,28.93,28.93,29.09,29.09,29.23,29.23,29.36,28.67,28.91,28.91,29.06,29.06,29.21,29.21,29.35,29.35,29.47,5.78,5.76,5.73,5.7,5.67,5.64,5.62,5.59,5.57,5.54,5.78,5.76,5.73,5.7,5.67,5.64,5.62,5.59,5.57,5.54,89.87,0,0,1,0,0,0,-1,0,None,aggregation
24,139.51,remora2,remora6,29.36,29.36,29.45,29.56,29.56,29.56,29.62,29.69,29.69,29.69,29.47,29.47,29.54,29.64,29.64,29.64,29.7,29.76,29.76,29.76,5.52,5.49,5.47,5.45,5.43,5.4,5.38,5.36,5.34,5.32,5.52,5.49,5.47,5.45,5.43,5.4,5.38,5.36,5.34,5.32,104.85,0,0,1,0,0,0,-1,0,None,aggregation
24,140.51,remora2,remora6,29.74,29.74,29.79,29.79,0,0,0,-29.12,-29.12,-29.12,29.81,29.81,29.85,29.85,0,0,0,-29.94,-29.94,-29.94,5.3,5.28,5.26,5.25,5.25,5.25,5.25,5.25,5.25,5.24,5.3,5.28,5.26,5.25,5.25,5.25,5.25,5.25,5.25,5.24,125.63,0,0,1,0,0,0,-1,0,None,aggregation
24,141.51,remora2,remora6,-29.11,-29.11,0,0,0,0,0,-29.25,-29.25,0,-29.94,-29.94,0,0,0,0,0,-30.07,-30.07,0,5.23,5.22,5.2,5.19,5.18,5.16,5.15,5.14,5.13,5.12,5.23,5.22,5.2,5.19,5.18,5.16,5.15,5.14,5.13,5.12,137.46,0,0,1,0,0,0,-1,0,None,aggregation
24,142.51,remora2,remora6,0,0,0,-29.12,-29.12,-29.13,-29.13,-28.98,-28.98,-28.98,0,0,0,-29.95,-29.95,-29.95,-29.95,-29.8,-29.8,-29.8,5.11,5.09,5.09,5.09,5.1,5.1,5.09,5.08,5.07,5.06,5.11,5.09,5.09,5.09,5.1,5.1,5.09,5.08,5.07,5.06,158.1,0,0,1,0,0,0,-1,0,None,aggregation
24,143.51,remora2,remora6,-28.82,-28.82,-28.64,-28.45,-28.45,-28.45,-28.25,-28.02,-28.02,-27.79,-29.64,-29.64,-29.47,-29.27,-29.27,-29.27,-29.07,-28.85,-28.85,-28.61,5.05,5.04,5.02,5.01,5,4.99,4.98,4.97,4.96,4.94,5.05,5.04,5.02,5.01,5,4.99,4.98,4.97,4.96,4.94,186.88,0,0,1,0,0,0,-1,0,None,aggregation
24,144.51,remora2,remora6,-27.79,-25.17,-25.17,-25.54,-25.54,-27.15,-27.15,-26.87,-26.87,-26.87,-28.61,-24.35,-24.35,-24.72,-24.72,-27.97,-27.97,-27.69,-27.69,-27.69,4.93,4.92,4.91,4.89,4.88,4.87,4.86,4.85,4.83,4.82,4.93,4.92,4.91,4.89,4.88,4.87,4.86,4.85,4.83,4.82,213.38,0,0,1,0,0,0,-1,0,None,aggregation
24,145.51,remora2,remora6,-26.57,-26.57,-25.93,-25.93,-25.93,-25.27,-25.27,-25.27,-24.92,-24.17,-25.75,-25.75,-26.75,-26.75,-26.75,-26.09,-26.09,-26.09,-25.75,-24.99,4.81,4.8,4.78,4.77,4.76,4.75,4.73,4.72,4.71,4.7,4.81,4.8,4.78,4.77,4.76,4.75,4.73,4.72,4.71,4.7,239.21,0,0,1,0,0,0,-1,0,None,aggregation
24,146.51,remora2,remora6,-24.17,-28.69,-28.69,-29.01,-29.01,-22.58,-22.58,-22.58,-22.58,0,-24.99,-27.87,-27.87,-28.18,-28.18,-23.41,-23.41,-23.41,-23.41,0,4.68,4.67,4.66,4.65,4.63,4.62,4.61,4.59,4.58,4.57,4.68,4.67,4.66,4.65,4.63,4.62,4.61,4.59,4.58,4.57,243.83,0,0,1,0,0,0,-1,0,None,aggregation
24,147.51,remora2,remora6,0,0,0,0,0,0,0,0,0,0,0,0,0,0,0,0,0,0,0,0,4.55,4.54,4.53,4.52,4.5,4.49,4.48,4.46,4.45,4.45,4.55,4.54,4.53,4.52,4.5,4.49,4.48,4.46,4.45,4.45,216.04,0,0,1,0,0,0,-1,0,None,aggregation
24,148.51,remora2,remora6,0,0,0,0,0,0,0,0,0,0,0,0,0,0,0,0,0,0,0,0,4.45,4.45,4.44,4.43,4.42,4.41,4.41,4.41,4.41,4.39,4.45,4.45,4.44,4.43,4.42,4.41,4.41,4.41,4.41,4.39,186.98,0,0,1,0,0,0,-1,0,None,aggregation
24,149.51,remora2,remora6,0,0,0,0,0,0,0,0,0,0,0,0,0,0,0,0,0,0,0,0,4.39,4.39,4.39,4.39,4.39,4.38,4.37,4.36,4.36,4.36,4.39,4.39,4.39,4.39,4.39,4.38,4.37,4.36,4.36,4.36,157.39,0,0,1,0,0,0,-1,0,None,aggregation
24,150.51,remora2,remora6,0,0,0,0,0,0,0,0,0,0,0,0,0,0,0,0,0,0,0,0,4.36,4.36,4.35,4.34,4.33,4.32,4.31,4.3,4.3,4.3,4.36,4.36,4.35,4.34,4.33,4.32,4.31,4.3,4.3,4.3,136.61,0,0,1,0,0,0,-1,0,None,aggregation
24,151.51,remora2,remora6,0,0,0,0,0,0,0,0,0,0,0,0,0,0,0,0,0,0,0,0,4.3,4.3,4.29,4.28,4.27,4.26,4.26,4.25,4.24,4.23,4.3,4.3,4.29,4.28,4.27,4.26,4.26,4.25,4.24,4.23,124.77,0,0,1,0,0,0,-1,0,None,aggregation
24,152.51,remora2,remora6,0,0,0,0,0,0,0,0,0,0,0,0,0,0,0,0,0,0,0,0,4.22,4.22,4.22,4.22,4.22,4.21,4.21,4.21,4.21,4.21,4.22,4.22,4.22,4.22,4.22,4.21,4.21,4.21,4.21,4.21,104.14,0,0,1,0,0,0,-1,0,None,aggregation
24,153.51,remora2,remora6,0,0,0,0,0,0,0,0,0,0,0,0,0,0,0,0,0,0,0,0,4.21,4.2,4.19,4.19,4.19,4.19,4.19,4.18,4.17,4.16,4.21,4.2,4.19,4.19,4.19,4.19,4.19,4.18,4.17,4.16,75.36,0,0,1,0,0,0,-1,0,None,aggregation
24,154.51,remora2,remora6,0,0,0,0,0,0,0,0,0,0,0,0,0,0,0,0,0,0,0,0,4.16,4.15,4.15,4.15,4.15,4.14,4.14,4.14,4.13,4.13,4.16,4.15,4.15,4.15,4.15,4.14,4.14,4.14,4.13,4.13,48.86,0,0,1,0,0,0,-1,0,None,aggregation
24,155.51,remora2,remora6,0,0,0,0,0,0,0,0,0,0,0,0,0,0,0,0,0,0,0,0,4.13,4.13,4.13,4.13,4.13,4.13,4.13,4.13,4.13,4.13,4.13,4.13,4.13,4.13,4.13,4.13,4.13,4.13,4.13,4.13,23.03,0,0,0,0,0,0,-1,0,None,aggregation
24,156.51,remora2,remora6,0,0,0,0,0,0,0,0,0,0,0,0,0,0,0,0,0,0,0,0,4.13,4.12,4.12,4.12,4.12,4.12,4.12,4.11,4.11,4.11,4.13,4.12,4.12,4.12,4.12,4.12,4.12,4.11,4.11,4.11,0,0,0,0,0,0,0,-1,0,None,aggregation
24,157.51,remora2,remora6,0,0,0,0,0,0,0,0,0,0,0,0,0,0,0,0,0,0,0,0,4.11,4.11,4.11,4.1,4.1,4.1,4.1,4.1,4.1,4.1,4.11,4.11,4.11,4.1,4.1,4.1,4.1,4.1,4.1,4.1,0,0,0,0,0,0,0,-1,0,None,aggregation
24,158.51,remora2,remora6,0,0,0,0,0,0,0,0,0,0,0,0,0,0,0,0,0,0,0,0,4.1,4.09,4.09,4.08,4.08,4.09,4.09,4.09,4.09,4.09,4.1,4.09,4.09,4.08,4.08,4.09,4.09,4.09,4.09,4.09,0,0,0,0,0,0,0,-1,0,None,aggregation
24,159.51,remora2,remora6,0,0,0,0,0,0,0,0,0,0,0,0,0,0,0,0,0,0,0,0,4.09,4.09,4.1,4.1,4.1,4.1,4.1,4.1,4.1,4.09,4.09,4.09,4.1,4.1,4.1,4.1,4.1,4.1,4.1,4.09,0,0,0,0,0,0,0,-1,0,None,aggregation
24,160.51,remora2,remora6,0,29.87,29.87,29.87,28.06,28.06,29.85,29.85,28.18,29.87,0,29.91,29.91,29.91,27.87,27.87,29.9,29.9,27.99,29.91,4.08,4.08,4.09,4.1,4.1,4.09,4.1,4.11,4.12,4.13,4.08,4.08,4.09,4.1,4.1,4.09,4.1,4.11,4.12,4.13,26.33,0,0,0,0,0,0,-1,0,None,aggregation
24,161.51,remora2,remora6,29.87,29.87,29.9,29.9,28.07,28.07,29.9,29.9,29.9,29.9,29.91,29.91,29.94,29.94,27.88,27.88,29.94,29.94,29.94,29.94,4.15,4.16,4.17,4.19,4.2,4.21,4.22,4.23,4.25,4.26,4.15,4.16,4.17,4.19,4.2,4.21,4.22,4.23,4.25,4.26,55.86,0,0,1,0,0,0,-1,0,None,aggregation
24,162.51,remora2,remora6,29.9,29.9,28.28,29.9,29.9,29.9,29.9,29.9,28.28,29.93,29.94,29.94,28.09,29.94,29.94,29.94,29.94,29.94,28.1,29.96,4.27,4.29,4.3,4.31,4.32,4.33,4.34,4.36,4.37,4.38,4.27,4.29,4.3,4.31,4.32,4.33,4.34,4.36,4.37,4.38,85.44,0,0,1,0,0,0,-1,0,None,aggregation
24,163.51,remora2,remora6,29.93,29.93,29.93,29.93,29.93,0,0,0,30,30,29.96,29.96,29.96,29.96,29.96,0,0,0,30,30,4.39,4.4,4.41,4.42,4.44,4.45,4.45,4.42,4.41,4.39,4.39,4.4,4.41,4.42,4.44,4.45,4.45,4.42,4.41,4.39,106.41,0,0,1,0,0,0,-1,0,None,aggregation
24,164.51,remora2,remora6,30,0,0,-26.41,-26.41,-26.41,0,0,0,0,30,0,0,-25.59,-25.59,-25.59,0,0,0,0,4.4,4.42,4.42,4.42,4.4,4.36,4.33,4.33,4.31,4.29,4.4,4.42,4.42,4.42,4.4,4.36,4.33,4.33,4.31,4.29,117.21,0,0,1,0,0,0,-1,0,None,aggregation
24,165.51,remora2,remora6,-29.36,-29.36,-29.36,-26.19,-26.19,-26.19,-29.37,-29.37,-29.45,-29.37,-30.18,-30.18,-30.18,-25.37,-25.37,-25.37,-30.19,-30.19,-30.28,-30.19,4.25,4.21,4.19,4.17,4.16,4.14,4.12,4.08,4.04,4,4.25,4.21,4.19,4.17,4.16,4.14,4.12,4.08,4.04,4,145.79,0,0,1,0,0,0,-1,0,None,aggregation
24,166.51,remora2,remora6,-29.37,-25.92,-25.92,-29.37,-29.37,-29.37,-25.63,-29.42,-29.42,-29.42,-30.19,-25.1,-25.1,-30.19,-30.19,-30.19,-24.81,-30.24,-30.24,-30.24,3.97,3.96,3.94,3.93,3.89,3.85,3.83,3.81,3.78,3.74,3.97,3.96,3.94,3.93,3.89,3.85,3.83,3.81,3.78,3.74,174.28,0,0,1,0,0,0,-1,0,None,aggregation
24,167.51,remora2,remora6,-29.42,-29.42,-29.38,-29.38,-25.53,-25.43,-25.43,-25.43,-25.26,-25.26,-30.24,-30.24,-30.2,-30.2,-24.71,-24.61,-24.61,-24.61,-24.44,-24.44,3.72,3.71,3.68,3.64,3.6,3.57,3.53,3.48,3.45,3.41,3.72,3.71,3.68,3.64,3.6,3.57,3.53,3.48,3.45,3.41,201.19,0,0,1,0,0,0,-1,0,None,aggregation
24,168.51,remora2,remora6,-29.39,-29.39,-29.39,-24.84,-24.84,-24.78,-24.78,-24.78,-24.4,-24.05,-30.21,-30.21,-30.21,-24.02,-24.02,-23.95,-23.95,-23.95,-23.58,-23.23,3.38,3.37,3.36,3.34,3.31,3.28,3.23,3.2,3.16,3.12,3.38,3.37,3.36,3.34,3.31,3.28,3.23,3.2,3.16,3.12,227.09,0,0,1,0,0,0,-1,0,None,aggregation
24,169.51,remora2,remora6,-24.05,-24.05,-23.69,-29.59,-29.59,-30.4,-30.4,-30.4,-30.4,-21.46,-23.23,-23.23,-22.87,-30.41,-30.41,-29.58,-29.58,-29.58,-29.58,-20.64,3.09,3.05,3.01,2.98,2.94,2.9,2.87,2.83,2.79,2.76,3.09,3.05,3.01,2.98,2.94,2.9,2.87,2.83,2.79,2.76,254.25,0,1,1,0,0,0,-1,0,None,aggregation
24,170.51,remora2,remora6,-21.46,-21.46,0,0,0,0,0,0,0,0,-20.64,-20.64,0,0,0,0,0,0,0,0,2.72,2.69,2.66,2.63,2.6,2.57,2.54,2.52,2.49,2.46,2.72,2.69,2.66,2.63,2.6,2.57,2.54,2.52,2.49,2.46,232.13,0,1,1,0,0,0,-1,0,None,aggregation
24,171.51,remora2,remora6,0,0,0,0,0,0,0,0,0,0,0,0,0,0,0,0,0,0,0,0,2.43,2.4,2.38,2.35,2.32,2.29,2.27,2.24,2.21,2.18,2.43,2.4,2.38,2.35,2.32,2.29,2.27,2.24,2.21,2.18,202.6,0,1,1,0,0,0,-1,0,None,aggregation
24,172.51,remora2,remora6,0,0,0,0,0,0,0,0,0,0,0,0,0,0,0,0,0,0,0,0,2.16,2.13,2.1,2.07,2.05,2.02,1.99,1.96,1.94,1.91,2.16,2.13,2.1,2.07,2.05,2.02,1.99,1.96,1.94,1.91,173.02,0,1,1,0,0,0,-1,0,None,aggregation
24,173.51,remora2,remora6,0,0,0,0,0,0,0,0,0,0,0,0,0,0,0,0,0,0,0,0,1.88,1.86,1.83,1.8,1.78,1.75,1.72,1.7,1.67,1.64,1.88,1.86,1.83,1.8,1.78,1.75,1.72,1.7,1.67,1.64,152.05,0,1,1,0,0,0,-1,0,None,aggregation
24,174.51,remora2,remora6,0,0,0,0,0,0,0,0,0,0,0,0,0,0,0,0,0,0,0,0,1.62,1.59,1.56,1.54,1.51,1.49,1.48,1.48,1.48,1.48,1.62,1.59,1.56,1.54,1.51,1.49,1.48,1.48,1.48,1.48,141.25,0,0,1,0,0,0,-1,0,None,aggregation
24,175.51,remora2,remora6,0,0,0,0,0,0,0,0,0,0,0,0,0,0,0,0,0,0,0,0,1.48,1.48,1.48,1.48,1.48,1.48,1.48,1.48,1.48,1.47,1.48,1.48,1.48,1.48,1.48,1.48,1.48,1.48,1.48,1.47,112.66,1,0,1,0,0,0,-1,0,None,aggregation
24,176.51,remora2,remora6,0,0,0,0,0,0,0,0,0,0,0,0,0,0,0,0,0,0,0,0,1.47,1.47,1.47,1.47,1.47,1.47,1.47,1.47,1.47,1.47,1.47,1.47,1.47,1.47,1.47,1.47,1.47,1.47,1.47,1.47,84.18,1,0,1,0,0,0,-1,0,None,aggregation
24,177.51,remora2,remora6,0,23.55,23.55,23.55,24.06,24.06,24.49,24.9,24.9,25.22,0,23.19,23.19,23.19,23.72,23.72,24.16,24.58,24.58,24.92,1.47,1.47,1.48,1.48,1.48,1.49,1.49,1.5,1.5,1.51,1.47,1.47,1.48,1.48,1.48,1.49,1.49,1.5,1.5,1.51,78.94,1,0,1,0,0,0,-1,0,None,aggregation
24,178.51,remora2,remora6,25.22,25.54,25.54,25.91,25.91,25.91,26.21,26.21,26.21,26.72,24.92,25.25,25.25,25.63,25.63,25.63,25.94,25.94,25.94,26.47,1.52,1.52,1.53,1.54,1.55,1.56,1.57,1.58,1.59,1.6,1.52,1.52,1.53,1.54,1.55,1.56,1.57,1.58,1.59,1.6,78.84,0,1,1,0,0,0,-1,0,None,aggregation
24,179.51,remora2,remora6,26.72,26.9,26.9,26.9,27.04,27.04,27.19,27.37,27.37,27.37,26.47,26.65,26.65,26.65,26.8,26.8,26.95,27.14,27.14,27.14,1.61,1.62,1.63,1.65,1.66,1.67,1.69,1.7,1.72,1.73,1.61,1.62,1.63,1.65,1.66,1.67,1.69,1.7,1.72,1.73,78.64,0,1,1,0,0,0,-1,0,None,aggregation
24,180.51,remora2,remora6,27.49,27.49,27.62,27.62,27.74,27.74,27.91,27.91,27.99,27.99,27.27,27.27,27.4,27.4,27.53,27.53,27.71,27.71,27.8,27.8,1.75,1.76,1.78,1.79,1.81,1.83,1.84,1.86,1.88,1.9,1.75,1.76,1.78,1.79,1.81,1.83,1.84,1.86,1.88,1.9,102.08,0,1,1,0,0,0,-1,0,None,aggregation
24,181.51,remora2,remora6,28.12,28.12,28.12,28.22,28.28,28.36,28.36,28.36,28.45,28.45,27.93,27.93,27.93,28.03,28.09,28.18,28.18,28.18,28.27,28.27,1.92,1.93,1.96,1.97,2,2.04,2.09,2.13,2.18,2.22,1.92,1.93,1.96,1.97,2,2.04,2.09,2.13,2.18,2.22,130.27,0,1,1,0,0,0,-1,0,None,aggregation
24,182.51,remora2,remora6,28.49,28.49,28.55,28.59,28.59,28.59,28.59,25.19,25.19,25.19,28.32,28.32,28.38,28.43,28.43,28.43,28.43,24.89,24.89,24.89,2.27,2.31,2.36,2.4,2.45,2.49,2.54,2.58,2.63,2.67,2.27,2.31,2.36,2.4,2.45,2.49,2.54,2.58,2.63,2.67,157.71,0,1,1,0,0,0,-1,0,None,aggregation
24,183.51,remora2,remora6,25.33,28.65,28.65,28.65,28.65,25.62,25.62,25.62,25.65,25.65,25.03,28.49,28.49,28.49,28.49,25.33,25.33,25.33,25.36,25.36,2.71,2.76,2.8,2.85,2.9,2.94,2.98,3.03,3.07,3.11,2.71,2.76,2.8,2.85,2.9,2.94,2.98,3.03,3.07,3.11,184.41,0,1,1,0,0,0,-1,0,None,aggregation
24,184.51,remora2,remora6,25.68,25.68,25.68,25.94,25.94,25.94,25.97,25.97,0,0,25.39,25.39,25.39,25.66,25.66,25.66,25.69,25.69,0,0,3.16,3.2,3.25,3.29,3.34,3.38,3.42,3.45,3.47,3.48,3.16,3.2,3.25,3.29,3.34,3.38,3.42,3.45,3.47,3.48,204.97,0,0,1,0,0,0,-1,0,None,aggregation
24,185.51,remora2,remora6,0,0,0,0,0,-14.74,-14.74,-14.09,-14.09,-29.43,0,0,0,0,0,-13.91,-13.91,-13.27,-13.27,-30.26,3.5,3.53,3.56,3.58,3.61,3.63,3.64,3.64,3.64,3.64,3.5,3.53,3.56,3.58,3.61,3.63,3.64,3.64,3.64,3.64,213.56,0,0,1,0,0,0,-1,0,None,aggregation
24,186.51,remora2,remora6,-29.43,-29.43,-27.49,-27.49,-12.93,-27.31,-27.31,-27.21,-27.21,-11.2,-30.26,-30.26,-26.67,-26.67,-12.11,-26.48,-26.48,-26.38,-26.38,-10.38,3.64,3.65,3.65,3.66,3.67,3.67,3.66,3.66,3.65,3.64,3.64,3.65,3.65,3.66,3.67,3.67,3.66,3.66,3.65,3.64,238.02,0,0,1,0,0,0,-1,0,None,aggregation
24,187.51,remora2,remora6,-11.2,-26.88,-26.88,-29.52,-29.52,-29.52,-29.52,-26.82,-26.82,-26.75,-10.38,-26.05,-26.05,-30.34,-30.34,-30.34,-30.34,-26,-26,-25.93,3.65,3.65,3.66,3.67,3.67,3.68,3.68,3.68,3.68,3.68,3.65,3.65,3.66,3.67,3.67,3.68,3.68,3.68,3.68,3.68,242.6,0,0,1,0,0,0,-1,0,None,aggregation
24,188.51,remora2,remora6,-26.75,-26.75,-26.68,-26.63,-26.63,-26.49,-26.49,-29.57,-29.57,-29.57,-25.93,-25.93,-25.86,-25.81,-25.81,-25.66,-25.66,-30.39,-30.39,-30.39,3.68,3.69,3.71,3.72,3.73,3.74,3.75,3.77,3.78,3.79,3.68,3.69,3.71,3.72,3.73,3.74,3.75,3.77,3.78,3.79,244.15,0,0,1,0,0,0,-1,0,None,aggregation
24,189.51,remora2,remora6,-26.32,-26.28,-26.28,-26.28,-26.24,-26.1,-26.1,-26.06,-26.06,-26.06,-25.5,-25.45,-25.45,-25.45,-25.41,-25.28,-25.28,-25.23,-25.23,-25.23,3.81,3.82,3.83,3.85,3.86,3.87,3.88,3.89,3.91,3.93,3.81,3.82,3.83,3.85,3.86,3.87,3.88,3.89,3.91,3.93,242.95,0,0,1,0,0,0,-1,0,None,aggregation
24,190.51,remora2,remora6,-26.02,-26.02,-25.8,-25.8,-25.78,-25.66,-25.66,0,0,0,-25.2,-25.2,-24.98,-24.98,-24.96,-24.84,-24.84,0,0,0,3.94,3.96,3.98,3.99,4.01,4.03,4.02,4.01,4,3.99,3.94,3.96,3.98,3.99,4.01,4.03,4.02,4.01,4,3.99,233.09,0,0,1,0,0,0,-1,0,None,aggregation
24,191.51,remora2,remora6,0,0,0,0,0,0,0,0,0,0,0,0,0,0,0,0,0,0,0,0,3.98,3.98,3.97,3.96,3.95,3.95,3.94,3.93,3.92,3.92,3.98,3.98,3.97,3.96,3.95,3.95,3.94,3.93,3.92,3.92,204.9,0,0,1,0,0,0,-1,0,None,aggregation
24,192.51,remora2,remora6,0,0,0,0,0,0,0,0,0,0,0,0,0,0,0,0,0,0,0,0,3.93,3.94,3.94,3.93,3.92,3.91,3.92,3.94,3.96,3.98,3.93,3.94,3.94,3.93,3.92,3.91,3.92,3.94,3.96,3.98,177.46,0,0,1,0,0,0,-1,0,None,aggregation
24,193.51,remora2,remora6,0,0,0,0,0,0,0,0,0,0,0,0,0,0,0,0,0,0,0,0,3.99,3.98,3.97,3.97,3.96,3.95,3.94,3.93,3.92,3.92,3.99,3.98,3.97,3.97,3.96,3.95,3.94,3.93,3.92,3.92,150.76,0,0,1,0,0,0,-1,0,None,aggregation
24,194.51,remora2,remora6,0,0,0,0,0,0,0,0,0,0,0,0,0,0,0,0,0,0,0,0,3.91,3.9,3.9,3.9,3.9,3.89,3.87,3.85,3.84,3.83,3.91,3.9,3.9,3.9,3.9,3.89,3.87,3.85,3.84,3.83,130.2,0,0,1,0,0,0,-1,0,None,aggregation
24,195.51,remora2,remora6,0,0,0,0,0,0,0,0,0,0,0,0,0,0,0,0,0,0,0,0,3.83,3.83,3.82,3.79,3.77,3.75,3.73,3.71,3.69,3.66,3.83,3.83,3.82,3.79,3.77,3.75,3.73,3.71,3.69,3.66,121.61,0,0,1,0,0,0,-1,0,None,aggregation
24,196.51,remora2,remora6,0,0,0,0,0,0,0,0,0,0,0,0,0,0,0,0,0,0,0,0,3.64,3.62,3.62,3.61,3.61,3.61,3.6,3.58,3.55,3.53,3.64,3.62,3.62,3.61,3.61,3.61,3.6,3.58,3.55,3.53,97.16,0,0,1,0,0,0,-1,0,None,aggregation
24,197.51,remora2,remora6,0,0,0,0,0,0,0,0,0,0,0,0,0,0,0,0,0,0,0,0,3.51,3.49,3.47,3.45,3.42,3.4,3.38,3.35,3.33,3.31,3.51,3.49,3.47,3.45,3.42,3.4,3.38,3.35,3.33,3.31,70.9,0,0,1,0,0,0,-1,0,None,aggregation
24,198.51,remora2,remora6,0,0,0,0,0,0,0,0,0,0,0,0,0,0,0,0,0,0,0,0,3.29,3.27,3.25,3.23,3.21,3.19,3.17,3.15,3.14,3.12,3.29,3.27,3.25,3.23,3.21,3.19,3.17,3.15,3.14,3.12,43.55,0,0,0,0,0,0,-1,0,None,aggregation
24,199.51,remora2,remora6,0,0,0,0,0,0,0,0,0,0,0,0,0,0,0,0,0,0,0,0,3.1,3.08,3.06,3.04,3.02,3.01,2.99,2.97,2.95,2.93,3.1,3.08,3.06,3.04,3.02,3.01,2.99,2.97,2.95,2.93,17.79,0,0,0,0,0,0,-1,0,None,aggregation
24,200.51,remora2,remora6,0,0,0,0,0,0,0,0,0,0,0,0,0,0,0,0,0,0,0,0,2.91,2.89,2.87,2.84,2.83,2.81,2.79,2.77,2.75,2.73,2.91,2.89,2.87,2.84,2.83,2.81,2.79,2.77,2.75,2.73,0,0,1,0,0,0,0,-1,0,None,aggregation
24,201.51,remora2,remora6,0,0,0,0,0,0,0,0,0,0,0,0,0,0,0,0,0,0,0,0,2.72,2.7,2.68,2.67,2.65,2.64,2.62,2.61,2.59,2.58,2.72,2.7,2.68,2.67,2.65,2.64,2.62,2.61,2.59,2.58,0,0,1,0,0,0,0,-1,0,None,aggregation
24,202.51,remora2,remora6,0,0,0,0,0,0,0,0,0,0,0,0,0,0,0,0,0,0,0,0,2.56,2.54,2.53,2.51,2.49,2.47,2.44,2.43,2.41,2.39,2.56,2.54,2.53,2.51,2.49,2.47,2.44,2.43,2.41,2.39,0,0,1,0,0,0,0,-1,0,None,aggregation
24,203.51,remora2,remora6,0,0,0,0,0,0,0,0,0,0,0,0,0,0,0,0,0,0,0,0,2.38,2.36,2.34,2.33,2.32,2.3,2.29,2.27,2.25,2.24,2.38,2.36,2.34,2.33,2.32,2.3,2.29,2.27,2.25,2.24,0,0,1,0,0,0,0,-1,0,None,aggregation
24,204.51,remora2,remora6,0,0,0,0,0,0,0,0,0,0,0,0,0,0,0,0,0,0,0,0,2.23,2.21,2.2,2.19,2.18,2.17,2.15,2.13,2.12,2.1,2.23,2.21,2.2,2.19,2.18,2.17,2.15,2.13,2.12,2.1,0,0,1,0,0,0,0,-1,0,None,aggregation
24,205.51,remora2,remora6,0,0,0,0,0,0,0,0,0,0,0,0,0,0,0,0,0,0,0,0,2.08,2.06,2.05,2.04,2.03,2.01,2,1.99,1.98,1.97,2.08,2.06,2.05,2.04,2.03,2.01,2,1.99,1.98,1.97,0,0,1,0,0,0,0,-1,0,None,aggregation
24,206.51,remora2,remora6,0,0,0,0,0,0,0,0,0,0,0,0,0,0,0,0,0,0,0,0,1.96,1.95,1.94,1.93,1.92,1.9,1.89,1.87,1.86,1.84,1.96,1.95,1.94,1.93,1.92,1.9,1.89,1.87,1.86,1.84,0,0,1,0,0,0,0,-1,0,None,aggregation
24,207.51,remora2,remora6,0,0,0,0,0,0,0,0,0,0,0,0,0,0,0,0,0,0,0,0,1.83,1.82,1.82,1.81,1.8,1.79,1.79,1.78,1.77,1.76,1.83,1.82,1.82,1.81,1.8,1.79,1.79,1.78,1.77,1.76,0,0,1,0,0,0,0,-1,0,None,aggregation
24,208.51,remora2,remora6,0,0,0,0,0,0,0,0,0,0,0,0,0,0,0,0,0,0,0,0,1.75,1.74,1.73,1.73,1.72,1.71,1.71,1.7,1.69,1.69,1.75,1.74,1.73,1.73,1.72,1.71,1.71,1.7,1.69,1.69,0,0,1,0,0,0,0,-1,0,None,aggregation
24,209.51,remora2,remora6,0,0,0,0,0,0,0,0,0,0,0,0,0,0,0,0,0,0,0,0,1.68,1.67,1.67,1.66,1.64,1.63,1.63,1.62,1.62,1.61,1.68,1.67,1.67,1.66,1.64,1.63,1.63,1.62,1.62,1.61,0,0,1,0,0,0,0,-1,0,None,aggregation
24,210.51,remora2,remora6,0,0,0,19.93,19.93,19.93,19.78,19.69,19.69,19.86,0,0,0,19.48,19.48,19.48,19.33,19.24,19.24,19.41,1.6,1.59,1.58,1.57,1.56,1.55,1.53,1.52,1.5,1.5,1.6,1.59,1.58,1.57,1.56,1.55,1.53,1.52,1.5,1.5,13.72,0,1,0,0,0,0,-1,0,None,aggregation
24,211.51,remora2,remora6,19.86,19.86,19.96,19.96,20.08,20.34,20.34,20.44,20.44,20.66,19.41,19.41,19.52,19.52,19.64,19.91,19.91,20.01,20.01,20.23,1.49,1.48,1.48,1.47,1.46,1.46,1.45,1.45,1.44,1.44,1.49,1.48,1.48,1.47,1.46,1.46,1.45,1.45,1.44,1.44,33.7,1,0,0,0,0,0,-1,0,None,aggregation
24,212.51,remora2,remora6,20.66,20.83,20.83,20.83,20.89,21.15,21.15,21.15,21.15,21.58,20.23,20.41,20.41,20.41,20.46,20.74,20.74,20.74,20.74,21.18,1.43,1.43,1.42,1.42,1.42,1.41,1.41,1.41,1.41,1.4,1.43,1.43,1.42,1.42,1.42,1.41,1.41,1.41,1.41,1.4,54.51,1,0,1,0,0,0,-1,0,None,aggregation
24,213.51,remora2,remora6,21.88,21.88,22.17,22.45,22.45,8.91,8.91,8.91,23.06,23.38,21.48,21.48,21.77,22.06,22.06,8.24,8.24,8.24,22.7,23.02,1.4,1.4,1.4,1.4,1.4,1.4,1.4,1.4,1.4,1.4,1.4,1.4,1.4,1.4,1.4,1.4,1.4,1.4,1.4,1.4,72.68,1,0,1,0,0,0,-1,0,None,aggregation
24,214.51,remora2,remora6,23.38,23.82,23.82,23.82,24.12,12.87,12.87,12.87,24.81,24.96,23.02,23.47,23.47,23.47,23.78,12.27,12.27,12.27,24.5,24.65,1.41,1.41,1.41,1.42,1.42,1.42,1.43,1.43,1.43,1.44,1.41,1.41,1.41,1.42,1.42,1.42,1.43,1.43,1.43,1.44,93.2,1,0,1,0,0,0,-1,0,None,aggregation
24,215.51,remora2,remora6,24.96,25.35,25.35,25.62,25.62,25.87,25.87,26.22,26.22,26.47,24.65,25.05,25.05,25.33,25.33,25.59,25.59,25.95,25.95,26.21,1.45,1.45,1.46,1.47,1.48,1.48,1.49,1.5,1.51,1.52,1.45,1.45,1.46,1.47,1.48,1.48,1.49,1.5,1.51,1.52,118.81,1,0,1,0,0,0,-1,0,None,aggregation
24,216.51,remora2,remora6,26.47,26.7,26.7,19.19,19.19,27.14,27.14,27.35,27.35,27.5,26.21,26.45,26.45,18.73,18.73,26.9,26.9,27.12,27.12,27.28,1.53,1.54,1.56,1.57,1.58,1.59,1.6,1.61,1.63,1.64,1.53,1.54,1.56,1.57,1.58,1.59,1.6,1.61,1.63,1.64,144.14,0,1,1,0,0,0,-1,0,None,aggregation
24,217.51,remora2,remora6,27.5,27.78,27.78,27.93,27.93,27.93,28.06,28.2,28.2,23.24,27.28,27.57,27.57,27.73,27.73,27.73,27.87,28.01,28.01,22.88,1.66,1.67,1.69,1.7,1.72,1.74,1.76,1.8,1.83,1.86,1.66,1.67,1.69,1.7,1.72,1.74,1.76,1.8,1.83,1.86,171.49,0,1,1,0,0,0,-1,0,None,aggregation
24,218.51,remora2,remora6,23.24,28.58,28.58,28.67,28.67,28.75,28.75,28.84,28.84,24.97,22.88,28.41,28.41,28.5,28.5,28.6,28.6,28.68,28.68,24.66,1.9,1.93,1.97,2,2.04,2.08,2.12,2.16,2.2,2.24,1.9,1.93,1.97,2,2.04,2.08,2.12,2.16,2.2,2.24,199.18,0,1,1,0,0,0,-1,0,None,aggregation
24,219.51,remora2,remora6,24.97,29.07,29.07,29.15,29.15,29.22,29.22,29.28,29.28,29.28,24.66,28.94,28.94,29.02,29.02,29.09,29.09,29.16,29.16,29.16,2.28,2.31,2.36,2.4,2.44,2.48,2.52,2.57,2.61,2.66,2.28,2.31,2.36,2.4,2.44,2.48,2.52,2.57,2.61,2.66,227.87,0,1,1,0,0,0,-1,0,None,aggregation
24,220.51,remora2,remora6,29.32,29.36,29.36,29.42,29.42,26.6,26.6,26.63,26.63,29.57,29.21,29.24,29.24,29.31,29.31,26.35,26.35,26.37,26.37,29.48,2.7,2.74,2.79,2.83,2.88,2.92,2.97,3.01,3.06,3.1,2.7,2.74,2.79,2.83,2.88,2.92,2.97,3.01,3.06,3.1,242.35,0,1,1,0,0,0,-1,0,None,aggregation
24,221.51,remora2,remora6,29.57,29.57,29.57,29.63,29.63,29.63,29.58,29.68,29.68,29.58,29.48,29.66,29.66,29.54,29.54,29.54,29.66,29.6,29.6,29.66,3.15,3.19,3.24,3.29,3.34,3.39,3.43,3.48,3.52,3.55,3.15,3.19,3.24,3.29,3.34,3.39,3.43,3.48,3.52,3.55,251.98,0,0,1,0,0,0,-1,0,None,aggregation
24,222.51,remora2,remora6,29.58,29.73,29.73,29.73,29.58,27.63,27.63,0,0,0,29.66,29.65,29.65,29.65,29.66,27.42,27.42,0,0,0,3.58,3.61,3.65,3.69,3.73,3.78,3.83,3.88,3.91,3.94,3.58,3.61,3.65,3.69,3.73,3.78,3.83,3.88,3.91,3.94,251.51,0,0,1,0,0,0,-1,0,None,aggregation
24,223.51,remora2,remora6,0,0,-27.84,-27.84,-27.86,-27.86,-27.61,-27.61,-30.03,-27.38,0,0,-28.66,-28.66,-28.68,-28.68,-28.43,-28.43,-29.21,-28.2,3.96,3.99,3.99,3.98,3.98,3.98,3.97,3.96,3.95,3.94,3.96,3.99,3.99,3.98,3.98,3.98,3.97,3.96,3.95,3.94,255.99,0,0,1,0,0,0,-1,0,None,aggregation
24,224.51,remora2,remora6,-27.38,-27.38,-30.06,-27.14,-27.14,-30.11,-30.11,-26.73,-26.73,-30.15,-28.2,-28.2,-29.24,-27.96,-27.96,-29.29,-29.29,-27.55,-27.55,-29.33,3.92,3.91,3.91,3.92,3.92,3.92,3.92,3.91,3.9,3.89,3.92,3.91,3.91,3.92,3.92,3.92,3.92,3.91,3.9,3.89,263.84,0,0,1,0,0,0,-1,0,None,aggregation
24,225.51,remora2,remora6,-30.15,-26.3,-26.3,-30.2,-30.2,-25.85,-25.85,-30.28,-30.28,-30.32,-29.33,-27.13,-27.13,-29.38,-29.38,-26.67,-26.67,-29.46,-29.46,-29.49,3.88,3.87,3.87,3.87,3.88,3.88,3.87,3.85,3.83,3.8,3.88,3.87,3.87,3.87,3.88,3.88,3.87,3.85,3.83,3.8,266.72,0,0,1,0,0,0,-1,0,None,aggregation
24,226.51,remora2,remora6,-30.32,-30.32,-30.32,-30.33,-30.33,-30.34,-30.34,-30.35,-30.35,-30.35,-29.49,-29.49,-29.5,-29.51,-29.51,-29.51,-29.51,-29.53,-29.53,-29.53,3.76,3.71,3.66,3.62,3.56,3.51,3.46,3.41,3.36,3.31,3.76,3.71,3.66,3.62,3.56,3.51,3.46,3.41,3.36,3.31,271.32,0,0,1,0,0,0,-1,0,None,aggregation
24,227.51,remora2,remora6,-30.36,-30.36,0,0,0,0,0,0,0,0,-29.53,-29.53,0,0,0,0,0,0,0,0,3.26,3.21,3.18,3.15,3.13,3.1,3.07,3.04,3.01,2.99,3.26,3.21,3.18,3.15,3.13,3.1,3.07,3.04,3.01,2.99,249.96,0,0,1,0,0,0,-1,0,None,aggregation
24,228.51,remora2,remora6,0,0,0,0,0,0,0,0,0,0,0,0,0,0,0,0,0,0,0,0,2.96,2.93,2.9,2.88,2.85,2.82,2.79,2.76,2.74,2.71,2.96,2.93,2.9,2.88,2.85,2.82,2.79,2.76,2.74,2.71,222.27,0,1,1,0,0,0,-1,0,None,aggregation
24,229.51,remora2,remora6,0,0,0,0,0,0,0,0,0,0,0,0,0,0,0,0,0,0,0,0,2.68,2.66,2.63,2.6,2.58,2.55,2.52,2.49,2.47,2.44,2.68,2.66,2.63,2.6,2.58,2.55,2.52,2.49,2.47,2.44,193.57,0,1,1,0,0,0,-1,0,None,aggregation
24,230.51,remora2,remora6,0,0,0,0,0,0,0,0,0,0,0,0,0,0,0,0,0,0,0,0,2.41,2.39,2.36,2.33,2.31,2.28,2.25,2.23,2.2,2.17,2.41,2.39,2.36,2.33,2.31,2.28,2.25,2.23,2.2,2.17,165.37,0,1,1,0,0,0,-1,0,None,aggregation
24,231.51,remora2,remora6,0,0,0,0,0,0,0,0,0,0,0,0,0,0,0,0,0,0,0,0,2.15,2.12,2.1,2.07,2.04,2.02,1.99,1.97,1.94,1.91,2.15,2.12,2.1,2.07,2.04,2.02,1.99,1.97,1.94,1.91,135.76,0,1,1,0,0,0,-1,0,None,aggregation
24,232.51,remora2,remora6,0,0,0,0,0,0,0,0,0,0,0,0,0,0,0,0,0,0,0,0,1.89,1.86,1.84,1.81,1.79,1.76,1.74,1.71,1.69,1.66,1.89,1.86,1.84,1.81,1.79,1.76,1.74,1.71,1.69,1.66,115.43,0,1,1,0,0,0,-1,0,None,aggregation
24,233.51,remora2,remora6,0,0,0,0,0,0,0,0,0,29.63,0,0,0,0,0,0,0,0,0,29.55,1.64,1.61,1.59,1.56,1.54,1.52,1.51,1.51,1.5,1.51,1.64,1.61,1.59,1.56,1.54,1.52,1.51,1.51,1.5,1.51,95.74,0,1,1,0,0,0,-1,0,None,aggregation
24,234.51,remora2,remora6,29.63,29.63,29.63,29.63,29.63,29.63,29.62,29.63,29.63,29.65,29.55,29.54,29.54,29.54,29.55,29.55,29.54,29.55,29.55,29.56,1.53,1.54,1.56,1.58,1.6,1.62,1.63,1.65,1.67,1.69,1.53,1.54,1.56,1.58,1.6,1.62,1.63,1.65,1.67,1.69,96.95,0,1,1,0,0,0,-1,0,None,aggregation
24,235.51,remora2,remora6,29.65,29.65,29.65,29.65,29.65,29.66,29.66,29.67,29.67,29.67,29.56,29.56,29.57,29.56,29.56,29.58,29.58,29.59,29.59,29.59,1.71,1.74,1.76,1.78,1.8,1.82,1.84,1.87,1.89,1.91,1.71,1.74,1.76,1.78,1.8,1.82,1.84,1.87,1.89,1.91,98.08,0,1,1,0,0,0,-1,0,None,aggregation
24,236.51,remora2,remora6,29.67,29.67,29.68,29.68,29.68,29.68,29.68,29.69,29.69,29.7,29.59,29.59,29.6,29.6,29.6,29.6,29.59,29.61,29.61,29.62,1.94,1.96,1.98,2.01,2.03,2.05,2.08,2.1,2.13,2.15,1.94,1.96,1.98,2.01,2.03,2.05,2.08,2.1,2.13,2.15,97.79,0,1,1,0,0,0,-1,0,None,aggregation
24,237.51,remora2,remora6,29.7,29.7,29.7,29.73,29.73,29.71,29.71,29.74,29.74,29.74,29.62,29.62,29.62,29.65,29.65,29.63,29.63,29.66,29.66,29.66,2.18,2.2,2.22,2.25,2.28,2.3,2.33,2.35,2.38,2.4,2.18,2.2,2.22,2.25,2.28,2.3,2.33,2.35,2.38,2.4,121.48,0,1,1,0,0,0,-1,0,None,aggregation
24,238.51,remora2,remora6,29.74,29.75,29.75,29.75,27.86,29.76,29.76,29.78,29.78,29.79,29.66,29.68,29.68,29.68,27.65,29.69,29.69,29.71,29.71,29.72,2.43,2.46,2.48,2.51,2.53,2.56,2.58,2.61,2.63,2.66,2.43,2.46,2.48,2.51,2.53,2.56,2.58,2.61,2.63,2.66,151.01,0,1,1,0,0,0,-1,0,None,aggregation
24,239.51,remora2,remora6,29.79,28.31,28.31,29.79,29.79,29.82,29.82,29.82,29.82,28.58,29.72,28.12,28.12,29.72,29.72,29.75,29.75,29.75,29.75,28.41,2.69,2.72,2.74,2.77,2.79,2.82,2.85,2.87,2.9,2.93,2.69,2.72,2.74,2.77,2.79,2.82,2.85,2.87,2.9,2.93,180.35,0,1,1,0,0,0,-1,0,None,aggregation
24,240.51,remora2,remora6,28.58,28.59,28.59,29.84,29.84,29.84,29.84,29.84,0,0,28.41,28.42,28.42,29.78,29.78,29.78,29.78,29.78,0,0,2.96,2.98,3.01,3.03,3.07,3.11,3.16,3.21,3.23,3.25,2.96,2.98,3.01,3.03,3.07,3.11,3.16,3.21,3.23,3.25,203.8,0,0,1,0,0,0,-1,0,None,aggregation
24,241.51,remora2,remora6,0,0,0,0,0,-29.92,-29.92,-29.92,-29.93,-29.93,0,0,0,0,0,-29.1,-29.1,-29.1,-29.11,-29.11,3.26,3.28,3.3,3.32,3.34,3.35,3.35,3.34,3.33,3.32,3.26,3.28,3.3,3.32,3.34,3.35,3.35,3.34,3.33,3.32,218.56,0,0,1,0,0,0,-1,0,None,aggregation
24,242.51,remora2,remora6,-24.16,-24.16,-23.7,0,0,0,0,0,-29.69,-28.64,-23.34,-23.34,-22.88,0,0,0,0,0,-28.87,-29.46,3.32,3.32,3.31,3.31,3.33,3.35,3.36,3.38,3.38,3.37,3.32,3.32,3.31,3.31,3.33,3.35,3.36,3.38,3.38,3.37,231.47,0,0,1,0,0,0,-1,0,None,aggregation
24,243.51,remora2,remora6,-28.64,-29.63,-29.63,-28.66,-28.66,-28.66,-28.66,-22.24,-22.24,-21.77,-29.46,-28.81,-28.81,-29.48,-29.48,-29.48,-29.48,-21.42,-21.42,-20.95,3.36,3.35,3.35,3.34,3.33,3.32,3.32,3.32,3.3,3.28,3.36,3.35,3.35,3.34,3.33,3.32,3.32,3.32,3.3,3.28,255.39,0,0,1,0,0,0,-1,0,None,aggregation
24,136.51,remora2,remora9,30,30,30,30,30,30,30,30,30,30,30,30,30,30,30,30,30,30,30,30,6.38,6.36,6.34,6.31,6.28,6.25,6.22,6.19,6.15,6.12,6.38,6.36,6.34,6.31,6.28,6.25,6.22,6.19,6.15,6.12,300,0,0,1,0,0,0,-1,0,None,aggregation
24,137.51,remora2,remora9,30,30,30,30,30,30,30,30,30,30,30,30,30,30,30,30,30,30,30,30,6.09,6.05,6.03,5.99,5.96,5.93,5.9,5.87,5.84,5.81,6.09,6.05,6.03,5.99,5.96,5.93,5.9,5.87,5.84,5.81,300,0,0,1,0,0,0,-1,0,None,aggregation
24,138.51,remora2,remora9,30,30,30,30,30,30,30,30,30,30,30,30,30,30,30,30,30,30,30,30,5.78,5.76,5.73,5.7,5.67,5.64,5.62,5.59,5.57,5.54,5.78,5.76,5.73,5.7,5.67,5.64,5.62,5.59,5.57,5.54,300,0,0,1,0,0,0,-1,0,None,aggregation
24,139.51,remora2,remora9,30,30,30,30,30,30,30,30,30,30,30,30,30,30,30,30,30,30,30,30,5.52,5.49,5.47,5.45,5.43,5.4,5.38,5.36,5.34,5.32,5.52,5.49,5.47,5.45,5.43,5.4,5.38,5.36,5.34,5.32,300,0,0,1,0,0,0,-1,0,None,aggregation
24,140.51,remora2,remora9,30,30,30,30,0,0,0,0,30,30,30,30,30,30,0,0,0,0,30,30,5.3,5.28,5.26,5.25,5.25,5.25,5.25,5.25,5.25,5.24,5.3,5.28,5.26,5.25,5.25,5.25,5.25,5.25,5.25,5.24,288,0,0,1,0,0,0,-1,0,None,aggregation
24,141.51,remora2,remora9,30,30,30,30,30,30,30,30,30,30,30,30,30,30,30,30,30,30,30,30,5.23,5.22,5.2,5.19,5.18,5.16,5.15,5.14,5.13,5.12,5.23,5.22,5.2,5.19,5.18,5.16,5.15,5.14,5.13,5.12,288,0,0,1,0,0,0,-1,0,None,aggregation
24,142.51,remora2,remora9,30,30,0,0,0,30,30,30,30,30,30,30,0,0,0,30,30,30,30,30,5.11,5.09,5.09,5.09,5.1,5.1,5.09,5.08,5.07,5.06,5.11,5.09,5.09,5.09,5.1,5.1,5.09,5.08,5.07,5.06,279,0,0,1,0,0,0,-1,0,None,aggregation
24,143.51,remora2,remora9,30,30,30,30,30,30,30,30,30,30,30,30,30,30,30,30,30,30,30,30,5.05,5.04,5.02,5.01,5,4.99,4.98,4.97,4.96,4.94,5.05,5.04,5.02,5.01,5,4.99,4.98,4.97,4.96,4.94,279,0,0,1,0,0,0,-1,0,None,aggregation
24,144.51,remora2,remora9,30,30,30,30,30,30,30,30,30,30,30,30,30,30,30,30,30,30,30,30,4.93,4.92,4.91,4.89,4.88,4.87,4.86,4.85,4.83,4.82,4.93,4.92,4.91,4.89,4.88,4.87,4.86,4.85,4.83,4.82,279,0,0,1,0,0,0,-1,0,None,aggregation
24,145.51,remora2,remora9,30,30,30,30,30,30,30,30,30,30,30,30,30,30,30,30,30,30,30,30,4.81,4.8,4.78,4.77,4.76,4.75,4.73,4.72,4.71,4.7,4.81,4.8,4.78,4.77,4.76,4.75,4.73,4.72,4.71,4.7,279,0,0,1,0,0,0,-1,0,None,aggregation
24,146.51,remora2,remora9,30,30,30,30,30,30,30,30,30,30,30,30,30,30,30,30,30,30,30,30,4.68,4.67,4.66,4.65,4.63,4.62,4.61,4.59,4.58,4.57,4.68,4.67,4.66,4.65,4.63,4.62,4.61,4.59,4.58,4.57,279,0,0,1,0,0,0,-1,0,None,aggregation
24,147.51,remora2,remora9,30,30,30,30,30,30,30,30,0,0,30,30,30,30,30,30,30,30,0,0,4.55,4.54,4.53,4.52,4.5,4.49,4.48,4.46,4.45,4.45,4.55,4.54,4.53,4.52,4.5,4.49,4.48,4.46,4.45,4.45,273,0,0,1,0,0,0,-1,0,None,aggregation
24,148.51,remora2,remora9,0,30,30,30,0,0,0,30,30,0,0,30,30,30,0,0,0,30,30,0,4.45,4.45,4.44,4.43,4.42,4.41,4.41,4.41,4.41,4.39,4.45,4.45,4.44,4.43,4.42,4.41,4.41,4.41,4.41,4.39,258,0,0,1,0,0,0,-1,0,None,aggregation
24,149.51,remora2,remora9,0,0,0,0,30,30,30,30,30,0,0,0,0,0,30,30,30,30,30,0,4.39,4.39,4.39,4.39,4.39,4.38,4.37,4.36,4.36,4.36,4.39,4.39,4.39,4.39,4.39,4.38,4.37,4.36,4.36,4.36,243,0,0,1,0,0,0,-1,0,None,aggregation
24,150.51,remora2,remora9,0,0,30,30,30,30,30,30,0,0,0,0,30,30,30,30,30,30,0,0,4.36,4.36,4.35,4.34,4.33,4.32,4.31,4.3,4.3,4.3,4.36,4.36,4.35,4.34,4.33,4.32,4.31,4.3,4.3,4.3,243,0,0,1,0,0,0,-1,0,None,aggregation
24,151.51,remora2,remora9,0,0,30,30,30,30,30,30,30,30,0,0,30,30,30,30,30,30,30,30,4.3,4.3,4.29,4.28,4.27,4.26,4.26,4.25,4.24,4.23,4.3,4.3,4.29,4.28,4.27,4.26,4.26,4.25,4.24,4.23,237,0,0,1,0,0,0,-1,0,None,aggregation
24,152.51,remora2,remora9,0,0,0,0,30,30,0,0,0,0,0,0,0,0,30,30,0,0,0,0,4.22,4.22,4.22,4.22,4.22,4.21,4.21,4.21,4.21,4.21,4.22,4.22,4.22,4.22,4.22,4.21,4.21,4.21,4.21,4.21,222,0,0,1,0,0,0,-1,0,None,aggregation
24,153.51,remora2,remora9,30,30,0,0,0,30,30,30,30,30,30,30,0,0,0,30,30,30,30,30,4.21,4.2,4.19,4.19,4.19,4.19,4.19,4.18,4.17,4.16,4.21,4.2,4.19,4.19,4.19,4.19,4.19,4.18,4.17,4.16,213,0,0,1,0,0,0,-1,0,None,aggregation
24,154.51,remora2,remora9,30,30,0,0,15.68,16.21,16.21,16.21,16.21,0,30,30,0,0,16.21,16.73,16.73,16.73,16.73,0,4.16,4.15,4.15,4.15,4.15,4.14,4.14,4.14,4.13,4.13,4.16,4.15,4.15,4.15,4.15,4.14,4.14,4.14,4.13,4.13,197.18,0,0,1,0,0,0,-1,0,None,aggregation
24,155.51,remora2,remora9,0,0,0,0,0,0,0,0,0,0,0,0,0,0,0,0,0,0,0,0,4.13,4.13,4.13,4.13,4.13,4.13,4.13,4.13,4.13,4.13,4.13,4.13,4.13,4.13,4.13,4.13,4.13,4.13,4.13,4.13,167.18,0,0,1,0,0,0,-1,0,None,aggregation
24,156.51,remora2,remora9,30,30,0,0,0,0,30,0,0,0,30,30,0,0,0,0,30,0,0,0,4.13,4.12,4.12,4.12,4.12,4.12,4.12,4.11,4.11,4.11,4.13,4.12,4.12,4.12,4.12,4.12,4.12,4.11,4.11,4.11,146.18,0,0,1,0,0,0,-1,0,None,aggregation
24,157.51,remora2,remora9,0,30,30,30,0,0,16.04,16.04,0,0,0,30,30,30,0,0,16.56,16.56,0,0,4.11,4.11,4.11,4.1,4.1,4.1,4.1,4.1,4.1,4.1,4.11,4.11,4.11,4.1,4.1,4.1,4.1,4.1,4.1,4.1,134.44,0,0,1,0,0,0,-1,0,None,aggregation
24,158.51,remora2,remora9,30,30,30,30,-13.1,-12.93,-12.93,-12.48,-12.48,-12.48,30,30,30,30,-2.63,-2.46,-2.46,-2.01,-2.01,-2.01,4.1,4.09,4.09,4.08,4.08,4.09,4.09,4.09,4.09,4.09,4.1,4.09,4.09,4.08,4.08,4.09,4.09,4.09,4.09,4.09,135.94,0,0,1,0,0,0,-1,0,None,aggregation
24,159.51,remora2,remora9,-11.99,-11.99,-11.48,-10.93,-10.93,-10.34,-10.34,-10.34,22.6,0,-1.53,-1.53,-1.01,-0.46,-0.46,0.13,0.13,0.13,22.97,0,4.09,4.09,4.1,4.1,4.1,4.1,4.1,4.1,4.1,4.09,4.09,4.09,4.1,4.1,4.1,4.1,4.1,4.1,4.1,4.09,127.87,0,0,1,0,0,0,-1,0,None,aggregation
24,160.51,remora2,remora9,0,0,-9.17,-9.17,30,30,-8.55,-8.55,-8.37,-8.37,0,0,1.3,1.3,30,30,1.92,1.92,2.1,2.1,4.08,4.08,4.09,4.1,4.1,4.09,4.1,4.11,4.12,4.13,4.08,4.08,4.09,4.1,4.1,4.09,4.1,4.11,4.12,4.13,117.94,0,0,1,0,0,0,-1,0,None,aggregation
24,161.51,remora2,remora9,-7.72,-7.72,-7.05,-7.05,-6.37,-6.37,-5.68,-4.91,-4.91,-4.91,2.75,2.75,3.42,3.42,4.1,4.1,4.79,5.39,5.39,5.39,4.15,4.16,4.17,4.19,4.2,4.21,4.22,4.23,4.25,4.26,4.15,4.16,4.17,4.19,4.2,4.21,4.22,4.23,4.25,4.26,95.15,0,0,1,0,0,0,-1,0,None,aggregation
24,162.51,remora2,remora9,-4,-4,-3.1,-2.25,-2.25,-1.45,-1.45,-1.45,-0.7,0.02,5.85,5.85,6.3,6.71,6.71,7.1,7.1,7.1,7.47,7.8,4.27,4.29,4.3,4.31,4.32,4.33,4.34,4.36,4.37,4.38,4.27,4.29,4.3,4.31,4.32,4.33,4.34,4.36,4.37,4.38,91.52,0,0,1,0,0,0,-1,0,None,aggregation
24,163.51,remora2,remora9,0.02,0.02,0.69,0,0,0,30,30,30,0,7.8,7.8,8.12,0,0,0,30,30,30,0,4.39,4.4,4.41,4.42,4.44,4.45,4.45,4.42,4.41,4.39,4.39,4.4,4.41,4.42,4.44,4.45,4.45,4.42,4.41,4.39,80.74,0,0,1,0,0,0,-1,0,None,aggregation
24,164.51,remora2,remora9,0,0,0,30,30,30,0,27.7,27.7,27.7,0,0,0,30,30,30,0,27.49,27.49,27.49,4.4,4.42,4.42,4.42,4.4,4.36,4.33,4.33,4.31,4.29,4.4,4.42,4.42,4.42,4.4,4.36,4.33,4.33,4.31,4.29,83.83,0,0,1,0,0,0,-1,0,None,aggregation
24,165.51,remora2,remora9,27.7,0,0,0,0,0,27.52,27.52,29.61,0,27.49,0,0,0,0,0,27.3,27.3,29.52,0,4.25,4.21,4.19,4.17,4.16,4.14,4.12,4.08,4.04,4,4.25,4.21,4.19,4.17,4.16,4.14,4.12,4.08,4.04,4,95.03,0,0,1,0,0,0,-1,0,None,aggregation
24,166.51,remora2,remora9,0,0,0,29.5,29.5,29.5,0,30,30,30,0,0,0,29.4,29.4,29.4,0,30,30,30,3.97,3.96,3.94,3.93,3.89,3.85,3.83,3.81,3.78,3.74,3.97,3.96,3.94,3.93,3.89,3.85,3.83,3.81,3.78,3.74,103.87,0,0,1,0,0,0,-1,0,None,aggregation
24,167.51,remora2,remora9,0,0,27.14,27.14,27.14,27.14,29.94,29.94,29.21,29.21,0,0,26.91,26.91,26.91,26.91,29.97,29.97,29.08,29.08,3.72,3.71,3.68,3.64,3.6,3.57,3.53,3.48,3.45,3.41,3.72,3.71,3.68,3.64,3.6,3.57,3.53,3.48,3.45,3.41,114.24,0,0,1,0,0,0,-1,0,None,aggregation
24,168.51,remora2,remora9,0,0,0,29.06,29.06,28.99,28.99,28.99,30,28.88,0,0,0,28.92,28.92,28.85,28.85,28.85,30,28.73,3.38,3.37,3.36,3.34,3.31,3.28,3.23,3.2,3.16,3.12,3.38,3.37,3.36,3.34,3.31,3.28,3.23,3.2,3.16,3.12,118.09,0,0,1,0,0,0,-1,0,None,aggregation
24,169.51,remora2,remora9,28.88,28.88,28.8,28.73,28.73,28.73,29.98,29.98,29.98,28.43,28.73,28.73,28.65,28.57,28.57,28.57,29.96,29.96,29.96,28.25,3.09,3.05,3.01,2.98,2.94,2.9,2.87,2.83,2.79,2.76,3.09,3.05,3.01,2.98,2.94,2.9,2.87,2.83,2.79,2.76,140.22,0,1,1,0,0,0,-1,0,None,aggregation
24,170.51,remora2,remora9,28.43,28.43,28.34,28.34,28.19,28.19,28.19,28.19,28.11,28.11,28.25,28.25,28.17,28.17,28,28,28,28,27.92,27.92,2.72,2.69,2.66,2.63,2.6,2.57,2.54,2.52,2.49,2.46,2.72,2.69,2.66,2.63,2.6,2.57,2.54,2.52,2.49,2.46,160.3,0,1,1,0,0,0,-1,0,None,aggregation
24,171.51,remora2,remora9,28.03,28.03,27.95,27.87,27.87,27.87,27.82,27.82,27.82,27.74,27.83,27.83,27.75,27.66,27.66,27.66,27.62,27.62,27.62,27.53,2.43,2.4,2.38,2.35,2.32,2.29,2.27,2.24,2.21,2.18,2.43,2.4,2.38,2.35,2.32,2.29,2.27,2.24,2.21,2.18,186.88,0,1,1,0,0,0,-1,0,None,aggregation
24,172.51,remora2,remora9,27.61,27.61,27.61,27.43,27.43,27.43,27.29,27.29,27.2,27.2,27.39,27.39,27.39,27.21,27.21,27.21,27.06,27.06,26.97,26.97,2.16,2.13,2.1,2.07,2.05,2.02,1.99,1.96,1.94,1.91,2.16,2.13,2.1,2.07,2.05,2.02,1.99,1.96,1.94,1.91,211.81,0,1,1,0,0,0,-1,0,None,aggregation
24,173.51,remora2,remora9,27.11,27.11,27.02,27.02,26.88,26.88,26.88,26.78,26.63,26.47,26.87,26.87,26.78,26.78,26.63,26.63,26.63,26.53,26.37,26.21,1.88,1.86,1.83,1.8,1.78,1.75,1.72,1.7,1.67,1.64,1.88,1.86,1.83,1.8,1.78,1.75,1.72,1.7,1.67,1.64,228.34,0,1,1,0,0,0,-1,0,None,aggregation
24,174.51,remora2,remora9,26.47,26.47,26.38,26.38,26.17,0,0,0,0,0,26.21,26.21,26.11,26.11,25.9,0,0,0,0,0,1.62,1.59,1.56,1.54,1.51,1.49,1.48,1.48,1.48,1.48,1.62,1.59,1.56,1.54,1.51,1.49,1.48,1.48,1.48,1.48,224.18,0,0,1,0,0,0,-1,0,None,aggregation
24,175.51,remora2,remora9,0,0,0,0,0,0,0,0,0,0,0,0,0,0,0,0,0,0,0,0,1.48,1.48,1.48,1.48,1.48,1.48,1.48,1.48,1.48,1.47,1.48,1.48,1.48,1.48,1.48,1.48,1.48,1.48,1.48,1.47,212.98,1,0,1,0,0,0,-1,0,None,aggregation
24,176.51,remora2,remora9,0,0,0,0,0,0,0,0,0,0,0,0,0,0,0,0,0,0,0,0,1.47,1.47,1.47,1.47,1.47,1.47,1.47,1.47,1.47,1.47,1.47,1.47,1.47,1.47,1.47,1.47,1.47,1.47,1.47,1.47,195.15,1,0,1,0,0,0,-1,0,None,aggregation
24,177.51,remora2,remora9,0,0,0,0,0,0,0,0,0,0,0,0,0,0,0,0,0,0,0,0,1.47,1.47,1.48,1.48,1.48,1.49,1.49,1.5,1.5,1.51,1.47,1.47,1.48,1.48,1.48,1.49,1.49,1.5,1.5,1.51,172.52,1,0,1,0,0,0,-1,0,None,aggregation
24,178.51,remora2,remora9,0,0,0,0,0,0,0,0,0,0,0,0,0,0,0,0,0,0,0,0,1.52,1.52,1.53,1.54,1.55,1.56,1.57,1.58,1.59,1.6,1.52,1.52,1.53,1.54,1.55,1.56,1.57,1.58,1.59,1.6,152.16,0,1,1,0,0,0,-1,0,None,aggregation
24,179.51,remora2,remora9,0,0,0,0,0,0,0,0,0,0,0,0,0,0,0,0,0,0,0,0,1.61,1.62,1.63,1.65,1.66,1.67,1.69,1.7,1.72,1.73,1.61,1.62,1.63,1.65,1.66,1.67,1.69,1.7,1.72,1.73,123.11,0,1,1,0,0,0,-1,0,None,aggregation
24,180.51,remora2,remora9,0,0,0,0,0,0,0,0,0,0,0,0,0,0,0,0,0,0,0,0,1.75,1.76,1.78,1.79,1.81,1.83,1.84,1.86,1.88,1.9,1.75,1.76,1.78,1.79,1.81,1.83,1.84,1.86,1.88,1.9,94.95,0,1,1,0,0,0,-1,0,None,aggregation
24,181.51,remora2,remora9,0,0,0,0,-28.09,-28.16,-28.16,-28.16,-28.22,-28.22,0,0,0,0,-27.26,-27.34,-27.34,-27.34,-27.4,-27.4,1.92,1.93,1.96,1.97,2,2.04,2.09,2.13,2.18,2.22,1.92,1.93,1.96,1.97,2,2.04,2.09,2.13,2.18,2.22,83.83,0,1,1,0,0,0,-1,0,None,aggregation
24,182.51,remora2,remora9,-28.28,-28.28,-28.34,-28.4,-28.4,-28.4,-28.4,-28.58,-28.58,-28.58,-27.46,-27.46,-27.52,-27.57,-27.57,-27.57,-27.57,-27.75,-27.75,-27.75,2.27,2.31,2.36,2.4,2.45,2.49,2.54,2.58,2.63,2.67,2.27,2.31,2.36,2.4,2.45,2.49,2.54,2.58,2.63,2.67,84.54,0,1,1,0,0,0,-1,0,None,aggregation
24,183.51,remora2,remora9,-28.58,-28.55,-28.55,-28.55,-28.55,-28.53,-28.53,-28.53,-28.6,-28.6,-27.76,-27.73,-27.73,-27.73,-27.73,-27.71,-27.71,-27.71,-27.78,-27.78,2.71,2.76,2.8,2.85,2.9,2.94,2.98,3.03,3.07,3.11,2.71,2.76,2.8,2.85,2.9,2.94,2.98,3.03,3.07,3.11,85.93,0,1,1,0,0,0,-1,0,None,aggregation
24,184.51,remora2,remora9,-28.67,-28.67,-28.67,-28.68,-28.68,-28.68,-11.07,-11.07,-11.02,-11.02,-27.85,-27.85,-27.85,-27.86,-27.86,-27.86,-10.25,-10.25,-10.2,-10.2,3.16,3.2,3.25,3.29,3.34,3.38,3.42,3.45,3.47,3.48,3.16,3.2,3.25,3.29,3.34,3.38,3.42,3.45,3.47,3.48,94.02,0,0,1,0,0,0,-1,0,None,aggregation
24,185.51,remora2,remora9,-28.58,-28.7,-28.7,-28.7,-28.6,-11.37,-11.37,-11.33,-11.33,-28.5,-27.76,-27.88,-27.88,-27.88,-27.77,-10.54,-10.54,-10.51,-10.51,-27.68,3.5,3.53,3.56,3.58,3.61,3.63,3.64,3.64,3.64,3.64,3.5,3.53,3.56,3.58,3.61,3.63,3.64,3.64,3.64,3.64,115.33,0,0,1,0,0,0,-1,0,None,aggregation
24,186.51,remora2,remora9,-28.5,-28.5,-28.5,-28.4,-12.37,-12.37,-12.32,-12.9,-12.9,-13.46,-27.68,-27.68,-27.68,-27.58,-11.55,-11.55,-11.49,-12.08,-12.08,-12.64,3.64,3.65,3.65,3.66,3.67,3.67,3.66,3.66,3.65,3.64,3.64,3.65,3.65,3.66,3.67,3.67,3.66,3.66,3.65,3.64,133.94,0,0,1,0,0,0,-1,0,None,aggregation
24,187.51,remora2,remora9,-13.46,-27.11,-27.11,-27.11,-27.11,-28.47,-15.09,-16.17,-16.17,-28.65,-12.64,-27.93,-27.93,-27.93,-27.93,-27.64,-14.26,-15.35,-15.35,-27.83,3.65,3.65,3.66,3.67,3.67,3.68,3.68,3.68,3.68,3.68,3.65,3.65,3.66,3.67,3.67,3.68,3.68,3.68,3.68,3.68,156.5,0,0,1,0,0,0,-1,0,None,aggregation
24,188.51,remora2,remora9,-28.65,-28.65,-28.68,-28.69,-28.69,-28.71,-28.71,-29.06,-29.06,-29.06,-27.83,-27.83,-27.86,-27.87,-27.87,-27.89,-27.89,-29.88,-29.88,-29.88,3.68,3.69,3.71,3.72,3.73,3.74,3.75,3.77,3.78,3.79,3.68,3.69,3.71,3.72,3.73,3.74,3.75,3.77,3.78,3.79,185.14,0,0,1,0,0,0,-1,0,None,aggregation
24,189.51,remora2,remora9,-28.85,-29.33,-29.33,-29.33,-21.23,-21.23,-29.09,-29.1,-29.1,-29.1,-28.03,-30.15,-30.15,-30.15,-20.41,-20.41,-28.27,-28.28,-28.28,-28.28,3.81,3.82,3.83,3.85,3.86,3.87,3.88,3.89,3.91,3.93,3.81,3.82,3.83,3.85,3.86,3.87,3.88,3.89,3.91,3.93,212.54,0,0,1,0,0,0,-1,0,None,aggregation
24,190.51,remora2,remora9,-29.56,-29.56,-29.59,-29.59,-29.27,3.52,3.52,3.69,3.69,3.69,-30.38,-30.38,-30.41,-30.41,-28.45,9.34,9.34,9.4,9.4,9.4,3.94,3.96,3.98,3.99,4.01,4.03,4.02,4.01,4,3.99,3.94,3.96,3.98,3.99,4.01,4.03,4.02,4.01,4,3.99,230.67,0,0,1,0,0,0,-1,0,None,aggregation
24,191.51,remora2,remora9,4.09,4.48,4.48,4.84,4.84,4.84,5.17,5.17,5.49,-26.2,9.55,9.7,9.7,9.82,9.82,9.82,9.93,9.93,10.04,-25.38,3.98,3.98,3.97,3.96,3.95,3.95,3.94,3.93,3.92,3.92,3.98,3.98,3.97,3.96,3.95,3.95,3.94,3.93,3.92,3.92,223.18,0,0,1,0,0,0,-1,0,None,aggregation
24,192.51,remora2,remora9,-26.2,-26.2,6.07,6.17,6.17,-16.49,-16.49,-16.49,-24.46,-24.46,-25.38,-25.38,10.2,10.23,10.23,-15.66,-15.66,-15.66,-23.63,-23.63,3.93,3.94,3.94,3.93,3.92,3.91,3.92,3.94,3.96,3.98,3.93,3.94,3.94,3.93,3.92,3.91,3.92,3.94,3.96,3.98,212.41,0,0,1,0,0,0,-1,0,None,aggregation
24,193.51,remora2,remora9,6.63,6.63,6.72,6.92,6.92,6.92,7.11,7.3,7.3,7.47,10.34,10.34,10.36,10.41,10.41,10.41,10.44,10.47,10.47,10.5,3.99,3.98,3.97,3.97,3.96,3.95,3.94,3.93,3.92,3.92,3.99,3.98,3.97,3.97,3.96,3.95,3.94,3.93,3.92,3.92,192.97,0,0,1,0,0,0,-1,0,None,aggregation
24,194.51,remora2,remora9,7.47,0,0,0,0,28.35,28.35,28.35,0,0,10.5,0,0,0,0,28.17,28.17,28.17,0,0,3.91,3.9,3.9,3.9,3.9,3.89,3.87,3.85,3.84,3.83,3.91,3.9,3.9,3.9,3.9,3.89,3.87,3.85,3.84,3.83,181.13,0,0,1,0,0,0,-1,0,None,aggregation
24,195.51,remora2,remora9,0,24.56,24.56,24.56,24.56,25.3,25.3,25.3,25.3,25.3,0,24.23,24.23,24.23,24.23,25,25,24.99,24.99,24.99,3.83,3.83,3.82,3.79,3.77,3.75,3.73,3.71,3.69,3.66,3.83,3.83,3.82,3.79,3.77,3.75,3.73,3.71,3.69,3.66,182.16,0,0,1,0,0,0,-1,0,None,aggregation
24,196.51,remora2,remora9,24.04,0,0,0,0,24.91,24.91,24.91,24.91,24.91,23.7,0,0,0,0,24.6,24.6,24.59,24.59,24.59,3.64,3.62,3.62,3.61,3.61,3.61,3.6,3.58,3.55,3.53,3.64,3.62,3.62,3.61,3.61,3.61,3.6,3.58,3.55,3.53,178.31,0,0,1,0,0,0,-1,0,None,aggregation
24,197.51,remora2,remora9,28.03,28.03,23.49,23.49,27.87,27.87,27.87,22.67,22.67,23.96,27.83,27.83,23.13,23.13,27.67,27.66,27.66,22.29,22.29,23.62,3.51,3.49,3.47,3.45,3.42,3.4,3.38,3.35,3.33,3.31,3.51,3.49,3.47,3.45,3.42,3.4,3.38,3.35,3.33,3.31,181.2,0,0,1,0,0,0,-1,0,None,aggregation
24,198.51,remora2,remora9,23.96,23.96,23.69,21.53,21.53,21.53,23.12,22.99,22.99,22.99,23.62,23.62,23.34,21.12,21.12,21.12,22.76,22.62,22.62,22.62,3.29,3.27,3.25,3.23,3.21,3.19,3.17,3.15,3.14,3.12,3.29,3.27,3.25,3.23,3.21,3.19,3.17,3.15,3.14,3.12,175.21,0,0,1,0,0,0,-1,0,None,aggregation
24,199.51,remora2,remora9,22.7,22.7,19.69,22.12,22.12,21.98,21.98,21.98,27.32,21.38,22.33,22.33,19.24,21.73,21.73,21.58,21.58,21.58,27.1,20.97,3.1,3.08,3.06,3.04,3.02,3.01,2.99,2.97,2.95,2.93,3.1,3.08,3.06,3.04,3.02,3.01,2.99,2.97,2.95,2.93,170.01,0,0,1,0,0,0,-1,0,None,aggregation
24,200.51,remora2,remora9,21.38,27.14,27.14,27.14,20.77,20.77,26.95,20.34,20.34,19.87,20.97,26.91,26.91,26.91,20.34,20.34,26.71,19.91,19.91,19.43,2.91,2.89,2.87,2.84,2.83,2.81,2.79,2.77,2.75,2.73,2.91,2.89,2.87,2.84,2.83,2.81,2.79,2.77,2.75,2.73,174.89,0,1,1,0,0,0,-1,0,None,aggregation
24,201.51,remora2,remora9,19.87,19.74,19.74,19.74,19.42,19.42,19.14,19,19,19,19.43,19.29,19.29,19.29,18.96,18.96,18.67,18.54,18.54,18.54,2.72,2.7,2.68,2.67,2.65,2.64,2.62,2.61,2.59,2.58,2.72,2.7,2.68,2.67,2.65,2.64,2.62,2.61,2.59,2.58,184.9,0,1,1,0,0,0,-1,0,None,aggregation
24,202.51,remora2,remora9,18.77,18.77,26.34,26.33,26.33,26.12,26.12,26.12,17.82,17.82,18.3,18.3,26.07,26.06,26.06,25.85,25.85,25.85,17.32,17.32,2.56,2.54,2.53,2.51,2.49,2.47,2.44,2.43,2.41,2.39,2.56,2.54,2.53,2.51,2.49,2.47,2.44,2.43,2.41,2.39,190.54,0,1,1,0,0,0,-1,0,None,aggregation
24,203.51,remora2,remora9,25.9,25.9,17.44,17.44,17.21,17.21,25.56,25.56,16.85,16.62,25.62,25.62,16.94,16.94,16.7,16.7,25.27,25.27,16.33,16.1,2.38,2.36,2.34,2.33,2.32,2.3,2.29,2.27,2.25,2.24,2.38,2.36,2.34,2.33,2.32,2.3,2.29,2.27,2.25,2.24,202.19,0,1,1,0,0,0,-1,0,None,aggregation
24,204.51,remora2,remora9,16.62,16.62,16.48,16.38,16.38,16.38,24.97,24.85,24.85,24.85,16.1,16.1,15.95,15.85,15.85,15.85,24.65,24.53,24.53,24.53,2.23,2.21,2.2,2.19,2.18,2.17,2.15,2.13,2.12,2.1,2.23,2.21,2.2,2.19,2.18,2.17,2.15,2.13,2.12,2.1,212.43,0,1,1,0,0,0,-1,0,None,aggregation
24,205.51,remora2,remora9,24.6,24.6,15.37,24.34,24.34,14.86,14.86,14.86,14.62,14.62,24.28,24.28,14.82,24.01,24.01,14.31,14.31,14.31,14.06,14.06,2.08,2.06,2.05,2.04,2.03,2.01,2,1.99,1.98,1.97,2.08,2.06,2.05,2.04,2.03,2.01,2,1.99,1.98,1.97,208.57,0,1,1,0,0,0,-1,0,None,aggregation
24,206.51,remora2,remora9,14.62,14.62,14.49,23.54,23.54,23.28,23.28,23.28,23.13,23.13,14.06,14.06,13.93,23.19,23.19,22.91,22.91,22.91,22.76,22.76,1.96,1.95,1.94,1.93,1.92,1.9,1.89,1.87,1.86,1.84,1.96,1.95,1.94,1.93,1.92,1.9,1.89,1.87,1.86,1.84,214.29,0,1,1,0,0,0,-1,0,None,aggregation
24,207.51,remora2,remora9,13.44,13.44,13.18,13.18,12.92,12.93,12.93,12.93,12.54,22.11,12.86,12.86,12.59,12.59,12.32,12.34,12.34,12.34,11.94,21.71,1.83,1.82,1.82,1.81,1.8,1.79,1.79,1.78,1.77,1.76,1.83,1.82,1.82,1.81,1.8,1.79,1.79,1.78,1.77,1.76,202.51,0,1,1,0,0,0,-1,0,None,aggregation
24,208.51,remora2,remora9,22.11,22.11,12.15,12.15,12,12,11.86,11.86,11.86,11.61,21.71,21.71,11.54,11.54,11.38,11.38,11.25,11.24,11.24,10.99,1.75,1.74,1.73,1.73,1.72,1.71,1.71,1.7,1.69,1.69,1.75,1.74,1.73,1.73,1.72,1.71,1.71,1.7,1.69,1.69,193.55,0,1,1,0,0,0,-1,0,None,aggregation
24,209.51,remora2,remora9,11.61,11.61,21.18,21.18,20.86,20.86,10.91,10.91,10.8,20.21,10.99,10.99,20.76,20.76,20.44,20.44,10.28,10.28,10.16,19.77,1.68,1.67,1.67,1.66,1.64,1.63,1.63,1.62,1.62,1.61,1.68,1.67,1.67,1.66,1.64,1.63,1.63,1.62,1.62,1.61,187.1,0,1,1,0,0,0,-1,0,None,aggregation
24,210.51,remora2,remora9,20.21,20.05,20.05,20.05,10.07,10.07,19.37,19.37,0,0,19.77,19.6,19.6,19.6,9.42,9.42,18.91,18.91,0,0,1.6,1.59,1.58,1.57,1.56,1.55,1.53,1.52,1.5,1.5,1.6,1.59,1.58,1.57,1.56,1.55,1.53,1.52,1.5,1.5,177.81,0,1,1,0,0,0,-1,0,None,aggregation
24,211.51,remora2,remora9,0,0,0,0,0,0,0,0,0,0,0,0,0,0,0,0,0,0,0,0,1.49,1.48,1.48,1.47,1.46,1.46,1.45,1.45,1.44,1.44,1.49,1.48,1.48,1.47,1.46,1.46,1.45,1.45,1.44,1.44,158.63,1,0,1,0,0,0,-1,0,None,aggregation
24,212.51,remora2,remora9,0,0,0,0,0,0,0,0,0,0,0,0,0,0,0,0,0,0,0,0,1.43,1.43,1.42,1.42,1.42,1.41,1.41,1.41,1.41,1.4,1.43,1.43,1.42,1.42,1.42,1.41,1.41,1.41,1.41,1.4,135.76,1,0,1,0,0,0,-1,0,None,aggregation
24,213.51,remora2,remora9,0,0,0,0,0,0,0,0,0,0,0,0,0,0,0,0,0,0,0,0,1.4,1.4,1.4,1.4,1.4,1.4,1.4,1.4,1.4,1.4,1.4,1.4,1.4,1.4,1.4,1.4,1.4,1.4,1.4,1.4,115.4,1,0,1,0,0,0,-1,0,None,aggregation
24,214.51,remora2,remora9,0,0,0,0,0,0,0,0,0,0,0,0,0,0,0,0,0,0,0,0,1.41,1.41,1.41,1.42,1.42,1.42,1.43,1.43,1.43,1.44,1.41,1.41,1.41,1.42,1.42,1.42,1.43,1.43,1.43,1.44,95.78,1,0,1,0,0,0,-1,0,None,aggregation
24,215.51,remora2,remora9,0,0,0,0,0,0,0,0,0,0,0,0,0,0,0,0,0,0,0,0,1.45,1.45,1.46,1.47,1.48,1.48,1.49,1.5,1.51,1.52,1.45,1.45,1.46,1.47,1.48,1.48,1.49,1.5,1.51,1.52,77.31,1,0,1,0,0,0,-1,0,None,aggregation
24,216.51,remora2,remora9,0,0,0,0,0,0,0,0,0,0,0,0,0,0,0,0,0,0,0,0,1.53,1.54,1.56,1.57,1.58,1.59,1.6,1.61,1.63,1.64,1.53,1.54,1.56,1.57,1.58,1.59,1.6,1.61,1.63,1.64,56.83,0,1,1,0,0,0,-1,0,None,aggregation
24,217.51,remora2,remora9,0,0,0,0,0,0,-17.24,-17.24,-17.62,-17.62,0,0,0,0,0,0,-16.42,-16.42,-16.79,-16.79,1.66,1.67,1.69,1.7,1.72,1.74,1.76,1.8,1.83,1.86,1.66,1.67,1.69,1.7,1.72,1.74,1.76,1.8,1.83,1.86,49.96,0,1,1,0,0,0,-1,0,None,aggregation
24,218.51,remora2,remora9,-18.05,-18.37,-18.37,-18.85,-18.85,-19.27,-19.27,-19.73,-19.73,-20.18,-17.22,-17.55,-17.55,-18.03,-18.03,-18.45,-18.45,-18.91,-18.91,-19.36,1.9,1.93,1.97,2,2.04,2.08,2.12,2.16,2.2,2.24,1.9,1.93,1.97,2,2.04,2.08,2.12,2.16,2.2,2.24,54.94,0,1,1,0,0,0,-1,0,None,aggregation
24,219.51,remora2,remora9,-20.18,-20.55,-20.55,-20.82,-20.82,-20.82,-21.25,-21.56,-21.56,-21.56,-19.36,-19.73,-19.73,-20,-20,-20,-20.43,-20.74,-20.74,-20.74,2.28,2.31,2.36,2.4,2.44,2.48,2.52,2.57,2.61,2.66,2.28,2.31,2.36,2.4,2.44,2.48,2.52,2.57,2.61,2.66,59.74,0,1,1,0,0,0,-1,0,None,aggregation
24,220.51,remora2,remora9,-21.94,-22.29,-22.29,-22.59,-22.59,-22.94,-22.94,-22.94,-23.17,-23.56,-21.12,-21.47,-21.47,-21.77,-21.77,-22.12,-22.12,-22.12,-22.35,-22.74,2.7,2.74,2.79,2.83,2.88,2.92,2.97,3.01,3.06,3.1,2.7,2.74,2.79,2.83,2.88,2.92,2.97,3.01,3.06,3.1,68.33,0,1,1,0,0,0,-1,0,None,aggregation
24,221.51,remora2,remora9,-23.56,-23.82,-23.82,-24.05,-24.05,-24.05,-24.17,-6.77,-6.77,-6.77,-22.74,-23,-23,-23.23,-23.23,-23.23,-23.35,-5.95,-5.95,-5.95,3.15,3.19,3.24,3.29,3.34,3.39,3.43,3.48,3.52,3.55,3.15,3.19,3.24,3.29,3.34,3.39,3.43,3.48,3.52,3.55,86.71,0,0,1,0,0,0,-1,0,None,aggregation
24,222.51,remora2,remora9,-7.29,-7.29,-7.83,-7.83,-25.08,-25.12,-25.12,-25.33,-25.33,-25.47,-6.47,-6.47,-7.01,-7.01,-24.26,-24.3,-24.3,-24.51,-24.51,-24.65,3.58,3.61,3.65,3.69,3.73,3.78,3.83,3.88,3.91,3.94,3.58,3.61,3.65,3.69,3.73,3.78,3.83,3.88,3.91,3.94,104.47,0,0,1,0,0,0,-1,0,None,aggregation
24,223.51,remora2,remora9,-25.47,-25.47,-10.98,-10.98,-25.88,-25.88,-12.01,-12.01,-12.52,-12.52,-24.65,-24.65,-10.15,-10.15,-25.06,-25.06,-11.19,-11.19,-11.7,-11.7,3.96,3.99,3.99,3.98,3.98,3.98,3.97,3.96,3.95,3.94,3.96,3.99,3.99,3.98,3.98,3.98,3.97,3.96,3.95,3.94,121.43,0,0,1,0,0,0,-1,0,None,aggregation
24,224.51,remora2,remora9,-13.02,-13.02,-26.12,-26.23,-26.23,-26.23,-14,-14,-14.49,-15.01,-12.2,-12.2,-25.3,-25.41,-25.41,-25.41,-13.18,-13.18,-13.67,-14.18,3.92,3.91,3.91,3.92,3.92,3.92,3.92,3.91,3.9,3.89,3.92,3.91,3.91,3.92,3.92,3.92,3.92,3.91,3.9,3.89,139.85,0,0,1,0,0,0,-1,0,None,aggregation
24,225.51,remora2,remora9,-15.01,-15.01,-26.57,-30.15,-30.15,0,0,0,0,26.53,-14.18,-14.18,-25.75,-29.33,-29.33,0,0,0,0,26.27,3.88,3.87,3.87,3.87,3.88,3.88,3.87,3.85,3.83,3.8,3.88,3.87,3.87,3.87,3.88,3.88,3.87,3.85,3.83,3.8,153.97,0,0,1,0,0,0,-1,0,None,aggregation
24,226.51,remora2,remora9,26.53,26.53,26.54,29.89,29.89,26.7,26.7,26.7,28.36,28.36,26.27,26.27,26.28,29.84,29.84,26.45,26.45,26.45,28.18,28.18,3.76,3.71,3.66,3.62,3.56,3.51,3.46,3.41,3.36,3.31,3.76,3.71,3.66,3.62,3.56,3.51,3.46,3.41,3.36,3.31,181.5,0,0,1,0,0,0,-1,0,None,aggregation
24,227.51,remora2,remora9,28.29,28.29,28.22,28.22,28.22,29.76,29.76,29.76,26.46,27.99,28.11,28.11,28.04,28.04,28.04,29.69,29.69,29.69,26.2,27.79,3.26,3.21,3.18,3.15,3.13,3.1,3.07,3.04,3.01,2.99,3.26,3.21,3.18,3.15,3.13,3.1,3.07,3.04,3.01,2.99,203.11,0,0,1,0,0,0,-1,0,None,aggregation
24,228.51,remora2,remora9,27.99,27.98,27.98,27.98,27.9,27.9,27.9,27.9,27.82,27.82,27.79,27.79,27.79,27.79,27.7,27.7,27.7,27.7,27.61,27.61,2.96,2.93,2.9,2.88,2.85,2.82,2.79,2.76,2.74,2.71,2.96,2.93,2.9,2.88,2.85,2.82,2.79,2.76,2.74,2.71,212.27,0,1,1,0,0,0,-1,0,None,aggregation
24,229.51,remora2,remora9,27.73,27.73,27.73,27.59,27.59,27.46,27.46,27.46,27.42,27.37,27.52,27.52,27.52,27.38,27.38,27.24,27.24,27.24,27.2,27.14,2.68,2.66,2.63,2.6,2.58,2.55,2.52,2.49,2.47,2.44,2.68,2.66,2.63,2.6,2.58,2.55,2.52,2.49,2.47,2.44,219.16,0,1,1,0,0,0,-1,0,None,aggregation
24,230.51,remora2,remora9,27.37,27.37,27.28,27.13,27.13,27.13,27.04,27.04,26.99,26.85,27.14,27.14,27.05,26.9,26.9,26.9,26.8,26.8,26.75,26.6,2.41,2.39,2.36,2.33,2.31,2.28,2.25,2.23,2.2,2.17,2.41,2.39,2.36,2.33,2.31,2.28,2.25,2.23,2.2,2.17,223.86,0,1,1,0,0,0,-1,0,None,aggregation
24,231.51,remora2,remora9,26.85,26.85,26.79,26.79,26.64,26.64,26.54,26.43,26.43,26.28,26.6,26.6,26.54,26.54,26.38,26.38,26.28,26.17,26.17,26.01,2.15,2.12,2.1,2.07,2.04,2.02,1.99,1.97,1.94,1.91,2.15,2.12,2.1,2.07,2.04,2.02,1.99,1.97,1.94,1.91,231.98,0,1,1,0,0,0,-1,0,None,aggregation
24,232.51,remora2,remora9,26.28,26.11,26.11,26.11,26,26,25.9,25.9,25.66,25.55,26.01,25.84,25.84,25.84,25.73,25.73,25.61,25.61,25.37,25.26,1.89,1.86,1.84,1.81,1.79,1.76,1.74,1.71,1.69,1.66,1.89,1.86,1.84,1.81,1.79,1.76,1.74,1.71,1.69,1.66,240.05,0,1,1,0,0,0,-1,0,None,aggregation
24,233.51,remora2,remora9,25.55,25.55,25.32,25.21,25.21,0,0,0,0,0,25.26,25.26,25.02,24.9,24.9,0,0,0,0,0,1.64,1.61,1.59,1.56,1.54,1.52,1.51,1.51,1.5,1.51,1.64,1.61,1.59,1.56,1.54,1.52,1.51,1.51,1.5,1.51,235.7,0,1,1,0,0,0,-1,0,None,aggregation
24,234.51,remora2,remora9,0,0,0,0,0,0,0,0,0,0,0,0,0,0,0,0,0,0,0,0,1.53,1.54,1.56,1.58,1.6,1.62,1.63,1.65,1.67,1.69,1.53,1.54,1.56,1.58,1.6,1.62,1.63,1.65,1.67,1.69,217.27,0,1,1,0,0,0,-1,0,None,aggregation
24,235.51,remora2,remora9,0,0,0,0,0,0,0,0,0,0,0,0,0,0,0,0,0,0,0,0,1.71,1.74,1.76,1.78,1.8,1.82,1.84,1.87,1.89,1.91,1.71,1.74,1.76,1.78,1.8,1.82,1.84,1.87,1.89,1.91,203.15,0,1,1,0,0,0,-1,0,None,aggregation
24,236.51,remora2,remora9,0,0,0,0,0,0,0,0,0,0,0,0,0,0,0,0,0,0,0,0,1.94,1.96,1.98,2.01,2.03,2.05,2.08,2.1,2.13,2.15,1.94,1.96,1.98,2.01,2.03,2.05,2.08,2.1,2.13,2.15,175.63,0,1,1,0,0,0,-1,0,None,aggregation
24,237.51,remora2,remora9,0,0,0,0,0,0,0,0,0,0,0,0,0,0,0,0,0,0,0,0,2.18,2.2,2.22,2.25,2.28,2.3,2.33,2.35,2.38,2.4,2.18,2.2,2.22,2.25,2.28,2.3,2.33,2.35,2.38,2.4,147.21,0,1,1,0,0,0,-1,0,None,aggregation
24,238.51,remora2,remora9,0,0,0,0,0,0,0,0,0,0,0,0,0,0,0,0,0,0,0,0,2.43,2.46,2.48,2.51,2.53,2.56,2.58,2.61,2.63,2.66,2.43,2.46,2.48,2.51,2.53,2.56,2.58,2.61,2.63,2.66,119.39,0,1,1,0,0,0,-1,0,None,aggregation
24,239.51,remora2,remora9,0,0,0,0,0,0,0,0,0,0,0,0,0,0,0,0,0,0,0,0,2.69,2.72,2.74,2.77,2.79,2.82,2.85,2.87,2.9,2.93,2.69,2.72,2.74,2.77,2.79,2.82,2.85,2.87,2.9,2.93,91.94,0,1,1,0,0,0,-1,0,None,aggregation
24,240.51,remora2,remora9,0,0,0,0,-19.36,-19.36,-19.24,-19.24,-19.02,-19.02,0,0,0,0,-18.54,-18.54,-18.42,-18.42,-18.2,-18.2,2.96,2.98,3.01,3.03,3.07,3.11,3.16,3.21,3.23,3.25,2.96,2.98,3.01,3.03,3.07,3.11,3.16,3.21,3.23,3.25,76.21,0,0,1,0,0,0,-1,0,None,aggregation
24,241.51,remora2,remora9,-18.83,-18.83,-18.62,-18.62,-18.54,-18.54,-18.29,-18.29,-18.45,-18.45,-18.01,-18.01,-17.8,-17.8,-17.72,-17.72,-17.47,-17.47,-17.63,-17.63,3.26,3.28,3.3,3.32,3.34,3.35,3.35,3.34,3.33,3.32,3.26,3.28,3.3,3.32,3.34,3.35,3.35,3.34,3.33,3.32,67.84,0,0,1,0,0,0,-1,0,None,aggregation
24,242.51,remora2,remora9,-18.52,-18.52,-18.59,-18.58,-18.58,-18.58,-18.75,-18.75,-18.5,-18.81,-17.7,-17.7,-17.77,-17.76,-17.76,-17.76,-17.93,-17.93,-17.68,-17.99,3.32,3.32,3.31,3.31,3.33,3.35,3.36,3.38,3.38,3.37,3.32,3.32,3.31,3.31,3.33,3.35,3.36,3.38,3.38,3.37,60.23,0,0,1,0,0,0,-1,0,None,aggregation
24,243.51,remora2,remora9,-18.81,-18.81,-18.84,-18.72,-18.72,-18.72,-18.89,3.72,3.72,-19.09,-17.99,-17.99,-18.02,-17.89,-17.89,-17.89,-18.07,4.47,4.47,-18.27,3.36,3.35,3.35,3.34,3.33,3.32,3.32,3.32,3.3,3.28,3.36,3.35,3.35,3.34,3.33,3.32,3.32,3.32,3.3,3.28,63.17,0,0,1,0,0,0,-1,0,None,aggregation
24,124.51,remora1,remora9,30,30,30,30,30,30,30,30,30,30,30,30,30,30,30,30,30,30,30,30,6.71,6.72,6.72,6.73,6.74,6.74,6.75,6.76,6.76,6.77,7.56,7.56,7.56,7.55,7.55,7.54,7.55,7.56,7.57,7.58,300,0,0,1,0,0,0,-1,0,None,aggregation
24,125.51,remora1,remora9,30,30,30,30,30,30,30,30,30,30,30,30,30,30,30,30,30,30,30,30,6.78,6.79,6.79,6.8,6.81,6.82,6.83,6.83,6.83,6.83,7.57,7.57,7.57,7.56,7.56,7.56,7.55,7.54,7.54,7.53,300,0,0,1,0,0,0,-1,0,None,aggregation
24,126.51,remora1,remora9,30,30,30,30,30,30,30,30,30,30,30,30,30,30,30,30,30,30,30,30,6.83,6.83,6.83,6.83,6.83,6.83,6.83,6.83,6.83,6.83,7.54,7.54,7.55,7.55,7.55,7.54,7.54,7.53,7.52,7.52,300,0,0,1,0,0,0,-1,0,None,aggregation
24,127.51,remora1,remora9,30,30,30,30,30,30,30,30,30,30,30,30,30,30,30,30,30,30,30,30,6.83,6.83,6.83,6.84,6.84,6.84,6.84,6.84,6.85,6.85,7.51,7.51,7.5,7.51,7.52,7.52,7.52,7.51,7.51,7.5,300,0,0,1,0,0,0,-1,0,None,aggregation
24,128.51,remora1,remora9,30,30,30,30,30,30,30,30,30,30,30,30,30,30,30,30,30,30,30,30,6.85,6.85,6.86,6.86,6.86,6.86,6.87,6.87,6.87,6.88,7.5,7.49,7.49,7.49,7.5,7.51,7.51,7.5,7.5,7.5,300,0,0,1,0,0,0,-1,0,None,aggregation
24,129.51,remora1,remora9,30,30,30,30,30,30,30,30,30,30,30,30,30,30,30,30,30,30,30,30,6.88,6.89,6.89,6.89,6.9,6.9,6.91,6.91,6.92,6.92,7.49,7.49,7.5,7.51,7.51,7.51,7.51,7.5,7.5,7.5,300,0,0,1,0,0,0,-1,0,None,aggregation
24,130.51,remora1,remora9,30,30,30,30,30,30,30,30,30,30,30,30,30,30,30,30,30,30,30,30,6.93,6.93,6.94,6.94,6.95,6.95,6.96,6.96,6.97,6.98,7.5,7.51,7.53,7.54,7.54,7.54,7.53,7.53,7.53,7.53,300,0,0,1,0,0,0,-1,0,None,aggregation
24,131.51,remora1,remora9,30,30,30,30,30,30,30,30,30,30,30,30,30,30,30,30,30,30,30,30,6.98,6.99,7,7,7.01,7.02,7.02,7.03,7.04,7.05,7.53,7.53,7.53,7.53,7.54,7.55,7.55,7.55,7.55,7.55,300,0,0,1,0,0,0,-1,0,None,aggregation
24,132.51,remora1,remora9,30,30,30,30,30,30,30,30,30,30,30,30,30,30,30,30,30,30,30,30,7.05,7.06,7.07,7.08,7.08,7.08,7.09,7.09,7.09,7.09,7.55,7.56,7.57,7.58,7.58,7.57,7.57,7.57,7.57,7.58,300,0,0,1,0,0,0,-1,0,None,aggregation
24,133.51,remora1,remora9,30,30,30,30,30,30,30,30,30,30,30,30,30,30,30,30,30,30,30,30,7.1,7.1,7.1,7.11,7.11,7.12,7.12,7.12,7.13,7.13,7.59,7.6,7.6,7.6,7.6,7.6,7.6,7.6,7.6,7.61,300,0,0,1,0,0,0,-1,0,None,aggregation
24,134.51,remora1,remora9,30,30,30,30,30,30,30,30,30,30,30,30,30,30,30,30,30,30,30,30,7.14,7.14,7.15,7.15,7.16,7.16,7.17,7.18,7.18,7.19,7.62,7.63,7.64,7.64,7.64,7.64,7.64,7.64,7.65,7.65,300,0,0,1,0,0,0,-1,0,None,aggregation
24,135.51,remora1,remora9,30,30,30,30,30,30,30,30,30,30,30,30,30,30,30,30,30,30,30,30,7.2,7.2,7.21,7.22,7.22,7.23,7.24,7.25,7.25,7.26,7.66,7.67,7.67,7.68,7.68,7.68,7.69,7.71,7.72,7.73,300,0,0,1,0,0,0,-1,0,None,aggregation
24,124.51,remora1,remora3,-21.4,-21.4,8.41,8.41,8.46,-21.8,-21.8,-22,-22,8.56,-22.22,-22.22,10.56,10.56,10.56,-22.62,-22.62,-22.82,-22.82,10.55,2.03,2.04,2.04,2.03,2.03,2.02,2.04,2.07,2.09,2.11,5.22,5.22,5.21,5.2,5.19,5.18,5.2,5.22,5.23,5.25,103.6,0,1,1,0,0,0,-1,0,None,aggregation
24,125.51,remora1,remora3,8.56,8.58,8.58,8.66,8.66,8.74,8.74,8.81,8.81,-22.88,10.55,10.55,10.55,10.54,10.54,10.54,10.54,10.53,10.53,-23.7,2.11,2.11,2.1,2.1,2.09,2.09,2.08,2.08,2.07,2.06,5.24,5.23,5.22,5.21,5.2,5.19,5.18,5.17,5.16,5.15,111.62,0,1,1,0,0,0,-1,0,None,aggregation
24,126.51,remora1,remora3,-22.88,-23.05,-23.05,8.87,8.87,8.89,8.89,8.95,8.95,9.01,-23.7,-23.87,-23.87,10.52,10.52,10.52,10.52,10.51,10.51,10.5,2.08,2.1,2.13,2.14,2.14,2.13,2.12,2.11,2.1,2.1,5.16,5.18,5.2,5.21,5.21,5.2,5.18,5.17,5.16,5.15,117.82,0,1,1,0,0,0,-1,0,None,aggregation
24,127.51,remora1,remora3,9.01,9.01,-23.51,-23.78,-23.78,-23.78,9.08,9.1,9.1,9.15,10.5,10.5,-24.34,-24.61,-24.61,-24.61,10.48,10.48,10.48,10.46,2.09,2.08,2.08,2.1,2.12,2.14,2.13,2.12,2.11,2.1,5.14,5.13,5.13,5.15,5.16,5.17,5.16,5.15,5.14,5.13,127.06,0,1,1,0,0,0,-1,0,None,aggregation
24,128.51,remora1,remora3,9.15,9.19,9.19,-24.14,-24.14,9.24,9.24,9.24,9.24,9.28,10.46,10.45,10.45,-24.96,-24.96,10.44,10.44,10.44,10.44,10.43,2.09,2.08,2.07,2.07,2.1,2.12,2.12,2.11,2.11,2.1,5.12,5.11,5.1,5.1,5.11,5.13,5.13,5.13,5.12,5.11,130.58,0,1,1,0,0,0,-1,0,None,aggregation
24,129.51,remora1,remora3,9.28,-24.57,-24.57,9.32,9.32,9.32,9.32,9.35,9.35,-24.81,10.43,-25.39,-25.39,10.41,10.41,10.41,10.41,10.4,10.4,-25.63,2.09,2.08,2.1,2.13,2.13,2.12,2.11,2.1,2.09,2.08,5.1,5.09,5.11,5.13,5.12,5.12,5.11,5.1,5.09,5.08,133.81,0,1,1,0,0,0,-1,0,None,aggregation
24,130.51,remora1,remora3,-24.81,-24.9,-24.9,9.38,9.38,9.38,9.38,9.41,9.41,9.41,-25.63,-25.72,-25.72,10.39,10.39,10.39,10.39,10.38,10.38,10.38,2.09,2.12,2.14,2.16,2.16,2.15,2.14,2.14,2.13,2.12,5.09,5.11,5.13,5.15,5.14,5.14,5.13,5.12,5.11,5.1,135.13,0,1,1,0,0,0,-1,0,None,aggregation
24,131.51,remora1,remora3,9.44,9.47,9.47,9.47,-25.22,-25.22,9.49,9.5,9.5,9.5,10.37,10.35,10.35,10.35,-26.05,-26.05,10.34,10.34,10.34,10.34,2.11,2.1,2.09,2.09,2.11,2.13,2.12,2.11,2.1,2.09,5.09,5.08,5.07,5.08,5.09,5.11,5.1,5.09,5.08,5.08,136.44,0,1,1,0,0,0,-1,0,None,aggregation
24,132.51,remora1,remora3,9.53,9.53,-25.38,-25.38,9.55,9.56,9.56,9.56,-25.3,-25.3,10.33,10.33,-26.21,-26.21,10.32,10.31,10.31,10.31,-26.12,-26.12,2.08,2.08,2.1,2.11,2.1,2.09,2.08,2.07,2.07,2.09,5.07,5.07,5.09,5.09,5.08,5.08,5.07,5.06,5.06,5.08,139.01,0,1,1,0,0,0,-1,0,None,aggregation
24,133.51,remora1,remora3,-25.23,-25.23,9.57,9.57,9.57,9.59,9.59,9.59,-24.92,-24.92,-26.05,-26.05,10.31,10.31,10.31,10.3,10.3,10.3,-25.74,-25.74,2.11,2.13,2.12,2.11,2.1,2.09,2.08,2.07,2.06,2.07,5.1,5.12,5.11,5.1,5.1,5.09,5.08,5.07,5.07,5.08,144.6,0,1,1,0,0,0,-1,0,None,aggregation
24,134.51,remora1,remora3,-24.76,9.62,9.62,9.62,9.61,9.63,9.63,9.63,9.65,9.65,-25.58,10.28,10.28,10.28,10.29,10.28,10.28,10.28,10.27,10.27,2.09,2.11,2.11,2.1,2.09,2.08,2.07,2.06,2.05,2.05,5.1,5.12,5.12,5.11,5.11,5.1,5.09,5.08,5.08,5.08,138.98,0,1,1,0,0,0,-1,0,None,aggregation
24,135.51,remora1,remora3,-24.42,-24.42,9.66,9.66,9.66,-24.06,-24.06,-24.06,-23.9,-23.9,-25.24,-25.24,10.26,10.26,10.26,-24.88,-24.88,-24.88,-24.72,-24.72,2.07,2.08,2.07,2.06,2.05,2.04,2.05,2.08,2.1,2.11,5.1,5.11,5.11,5.1,5.09,5.09,5.1,5.12,5.14,5.15,148.16,0,1,1,0,0,0,-1,0,None,aggregation
24,136.51,remora1,remora3,9.66,9.66,9.66,9.68,9.68,9.69,9.69,-23.56,-23.56,-23.56,10.26,10.26,10.26,10.25,10.25,10.24,10.24,-24.38,-24.38,-24.38,2.1,2.09,2.08,2.07,2.06,2.05,2.04,2.03,2.05,2.06,5.15,5.14,5.14,5.13,5.13,5.12,5.12,5.11,5.13,2.06,148.5,0,1,1,0,0,0,-1,0,None,aggregation
24,137.51,remora1,remora3,9.71,9.71,9.71,-30.37,-30.37,-30.37,9.74,9.74,9.76,9.77,10.23,10.23,10.23,-29.55,-29.55,-29.55,10.21,10.21,10.2,10.19,2.05,2.04,2.03,2.03,2.06,2.08,2.08,2.07,2.06,2.05,2.05,2.04,2.03,2.03,2.06,2.08,2.08,2.07,2.06,2.05,148.95,0,1,1,0,0,0,-1,0,None,aggregation
24,138.51,remora1,remora3,9.77,9.78,9.78,-30.26,-30.26,-30.26,-23.22,9.8,9.8,9.79,10.19,10.18,10.18,-29.44,-29.44,-29.44,-24.04,10.17,10.17,10.18,2.04,2.03,2.02,2.01,2.03,2.06,2.08,2.1,2.1,2.09,2.04,2.03,2.02,2.01,2.03,2.06,2.08,2.1,2.1,2.09,153.48,0,1,1,0,0,0,-1,0,None,aggregation
24,139.51,remora1,remora3,9.79,9.79,9.8,9.81,9.81,9.81,9.82,-23.4,-23.4,-23.37,10.18,10.18,10.17,10.16,10.16,10.16,10.16,-24.22,-24.22,-24.19,2.08,2.07,2.06,2.05,2.04,2.04,2.03,2.02,2.03,2.06,2.08,2.07,2.06,2.05,2.04,2.04,2.03,2.02,2.03,2.06,153.19,0,1,1,0,0,0,-1,0,None,aggregation
24,140.51,remora1,remora3,-23.37,-23.37,9.81,9.8,9.8,9.81,9.81,9.82,9.82,9.82,-24.19,-24.19,10.16,10.17,10.17,10.16,10.16,10.16,10.16,10.16,2.08,2.1,2.1,2.09,2.08,2.07,2.06,2.05,2.04,2.03,2.08,2.1,2.1,2.09,2.08,2.07,2.06,2.05,2.04,2.03,151.43,0,1,1,0,0,0,-1,0,None,aggregation
24,141.51,remora1,remora3,9.83,-23.96,-23.96,-23.73,-23.73,-23.73,9.81,9.8,9.8,9.8,10.15,-24.78,-24.78,-24.56,-24.56,-24.56,10.16,10.17,10.17,10.17,2.02,2.02,2.04,2.07,2.09,2.12,2.11,2.1,2.09,2.08,2.02,2.02,2.04,2.07,2.09,2.12,2.11,2.1,2.09,2.08,155.48,0,1,1,0,0,0,-1,0,None,aggregation
24,142.51,remora1,remora3,9.81,9.81,9.82,9.83,9.83,-24.5,-24.5,-24.66,-24.66,-24.66,10.16,10.16,10.16,10.15,10.15,-25.32,-25.32,-25.48,-25.48,-25.48,2.07,2.06,2.05,2.04,2.03,2.02,2.04,2.06,2.09,2.11,2.07,2.06,2.05,2.04,2.03,2.02,2.04,2.06,2.09,2.11,156.71,0,1,1,0,0,0,-1,0,None,aggregation
24,143.51,remora1,remora3,9.81,9.8,9.8,9.81,9.81,9.81,9.82,9.83,9.83,-25.34,10.16,10.17,10.17,10.16,10.16,10.16,10.16,10.15,10.15,-26.16,2.12,2.11,2.1,2.09,2.08,2.07,2.06,2.05,2.04,2.03,2.12,2.11,2.1,2.09,2.08,2.07,2.06,2.05,2.04,2.03,152.12,0,1,1,0,0,0,-1,0,None,aggregation
24,144.51,remora1,remora3,-25.34,9.83,9.83,9.83,9.83,-25.7,-25.7,-25.84,-25.84,9.81,-26.16,10.14,10.14,10.15,10.15,-26.52,-26.52,-26.66,-26.66,10.16,2.05,2.07,2.06,2.05,2.04,2.03,2.05,2.08,2.1,2.12,2.05,2.07,2.06,2.05,2.04,2.03,2.05,2.08,2.1,2.12,158.68,0,1,1,0,0,0,-1,0,None,aggregation
24,145.51,remora1,remora3,9.81,9.8,9.8,9.81,9.81,9.82,9.82,9.82,9.83,-26.47,10.16,10.17,10.17,10.16,10.16,10.15,10.15,10.15,10.15,-27.3,2.12,2.11,2.1,2.09,2.08,2.07,2.06,2.05,2.04,2.03,2.12,2.11,2.1,2.09,2.08,2.07,2.06,2.05,2.04,2.03,150.2,0,1,1,0,0,0,-1,0,None,aggregation
24,146.51,remora1,remora3,-26.47,-26.54,-26.54,9.82,9.82,9.81,9.81,9.81,9.82,9.83,-27.3,-27.36,-27.36,10.16,10.16,10.16,10.16,10.16,10.15,10.15,2.05,2.07,2.1,2.12,2.11,2.1,2.09,2.08,2.07,2.06,2.05,2.07,2.1,2.12,2.11,2.1,2.09,2.08,2.07,2.06,151.11,0,1,1,0,0,0,-1,0,None,aggregation
24,147.51,remora1,remora3,9.83,9.83,9.84,9.84,-27.12,-27.12,-27.18,-27.18,9.83,9.82,10.15,10.15,10.14,10.14,-27.94,-27.94,-28,-28,10.15,10.16,2.05,2.04,2.03,2.03,2.02,2.04,2.07,2.09,2.11,2.1,2.05,2.04,2.03,2.03,2.02,2.04,2.07,2.09,2.11,2.1,152.15,0,1,1,0,0,0,-1,0,None,aggregation
24,148.51,remora1,remora3,9.82,9.82,9.82,9.83,9.83,9.83,9.84,-27.59,-27.59,-27.64,10.16,10.15,10.15,10.14,10.14,10.14,10.14,-28.41,-28.41,-28.46,2.09,2.08,2.07,2.06,2.05,2.04,2.03,2.02,2.04,2.06,2.09,2.08,2.07,2.06,2.05,2.04,2.03,2.02,2.04,2.06,150.24,0,1,1,0,0,0,-1,0,None,aggregation
24,149.51,remora1,remora3,-27.64,-27.64,9.83,9.83,9.81,9.81,9.81,9.81,9.81,9.83,-28.46,-28.46,10.15,10.15,10.16,10.16,10.16,10.16,10.16,10.15,2.09,2.12,2.14,2.14,2.13,2.12,2.11,2.1,2.09,2.08,2.09,2.12,2.14,2.14,2.13,2.12,2.11,2.1,2.09,2.08,149.71,0,1,1,0,0,0,-1,0,None,aggregation
24,150.51,remora1,remora3,9.83,9.84,9.84,9.85,9.85,-27.85,-27.85,-27.85,-27.85,9.83,10.15,10.14,10.14,10.14,10.14,-28.67,-28.67,-28.67,-28.67,10.15,2.07,2.06,2.05,2.04,2.03,2.03,2.04,2.07,2.1,2.12,2.07,2.06,2.05,2.04,2.03,2.03,2.04,2.07,2.1,2.12,154.27,0,1,1,0,0,0,-1,0,None,aggregation
24,151.51,remora1,remora3,9.83,9.83,9.82,9.83,9.83,9.83,9.84,9.85,9.85,-27.85,10.15,10.15,10.15,10.15,10.15,10.15,10.14,10.13,10.13,-28.67,2.12,2.11,2.1,2.09,2.08,2.07,2.06,2.05,2.04,2.03,2.12,2.11,2.1,2.09,2.08,2.07,2.06,2.05,2.04,2.03,148.98,0,1,1,0,0,0,-1,0,None,aggregation
24,152.51,remora1,remora3,-27.85,-27.8,-27.8,-27.8,9.83,9.83,9.83,9.83,9.84,9.84,-28.67,-28.62,-28.62,-28.62,10.14,10.14,10.15,10.15,10.14,10.14,2.05,2.07,2.1,2.12,2.12,2.11,2.1,2.09,2.08,2.07,2.05,2.07,2.1,2.12,2.12,2.11,2.1,2.09,2.08,2.07,148.76,0,1,1,0,0,0,-1,0,None,aggregation
24,153.51,remora1,remora3,9.84,9.85,9.85,9.85,-27.74,-27.74,-27.74,9.83,9.83,9.83,10.14,10.13,10.13,10.13,-28.56,-28.56,-28.56,10.15,10.15,10.15,2.06,2.05,2.05,2.05,2.07,2.1,2.13,2.15,2.15,2.14,2.06,2.05,2.05,2.05,2.07,2.1,2.13,2.15,2.15,2.14,152.63,0,1,1,0,0,0,-1,0,None,aggregation
24,154.51,remora1,remora3,9.82,9.82,9.83,9.83,9.84,9.85,9.85,9.85,-27.68,9.85,10.15,10.15,10.15,10.15,10.14,10.13,10.13,10.13,-28.5,10.14,2.13,2.12,2.11,2.1,2.1,2.09,2.08,2.08,2.11,2.13,2.13,2.12,2.11,2.1,2.1,2.09,2.08,2.08,2.11,2.13,146.39,0,1,1,0,0,0,-1,0,None,aggregation
24,155.51,remora1,remora3,9.85,9.85,9.84,9.85,9.85,-27.59,-27.59,-27.59,-27.59,-27.59,10.14,10.14,10.14,10.13,10.13,-28.41,-28.41,-28.41,-28.41,-28.41,2.12,2.12,2.11,2.1,2.09,2.08,2.1,2.13,2.16,2.18,2.12,2.12,2.11,2.1,2.09,2.08,2.1,2.13,2.16,2.18,153.71,0,1,1,0,0,0,-1,0,None,aggregation
24,156.51,remora1,remora3,9.83,9.83,9.83,9.84,9.84,9.84,9.84,9.85,9.85,9.85,10.14,10.14,10.15,10.14,10.14,10.14,10.14,10.13,10.13,10.13,2.17,2.16,2.16,2.15,2.14,2.13,2.12,2.12,2.11,2.12,2.17,2.16,2.16,2.15,2.14,2.13,2.12,2.12,2.11,2.12,148.63,0,1,1,0,0,0,-1,0,None,aggregation
24,157.51,remora1,remora3,-27.08,9.85,9.85,9.85,9.85,9.85,9.85,-26.57,-26.57,-26.37,-27.91,10.13,10.13,10.14,10.14,10.13,10.13,-27.39,-27.39,-27.19,2.14,2.16,2.16,2.15,2.15,2.14,2.13,2.13,2.14,2.17,2.14,2.16,2.16,2.15,2.15,2.14,2.13,2.13,2.14,2.17,148.44,0,1,1,0,0,0,-1,0,None,aggregation
24,158.51,remora1,remora3,-26.37,9.84,9.84,9.84,9.83,9.84,9.84,9.85,9.85,9.85,-27.19,10.14,10.14,10.14,10.15,10.14,10.14,10.14,10.14,10.14,2.2,2.23,2.23,2.22,2.22,2.21,2.21,2.2,2.19,2.19,2.2,2.23,2.23,2.22,2.22,2.21,2.21,2.2,2.19,2.19,144.71,0,1,1,0,0,0,-1,0,None,aggregation
24,159.51,remora1,remora3,9.85,9.85,-25.19,9.85,9.85,9.84,9.84,9.85,9.85,-24.33,10.13,10.13,-26.01,10.13,10.13,10.14,10.14,10.13,10.13,-25.15,2.18,2.19,2.22,2.24,2.25,2.25,2.24,2.24,2.23,2.23,2.18,2.19,2.22,2.24,2.25,2.25,2.24,2.24,2.23,2.23,144.14,0,1,1,0,0,0,-1,0,None,aggregation
24,160.51,remora1,remora3,-24.33,-24.33,-23.97,-23.97,9.83,9.83,9.83,9.83,9.84,9.84,-25.15,-25.15,-24.79,-24.79,10.15,10.15,10.15,10.15,10.14,10.14,2.25,2.28,2.31,2.32,2.32,2.32,2.32,2.31,2.31,2.3,2.25,2.28,2.31,2.32,2.32,2.32,2.32,2.31,2.31,2.3,142.65,0,1,1,0,0,0,-1,0,None,aggregation
24,161.51,remora1,remora3,9.84,9.84,-22.82,-22.52,-22.52,-22.52,9.83,9.82,9.82,9.82,10.14,10.14,-23.65,-23.34,-23.34,-23.34,10.15,10.15,10.15,10.15,2.3,2.3,2.32,2.35,2.38,2.4,2.4,2.4,2.39,2.39,2.3,2.3,2.32,2.35,2.38,2.4,2.4,2.4,2.39,2.39,146.03,0,1,1,0,0,0,-1,0,None,aggregation
24,162.51,remora1,remora3,9.83,9.83,9.84,-21.19,-21.19,9.84,9.84,9.84,9.83,-20.32,10.15,10.15,10.14,-22.01,-22.01,10.14,10.14,10.14,10.14,-21.14,2.39,2.38,2.38,2.38,2.41,2.43,2.43,2.43,2.43,2.43,2.39,2.38,2.38,2.38,2.41,2.43,2.43,2.43,2.43,2.43,142.13,0,1,1,0,0,0,-1,0,None,aggregation
24,163.51,remora1,remora3,-20.32,9.83,9.83,9.83,9.83,-19.75,-19.75,-19.75,-19.44,9.82,-21.14,10.14,10.14,10.15,10.15,-20.57,-20.57,-20.57,-20.26,10.16,2.45,2.48,2.48,2.48,2.48,2.47,2.49,2.52,2.55,2.57,2.45,2.48,2.48,2.48,2.48,2.47,2.49,2.52,2.55,2.57,141.8,0,1,1,0,0,0,-1,0,None,aggregation
24,164.51,remora1,remora3,9.82,9.8,9.8,9.81,9.81,9.82,9.82,-28.67,-28.67,9.82,10.16,10.17,10.17,10.16,10.16,10.15,10.15,-29.49,-29.49,10.15,2.58,2.58,2.58,2.58,2.57,2.57,2.57,2.59,2.62,2.65,2.58,2.58,2.58,2.58,2.57,2.57,2.57,2.59,2.62,2.65,143.8,0,1,1,0,0,0,-1,0,None,aggregation
24,165.51,remora1,remora3,9.82,9.82,9.82,9.82,9.82,9.83,9.83,-17.47,-17.47,-17.44,10.15,10.16,10.16,10.15,10.15,10.15,10.15,-18.29,-18.29,-18.26,2.66,2.66,2.66,2.66,2.67,2.67,2.67,2.68,2.7,2.72,2.66,2.66,2.66,2.66,2.67,2.67,2.67,2.68,2.7,2.72,137.16,0,1,1,0,0,0,-1,0,None,aggregation
24,166.51,remora1,remora3,-17.44,9.81,9.81,9.81,9.81,9.81,9.82,-16.83,-16.83,-16.83,-18.26,10.16,10.16,10.16,10.16,10.16,10.16,-17.65,-17.65,-17.65,2.75,2.77,2.77,2.77,2.77,2.78,2.78,2.78,2.81,2.84,2.75,2.77,2.77,2.77,2.77,2.78,2.78,2.78,2.81,2.84,140.12,0,1,1,0,0,0,-1,0,None,aggregation
24,167.51,remora1,remora3,-16.77,-16.77,9.8,9.79,9.79,9.79,9.79,9.79,9.8,-16.38,-17.6,-17.6,10.17,10.18,10.18,10.17,10.17,10.17,10.17,-17.2,2.87,2.89,2.91,2.92,2.92,2.92,2.92,2.93,2.93,2.93,2.87,2.89,2.91,2.92,2.92,2.92,2.92,2.93,2.93,2.93,135.4,0,1,1,0,0,0,-1,0,None,aggregation
24,168.51,remora1,remora3,-16.38,-16.38,-16.35,9.79,9.79,9.78,9.78,9.78,9.79,9.8,-17.2,-17.2,-17.17,10.18,10.18,10.18,10.18,10.18,10.18,10.17,2.95,2.99,3.01,3.04,3.04,3.05,3.04,3.04,3.04,3.04,2.95,2.99,3.01,3.04,3.04,3.05,3.04,3.04,3.04,3.04,135.76,0,0,1,0,0,0,-1,0,None,aggregation
24,169.51,remora1,remora3,9.8,9.8,-15.41,-15.37,-15.37,9.79,9.79,9.79,9.79,-15.01,10.17,10.17,-16.23,-16.19,-16.19,10.17,10.17,10.18,10.18,-15.83,3.05,3.05,3.06,3.09,3.12,3.13,3.14,3.14,3.15,3.15,3.05,3.05,3.06,3.09,3.12,3.13,3.14,3.14,3.15,3.15,135,0,0,1,0,0,0,-1,0,None,aggregation
24,170.51,remora1,remora3,-15.01,-15.01,-26.66,9.78,9.78,9.77,9.77,9.78,9.78,9.78,-15.83,-15.83,-27.48,10.18,10.18,10.19,10.19,10.18,10.18,10.18,3.17,3.19,3.22,3.25,3.26,3.27,3.27,3.27,3.27,3.28,3.17,3.19,3.22,3.25,3.26,3.27,3.27,3.27,3.27,3.28,131.97,0,0,1,0,0,0,-1,0,None,aggregation
24,171.51,remora1,remora3,-13.92,-13.92,9.79,9.79,9.79,9.79,7.95,7.95,7.95,-12.65,-14.74,-14.74,10.18,10.18,10.18,10.18,7.26,7.26,7.26,-13.47,3.3,3.31,3.32,3.32,3.32,3.32,3.32,3.31,3.32,3.33,3.3,3.31,3.32,3.32,3.32,3.32,3.32,3.31,3.32,3.33,127.22,0,0,1,0,0,0,-1,0,None,aggregation
24,172.51,remora1,remora3,-12.65,-12.65,-12.65,9.75,9.75,9.74,9.74,9.74,-11.94,-11.94,-13.47,-13.47,-13.47,10.21,10.21,10.21,10.21,10.21,-12.76,-12.76,3.34,3.35,3.35,3.35,3.34,3.34,3.33,3.31,3.31,3.31,3.34,3.35,3.35,3.35,3.34,3.34,3.33,3.31,3.31,3.31,125.21,0,0,1,0,0,0,-1,0,None,aggregation
24,173.51,remora1,remora3,-11.67,9.73,9.73,9.73,9.73,9.73,-11.02,-11.02,-11.04,-10.71,-12.49,10.22,10.22,10.22,10.22,10.22,-11.84,-11.84,-11.87,-11.53,3.32,3.31,3.3,3.3,3.28,3.27,3.26,3.26,3.26,3.26,3.32,3.31,3.3,3.3,3.28,3.27,3.26,3.26,3.26,3.26,120.85,0,0,1,0,0,0,-1,0,None,aggregation
24,174.51,remora1,remora3,-10.71,-10.71,9.7,9.7,9.69,9.7,9.7,9.7,9.7,-10.08,-11.53,-11.53,10.23,10.23,10.24,10.23,10.23,10.23,10.23,-10.9,3.27,3.27,3.26,3.25,3.23,3.21,3.19,3.17,3.15,3.14,3.27,3.27,3.26,3.25,3.23,3.21,3.19,3.17,3.15,3.14,117.29,0,0,1,0,0,0,-1,0,None,aggregation
24,175.51,remora1,remora3,-10.08,-10.08,-9.54,-9.54,-9.45,-9.45,-9.45,9.65,9.65,-9.6,-10.9,-10.9,-10.36,-10.36,-10.27,-10.27,-10.27,10.26,10.26,-10.42,3.15,3.17,3.19,3.2,3.21,3.22,3.22,3.21,3.2,3.2,3.15,3.17,3.19,3.2,3.21,3.22,3.22,3.21,3.2,3.2,114.98,0,0,1,0,0,0,-1,0,None,aggregation
24,176.51,remora1,remora3,-9.6,9.66,9.66,9.65,9.65,12.75,12.75,12.76,12.76,12.76,-10.42,10.26,10.26,10.26,10.26,12.15,12.15,12.16,12.16,12.16,3.21,3.22,3.22,3.21,3.2,3.19,3.17,3.16,3.14,3.13,3.21,3.22,3.22,3.21,3.2,3.19,3.17,3.16,3.14,3.13,113.24,0,0,1,0,0,0,-1,0,None,aggregation
24,177.51,remora1,remora3,12.76,-8.73,-8.73,-8.73,-8.74,-8.74,-8.73,-9.04,-9.04,12.81,12.16,-9.55,-9.55,-9.55,-9.56,-9.56,-9.56,-9.86,-9.86,12.21,3.13,3.12,3.13,3.13,3.13,3.13,3.13,3.14,3.15,3.15,3.13,3.12,3.13,3.13,3.13,3.13,3.13,3.14,3.15,3.15,111.01,0,0,1,0,0,0,-1,0,None,aggregation
24,178.51,remora1,remora3,12.81,9.52,9.52,-8.54,-8.54,-8.54,-8.57,-8.57,-8.57,-8.54,12.21,10.33,10.33,-9.36,-9.36,-9.36,-9.39,-9.39,-9.39,-9.36,3.14,3.12,3.1,3.09,3.09,3.1,3.11,3.11,3.12,3.11,3.14,3.12,3.1,3.09,3.09,3.1,3.11,3.11,3.12,3.11,108.5,0,0,1,0,0,0,-1,0,None,aggregation
24,179.51,remora1,remora3,9.47,9.48,9.48,13.18,13.18,13.18,-8.64,-8.38,-8.38,-8.38,10.35,10.35,10.35,12.59,12.59,12.59,-9.46,-9.2,-9.2,-9.2,3.1,3.08,3.07,3.06,3.05,3.04,3.04,3.04,3.05,3.06,3.1,3.08,3.07,3.06,3.05,3.04,3.04,3.04,3.05,3.06,106.61,0,0,1,0,0,0,-1,0,None,aggregation
24,180.51,remora1,remora3,-8.34,-8.34,-8.27,-8.01,-8.01,-8.01,9.4,9.37,9.37,9.4,-9.16,-9.16,-9.09,-8.83,-8.83,-8.83,10.38,10.39,10.39,10.38,3.07,3.08,3.08,3.09,3.1,3.1,3.1,3.09,3.08,3.06,3.07,3.08,3.08,3.09,3.1,3.1,3.1,3.09,3.08,3.06,102.93,0,0,1,0,0,0,-1,0,None,aggregation
24,181.51,remora1,remora3,9.4,-8.77,-8.77,-8.77,-9.08,9.42,9.42,9.4,9.4,9.4,10.38,-9.59,-9.59,-9.59,-9.9,10.38,10.38,10.38,10.38,10.38,3.05,3.03,3.03,3.03,3.03,3.04,3.03,3.02,3,2.99,3.05,3.03,3.03,3.03,3.03,3.04,3.03,3.02,3,2.99,102.12,0,0,1,0,0,0,-1,0,None,aggregation
24,182.51,remora1,remora3,-9.62,-9.62,-9.99,10.34,10.34,10.34,10.34,-10.32,-10.32,-10.32,-10.44,-10.44,-10.81,9.69,9.69,9.69,9.69,-11.14,-11.14,-11.14,2.98,2.98,2.99,2.99,2.98,2.97,2.96,2.97,2.97,2.97,2.98,2.98,2.99,2.99,2.98,2.97,2.96,2.97,2.97,2.97,101.02,0,1,1,0,0,0,-1,0,None,aggregation
24,183.51,remora1,remora3,9.36,9.34,9.34,9.34,9.34,-11.71,-11.71,-11.71,-12.01,9.39,10.4,10.4,10.4,10.4,10.4,-12.53,-12.53,-12.53,-12.84,10.39,2.98,2.96,2.95,2.94,2.92,2.91,2.91,2.91,2.92,2.93,2.98,2.96,2.95,2.94,2.92,2.91,2.91,2.91,2.92,2.93,101.08,0,1,1,0,0,0,-1,0,None,aggregation
24,184.51,remora1,remora3,9.39,9.39,9.39,-13.16,-13.16,-13.16,-13.82,-13.82,9.42,9.41,10.39,10.39,10.39,-13.98,-13.98,-13.98,-14.65,-14.65,10.38,10.38,2.92,2.91,2.89,2.88,2.88,2.89,2.9,2.9,2.89,2.88,2.92,2.91,2.89,2.88,2.88,2.89,2.9,2.9,2.89,2.88,102.7,0,1,1,0,0,0,-1,0,None,aggregation
24,185.51,remora1,remora3,9.41,9.44,9.44,9.44,-15.69,-16.35,-16.35,-16.62,-16.62,9.44,10.38,10.37,10.37,10.37,-16.52,-17.17,-17.17,-17.44,-17.44,10.37,2.87,2.85,2.84,2.82,2.82,2.83,2.84,2.85,2.86,2.87,2.87,2.85,2.84,2.82,2.82,2.83,2.84,2.85,2.86,2.87,105.98,0,1,1,0,0,0,-1,0,None,aggregation
24,186.51,remora1,remora3,9.44,9.44,9.44,9.47,9.47,9.49,9.49,-16.88,-16.88,-16.89,10.37,10.37,10.37,10.36,10.36,10.34,10.34,-17.7,-17.7,-17.71,2.86,2.85,2.84,2.82,2.81,2.8,2.78,2.77,2.77,2.78,2.86,2.85,2.84,2.82,2.81,2.8,2.78,2.77,2.77,2.78,106.89,0,1,1,0,0,0,-1,0,None,aggregation
24,187.51,remora1,remora3,-16.89,9.51,9.51,9.51,9.51,9.53,9.53,-17.26,-17.26,-17.27,-17.71,10.34,10.34,10.34,10.34,10.33,10.33,-18.08,-18.08,-18.09,2.8,2.8,2.79,2.78,2.77,2.75,2.74,2.73,2.74,2.75,2.8,2.8,2.79,2.78,2.77,2.75,2.74,2.73,2.74,2.75,110,0,1,1,0,0,0,-1,0,None,aggregation
24,188.51,remora1,remora3,-17.27,9.54,9.54,9.53,9.53,9.55,9.55,-17.63,-17.63,-17.63,-18.09,10.32,10.32,10.33,10.33,10.32,10.32,-18.45,-18.45,-18.45,2.76,2.77,2.77,2.75,2.74,2.73,2.71,2.71,2.72,2.73,2.76,2.77,2.77,2.75,2.74,2.73,2.71,2.71,2.72,2.73,113.63,0,1,1,0,0,0,-1,0,None,aggregation
24,189.51,remora1,remora3,9.57,9.57,9.57,9.57,9.59,-17.87,-17.87,-17.87,-17.87,-17.87,10.31,10.31,10.31,10.31,10.3,-18.69,-18.69,-18.7,-18.7,-18.7,2.72,2.71,2.7,2.68,2.67,2.66,2.67,2.69,2.7,2.71,2.72,2.71,2.7,2.68,2.67,2.66,2.67,2.69,2.7,2.71,117.36,0,1,1,0,0,0,-1,0,None,aggregation
24,190.51,remora1,remora3,9.59,9.59,9.58,9.6,9.6,-18.02,-18.02,-18.22,-18.22,9.61,10.3,10.3,10.3,10.29,10.29,-18.84,-18.84,-19.05,-19.05,10.29,2.7,2.69,2.68,2.67,2.65,2.64,2.65,2.66,2.68,2.69,2.7,2.69,2.68,2.67,2.65,2.64,2.65,2.66,2.68,2.69,121.64,0,1,1,0,0,0,-1,0,None,aggregation
24,191.51,remora1,remora3,9.61,9.6,9.6,9.62,9.62,9.64,9.64,9.64,-18.4,-18.36,10.29,10.29,10.29,10.28,10.28,10.27,10.27,10.27,-19.22,-19.18,2.69,2.68,2.66,2.65,2.64,2.63,2.62,2.6,2.6,2.62,2.69,2.68,2.66,2.65,2.64,2.63,2.62,2.6,2.6,2.62,123.72,0,1,1,0,0,0,-1,0,None,aggregation
24,192.51,remora1,remora3,-18.36,-18.36,9.64,9.64,9.64,9.65,9.65,9.65,-17.6,-17.6,-19.18,-19.18,10.27,10.27,10.27,10.26,10.26,10.26,-18.42,-18.42,2.63,2.65,2.64,2.63,2.62,2.6,2.59,2.58,2.59,2.6,2.63,2.65,2.64,2.63,2.62,2.6,2.59,2.58,2.59,2.6,126.78,0,1,1,0,0,0,-1,0,None,aggregation
24,193.51,remora1,remora3,-17.21,-17.21,9.65,9.65,9.65,9.67,9.67,-16.01,-16.01,-15.89,-18.03,-18.03,10.26,10.27,10.27,10.26,10.26,-16.83,-16.83,-16.71,2.62,2.63,2.62,2.61,2.6,2.59,2.57,2.56,2.57,2.58,2.62,2.63,2.62,2.61,2.6,2.59,2.57,2.56,2.57,2.58,129.39,0,1,1,0,0,0,-1,0,None,aggregation
24,194.51,remora1,remora3,-15.89,9.67,9.67,9.66,9.66,9.68,9.68,-14.61,-14.61,-14.36,-16.71,10.26,10.26,10.26,10.26,10.25,10.25,-15.43,-15.43,-15.18,2.59,2.61,2.6,2.59,2.58,2.57,2.55,2.54,2.55,2.56,2.59,2.61,2.6,2.59,2.58,2.57,2.55,2.54,2.55,2.56,129.62,0,1,1,0,0,0,-1,0,None,aggregation
24,195.51,remora1,remora3,-14.36,-14.36,9.67,9.67,9.67,9.69,9.69,-13.6,-13.6,-13.5,-15.18,-15.18,10.25,10.25,10.25,10.24,10.24,-14.42,-14.42,-14.32,2.58,2.58,2.57,2.56,2.55,2.54,2.53,2.52,2.53,2.54,2.58,2.58,2.57,2.56,2.55,2.54,2.53,2.52,2.53,2.54,128.43,0,1,1,0,0,0,-1,0,None,aggregation
24,196.51,remora1,remora3,-13.5,9.68,9.68,9.68,9.68,-13.19,-13.19,-13.08,-13.08,9.67,-14.32,10.25,10.25,10.25,10.25,-14.01,-14.01,-13.9,-13.9,10.25,2.56,2.56,2.55,2.54,2.53,2.52,2.53,2.54,2.55,2.55,2.56,2.56,2.55,2.54,2.53,2.52,2.53,2.54,2.55,2.55,128.09,0,1,1,0,0,0,-1,0,None,aggregation
24,197.51,remora1,remora3,9.67,9.67,9.67,9.68,9.68,-12.62,-12.62,-12.76,-12.76,9.68,10.25,10.25,10.25,10.25,10.25,-13.44,-13.44,-13.58,-13.58,10.25,2.54,2.53,2.52,2.51,2.5,2.49,2.5,2.51,2.52,2.53,2.54,2.53,2.52,2.51,2.5,2.49,2.5,2.51,2.52,2.53,126.32,0,1,1,0,0,0,-1,0,None,aggregation
24,198.51,remora1,remora3,9.68,9.68,9.67,9.69,9.69,9.69,-12.73,-12.83,-12.83,-13,10.25,10.25,10.25,10.24,10.24,10.24,-13.55,-13.65,-13.65,-13.83,2.53,2.52,2.51,2.5,2.49,2.47,2.47,2.48,2.49,2.5,2.53,2.52,2.51,2.5,2.49,2.47,2.47,2.48,2.49,2.5,124.47,0,1,1,0,0,0,-1,0,None,aggregation
24,199.51,remora1,remora3,-13,9.66,9.66,9.66,9.66,9.68,9.68,9.68,-12.83,-13,-13.83,10.26,10.26,10.26,10.26,10.25,10.25,10.25,-13.65,-13.82,2.51,2.52,2.51,2.5,2.49,2.48,2.47,2.46,2.47,2.48,2.51,2.52,2.51,2.5,2.49,2.48,2.47,2.46,2.47,2.48,121.34,0,1,1,0,0,0,-1,0,None,aggregation
24,200.51,remora1,remora3,-13,9.67,9.67,9.67,9.67,9.67,-12.99,9.68,9.68,9.68,-13.82,10.25,10.25,10.25,10.25,10.25,-13.81,10.25,10.25,10.25,2.49,2.5,2.49,2.48,2.47,2.46,2.47,2.48,2.47,2.46,2.49,2.5,2.49,2.48,2.47,2.46,2.47,2.48,2.47,2.46,118.61,0,1,1,0,0,0,-1,0,None,aggregation
24,201.51,remora1,remora3,9.68,-13.18,-13.18,-13.18,-13.03,9.67,9.67,9.66,9.66,-13.01,10.25,-14,-14,-14,-13.85,10.25,10.25,10.26,10.26,-13.83,2.45,2.44,2.44,2.46,2.47,2.48,2.47,2.46,2.45,2.44,2.45,2.44,2.44,2.46,2.47,2.48,2.47,2.46,2.45,2.44,118.63,0,1,1,0,0,0,-1,0,None,aggregation
24,202.51,remora1,remora3,-13.01,-13.01,-13.02,9.66,9.66,9.66,9.66,-13.32,-13.32,-13.02,-13.83,-13.83,-13.84,10.26,10.26,10.26,10.26,-14.14,-14.14,-13.84,2.45,2.46,2.47,2.47,2.46,2.46,2.44,2.44,2.45,2.46,2.45,2.46,2.47,2.47,2.46,2.46,2.44,2.44,2.45,2.46,117.4,0,1,1,0,0,0,-1,0,None,aggregation
24,203.51,remora1,remora3,-13.02,9.66,9.66,9.66,9.66,9.66,9.67,9.67,-13.3,-13.16,-13.84,10.26,10.26,10.26,10.26,10.26,10.25,10.25,-14.13,-13.99,2.47,2.48,2.47,2.46,2.45,2.44,2.43,2.42,2.42,2.43,2.47,2.48,2.47,2.46,2.45,2.44,2.43,2.42,2.42,2.43,115.03,0,1,1,0,0,0,-1,0,None,aggregation
24,204.51,remora1,remora3,-13.16,9.68,9.68,9.67,9.67,9.67,-13.16,-13.16,-13.16,-13.16,-13.99,10.25,10.25,10.25,10.25,10.25,-13.98,-13.98,-13.98,-13.98,2.44,2.45,2.44,2.43,2.42,2.41,2.42,2.43,2.44,2.46,2.44,2.45,2.44,2.43,2.42,2.41,2.42,2.43,2.44,2.46,114.71,0,1,1,0,0,0,-1,0,None,aggregation
24,205.51,remora1,remora3,9.66,9.65,9.65,9.67,9.67,-13.46,-13.46,-13.46,-13.59,-13.59,10.26,10.26,10.26,10.25,10.25,-14.28,-14.28,-14.28,-14.41,-14.41,2.46,2.45,2.44,2.43,2.42,2.41,2.42,2.43,2.44,2.45,2.46,2.45,2.44,2.43,2.42,2.41,2.42,2.43,2.44,2.45,114.52,0,1,1,0,0,0,-1,0,None,aggregation
24,206.51,remora1,remora3,9.66,9.66,9.66,-13.27,-13.27,9.67,9.67,9.66,9.66,9.66,10.26,10.26,10.26,-14.09,-14.09,10.25,10.25,10.26,10.26,10.26,2.44,2.43,2.42,2.42,2.43,2.44,2.43,2.42,2.41,2.4,2.44,2.43,2.42,2.42,2.43,2.44,2.43,2.42,2.41,2.4,113.43,0,1,1,0,0,0,-1,0,None,aggregation
24,207.51,remora1,remora3,9.66,-13.32,-13.32,9.66,9.66,9.65,9.65,9.67,9.67,-13.33,10.26,-14.14,-14.14,10.26,10.26,10.26,10.26,10.25,10.25,-14.15,2.41,2.42,2.43,2.45,2.44,2.43,2.42,2.41,2.4,2.4,2.41,2.42,2.43,2.45,2.44,2.43,2.42,2.41,2.4,2.4,113.31,0,1,1,0,0,0,-1,0,None,aggregation
24,208.51,remora1,remora3,-13.33,-13.33,-13.49,-13.49,9.66,9.66,9.66,9.68,9.68,-13.36,-14.15,-14.15,-14.32,-14.32,10.26,10.26,10.26,10.25,10.25,-14.18,2.41,2.42,2.43,2.44,2.43,2.42,2.41,2.4,2.39,2.38,2.41,2.42,2.43,2.44,2.43,2.42,2.41,2.4,2.39,2.38,113.91,0,1,1,0,0,0,-1,0,None,aggregation
24,209.51,remora1,remora3,-13.36,-13.37,-13.37,9.68,9.68,9.68,9.67,9.67,-13.65,-13.51,-14.18,-14.19,-14.19,10.25,10.25,10.25,10.25,10.25,-14.47,-14.33,2.39,2.4,2.41,2.42,2.41,2.4,2.39,2.39,2.4,2.42,2.39,2.4,2.41,2.42,2.41,2.4,2.39,2.39,2.4,2.42,114.84,0,1,1,0,0,0,-1,0,None,aggregation
24,210.51,remora1,remora3,-13.51,9.66,9.66,9.66,9.66,9.66,9.68,-13.67,-13.67,-13.66,-14.33,10.26,10.26,10.26,10.26,10.26,10.25,-14.49,-14.49,-14.48,2.43,2.43,2.43,2.42,2.41,2.39,2.39,2.38,2.39,2.4,2.43,2.43,2.43,2.42,2.41,2.39,2.39,2.38,2.39,2.4,115.78,0,1,1,0,0,0,-1,0,None,aggregation
24,211.51,remora1,remora3,-13.66,9.66,9.66,9.66,9.65,9.67,9.67,-13.75,-13.75,-13.73,-14.48,10.26,10.26,10.26,10.26,10.25,10.25,-14.57,-14.57,-14.55,2.42,2.43,2.43,2.42,2.41,2.4,2.39,2.38,2.39,2.41,2.42,2.43,2.43,2.42,2.41,2.4,2.39,2.38,2.39,2.41,115.67,0,1,1,0,0,0,-1,0,None,aggregation
24,212.51,remora1,remora3,-13.73,9.66,9.66,9.66,9.66,9.67,9.67,9.67,-13.76,-13.77,-14.55,10.26,10.26,10.26,10.26,10.25,10.25,10.25,-14.59,-14.59,2.42,2.43,2.42,2.41,2.4,2.39,2.38,2.38,2.39,2.4,2.42,2.43,2.42,2.41,2.4,2.39,2.38,2.38,2.39,2.4,114.79,0,1,1,0,0,0,-1,0,None,aggregation
24,213.51,remora1,remora3,-13.77,-13.77,9.67,9.67,9.67,-14.05,-14.05,-14.05,-13.94,9.66,-14.59,-14.59,10.26,10.26,10.26,-14.88,-14.88,-14.88,-14.76,10.26,2.41,2.42,2.41,2.4,2.39,2.38,2.39,2.4,2.41,2.42,2.41,2.42,2.41,2.4,2.39,2.38,2.39,2.4,2.41,2.42,116.34,0,1,1,0,0,0,-1,0,None,aggregation
24,214.51,remora1,remora3,9.66,9.67,9.67,9.67,-13.92,-13.77,-13.77,9.67,9.67,9.66,10.26,10.26,10.26,10.26,-14.74,-14.59,-14.59,10.26,10.26,10.26,2.41,2.4,2.39,2.38,2.38,2.4,2.41,2.42,2.42,2.41,2.41,2.4,2.39,2.38,2.38,2.4,2.41,2.42,2.42,2.41,115.81,0,1,1,0,0,0,-1,0,None,aggregation
24,215.51,remora1,remora3,9.66,9.67,9.67,-13.94,-13.94,-14.09,-14.09,9.67,9.67,9.67,10.26,10.25,10.25,-14.76,-14.76,-14.91,-14.91,10.25,10.25,10.26,2.4,2.39,2.38,2.37,2.38,2.39,2.41,2.42,2.41,2.4,2.4,2.39,2.38,2.37,2.38,2.39,2.41,2.42,2.41,2.4,115.62,0,1,1,0,0,0,-1,0,None,aggregation
24,216.51,remora1,remora3,9.67,9.68,9.68,-14.1,-14.1,-14.11,-14.11,9.68,9.68,9.67,10.26,10.25,10.25,-14.92,-14.92,-14.93,-14.93,10.25,10.25,10.25,2.39,2.38,2.37,2.36,2.37,2.39,2.4,2.41,2.4,2.39,2.39,2.38,2.37,2.36,2.37,2.39,2.4,2.41,2.4,2.39,116.7,0,1,1,0,0,0,-1,0,None,aggregation
24,217.51,remora1,remora3,9.67,-14.08,-14.08,-14.1,-14.1,-14.1,9.67,9.67,9.66,9.68,10.25,-14.9,-14.9,-14.92,-14.92,-14.92,10.25,10.25,10.26,10.25,2.38,2.37,2.38,2.39,2.41,2.42,2.42,2.41,2.4,2.39,2.38,2.37,2.38,2.39,2.41,2.42,2.42,2.41,2.4,2.39,117.84,0,1,1,0,0,0,-1,0,None,aggregation
24,218.51,remora1,remora3,9.68,-14.4,-14.4,-14.41,-14.41,9.67,9.67,9.68,9.68,-14.69,10.25,-15.22,-15.22,-15.23,-15.23,10.25,10.25,10.25,10.25,-15.52,2.38,2.37,2.38,2.39,2.4,2.41,2.4,2.39,2.38,2.38,2.38,2.37,2.38,2.39,2.4,2.41,2.4,2.39,2.38,2.38,118.37,0,1,1,0,0,0,-1,0,None,aggregation
24,219.51,remora1,remora3,-14.69,-14.69,-14.69,9.67,9.67,9.66,9.66,9.68,9.68,-15.17,-15.52,-15.52,-15.52,10.26,10.26,10.26,10.26,10.25,10.25,-16,2.39,2.4,2.42,2.43,2.42,2.41,2.4,2.39,2.38,2.38,2.39,2.4,2.42,2.43,2.42,2.41,2.4,2.39,2.38,2.38,118.52,0,1,1,0,0,0,-1,0,None,aggregation
24,220.51,remora1,remora3,-15.17,9.69,9.69,9.69,9.69,-15.31,-15.31,-15.33,-15.33,9.68,-16,10.24,10.24,10.24,10.24,-16.13,-16.13,-16.15,-16.15,10.25,2.39,2.4,2.4,2.39,2.38,2.37,2.37,2.39,2.41,2.41,2.39,2.4,2.4,2.39,2.38,2.37,2.37,2.39,2.41,2.41,119.77,0,1,1,0,0,0,-1,0,None,aggregation
24,221.51,remora1,remora3,9.68,9.68,9.68,9.69,9.69,9.69,-16.06,-16.07,-16.07,9.69,10.25,10.25,10.25,10.24,10.24,10.24,-16.88,-16.89,-16.89,10.24,2.41,2.4,2.39,2.38,2.37,2.36,2.37,2.38,2.4,2.42,2.41,2.4,2.39,2.38,2.37,2.36,2.37,2.38,2.4,2.42,120.05,0,1,1,0,0,0,-1,0,None,aggregation
24,222.51,remora1,remora3,9.69,9.68,9.68,9.68,9.69,-16.51,-16.51,-16.5,-16.5,9.68,10.24,10.25,10.25,10.25,10.24,-17.33,-17.33,-17.32,-17.32,10.25,2.41,2.4,2.4,2.38,2.38,2.37,2.39,2.4,2.42,2.43,2.41,2.4,2.4,2.38,2.38,2.37,2.39,2.4,2.42,2.43,121.58,0,1,1,0,0,0,-1,0,None,aggregation
24,223.51,remora1,remora3,9.68,9.68,9.68,9.68,9.69,9.69,9.71,9.71,-17.12,-17.12,10.25,10.25,10.25,10.25,10.24,10.24,10.23,10.23,-17.94,-17.94,2.42,2.41,2.41,2.4,2.39,2.38,2.37,2.37,2.38,2.4,2.42,2.41,2.41,2.4,2.39,2.38,2.37,2.37,2.38,2.4,120.46,0,1,1,0,0,0,-1,0,None,aggregation
24,224.51,remora1,remora3,-17.23,9.69,9.69,9.69,9.69,9.71,9.71,-17.52,-17.52,9.72,-18.05,10.24,10.24,10.24,10.24,10.23,10.23,-18.34,-18.34,10.22,2.41,2.42,2.42,2.41,2.4,2.39,2.38,2.37,2.39,2.4,2.41,2.42,2.42,2.41,2.4,2.39,2.38,2.37,2.39,2.4,121.55,0,1,1,0,0,0,-1,0,None,aggregation
24,225.51,remora1,remora3,9.72,9.72,9.72,-17.82,-17.82,-17.83,-17.83,9.71,9.71,9.7,10.22,10.23,10.23,-18.65,-18.65,-18.65,-18.65,10.23,10.23,10.23,2.39,2.38,2.37,2.36,2.38,2.39,2.41,2.43,2.42,2.41,2.39,2.38,2.37,2.36,2.38,2.39,2.41,2.43,2.42,2.41,123.08,0,1,1,0,0,0,-1,0,None,aggregation
24,226.51,remora1,remora3,9.7,9.7,9.72,-18.37,-18.37,9.72,9.72,9.72,9.72,9.72,10.23,10.23,10.23,-19.19,-19.19,10.22,10.22,10.22,10.22,10.22,2.4,2.39,2.38,2.38,2.4,2.41,2.4,2.39,2.38,2.38,2.4,2.39,2.38,2.38,2.4,2.41,2.4,2.39,2.38,2.38,123.03,0,1,1,0,0,0,-1,0,None,aggregation
24,227.51,remora1,remora3,-18.67,-18.67,9.72,9.72,9.72,-19.2,-19.2,-19.21,-19.21,9.72,-19.49,-19.49,10.22,10.22,10.22,-20.02,-20.02,-20.04,-20.04,10.23,2.4,2.41,2.4,2.39,2.38,2.37,2.38,2.4,2.42,2.44,2.4,2.41,2.4,2.39,2.38,2.37,2.38,2.4,2.42,2.44,126.45,0,1,1,0,0,0,-1,0,None,aggregation
24,228.51,remora1,remora3,9.72,9.7,9.7,9.72,9.72,9.73,9.73,9.73,-29.17,9.74,10.23,10.23,10.23,10.22,10.22,10.22,10.22,10.22,-29.99,10.21,2.44,2.43,2.42,2.41,2.4,2.39,2.38,2.39,2.41,2.43,2.44,2.43,2.42,2.41,2.4,2.39,2.38,2.39,2.41,2.43,125.96,0,1,1,0,0,0,-1,0,None,aggregation
24,229.51,remora1,remora3,9.74,9.73,9.73,9.75,9.75,9.76,9.76,9.76,-20.57,-20.59,10.21,10.21,10.21,10.21,10.21,10.2,10.2,10.2,-21.39,-21.42,2.43,2.42,2.41,2.4,2.39,2.38,2.37,2.36,2.37,2.39,2.43,2.42,2.41,2.4,2.39,2.38,2.37,2.36,2.37,2.39,126.08,0,1,1,0,0,0,-1,0,None,aggregation
24,230.51,remora1,remora3,-20.59,9.75,9.75,9.75,9.75,9.76,9.76,-21.09,-21.09,9.76,-21.42,10.2,10.2,10.2,10.2,10.2,10.2,-21.91,-21.91,10.19,2.41,2.42,2.42,2.41,2.4,2.39,2.38,2.37,2.39,2.41,2.41,2.42,2.42,2.41,2.4,2.39,2.38,2.37,2.39,2.41,126.63,0,1,1,0,0,0,-1,0,None,aggregation
24,231.51,remora1,remora3,9.76,9.76,9.75,9.77,9.77,-21.6,-21.6,-21.6,-21.6,9.75,10.19,10.19,10.2,10.19,10.19,-22.42,-22.42,-22.42,-22.42,10.2,2.41,2.4,2.4,2.39,2.38,2.37,2.39,2.41,2.43,2.45,2.41,2.4,2.4,2.39,2.38,2.37,2.39,2.41,2.43,2.45,129.5,0,1,1,0,0,0,-1,0,None,aggregation
24,232.51,remora1,remora3,9.75,9.74,9.74,9.74,9.75,9.76,9.76,9.76,9.77,-22.21,10.2,10.21,10.21,10.21,10.2,10.2,10.2,10.2,10.19,-23.04,2.45,2.45,2.44,2.43,2.42,2.41,2.4,2.39,2.38,2.38,2.45,2.45,2.44,2.43,2.42,2.41,2.4,2.39,2.38,2.38,128,0,1,1,0,0,0,-1,0,None,aggregation
24,233.51,remora1,remora3,-22.21,-22.21,9.78,9.77,9.77,-29.23,-29.23,9.78,9.78,9.77,-23.04,-23.04,10.19,10.19,10.19,-30.05,-30.05,10.18,10.18,10.19,2.4,2.41,2.4,2.39,2.38,2.38,2.4,2.43,2.42,2.42,2.4,2.41,2.4,2.39,2.38,2.38,2.4,2.43,2.42,2.42,132.96,0,1,1,0,0,0,-1,0,None,aggregation
24,234.51,remora1,remora3,9.77,9.78,9.78,9.78,9.8,9.8,-29.23,9.8,9.8,9.79,10.19,10.18,10.18,10.18,10.17,10.17,-30.05,10.17,10.17,10.18,2.41,2.4,2.39,2.38,2.37,2.37,2.39,2.41,2.41,2.4,2.41,2.4,2.39,2.38,2.37,2.37,2.39,2.41,2.41,2.4,132.58,0,1,1,0,0,0,-1,0,None,aggregation
24,235.51,remora1,remora3,9.79,9.8,9.8,-23.19,-23.19,-29.23,-29.23,9.79,9.79,9.78,10.18,10.17,10.17,-24.01,-24.01,-30.05,-30.05,10.18,10.18,10.18,2.39,2.38,2.37,2.36,2.38,2.4,2.43,2.45,2.45,2.44,2.39,2.38,2.37,2.36,2.38,2.4,2.43,2.45,2.45,2.44,135.94,0,1,1,0,0,0,-1,0,None,aggregation
24,236.51,remora1,remora3,9.78,9.79,9.79,9.8,9.8,9.81,9.81,-23.06,-23.06,-22.93,10.18,10.18,10.18,10.17,10.17,10.16,10.16,-23.88,-23.88,-23.75,2.43,2.42,2.41,2.4,2.39,2.38,2.37,2.37,2.39,2.41,2.43,2.42,2.41,2.4,2.39,2.38,2.37,2.37,2.39,2.41,138.23,0,1,1,0,0,0,-1,0,None,aggregation
24,237.51,remora1,remora3,-22.93,9.79,9.79,9.78,9.78,9.79,9.79,9.8,9.8,9.81,-23.75,10.18,10.18,10.18,10.18,10.18,10.18,10.17,10.17,10.16,2.44,2.46,2.45,2.44,2.43,2.42,2.42,2.41,2.4,2.39,2.44,2.46,2.45,2.44,2.43,2.42,2.42,2.41,2.4,2.39,133.9,0,1,1,0,0,0,-1,0,None,aggregation
24,238.51,remora1,remora3,9.81,9.81,-22.8,-22.8,-22.67,9.8,9.8,9.8,9.8,9.81,10.16,10.16,-23.62,-23.62,-23.5,10.17,10.17,10.17,10.17,10.17,2.38,2.37,2.38,2.41,2.43,2.44,2.43,2.42,2.41,2.4,2.38,2.37,2.38,2.41,2.43,2.44,2.43,2.42,2.41,2.4,135.9,0,1,1,0,0,0,-1,0,None,aggregation
24,239.51,remora1,remora3,9.81,9.81,9.81,-29.29,-29.29,9.82,9.82,9.81,9.81,9.82,10.17,10.16,10.16,-30.11,-30.11,10.16,10.16,10.16,10.16,10.16,2.39,2.38,2.37,2.37,2.39,2.41,2.41,2.4,2.39,2.38,2.39,2.38,2.37,2.37,2.39,2.41,2.41,2.4,2.39,2.38,137.65,0,1,1,0,0,0,-1,0,None,aggregation
24,240.51,remora1,remora3,9.82,-29.29,-29.29,9.82,9.82,9.82,9.82,9.82,9.82,-22.56,10.16,-30.11,-30.11,10.15,10.15,10.16,10.16,10.16,10.15,-23.38,2.37,2.37,2.39,2.41,2.41,2.4,2.39,2.38,2.37,2.37,2.37,2.37,2.39,2.41,2.41,2.4,2.39,2.38,2.37,2.37,139.5,0,1,1,0,0,0,-1,0,None,aggregation
24,241.51,remora1,remora3,-22.56,-22.54,-22.54,-22.54,9.81,9.8,9.8,9.8,9.81,9.81,-23.38,-23.36,-23.36,-23.36,10.17,10.17,10.17,10.17,10.16,10.16,2.39,2.41,2.43,2.44,2.44,2.43,2.42,2.41,2.4,2.39,2.39,2.41,2.43,2.44,2.44,2.43,2.42,2.41,2.4,2.39,139.88,0,1,1,0,0,0,-1,0,None,aggregation
24,242.51,remora1,remora3,9.82,-29.29,-29.29,9.83,9.83,9.83,9.82,9.82,-29.29,9.82,10.15,-30.11,-30.11,10.15,10.15,10.15,10.15,10.15,-30.11,10.15,2.38,2.37,2.39,2.41,2.4,2.39,2.38,2.39,2.41,2.44,2.38,2.37,2.39,2.41,2.4,2.39,2.38,2.39,2.41,2.44,144.54,0,1,1,0,0,0,-1,0,None,aggregation
24,243.51,remora1,remora3,9.82,9.81,9.81,9.82,9.82,9.82,9.82,-22.53,-22.53,-22.54,10.15,10.16,10.16,10.16,10.16,10.16,10.16,-23.36,-23.36,-23.36,2.44,2.43,2.43,2.42,2.41,2.39,2.39,2.38,2.39,2.41,2.44,2.43,2.43,2.42,2.41,2.39,2.39,2.38,2.39,2.41,141.97,0,1,1,0,0,0,-1,0,None,aggregation
24,124.51,remora1,remora8,17.86,17.85,17.8,17.8,17.66,17.65,17.49,17.49,17.36,17.31,18.34,18.32,18.27,18.27,18.14,18.12,17.97,17.97,17.84,17.79,2.03,2.04,2.04,2.03,2.03,2.02,2.04,2.07,2.09,2.11,4.37,4.38,4.38,4.38,4.38,4.38,4.4,4.41,4.43,4.44,188.74,0,1,1,0,0,0,98.43,1,GradualMotor,aggregation
24,125.51,remora1,remora8,17.29,17.27,17.24,17.2,17.19,17.17,0,0,0,0,17.77,17.75,17.72,17.68,17.66,17.65,0,0,0,0,2.11,2.11,2.1,2.1,2.09,2.09,2.08,2.08,2.07,2.06,4.45,4.45,4.45,4.45,4.45,4.46,4.46,4.45,4.45,4.44,178.33,0,1,1,0,0,0,97.43,1,GradualMotor,aggregation
24,126.51,remora1,remora8,0,0,0,0,0,0,0,0,0,0,0,0,0,0,0,0,0,0,0,0,2.08,2.1,2.13,2.14,2.14,2.13,2.12,2.11,2.1,2.1,4.45,4.46,4.48,4.48,4.48,4.48,4.48,4.47,4.47,4.46,159.04,0,1,1,0,0,0,96.43,1,GradualMotor,aggregation
24,127.51,remora1,remora8,0,0,0,0,0,0,0,0,0,0,0,0,0,0,0,0,0,0,0,0,2.09,2.08,2.08,2.1,2.12,2.14,2.13,2.12,2.11,2.1,4.46,4.45,4.46,4.47,4.48,4.49,4.49,4.48,4.48,4.47,141.05,0,1,1,0,0,0,95.43,1,GradualMotor,aggregation
24,128.51,remora1,remora8,0,0,0,0,0,0,0,0,0,0,0,0,0,0,0,0,0,0,0,0,2.09,2.08,2.07,2.07,2.1,2.12,2.12,2.11,2.11,2.1,4.47,4.47,4.46,4.47,4.48,4.49,4.49,4.49,4.49,4.49,124.54,0,1,1,0,0,0,94.43,1,GradualMotor,aggregation
24,129.51,remora1,remora8,0,0,0,0,0,0,0,0,0,0,0,0,0,0,0,0,0,0,0,0,2.09,2.08,2.1,2.13,2.13,2.12,2.11,2.1,2.09,2.08,4.48,4.48,4.5,4.51,4.51,4.51,4.51,4.5,4.5,4.5,104.53,0,1,1,0,0,0,93.43,1,GradualMotor,aggregation
24,130.51,remora1,remora8,0,0,0,0,0,0,0,0,0,0,0,0,0,0,0,0,0,0,0,0,2.09,2.12,2.14,2.16,2.16,2.15,2.14,2.14,2.13,2.12,4.51,4.52,4.54,4.55,4.55,4.55,4.55,4.55,4.55,4.55,84.05,0,1,1,0,0,0,92.43,1,GradualMotor,aggregation
24,131.51,remora1,remora8,0,0,0,0,0,0,0,0,0,0,0,0,0,0,0,0,0,0,0,0,2.11,2.1,2.09,2.09,2.11,2.13,2.12,2.11,2.1,2.09,4.54,4.54,4.54,4.55,4.56,4.57,4.57,4.57,4.57,4.57,65.98,0,1,1,0,0,0,91.43,1,GradualMotor,aggregation
24,132.51,remora1,remora8,0,0,0,0,0,-6.66,-6.66,-6.62,-6.4,-6.4,0,0,0,0,0,-7.4,-7.4,-7.37,-7.14,-7.14,2.08,2.08,2.1,2.11,2.1,2.09,2.08,2.07,2.07,2.09,4.57,4.57,4.58,4.59,4.59,4.59,4.58,4.58,4.58,4.59,50.33,0,1,1,0,0,0,90.43,1,GradualMotor,aggregation
24,133.51,remora1,remora8,-6.3,-6.3,-6.13,-6.13,-6.13,-5.7,-5.69,-5.69,-5.57,-5.56,-7.04,-7.04,-6.88,-6.88,-6.87,-6.44,-6.43,-6.42,-6.3,-6.3,2.11,2.13,2.12,2.11,2.1,2.09,2.08,2.07,2.06,2.07,4.6,4.61,4.61,4.61,4.61,4.6,4.6,4.6,4.59,4.6,38.1,0,1,0,0,0,0,89.43,1,GradualMotor,aggregation
24,134.51,remora1,remora8,-5.43,-5.43,-5.15,-5.15,-5.07,-4.86,-4.86,-4.86,-4.61,-4.61,-6.17,-6.16,-5.88,-5.88,-5.8,-5.59,-5.58,-5.58,-5.34,-5.34,2.09,2.11,2.11,2.1,2.09,2.08,2.07,2.06,2.05,2.05,4.62,4.63,4.63,4.63,4.63,4.62,4.62,4.62,4.62,4.62,25.6,0,1,0,0,0,0,88.43,1,GradualMotor,aggregation
24,135.51,remora1,remora8,-4.49,-4.49,-4.32,-4.31,-4.31,-4.09,-3.98,-3.98,-3.8,-3.8,-5.22,-5.22,-5.04,-5.03,-5.03,-4.82,-4.7,-4.7,-4.52,-4.52,2.07,2.08,2.07,2.06,2.05,2.04,2.05,2.08,2.1,2.11,4.63,4.64,4.64,4.64,4.64,4.64,4.65,4.66,4.68,4.69,19.64,0,1,0,0,0,0,87.43,1,GradualMotor,aggregation
24,136.51,remora1,remora8,-3.73,-3.45,-3.44,-3.33,-3.33,-3.33,-3.21,-2.76,-2.76,-2.75,-4.45,-4.16,-4.16,-4.05,-4.04,-4.04,-3.92,-3.47,-3.47,-3.46,2.1,2.09,2.08,2.07,2.06,2.05,2.04,2.03,2.05,2.06,4.69,4.69,4.69,4.68,4.68,4.68,4.68,4.68,4.7,2.06,23.2,0,1,0,0,0,0,86.43,1,GradualMotor,aggregation
24,137.51,remora1,remora8,-2.67,-2.67,-2.56,-2.14,-2.14,-2.14,-2.07,-2.07,-1.98,-1.97,-3.38,-3.38,-3.27,-2.84,-2.84,-2.84,-2.77,-2.77,-2.68,-2.68,2.05,2.04,2.03,2.03,2.06,2.08,2.08,2.07,2.06,2.05,2.05,2.04,2.03,2.03,2.06,2.08,2.08,2.07,2.06,2.05,25.79,0,1,0,0,0,0,85.43,1,GradualMotor,aggregation
24,138.51,remora1,remora8,-1.69,-1.59,-1.59,-1.58,-1.46,-1.46,-1.05,-0.93,-0.92,-0.92,-2.39,-2.29,-2.29,-2.28,-2.16,-2.16,-1.75,-1.62,-1.62,-1.62,2.04,2.03,2.02,2.01,2.03,2.06,2.08,2.1,2.1,2.09,2.04,2.03,2.02,2.01,2.03,2.06,2.08,2.1,2.1,2.09,27.46,0,1,0,0,0,0,84.43,1,GradualMotor,aggregation
24,139.51,remora1,remora8,-0.93,-0.93,-0.9,13.55,13.53,13.53,-0.47,-0.37,-0.37,-0.37,-1.63,-1.63,-1.59,13.1,13.09,13.09,-1.16,-1.06,-1.06,-1.06,2.08,2.07,2.06,2.05,2.04,2.04,2.03,2.02,2.03,2.06,2.08,2.07,2.06,2.05,2.04,2.04,2.03,2.02,2.03,2.06,32.13,0,1,0,0,0,0,83.43,1,GradualMotor,aggregation
24,140.51,remora1,remora8,-0.28,-0.28,13.88,13.88,-0.18,-0.12,-0.12,-0.18,-0.18,-0.18,-0.97,-0.97,13.45,13.45,-0.86,-0.8,-0.8,-0.86,-0.86,-0.86,2.08,2.1,2.1,2.09,2.08,2.07,2.06,2.05,2.04,2.03,2.08,2.1,2.1,2.09,2.08,2.07,2.06,2.05,2.04,2.03,35.29,0,1,0,0,0,0,82.43,1,GradualMotor,aggregation
24,141.51,remora1,remora8,-0.08,14.3,14.28,0.08,0.08,0.08,0.08,0.12,0.12,0.12,-0.76,13.89,13.87,-0.6,-0.6,-0.6,-0.59,-0.55,-0.55,-0.55,2.02,2.02,2.04,2.07,2.09,2.12,2.11,2.1,2.09,2.08,2.02,2.02,2.04,2.07,2.09,2.12,2.11,2.1,2.09,2.08,38.32,0,1,0,0,0,0,81.43,1,GradualMotor,aggregation
24,142.51,remora1,remora8,0.21,0.21,0.16,0.15,0.23,0.28,0.28,0.21,0.21,0.21,-0.46,-0.46,-0.51,-0.51,-0.44,-0.39,-0.39,-0.46,-0.46,-0.46,2.07,2.06,2.05,2.04,2.03,2.02,2.04,2.06,2.09,2.11,2.07,2.06,2.05,2.04,2.03,2.02,2.04,2.06,2.09,2.11,34.98,0,1,0,0,0,0,80.43,1,GradualMotor,aggregation
24,143.51,remora1,remora8,0.36,0.36,0.28,0.28,0.3,0.3,0.38,0.38,0.45,0.41,-0.3,-0.3,-0.38,-0.38,-0.36,-0.36,-0.27,-0.27,-0.2,-0.24,2.12,2.11,2.1,2.09,2.08,2.07,2.06,2.05,2.04,2.03,2.12,2.11,2.1,2.09,2.08,2.07,2.06,2.05,2.04,2.03,28.74,0,1,0,0,0,0,79.43,1,GradualMotor,aggregation
24,144.51,remora1,remora8,0.41,0.41,0.28,0.34,0.34,0.41,0.41,0.36,0.36,0.36,-0.24,-0.24,-0.37,-0.31,-0.31,-0.23,-0.23,-0.29,-0.29,-0.29,2.05,2.07,2.06,2.05,2.04,2.03,2.05,2.08,2.1,2.12,2.05,2.07,2.06,2.05,2.04,2.03,2.05,2.08,2.1,2.12,23.43,0,1,0,0,0,0,78.43,1,GradualMotor,aggregation
24,145.51,remora1,remora8,0.26,0.32,0.32,0.32,0.32,0.37,0.36,0.36,0.36,0.43,-0.38,-0.32,-0.32,-0.32,-0.32,-0.27,-0.27,-0.27,-0.27,-0.21,2.12,2.11,2.1,2.09,2.08,2.07,2.06,2.05,2.04,2.03,2.12,2.11,2.1,2.09,2.08,2.07,2.06,2.05,2.04,2.03,18.94,0,1,0,0,0,0,77.43,1,GradualMotor,aggregation
24,146.51,remora1,remora8,0.43,0.43,0.49,0.41,0.41,0.41,0.48,0.47,0.47,0.36,-0.21,-0.21,-0.14,-0.22,-0.22,-0.22,-0.15,-0.15,-0.15,-0.27,2.05,2.07,2.1,2.12,2.11,2.1,2.09,2.08,2.07,2.06,2.05,2.07,2.1,2.12,2.11,2.1,2.09,2.08,2.07,2.06,15.5,0,1,0,0,0,0,76.43,1,GradualMotor,aggregation
24,147.51,remora1,remora8,0.36,0.36,0.34,0.34,0.31,0.31,0.41,0.41,0.44,0.44,-0.27,-0.27,-0.29,-0.29,-0.31,-0.31,-0.21,-0.21,-0.17,-0.17,2.05,2.04,2.03,2.03,2.02,2.04,2.07,2.09,2.11,2.1,2.05,2.04,2.03,2.03,2.02,2.04,2.07,2.09,2.11,2.1,12.97,0,1,0,0,0,0,75.43,1,GradualMotor,aggregation
24,148.51,remora1,remora8,0.3,0.28,0.27,0.27,0.38,0.38,0.38,0.37,0.37,0.34,-0.32,-0.34,-0.34,-0.34,-0.23,-0.23,-0.24,-0.24,-0.24,-0.27,2.09,2.08,2.07,2.06,2.05,2.04,2.03,2.02,2.04,2.06,2.09,2.08,2.07,2.06,2.05,2.04,2.03,2.02,2.04,2.06,11.35,0,1,0,0,0,0,74.43,1,GradualMotor,aggregation
24,149.51,remora1,remora8,0.34,0.34,0.3,0.3,0.32,0.31,0.31,0.31,0.31,0.45,-0.27,-0.27,-0.31,-0.31,-0.28,-0.3,-0.3,-0.3,-0.3,-0.15,2.09,2.12,2.14,2.14,2.13,2.12,2.11,2.1,2.09,2.08,2.09,2.12,2.14,2.14,2.13,2.12,2.11,2.1,2.09,2.08,6.71,0,1,0,0,0,0,73.43,1,GradualMotor,aggregation
24,150.51,remora1,remora8,0.45,0.64,0.64,0.75,0.75,0.76,0.76,0.76,0.86,0.86,-0.15,0.04,0.04,0.16,0.16,0.17,0.17,0.17,0.28,0.28,2.07,2.06,2.05,2.04,2.03,2.03,2.04,2.07,2.1,2.12,2.07,2.06,2.05,2.04,2.03,2.03,2.04,2.07,2.1,2.12,3.98,0,1,0,0,0,0,72.43,1,GradualMotor,aggregation
24,151.51,remora1,remora8,0.98,0.98,0.98,1.06,1.06,1.05,1.18,1.36,1.36,1.36,0.4,0.4,0.4,0.48,0.48,0.48,0.61,0.79,0.79,0.79,2.12,2.11,2.1,2.09,2.08,2.07,2.06,2.05,2.04,2.03,2.12,2.11,2.1,2.09,2.08,2.07,2.06,2.05,2.04,2.03,1.8,0,1,0,0,0,0,71.43,1,GradualMotor,aggregation
24,152.51,remora1,remora8,1.46,1.45,1.45,1.45,1.58,1.58,1.74,1.74,1.74,1.74,0.89,0.88,0.88,0.88,1.02,1.02,1.18,1.18,1.19,1.19,2.05,2.07,2.1,2.12,2.12,2.11,2.1,2.09,2.08,2.07,2.05,2.07,2.1,2.12,2.12,2.11,2.1,2.09,2.08,2.07,2.99,0,1,0,0,0,0,70.43,1,GradualMotor,aggregation
24,153.51,remora1,remora8,1.86,1.86,2.12,2.12,2.12,2.09,2.09,2.3,2.29,2.29,1.31,1.31,1.57,1.57,1.58,1.55,1.55,1.76,1.76,1.76,2.06,2.05,2.05,2.05,2.07,2.1,2.13,2.15,2.15,2.14,2.06,2.05,2.05,2.05,2.07,2.1,2.13,2.15,2.15,2.14,4.78,0,1,0,0,0,0,69.42,1,GradualMotor,aggregation
24,154.51,remora1,remora8,2.36,2.36,2.35,2.36,2.54,2.72,2.71,2.71,2.72,2.94,1.82,1.82,1.82,1.83,2.01,2.19,2.19,2.19,2.2,2.43,2.13,2.12,2.11,2.1,2.1,2.09,2.08,2.08,2.11,2.13,2.13,2.12,2.11,2.1,2.1,2.09,2.08,2.08,2.11,2.13,7.03,0,1,0,0,0,0,68.42,1,GradualMotor,aggregation
24,155.51,remora1,remora8,2.94,2.94,2.99,2.99,3,3.25,3.25,3.25,3.31,3.31,2.43,2.43,2.48,2.48,2.49,2.75,2.74,2.74,2.81,2.81,2.12,2.12,2.11,2.1,2.09,2.08,2.1,2.13,2.16,2.18,2.12,2.12,2.11,2.1,2.09,2.08,2.1,2.13,2.16,2.18,9.87,0,1,0,0,0,0,67.42,1,GradualMotor,aggregation
24,156.51,remora1,remora8,3.32,3.32,3.47,3.46,3.72,3.72,3.71,4.18,4.18,4.18,2.82,2.82,2.98,2.97,3.23,3.23,3.23,3.7,3.7,3.7,2.17,2.16,2.16,2.15,2.14,2.13,2.12,2.12,2.11,2.12,2.17,2.16,2.16,2.15,2.14,2.13,2.12,2.12,2.11,2.12,13.23,0,1,0,0,0,0,66.42,1,GradualMotor,aggregation
24,157.51,remora1,remora8,4.44,4.59,4.58,4.83,4.82,5.08,5.07,5.25,5.24,5.23,3.97,4.12,4.11,4.37,4.36,4.62,4.62,4.8,4.79,4.79,2.14,2.16,2.16,2.15,2.15,2.14,2.13,2.13,2.14,2.17,2.14,2.16,2.16,2.15,2.15,2.14,2.13,2.13,2.14,2.17,17.85,0,1,0,0,0,0,65.42,1,GradualMotor,aggregation
24,158.51,remora1,remora8,5.49,5.69,5.69,5.69,5.82,6.08,6.07,6.06,6.24,6.24,5.04,5.26,5.26,5.25,5.39,5.65,5.64,5.64,5.81,5.81,2.2,2.23,2.23,2.22,2.22,2.21,2.21,2.2,2.19,2.19,2.2,2.23,2.23,2.22,2.22,2.21,2.21,2.2,2.19,2.19,23.49,0,1,0,0,0,0,64.42,1,GradualMotor,aggregation
24,159.51,remora1,remora8,6.48,6.48,6.71,6.85,6.84,7.06,7.05,7.28,7.27,7.51,6.06,6.06,6.3,6.44,6.43,6.65,6.64,6.88,6.87,7.12,2.18,2.19,2.22,2.24,2.25,2.25,2.24,2.24,2.23,2.23,2.18,2.19,2.22,2.24,2.25,2.25,2.24,2.24,2.23,2.23,30.21,0,1,0,0,0,0,63.42,1,GradualMotor,aggregation
24,160.51,remora1,remora8,7.5,7.49,7.63,7.63,7.68,7.68,7.89,7.89,8.1,8.09,7.11,7.1,7.24,7.24,7.3,7.3,7.51,7.51,7.73,7.72,2.25,2.28,2.31,2.32,2.32,2.32,2.32,2.31,2.31,2.3,2.25,2.28,2.31,2.32,2.32,2.32,2.32,2.31,2.31,2.3,37.35,0,1,0,0,0,0,62.42,1,GradualMotor,aggregation
24,161.51,remora1,remora8,8.24,8.24,8.45,8.45,8.51,8.51,8.63,8.82,8.81,8.81,7.88,7.88,8.09,8.09,8.15,8.15,8.27,8.47,8.46,8.46,2.3,2.3,2.32,2.35,2.38,2.4,2.4,2.4,2.39,2.39,2.3,2.3,2.32,2.35,2.38,2.4,2.4,2.4,2.39,2.39,44.87,0,1,0,0,0,0,61.42,1,GradualMotor,aggregation
24,162.51,remora1,remora8,8.96,8.96,9.02,9,9.28,9.27,9.28,9.28,9.45,9.43,8.62,8.62,8.68,8.66,8.95,8.93,8.95,8.95,9.12,9.1,2.39,2.38,2.38,2.38,2.41,2.43,2.43,2.43,2.43,2.43,2.39,2.38,2.38,2.38,2.41,2.43,2.43,2.43,2.43,2.43,52.59,0,1,1,0,0,0,60.42,1,GradualMotor,aggregation
24,163.51,remora1,remora8,9.54,9.52,9.63,9.81,9.8,9.78,9.87,9.87,10.04,10.11,9.21,9.2,9.31,9.5,9.48,9.47,9.56,9.56,9.73,9.8,2.45,2.48,2.48,2.48,2.48,2.47,2.49,2.52,2.55,2.57,2.45,2.48,2.48,2.48,2.48,2.47,2.49,2.52,2.55,2.57,60.39,0,1,1,0,0,0,59.42,1,GradualMotor,aggregation
24,164.51,remora1,remora8,10.09,10.2,10.18,10.2,10.18,10.16,16,10.43,10.42,10.4,9.79,9.9,9.88,9.9,9.88,9.87,15.86,10.14,10.13,10.11,2.58,2.58,2.58,2.58,2.57,2.57,2.57,2.59,2.62,2.65,2.58,2.58,2.58,2.58,2.57,2.57,2.57,2.59,2.62,2.65,68.76,0,1,1,0,0,0,58.42,1,GradualMotor,aggregation
24,165.51,remora1,remora8,15.99,10.61,10.59,10.57,15.88,15.86,10.7,10.76,10.76,10.82,15.86,10.32,10.31,10.29,15.76,15.73,10.42,10.49,10.49,10.55,2.66,2.66,2.66,2.66,2.67,2.67,2.67,2.68,2.7,2.72,2.66,2.66,2.66,2.66,2.67,2.67,2.67,2.68,2.7,2.72,78.03,0,1,1,0,0,0,57.42,1,GradualMotor,aggregation
24,166.51,remora1,remora8,10.8,10.78,10.84,15.83,15.8,15.8,10.92,15.8,15.77,15.77,10.53,10.51,10.57,15.71,15.68,15.68,10.66,15.69,15.66,15.66,2.75,2.77,2.77,2.77,2.77,2.78,2.78,2.78,2.81,2.84,2.75,2.77,2.77,2.77,2.77,2.78,2.78,2.78,2.81,2.84,88.27,0,1,1,0,0,0,56.42,1,GradualMotor,aggregation
24,167.51,remora1,remora8,10.96,10.94,15.67,15.64,11.03,15.67,15.64,15.64,11.02,11,10.71,10.69,15.56,15.53,10.78,15.56,15.53,15.53,10.77,10.76,2.87,2.89,2.91,2.92,2.92,2.92,2.92,2.93,2.93,2.93,2.87,2.89,2.91,2.92,2.92,2.92,2.92,2.93,2.93,2.93,96.81,0,1,1,0,0,0,55.42,1,GradualMotor,aggregation
24,168.51,remora1,remora8,15.6,15.57,15.57,11.19,11.17,6.71,6.71,6.7,15.46,11.34,15.5,15.47,15.47,10.95,10.93,6.38,6.38,6.37,15.36,11.1,2.95,2.99,3.01,3.04,3.04,3.05,3.04,3.04,3.04,3.04,2.95,2.99,3.01,3.04,3.04,3.05,3.04,3.04,3.04,3.04,102.62,0,0,1,0,0,0,54.42,1,GradualMotor,aggregation
24,169.51,remora1,remora8,11.32,11.29,15.41,11.43,11.41,15.33,15.3,15.27,15.27,11.53,11.08,11.06,15.32,11.2,11.18,15.24,15.21,15.18,15.18,11.31,3.05,3.05,3.06,3.09,3.12,3.13,3.14,3.14,3.15,3.15,3.05,3.05,3.06,3.09,3.12,3.13,3.14,3.14,3.15,3.15,109.15,0,0,1,0,0,0,53.42,1,GradualMotor,aggregation
24,170.51,remora1,remora8,11.51,11.49,15.2,15.17,11.49,11.47,11.47,15.06,15.06,7.93,11.29,11.27,15.11,15.08,11.28,11.26,11.26,14.97,14.97,7.64,3.17,3.19,3.22,3.25,3.26,3.27,3.27,3.27,3.27,3.28,3.17,3.19,3.22,3.25,3.26,3.27,3.27,3.27,3.27,3.28,114.08,0,0,1,0,0,0,52.42,1,GradualMotor,aggregation
24,171.51,remora1,remora8,11.68,11.68,11.71,11.75,11.73,11.71,0,0,0,0,11.47,11.47,11.51,11.56,11.53,11.51,0,0,0,0,3.3,3.31,3.32,3.32,3.32,3.32,3.32,3.31,3.32,3.33,3.3,3.31,3.32,3.32,3.32,3.32,3.32,3.31,3.32,3.33,112.68,0,0,1,0,0,0,51.42,1,GradualMotor,aggregation
24,172.51,remora1,remora8,-8.28,-8.27,-8.27,1.41,1.4,1.4,-8.19,-8.19,-8.18,-8.16,-7.86,-7.85,-7.85,1.8,1.8,1.79,-7.78,-7.78,-7.76,-7.75,3.34,3.35,3.35,3.35,3.34,3.34,3.33,3.31,3.31,3.31,3.34,3.35,3.35,3.35,3.34,3.34,3.33,3.31,3.31,3.31,109.74,0,0,1,0,0,0,50.42,1,GradualMotor,aggregation
24,173.51,remora1,remora8,-8.16,-8.15,1.41,1.4,-7.98,-7.96,-7.95,-12.01,-12,-8.08,-7.75,-7.73,1.79,1.79,-7.57,-7.56,-7.54,-11.6,-11.59,-7.67,3.32,3.31,3.3,3.3,3.28,3.27,3.26,3.26,3.26,3.26,3.32,3.31,3.3,3.3,3.28,3.27,3.26,3.26,3.26,3.26,107.49,0,0,1,0,0,0,49.42,1,GradualMotor,aggregation
24,174.51,remora1,remora8,-8.06,-8.04,-11.67,-11.64,-11.62,-11.62,-11.59,-11.57,-11.57,14.53,-7.65,-7.64,-11.26,-11.24,-11.22,-11.21,-11.19,-11.17,-11.17,14.53,3.27,3.27,3.26,3.25,3.23,3.21,3.19,3.17,3.15,3.14,3.27,3.27,3.26,3.25,3.23,3.21,3.19,3.17,3.15,3.14,107.81,0,0,1,0,0,0,48.42,1,GradualMotor,aggregation
24,175.51,remora1,remora8,14.5,14.47,0,0,0.98,0.98,0.98,0,0,0,14.5,14.47,0,0,1.35,1.35,1.35,0,0,0,3.15,3.17,3.19,3.2,3.21,3.22,3.22,3.21,3.2,3.2,3.15,3.17,3.19,3.2,3.21,3.22,3.22,3.21,3.2,3.2,98.92,0,0,1,0,0,0,47.42,1,GradualMotor,aggregation
24,176.51,remora1,remora8,1.2,1.2,0,0,0,-7.6,-7.59,0.95,0.95,0.95,1.56,1.56,0,0,0,-7.22,-7.2,1.31,1.31,1.31,3.21,3.22,3.22,3.21,3.2,3.19,3.17,3.16,3.14,3.13,3.21,3.22,3.22,3.21,3.2,3.19,3.17,3.16,3.14,3.13,87.29,0,0,1,0,0,0,46.42,1,GradualMotor,aggregation
24,177.51,remora1,remora8,0.95,-7.43,-7.41,-7.4,-10.76,-10.76,1.37,1.37,-10.44,-6.94,1.31,-7.05,-7.03,-7.02,-10.38,-10.38,1.72,1.72,-10.07,-6.57,3.13,3.12,3.13,3.13,3.13,3.13,3.13,3.14,3.15,3.15,3.13,3.12,3.13,3.13,3.13,3.13,3.13,3.14,3.15,3.15,80.46,0,0,1,0,0,0,45.42,1,GradualMotor,aggregation
24,178.51,remora1,remora8,-6.93,-6.91,-6.91,1.55,1.55,1.55,-6.74,-6.74,-6.73,-6.69,-6.55,-6.54,-6.54,1.89,1.89,1.88,-6.37,-6.37,-6.36,-6.33,3.14,3.12,3.1,3.09,3.09,3.1,3.11,3.11,3.12,3.11,3.14,3.12,3.1,3.09,3.09,3.1,3.11,3.11,3.12,3.11,74.12,0,0,1,0,0,0,44.42,1,GradualMotor,aggregation
24,179.51,remora1,remora8,-9.96,1.74,1.73,1.73,1.73,1.72,0,0,0,0,-9.6,2.07,2.06,2.06,2.05,2.05,0,0,0,0,3.1,3.08,3.07,3.06,3.05,3.04,3.04,3.04,3.05,3.06,3.1,3.08,3.07,3.06,3.05,3.04,3.04,3.04,3.05,3.06,62.77,0,0,1,0,0,0,43.42,1,GradualMotor,aggregation
24,180.51,remora1,remora8,0,0,0,0,-6.25,-6.24,-6.22,-6.2,-6.18,-6.15,0,0,0,0,-5.9,-5.89,-5.87,-5.85,-5.83,-5.81,3.07,3.08,3.08,3.09,3.1,3.1,3.1,3.09,3.08,3.06,3.07,3.08,3.08,3.09,3.1,3.1,3.1,3.09,3.08,3.06,53.89,0,0,1,0,0,0,42.42,1,GradualMotor,aggregation
24,181.51,remora1,remora8,-9.32,-9.3,-9.3,-9.26,-6.09,-6.06,-6.05,-6.04,-6.01,-5.99,-8.97,-8.95,-8.95,-8.92,-5.74,-5.72,-5.71,-5.69,-5.67,-5.65,3.05,3.03,3.03,3.03,3.03,3.04,3.03,3.02,3,2.99,3.05,3.03,3.03,3.03,3.03,3.04,3.03,3.02,3,2.99,54.09,0,0,1,0,0,0,41.42,1,GradualMotor,aggregation
24,182.51,remora1,remora8,1.12,1.11,-8.68,-5.94,-5.92,-5.91,-5.91,-8.59,-8.56,-8.54,1.43,1.43,-8.34,-5.6,-5.59,-5.57,-5.57,-8.25,-8.23,-8.21,2.98,2.98,2.99,2.99,2.98,2.97,2.96,2.97,2.97,2.97,2.98,2.98,2.99,2.99,2.98,2.97,2.96,2.97,2.97,2.97,53.93,0,1,1,0,0,0,40.42,1,GradualMotor,aggregation
24,183.51,remora1,remora8,-5.83,-5.81,-5.79,-5.78,-5.78,-5.86,-5.84,-5.83,0.16,0.16,-5.5,-5.48,-5.46,-5.45,-5.45,-5.53,-5.52,-5.5,0.48,0.48,2.98,2.96,2.95,2.94,2.92,2.91,2.91,2.91,2.92,2.93,2.98,2.96,2.95,2.94,2.92,2.91,2.91,2.91,2.92,2.93,51.13,0,1,1,0,0,0,39.42,1,GradualMotor,aggregation
24,184.51,remora1,remora8,-5.79,-5.77,-5.77,-5.85,-5.83,-5.82,-5.8,-5.8,-5.77,-5.77,-5.47,-5.45,-5.45,-5.53,-5.51,-5.5,-5.48,-5.48,-5.46,-5.46,2.92,2.91,2.89,2.88,2.88,2.89,2.9,2.9,2.89,2.88,2.92,2.91,2.89,2.88,2.88,2.89,2.9,2.9,2.89,2.88,45.76,0,1,1,0,0,0,38.42,1,GradualMotor,aggregation
24,185.51,remora1,remora8,-5.74,-5.83,-5.82,-5.8,-5.84,-5.88,-5.88,-5.71,-5.71,-5.62,-5.43,-5.52,-5.5,-5.49,-5.53,-5.57,-5.57,-5.4,-5.4,-5.31,2.87,2.85,2.84,2.82,2.82,2.83,2.84,2.85,2.86,2.87,2.87,2.85,2.84,2.82,2.82,2.83,2.84,2.85,2.86,2.87,48.14,0,1,1,0,0,0,37.42,1,GradualMotor,aggregation
24,186.51,remora1,remora8,-5.6,-5.6,-5.5,-5.47,-5.41,-5.36,-5.34,-5.34,-5.34,-5.26,-5.3,-5.3,-5.19,-5.17,-5.11,-5.06,-5.04,-5.04,-5.04,-4.96,2.86,2.85,2.84,2.82,2.81,2.8,2.78,2.77,2.77,2.78,2.86,2.85,2.84,2.82,2.81,2.8,2.78,2.77,2.77,2.78,51.32,0,1,1,0,0,0,36.42,1,GradualMotor,aggregation
24,187.51,remora1,remora8,-5.25,-5.09,-5.08,-5.06,-5.06,-5,-4.98,-4.93,-4.91,-4.9,-4.95,-4.79,-4.78,-4.77,-4.77,-4.7,-4.69,-4.63,-4.62,-4.61,2.8,2.8,2.79,2.78,2.77,2.75,2.74,2.73,2.74,2.75,2.8,2.8,2.79,2.78,2.77,2.75,2.74,2.73,2.74,2.75,49.79,0,1,1,0,0,0,35.42,1,GradualMotor,aggregation
24,188.51,remora1,remora8,-4.89,-4.87,-4.72,-4.66,-4.64,-4.64,-4.62,-4.57,-4.56,-4.54,-4.6,-4.58,-4.43,-4.37,-4.36,-4.35,-4.34,-4.29,-4.27,-4.26,2.76,2.77,2.77,2.75,2.74,2.73,2.71,2.71,2.72,2.73,2.76,2.77,2.77,2.75,2.74,2.73,2.71,2.71,2.72,2.73,49.17,0,1,1,0,0,0,34.42,1,GradualMotor,aggregation
24,189.51,remora1,remora8,-4.44,-4.42,-4.37,-4.37,-4.31,-4.3,-4.29,-4.23,-4.22,-4.22,-4.15,-4.14,-4.09,-4.09,-4.03,-4.02,-4.01,-3.95,-3.94,-3.94,2.72,2.71,2.7,2.68,2.67,2.66,2.67,2.69,2.7,2.71,2.72,2.71,2.7,2.68,2.67,2.66,2.67,2.69,2.7,2.71,51.42,0,1,1,0,0,0,33.42,1,GradualMotor,aggregation
24,190.51,remora1,remora8,-4.06,-4.06,-4.03,-4.02,-3.97,-3.97,-3.95,-3.9,-3.89,-3.87,-3.78,-3.78,-3.76,-3.75,-3.7,-3.7,-3.68,-3.63,-3.62,-3.61,2.7,2.69,2.68,2.67,2.65,2.64,2.65,2.66,2.68,2.69,2.7,2.69,2.68,2.67,2.65,2.64,2.65,2.66,2.68,2.69,51.64,0,1,1,0,0,0,32.42,1,GradualMotor,aggregation
24,191.51,remora1,remora8,-3.73,-3.72,-3.7,-3.69,-3.64,-3.63,-3.63,-3.62,-3.57,-3.52,-3.46,-3.45,-3.44,-3.43,-3.38,-3.37,-3.37,-3.36,-3.31,-3.26,2.69,2.68,2.66,2.65,2.64,2.63,2.62,2.6,2.6,2.62,2.69,2.68,2.66,2.65,2.64,2.63,2.62,2.6,2.6,2.62,47.98,0,1,1,0,0,0,31.42,1,GradualMotor,aggregation
24,192.51,remora1,remora8,-3.51,-3.51,-3.4,-3.39,-3.33,-3.32,-3.23,-3.23,-3.14,-3.13,-3.25,-3.25,-3.14,-3.13,-3.08,-3.07,-2.98,-2.98,-2.89,-2.88,2.63,2.65,2.64,2.63,2.62,2.6,2.59,2.58,2.59,2.6,2.63,2.65,2.64,2.63,2.62,2.6,2.59,2.58,2.59,2.6,45.25,0,1,1,0,0,0,30.42,1,GradualMotor,aggregation
24,193.51,remora1,remora8,-3.04,-3.04,-2.85,-2.77,-2.76,-2.75,-2.67,-2.59,-2.58,-2.54,-2.79,-2.79,-2.61,-2.52,-2.51,-2.5,-2.42,-2.34,-2.34,-2.3,2.62,2.63,2.62,2.61,2.6,2.59,2.57,2.56,2.57,2.58,2.62,2.63,2.62,2.61,2.6,2.59,2.57,2.56,2.57,2.58,43.3,0,1,0,0,0,0,29.42,1,GradualMotor,aggregation
24,194.51,remora1,remora8,-2.53,-2.44,-2.43,-2.42,-2.3,-2.23,-2.22,-2.21,-2.22,-2.14,-2.29,-2.2,-2.19,-2.18,-2.06,-1.99,-1.98,-1.98,-1.98,-1.91,2.59,2.61,2.6,2.59,2.58,2.57,2.55,2.54,2.55,2.56,2.59,2.61,2.6,2.59,2.58,2.57,2.55,2.54,2.55,2.56,39.85,0,1,0,0,0,0,28.42,1,GradualMotor,aggregation
24,195.51,remora1,remora8,-2.13,-2.13,-2.04,-2.04,-1.99,-1.92,-1.92,-1.92,-1.91,-1.91,-1.9,-1.9,-1.81,-1.81,-1.76,-1.69,-1.69,-1.69,-1.69,-1.68,2.58,2.58,2.57,2.56,2.55,2.54,2.53,2.52,2.53,2.54,2.58,2.58,2.57,2.56,2.55,2.54,2.53,2.52,2.53,2.54,36.1,0,1,0,0,0,0,27.42,1,GradualMotor,aggregation
24,196.51,remora1,remora8,-3.87,-1.79,-1.79,-3.82,-3.81,-1.72,-1.71,-3.77,-3.77,-3.74,-3.65,-1.57,-1.56,-3.6,-3.59,-1.5,-1.49,-3.55,-3.55,-3.53,2.56,2.56,2.55,2.54,2.53,2.52,2.53,2.54,2.55,2.55,2.56,2.56,2.55,2.54,2.53,2.52,2.53,2.54,2.55,2.55,33.7,0,1,0,0,0,0,26.42,1,GradualMotor,aggregation
24,197.51,remora1,remora8,-1.55,-1.55,-1.55,-1.54,-3.53,-1.49,-1.49,-1.48,-1.48,-1.46,-1.34,-1.33,-1.33,-1.33,-3.32,-1.28,-1.27,-1.27,-1.27,-1.25,2.54,2.53,2.52,2.51,2.5,2.49,2.5,2.51,2.52,2.53,2.54,2.53,2.52,2.51,2.5,2.49,2.5,2.51,2.52,2.53,30.43,0,1,0,0,0,0,25.42,1,GradualMotor,aggregation
24,198.51,remora1,remora8,-1.45,-1.45,-1.4,-3.34,-3.33,-3.31,-3.31,-3.24,-3.22,-3.21,-1.24,-1.24,-1.19,-3.14,-3.12,-3.11,-3.11,-3.03,-3.02,-3.01,2.53,2.52,2.51,2.5,2.49,2.47,2.47,2.48,2.49,2.5,2.53,2.52,2.51,2.5,2.49,2.47,2.47,2.48,2.49,2.5,28.52,0,1,0,0,0,0,24.43,1,GradualMotor,aggregation
24,199.51,remora1,remora8,-1.27,-1.26,-1.25,-1.25,-1.24,-1.24,-1.24,-1.24,-1.2,-3.01,-1.07,-1.06,-1.05,-1.05,-1.04,-1.05,-1.04,-1.04,-1,-2.82,2.51,2.52,2.51,2.5,2.49,2.48,2.47,2.46,2.47,2.48,2.51,2.52,2.51,2.5,2.49,2.48,2.47,2.46,2.47,2.48,25.67,0,1,0,0,0,0,23.42,1,GradualMotor,aggregation
24,200.51,remora1,remora8,-3,-2.92,-2.9,-2.9,-2.88,-2.88,-2.86,-1.07,-1.06,-1.06,-2.81,-2.72,-2.71,-2.71,-2.69,-2.69,-2.67,-0.88,-0.88,-0.87,2.49,2.5,2.49,2.48,2.47,2.46,2.47,2.48,2.47,2.46,2.49,2.5,2.49,2.48,2.47,2.46,2.47,2.48,2.47,2.46,24.09,0,1,0,0,0,0,22.42,1,GradualMotor,aggregation
24,201.51,remora1,remora8,-1.05,-1.05,-1.05,-1.05,-2.7,-2.69,-1,-2.6,-2.59,-2.58,-0.87,-0.87,-0.87,-0.87,-2.52,-2.51,-0.82,-2.42,-2.41,-2.4,2.45,2.44,2.44,2.46,2.47,2.48,2.47,2.46,2.45,2.44,2.45,2.44,2.44,2.46,2.47,2.48,2.47,2.46,2.45,2.44,22.32,0,1,0,0,0,0,21.42,1,GradualMotor,aggregation
24,202.51,remora1,remora8,-2.57,-2.57,-0.89,-0.88,-0.88,-0.87,-0.87,-0.86,-0.86,-0.86,-2.39,-2.39,-0.72,-0.7,-0.7,-0.7,-0.7,-0.69,-0.69,-0.69,2.45,2.46,2.47,2.47,2.46,2.46,2.44,2.44,2.45,2.46,2.45,2.46,2.47,2.47,2.46,2.46,2.44,2.44,2.45,2.46,20.25,0,1,0,0,0,0,20.42,1,GradualMotor,aggregation
24,203.51,remora1,remora8,-0.86,-0.82,-0.81,-0.81,-2.34,-2.34,-2.27,-2.26,-2.25,-0.72,-0.69,-0.66,-0.65,-0.64,-2.17,-2.17,-2.1,-2.09,-2.09,-0.56,2.47,2.48,2.47,2.46,2.45,2.44,2.43,2.42,2.42,2.43,2.47,2.48,2.47,2.46,2.45,2.44,2.43,2.42,2.42,2.43,19.08,0,1,0,0,0,0,19.42,1,GradualMotor,aggregation
24,204.51,remora1,remora8,-0.72,-0.71,-0.7,-0.7,-0.7,-0.7,-0.7,-0.69,-0.69,-0.69,-0.56,-0.55,-0.55,-0.54,-0.54,-0.54,-0.54,-0.54,-0.54,-0.54,2.44,2.45,2.44,2.43,2.42,2.41,2.42,2.43,2.44,2.46,2.44,2.45,2.44,2.43,2.42,2.41,2.42,2.43,2.44,2.46,17.51,0,1,0,0,0,0,18.42,1,GradualMotor,aggregation
24,205.51,remora1,remora8,-0.65,-0.64,-0.64,-2.02,-2.01,-2.01,-1.99,-1.99,-0.55,-0.55,-0.49,-0.49,-0.49,-1.87,-1.86,-1.86,-1.85,-1.85,-0.41,-0.41,2.46,2.45,2.44,2.43,2.42,2.41,2.42,2.43,2.44,2.45,2.46,2.45,2.44,2.43,2.42,2.41,2.42,2.43,2.44,2.45,16.87,0,1,0,0,0,0,17.42,1,GradualMotor,aggregation
24,206.51,remora1,remora8,-0.54,-0.54,-1.87,-1.87,-1.86,-0.53,-0.53,-0.53,-0.52,-0.52,-0.4,-0.4,-1.73,-1.73,-1.72,-0.39,-0.39,-0.39,-0.38,-0.38,2.44,2.43,2.42,2.42,2.43,2.44,2.43,2.42,2.41,2.4,2.44,2.43,2.42,2.42,2.43,2.44,2.43,2.42,2.41,2.4,14.86,0,1,0,0,0,0,16.42,1,GradualMotor,aggregation
24,207.51,remora1,remora8,-0.52,-0.52,-0.51,-0.51,-0.48,-1.69,-1.68,-1.66,-0.47,-1.65,-0.38,-0.38,-0.38,-0.38,-0.35,-1.56,-1.55,-1.54,-0.34,-1.53,2.41,2.42,2.43,2.45,2.44,2.43,2.42,2.41,2.4,2.4,2.41,2.42,2.43,2.45,2.44,2.43,2.42,2.41,2.4,2.4,14.16,0,1,0,0,0,0,15.42,1,GradualMotor,aggregation
24,208.51,remora1,remora8,-1.64,-1.64,-1.62,-1.62,-0.39,-0.39,-0.39,-0.39,-0.39,-0.39,-1.52,-1.52,-1.5,-1.5,-0.27,-0.27,-0.26,-0.27,-0.27,-0.27,2.41,2.42,2.43,2.44,2.43,2.42,2.41,2.4,2.39,2.38,2.41,2.42,2.43,2.44,2.43,2.42,2.41,2.4,2.39,2.38,12.36,0,1,0,0,0,0,14.42,1,GradualMotor,aggregation
24,209.51,remora1,remora8,-0.39,-0.38,-0.38,-0.37,-0.37,-0.37,-0.36,-0.36,-0.36,-0.36,-0.27,-0.26,-0.26,-0.26,-0.26,-0.26,-0.25,-0.25,-0.25,-0.25,2.39,2.4,2.41,2.42,2.41,2.4,2.39,2.39,2.4,2.42,2.39,2.4,2.41,2.42,2.41,2.4,2.39,2.39,2.4,2.42,11.35,0,1,0,0,0,0,13.42,1,GradualMotor,aggregation
24,210.51,remora1,remora8,-0.36,-0.35,-0.35,-0.34,-1.35,-1.35,-1.33,-1.32,-1.27,-0.28,-0.25,-0.24,-0.24,-0.24,-1.24,-1.24,-1.22,-1.21,-1.17,-0.18,2.43,2.43,2.43,2.42,2.41,2.39,2.39,2.38,2.39,2.4,2.43,2.43,2.43,2.42,2.41,2.39,2.39,2.38,2.39,2.4,9.87,0,1,0,0,0,0,12.42,1,GradualMotor,aggregation
24,211.51,remora1,remora8,-0.28,-0.28,-1.23,-1.23,-1.17,-1.16,-1.16,-0.25,-0.25,-0.24,-0.18,-0.18,-1.13,-1.13,-1.08,-1.07,-1.07,-0.15,-0.15,-0.15,2.42,2.43,2.43,2.42,2.41,2.4,2.39,2.38,2.39,2.41,2.42,2.43,2.43,2.42,2.41,2.4,2.39,2.38,2.39,2.41,8.8,0,1,0,0,0,0,11.42,1,GradualMotor,aggregation
24,212.51,remora1,remora8,-0.24,-0.24,-0.24,-0.23,-0.23,-0.23,-0.23,-0.23,-0.23,-0.23,-0.15,-0.14,-0.14,-0.14,-0.14,-0.14,-0.14,-0.14,-0.14,-0.14,2.42,2.43,2.42,2.41,2.4,2.39,2.38,2.38,2.39,2.4,2.42,2.43,2.42,2.41,2.4,2.39,2.38,2.38,2.39,2.4,7.86,0,1,0,0,0,0,10.42,1,GradualMotor,aggregation
24,213.51,remora1,remora8,-1.02,-1.02,-1,-0.19,-0.18,-0.18,-0.18,-0.18,-0.94,-0.17,-0.94,-0.94,-0.92,-0.1,-0.1,-0.1,-0.1,-0.1,-0.87,-0.1,2.41,2.42,2.41,2.4,2.39,2.38,2.39,2.4,2.41,2.42,2.41,2.42,2.41,2.4,2.39,2.38,2.39,2.4,2.41,2.42,6.86,0,1,0,0,0,0,9.42,1,GradualMotor,aggregation
24,214.51,remora1,remora8,-0.17,-0.17,-0.17,-0.17,-0.17,-0.17,-0.16,-0.16,-0.15,-0.14,-0.1,-0.09,-0.09,-0.09,-0.09,-0.09,-0.09,-0.09,-0.08,-0.07,2.41,2.4,2.39,2.38,2.38,2.4,2.41,2.42,2.42,2.41,2.41,2.4,2.39,2.38,2.38,2.4,2.41,2.42,2.42,2.41,6.37,0,1,0,0,0,0,8.42,1,GradualMotor,aggregation
24,215.51,remora1,remora8,-0.14,-0.14,-0.14,-0.14,-0.14,-0.14,-0.13,-0.13,-0.13,-0.13,-0.07,-0.07,-0.07,-0.07,-0.07,-0.07,-0.07,-0.07,-0.07,-0.07,2.4,2.39,2.38,2.37,2.38,2.39,2.41,2.42,2.41,2.4,2.4,2.39,2.38,2.37,2.38,2.39,2.41,2.42,2.41,2.4,5.24,0,1,0,0,0,0,7.42,1,GradualMotor,aggregation
24,216.51,remora1,remora8,-0.13,-0.12,-0.12,-0.12,-0.12,-0.12,-0.12,-0.64,-0.63,-0.62,-0.07,-0.06,-0.06,-0.06,-0.06,-0.06,-0.06,-0.58,-0.57,-0.56,2.39,2.38,2.37,2.36,2.37,2.39,2.4,2.41,2.4,2.39,2.39,2.38,2.37,2.36,2.37,2.39,2.4,2.41,2.4,2.39,4.62,0,1,0,0,0,0,6.42,1,GradualMotor,aggregation
24,217.51,remora1,remora8,-0.61,-0.6,-0.59,-0.58,-0.58,-0.09,-0.08,-0.08,-0.07,-0.07,-0.55,-0.55,-0.54,-0.53,-0.53,-0.04,-0.03,-0.03,-0.03,-0.03,2.38,2.37,2.38,2.39,2.41,2.42,2.42,2.41,2.4,2.39,2.38,2.37,2.38,2.39,2.41,2.42,2.42,2.41,2.4,2.39,4.03,0,1,0,0,0,0,5.42,1,GradualMotor,aggregation
24,218.51,remora1,remora8,-0.07,-0.07,-0.07,-0.07,-0.07,-0.45,-0.44,-0.43,-0.42,-0.41,-0.03,-0.03,-0.03,-0.03,-0.03,-0.41,-0.4,-0.39,-0.38,-0.38,2.38,2.37,2.38,2.39,2.4,2.41,2.4,2.39,2.38,2.38,2.38,2.37,2.38,2.39,2.4,2.41,2.4,2.39,2.38,2.38,3.44,0,1,0,0,0,0,4.42,1,GradualMotor,aggregation
24,219.51,remora1,remora8,-0.05,-0.04,-0.04,-0.04,-0.04,-0.04,-0.35,-0.03,-0.03,-0.03,-0.01,-0.01,-0.01,-0.01,-0.01,-0.01,-0.32,0,0,0,2.39,2.4,2.42,2.43,2.42,2.41,2.4,2.39,2.38,2.38,2.39,2.4,2.42,2.43,2.42,2.41,2.4,2.39,2.38,2.38,3.17,0,1,0,0,0,0,3.42,1,GradualMotor,aggregation
24,220.51,remora1,remora8,-0.03,-0.02,-0.02,-0.02,-0.02,-0.02,-0.02,-0.02,-0.02,-0.23,0,0,0,0,0,0,0,0,0,-0.21,2.39,2.4,2.4,2.39,2.38,2.37,2.37,2.39,2.41,2.41,2.39,2.4,2.4,2.39,2.38,2.37,2.37,2.39,2.41,2.41,2.43,0,1,0,0,0,0,2.42,1,GradualMotor,aggregation
24,221.51,remora1,remora8,-0.22,-0.01,-0.01,-0.01,-0.01,-0.01,-0.16,0,0,0,-0.2,0.01,0.01,0.01,0.01,0.01,-0.15,0.01,0.01,0.01,2.41,2.4,2.39,2.38,2.37,2.36,2.37,2.38,2.4,2.42,2.41,2.4,2.39,2.38,2.37,2.36,2.37,2.38,2.4,2.42,1.79,0,1,0,0,0,0,1.42,1,GradualMotor,aggregation
24,222.51,remora1,remora8,0,0,0,0,0,0,0,0,0,0,0.01,0.01,0.01,0.01,0.01,0.01,0.01,0.01,0,0,2.41,2.4,2.4,2.38,2.38,2.37,2.39,2.4,2.42,2.43,2.41,2.4,2.4,2.38,2.38,2.37,2.39,2.4,2.42,2.43,1.6,0,1,0,0,0,0,0.42,1,GradualMotor,aggregation
24,223.51,remora1,remora8,0,0,0,0,0,0,0,0,0,0,0,0,0,0,0,0,0,0,0,0,2.42,2.41,2.41,2.4,2.39,2.38,2.37,2.37,2.38,2.4,2.42,2.41,2.41,2.4,2.39,2.38,2.37,2.37,2.38,2.4,1.14,0,1,0,0,0,0,0,1,GradualMotor,aggregation
24,224.51,remora1,remora8,0,0,0,0,0,0,0,0,0,0,0,0,0,0,0,0,0,0,0,0,2.41,2.42,2.42,2.41,2.4,2.39,2.38,2.37,2.39,2.4,2.41,2.42,2.42,2.41,2.4,2.39,2.38,2.37,2.39,2.4,1.01,0,1,0,0,0,0,0,1,GradualMotor,aggregation
24,225.51,remora1,remora8,0,0,0,0,0,0,0,0,0,0,0,0,0,0,0,0,0,0,0,0,2.39,2.38,2.37,2.36,2.38,2.39,2.41,2.43,2.42,2.41,2.39,2.38,2.37,2.36,2.38,2.39,2.41,2.43,2.42,2.41,0.91,0,1,0,0,0,0,0,1,GradualMotor,aggregation
24,226.51,remora1,remora8,0,0,0,0,0,0,0,0,0,0,0,0,0,0,0,0,0,0,0,0,2.4,2.39,2.38,2.38,2.4,2.41,2.4,2.39,2.38,2.38,2.4,2.39,2.38,2.38,2.4,2.41,2.4,2.39,2.38,2.38,0.66,0,1,0,0,0,0,0,1,GradualMotor,aggregation
24,227.51,remora1,remora8,0,0,0,0,0,0,0,0,0,0,0,0,0,0,0,0,0,0,0,0,2.4,2.41,2.4,2.39,2.38,2.37,2.38,2.4,2.42,2.44,2.4,2.41,2.4,2.39,2.38,2.37,2.38,2.4,2.42,2.44,0.36,0,1,0,0,0,0,0,1,GradualMotor,aggregation
24,228.51,remora1,remora8,0,0,0,0,0,0,0,0,0,0,0,0,0,0,0,0,0,0,0,0,2.44,2.43,2.42,2.41,2.4,2.39,2.38,2.39,2.41,2.43,2.44,2.43,2.42,2.41,2.4,2.39,2.38,2.39,2.41,2.43,0.12,0,1,0,0,0,0,0,1,GradualMotor,aggregation
24,229.51,remora1,remora8,0,0,0,0,0,0,0,0,0,0,0,0,0,0,0,0,0,0,0,0,2.43,2.42,2.41,2.4,2.39,2.38,2.37,2.36,2.37,2.39,2.43,2.42,2.41,2.4,2.39,2.38,2.37,2.36,2.37,2.39,0.07,0,1,0,0,0,0,0,1,GradualMotor,aggregation
24,230.51,remora1,remora8,0,0,0,0,0,0,0,0,0,0,0,0,0,0,0,0,0,0,0,0,2.41,2.42,2.42,2.41,2.4,2.39,2.38,2.37,2.39,2.41,2.41,2.42,2.42,2.41,2.4,2.39,2.38,2.37,2.39,2.41,0.04,0,1,0,0,0,0,0,1,GradualMotor,aggregation
24,231.51,remora1,remora8,0,0,0,0,0,0,0,0,0,0,0,0,0,0,0,0,0,0,0,0,2.41,2.4,2.4,2.39,2.38,2.37,2.39,2.41,2.43,2.45,2.41,2.4,2.4,2.39,2.38,2.37,2.39,2.41,2.43,2.45,0,0,1,0,0,0,0,0,1,GradualMotor,aggregation
24,232.51,remora1,remora8,0,0,0,0,0,0,0,0,0,0,0,0,0,0,0,0,0,0,0,0,2.45,2.45,2.44,2.43,2.42,2.41,2.4,2.39,2.38,2.38,2.45,2.45,2.44,2.43,2.42,2.41,2.4,2.39,2.38,2.38,0,0,1,0,0,0,0,0,1,GradualMotor,aggregation
24,233.51,remora1,remora8,0,0,0,0,0,0,0,0,0,0,0,0,0,0,0,0,0,0,0,0,2.4,2.41,2.4,2.39,2.38,2.38,2.4,2.43,2.42,2.42,2.4,2.41,2.4,2.39,2.38,2.38,2.4,2.43,2.42,2.42,0,0,1,0,0,0,0,0,1,GradualMotor,aggregation
24,234.51,remora1,remora8,0,0,0,0,0,0,0,0,0,0,0,0,0,0,0,0,0,0,0,0,2.41,2.4,2.39,2.38,2.37,2.37,2.39,2.41,2.41,2.4,2.41,2.4,2.39,2.38,2.37,2.37,2.39,2.41,2.41,2.4,0,0,1,0,0,0,0,0,1,GradualMotor,aggregation
24,235.51,remora1,remora8,0,0,0,0,0,0,0,0,0,0,0,0,0,0,0,0,0,0,0,0,2.39,2.38,2.37,2.36,2.38,2.4,2.43,2.45,2.45,2.44,2.39,2.38,2.37,2.36,2.38,2.4,2.43,2.45,2.45,2.44,0,0,1,0,0,0,0,0,1,GradualMotor,aggregation
24,236.51,remora1,remora8,0,0,0,0,0,0,0,0,0,0,0,0,0,0,0,0,0,0,0,0,2.43,2.42,2.41,2.4,2.39,2.38,2.37,2.37,2.39,2.41,2.43,2.42,2.41,2.4,2.39,2.38,2.37,2.37,2.39,2.41,0,0,1,0,0,0,0,0,1,GradualMotor,aggregation
24,237.51,remora1,remora8,0,0,0,0,0,0,0,0,0,0,0,0,0,0,0,0,0,0,0,0,2.44,2.46,2.45,2.44,2.43,2.42,2.42,2.41,2.4,2.39,2.44,2.46,2.45,2.44,2.43,2.42,2.42,2.41,2.4,2.39,0,0,1,0,0,0,0,0,1,GradualMotor,aggregation
24,238.51,remora1,remora8,0,0,0,0,0,0,0,0,0,0,0,0,0,0,0,0,0,0,0,0,2.38,2.37,2.38,2.41,2.43,2.44,2.43,2.42,2.41,2.4,2.38,2.37,2.38,2.41,2.43,2.44,2.43,2.42,2.41,2.4,0,0,1,0,0,0,0,0,1,GradualMotor,aggregation
24,239.51,remora1,remora8,0,0,0,0,0,0,0,0,0,0,0,0,0,0,0,0,0,0,0,0,2.39,2.38,2.37,2.37,2.39,2.41,2.41,2.4,2.39,2.38,2.39,2.38,2.37,2.37,2.39,2.41,2.41,2.4,2.39,2.38,0,0,1,0,0,0,0,0,1,GradualMotor,aggregation
24,240.51,remora1,remora8,0,0,0,0,0,0,0,0,0,0,0,0,0,0,0,0,0,0,0,0,2.37,2.37,2.39,2.41,2.41,2.4,2.39,2.38,2.37,2.37,2.37,2.37,2.39,2.41,2.41,2.4,2.39,2.38,2.37,2.37,0,0,1,0,0,0,0,0,1,GradualMotor,aggregation
24,241.51,remora1,remora8,0,0,0,0,0,0,0,0,0,0,0,0,0,0,0,0,0,0,0,0,2.39,2.41,2.43,2.44,2.44,2.43,2.42,2.41,2.4,2.39,2.39,2.41,2.43,2.44,2.44,2.43,2.42,2.41,2.4,2.39,0,0,1,0,0,0,0,0,1,GradualMotor,aggregation
24,242.51,remora1,remora8,0,0,0,0,0,0,0,0,0,0,0,0,0,0,0,0,0,0,0,0,2.38,2.37,2.39,2.41,2.4,2.39,2.38,2.39,2.41,2.44,2.38,2.37,2.39,2.41,2.4,2.39,2.38,2.39,2.41,2.44,0,0,1,0,0,0,0,0,1,GradualMotor,aggregation
24,243.51,remora1,remora8,0,0,0,0,0,0,0,0,0,0,0,0,0,0,0,0,0,0,0,0,2.44,2.43,2.43,2.42,2.41,2.39,2.39,2.38,2.39,2.41,2.44,2.43,2.43,2.42,2.41,2.39,2.39,2.38,2.39,2.41,0,0,1,0,0,0,0,0,1,GradualMotor,aggregation
24,124.51,remora0,remora7,5.8,5.8,5.8,5.8,28.12,28.12,10.48,10.48,-5.33,10.7,5.07,5.07,5.07,5.07,28.3,28.3,11.11,11.11,-4.51,11.33,2.33,2.33,2.33,2.33,2.32,2.32,2.32,2.32,2.31,2.31,3.2,3.2,3.2,3.19,3.19,3.2,3.2,3.2,3.2,3.2,178.6,0,1,1,0,0,0,-1,0,None,aggregation
24,125.51,remora0,remora7,10.7,10.7,28.36,28.4,28.4,10.68,10.68,10.44,10.44,8.03,11.33,11.33,28.53,28.56,28.56,11.3,11.3,11.07,11.07,7.35,2.31,2.31,2.3,2.3,2.3,2.29,2.29,2.29,2.28,2.28,3.19,3.19,3.18,3.18,3.18,3.18,3.17,3.16,3.16,3.15,169.86,0,1,1,0,0,0,-1,0,None,aggregation
24,126.51,remora0,remora7,8.03,28.47,28.47,10.65,10.65,10.65,28.43,8.21,8.21,10.4,7.35,28.64,28.64,11.28,11.28,11.28,28.6,7.53,7.53,11.03,2.28,2.27,2.27,2.27,2.26,2.26,2.26,2.25,2.25,2.25,3.15,3.14,3.13,3.13,3.13,3.12,3.12,3.11,3.11,3.1,157.14,0,1,1,0,0,0,-1,0,None,aggregation
24,127.51,remora0,remora7,10.4,10.4,8.99,9.33,9.33,9.33,10.5,10.5,10.5,28.66,11.03,11.03,8.32,8.67,8.67,8.67,9.86,9.86,9.86,28.81,2.24,2.24,2.23,2.23,2.23,2.22,2.22,2.22,2.21,2.21,3.09,3.09,3.08,3.08,3.07,3.06,3.06,3.05,3.04,3.04,142.81,0,1,1,0,0,0,-1,0,None,aggregation
24,128.51,remora0,remora7,28.66,28.67,28.67,28.64,28.64,10.13,10.13,9.88,9.88,10.11,28.81,28.82,28.82,28.8,28.8,10.76,10.76,10.52,10.52,10.74,2.2,2.2,2.19,2.19,2.19,2.18,2.18,2.17,2.17,2.16,3.03,3.03,3.03,3.03,3.03,3.02,3.02,3.01,3.01,3,143.32,0,1,1,0,0,0,-1,0,None,aggregation
24,129.51,remora0,remora7,10.11,10.1,10.1,10.1,11.73,28.76,28.76,28.77,28.77,28.71,10.74,10.74,10.74,10.74,11.11,28.91,28.91,28.91,28.91,28.86,2.16,2.16,2.15,2.15,2.14,2.14,2.13,2.13,2.12,2.12,3,2.99,2.98,2.98,2.97,2.97,2.96,2.96,2.96,2.95,146.79,0,1,1,0,0,0,-1,0,None,aggregation
24,130.51,remora0,remora7,28.71,9.82,9.82,9.59,9.59,-1.3,-1.3,11.66,11.66,11.66,28.86,10.46,10.46,10.24,10.24,-0.48,-0.48,11.04,11.04,11.04,2.11,2.1,2.1,2.09,2.09,2.08,2.08,2.07,2.07,2.06,2.95,2.95,2.94,2.94,2.93,2.92,2.92,2.91,2.9,2.89,148.45,0,1,1,0,0,0,-1,0,None,aggregation
24,131.51,remora0,remora7,12.32,28.82,28.82,28.82,13.33,13.33,1.75,1.75,28.83,28.83,11.72,28.96,28.96,28.96,12.74,12.74,2.53,2.53,28.97,28.97,2.06,2.05,2.05,2.04,2.03,2.03,2.02,2.02,2.01,2,2.89,2.88,2.88,2.88,2.87,2.87,2.86,2.85,2.85,2.84,152.17,0,1,1,0,0,0,-1,0,None,aggregation
24,132.51,remora0,remora7,14.61,14.61,14.28,14.28,14.28,28.82,28.82,14.94,14.63,14.63,14.05,14.05,13.71,13.71,13.71,28.96,28.96,14.39,14.07,14.07,2,1.99,1.99,1.98,1.97,1.97,1.96,1.95,1.95,1.94,2.84,2.83,2.83,2.82,2.82,2.82,2.81,2.81,2.8,2.79,156.93,0,1,1,0,0,0,-1,0,None,aggregation
24,133.51,remora0,remora7,15.6,15.6,9.88,9.88,9.88,16.4,16.4,16.4,28.69,28.69,15.05,15.05,10.52,10.52,10.52,15.88,15.88,15.88,28.84,28.84,1.93,1.93,1.92,1.91,1.91,1.9,1.9,1.89,1.88,1.88,2.79,2.78,2.78,2.77,2.76,2.76,2.75,2.75,2.74,2.74,156.65,0,1,1,0,0,0,-1,0,None,aggregation
24,134.51,remora0,remora7,17.26,17.26,28.63,28.63,28.63,28.56,28.56,28.56,28.5,28.5,16.75,16.75,28.79,28.79,28.78,28.72,28.72,28.72,28.66,28.66,1.87,1.86,1.85,1.85,1.84,1.83,1.83,1.82,1.81,1.8,2.74,2.73,2.73,2.72,2.72,2.72,2.71,2.71,2.71,2.7,171.4,0,1,1,0,0,0,-1,0,None,aggregation
24,135.51,remora0,remora7,28.5,28.5,7.91,7.91,7.91,7.89,15.99,15.99,15.95,15.95,28.66,28.66,8.58,8.58,8.58,8.57,15.45,15.45,15.42,15.42,1.8,1.79,1.78,1.78,1.77,1.76,1.75,1.74,1.74,1.73,2.7,2.69,2.69,2.68,2.67,2.67,2.66,2.65,2.65,2.64,170.84,0,1,1,0,0,0,-1,0,None,aggregation
24,136.51,remora0,remora7,28.45,16.91,16.91,16.33,16.33,16.33,16.38,17.27,17.27,17.27,28.61,16.39,16.39,15.81,15.81,15.81,15.85,16.76,16.76,16.76,1.72,1.71,1.71,1.7,1.69,1.68,1.67,1.66,1.66,1.65,2.64,2.64,2.63,2.63,2.62,2.61,2.61,2.6,2.6,2.59,173.29,0,1,1,0,0,0,-1,0,None,aggregation
24,137.51,remora0,remora7,17.26,17.26,28.26,17.59,17.59,17.59,17.3,17.3,28.12,28.12,16.75,16.75,28.43,17.09,17.09,17.09,16.79,16.79,28.31,28.31,1.64,1.63,1.62,1.61,1.61,1.6,1.59,1.58,1.57,1.56,2.59,2.58,2.58,2.57,2.56,2.56,2.55,2.54,2.54,2.54,182.14,0,1,1,0,0,0,-1,0,None,aggregation
24,138.51,remora0,remora7,18.16,17.65,17.65,17.68,17.68,17.68,0,0,0,0,17.67,17.15,17.15,17.19,17.19,17.19,0,0,0,0,1.56,1.55,1.54,1.53,1.52,1.52,1.52,1.52,1.52,1.52,2.53,2.53,2.52,2.52,2.51,2.51,2.5,2.5,2.5,2.49,173.1,0,1,1,0,0,0,-1,0,None,aggregation
24,139.51,remora0,remora7,0,0,0,0,0,0,0,0,0,0,0,0,0,0,0,0,0,0,0,0,1.52,1.52,1.52,1.52,1.52,1.52,1.51,1.51,1.51,1.51,2.49,2.48,2.48,2.48,2.47,2.47,2.47,2.46,2.46,2.46,153.38,0,1,1,0,0,0,-1,0,None,aggregation
24,140.51,remora0,remora7,0,0,0,0,0,0,0,0,0,0,0,0,0,0,0,0,0,0,0,0,1.51,1.51,1.51,1.51,1.51,1.51,1.51,1.51,1.51,1.51,2.45,2.45,2.45,2.45,2.44,2.44,2.44,2.44,2.43,2.43,142.91,0,1,1,0,0,0,-1,0,None,aggregation
24,141.51,remora0,remora7,0,0,0,0,0,0,0,0,0,0,0,0,0,0,0,0,0,0,0,0,1.51,1.51,1.51,1.51,1.51,1.51,1.51,1.51,1.51,1.51,2.43,2.43,2.43,2.42,2.42,2.42,2.42,2.42,2.42,2.41,124.22,0,1,1,0,0,0,-1,0,None,aggregation
24,142.51,remora0,remora7,0,0,0,0,0,0,0,0,0,0,0,0,0,0,0,0,0,0,0,0,1.52,1.52,1.52,1.52,1.52,1.52,1.52,1.52,1.52,1.52,2.41,2.41,2.41,2.41,2.41,2.41,2.41,2.41,2.4,2.4,107.05,0,1,1,0,0,0,-1,0,None,aggregation
24,143.51,remora0,remora7,0,0,0,0,0,0,0,0,0,0,0,0,0,0,0,0,0,0,0,0,1.52,1.52,1.52,1.52,1.52,1.52,1.52,1.52,1.52,1.52,2.4,2.4,2.4,2.4,2.4,2.4,2.4,2.4,2.4,2.4,90.33,0,1,1,0,0,0,-1,0,None,aggregation
24,144.51,remora0,remora7,0,0,0,0,0,0,0,0,0,0,0,0,0,0,0,0,0,0,0,0,1.52,1.52,1.52,1.52,1.52,1.52,1.52,1.52,1.52,1.52,2.4,2.4,2.4,2.4,2.4,2.4,2.4,2.4,2.4,2.41,64.01,0,1,1,0,0,0,-1,0,None,aggregation
24,145.51,remora0,remora7,0,0,0,0,0,0,0,0,0,-28.35,0,0,0,0,0,0,0,0,0,-27.53,1.52,1.52,1.52,1.52,1.52,1.52,1.52,1.52,1.52,1.52,2.41,2.41,2.41,2.41,2.41,2.41,2.41,2.41,2.42,2.42,51.5,0,1,1,0,0,0,-1,0,None,aggregation
24,146.51,remora0,remora7,-28.35,16.25,16.25,14.31,14.31,-11.38,-11.38,-11.38,-11.38,16.91,-27.53,15.72,15.72,13.74,13.74,-12.2,-12.2,-12.2,-12.2,16.39,1.52,1.53,1.53,1.54,1.54,1.54,1.55,1.56,1.56,1.57,2.43,2.43,2.44,2.44,2.44,2.44,2.45,2.45,2.46,2.46,48.96,0,1,1,0,0,0,-1,0,None,aggregation
24,147.51,remora0,remora7,16.91,16.91,-29.66,-29.66,12.78,12.78,16.25,16.25,-7.12,19.63,16.39,16.39,-28.84,-28.84,12.18,12.18,15.72,15.72,-7.94,19.18,1.57,1.58,1.58,1.59,1.6,1.6,1.61,1.62,1.63,1.64,2.46,2.46,2.47,2.48,2.49,2.49,2.5,2.5,2.51,2.51,46.04,0,1,1,0,0,0,-1,0,None,aggregation
24,148.51,remora0,remora7,19.63,19.85,19.85,19.85,15.08,15.08,-2.26,24.13,24.13,24.28,19.18,19.4,19.4,19.4,14.52,14.52,-3.08,23.79,23.79,23.95,1.65,1.66,1.67,1.68,1.69,1.7,1.71,1.72,1.73,1.74,2.52,2.52,2.53,2.53,2.54,2.54,2.55,2.55,2.56,2.56,53.8,0,1,1,0,0,0,-1,0,None,aggregation
24,149.51,remora0,remora7,24.28,24.28,25.66,25.66,27.03,19.18,19.18,19.18,19.18,28.97,23.95,23.95,25.37,25.37,26.79,18.72,18.72,18.72,18.72,28.83,1.76,1.78,1.79,1.81,1.83,1.85,1.87,1.89,1.9,1.9,2.57,2.58,2.58,2.59,2.59,2.6,2.6,2.61,2.62,2.63,76.88,0,1,1,0,0,0,-1,0,None,aggregation
24,150.51,remora0,remora7,28.97,28.79,28.79,7.92,7.92,29.49,29.49,29.49,-21.36,22.25,28.83,28.63,28.63,7.23,7.23,29.39,29.39,29.39,-20.54,21.86,1.92,1.94,1.97,1.99,2.01,2.03,2.06,2.08,2.09,2.09,2.64,2.64,2.65,2.67,2.68,2.68,2.69,2.7,2.71,2.72,100.16,0,1,1,0,0,0,-1,0,None,aggregation
24,151.51,remora0,remora7,22.25,22.25,22.25,-18.86,-18.86,-18.86,29.98,23.14,23.14,23.55,21.86,21.86,21.86,-18.04,-18.04,-18.04,29.95,22.77,22.77,23.19,2.11,2.14,2.17,2.2,2.22,2.22,2.24,2.27,2.3,2.33,2.73,2.74,2.75,2.76,2.77,2.78,2.79,2.8,2.81,2.82,122.24,0,1,1,0,0,0,-1,0,None,aggregation
24,152.51,remora0,remora7,23.55,23.96,23.96,23.96,29.89,29.89,29.79,29.79,-8.82,-8.82,23.19,23.61,23.61,23.61,29.93,29.93,29.85,29.85,-8,-8,2.36,2.39,2.43,2.46,2.5,2.54,2.57,2.61,2.63,2.64,2.84,2.85,2.86,2.88,2.89,2.91,2.92,2.94,2.95,2.96,145.34,0,1,1,0,0,0,-1,0,None,aggregation
24,153.51,remora0,remora7,-9.17,-9.17,25.12,25.12,29.53,-8.84,-8.84,29.18,29.18,29.18,-8.35,-8.35,24.81,24.81,29.62,-8.02,-8.02,29.29,29.29,29.29,2.65,2.67,2.69,2.73,2.77,2.8,2.82,2.83,2.86,2.91,2.97,2.98,2.99,3.01,3.02,3.04,3.05,3.06,3.08,3.1,165.5,0,1,1,0,0,0,-1,0,None,aggregation
24,154.51,remora0,remora7,29.07,29.07,28.82,28.82,-8.75,-8.98,-8.98,-8.98,-9.45,25.06,29.2,29.2,28.97,28.97,-7.93,-8.16,-8.16,-8.16,-8.62,24.75,2.95,2.99,3.03,3.08,3.1,3.11,3.13,3.14,3.14,3.13,3.11,3.13,3.15,3.17,3.18,3.19,3.2,3.21,3.22,3.22,183.9,0,0,1,0,0,0,-1,0,None,aggregation
24,155.51,remora0,remora7,25.06,25.06,28.54,28.54,-5.67,-5.67,-8.87,-8.87,0,0,24.75,24.75,28.7,28.7,-4.85,-4.85,-8.05,-8.05,0,0,3.15,3.17,3.19,3.21,3.22,3.22,3.21,3.21,3.21,3.2,3.23,3.24,3.24,3.25,3.25,3.26,3.26,3.26,3.27,3.27,194.56,0,0,1,0,0,0,-1,0,None,aggregation
24,156.51,remora0,remora7,0,0,18.09,18.09,28.97,28.97,28.97,24.09,23.84,23.84,0,0,17.6,17.6,29.11,29.11,29.11,23.75,23.5,23.5,3.18,3.15,3.14,3.13,3.12,3.12,3.12,3.11,3.1,3.1,3.26,3.24,3.23,3.22,3.21,3.21,3.2,3.19,3.18,3.17,198.79,0,0,1,0,0,0,-1,0,None,aggregation
24,157.51,remora0,remora7,23.84,23.3,23.3,23.31,23.31,22.46,22.46,27.16,27.16,27.16,23.5,22.94,22.94,22.95,22.95,22.07,22.07,26.92,26.92,26.92,3.09,3.08,3.08,3.07,3.08,3.1,3.11,3.13,3.14,3.13,3.16,3.15,3.14,3.13,3.13,3.13,3.14,3.14,3.14,3.13,205.4,0,0,1,0,0,0,-1,0,None,aggregation
24,158.51,remora0,remora7,5.42,21.33,21.33,21.33,21.31,21.31,22.56,22.56,20.71,20.71,4.69,20.91,20.91,20.91,20.9,20.9,22.17,22.17,20.28,20.28,3.12,3.11,3.09,3.08,3.08,3.07,3.06,3.05,3.04,3.03,3.12,3.11,3.1,3.09,3.08,3.07,3.06,3.06,3.05,3.04,206.78,0,0,1,0,0,0,-1,0,None,aggregation
24,159.51,remora0,remora7,29.97,29.97,20.1,19.48,19.48,29.84,29.84,18.52,18.52,18.21,29.94,29.94,19.65,19.02,19.02,29.78,29.78,18.04,18.04,17.72,3.03,3.02,3.01,3,2.99,2.98,2.97,2.96,2.95,2.94,3.03,3.02,3.02,3.01,3,2.99,2.98,2.97,2.97,2.98,206.93,0,1,1,0,0,0,-1,0,None,aggregation
24,160.51,remora0,remora7,18.21,18.21,20.96,20.96,17.3,17.3,16.83,16.83,16.39,16.43,17.72,17.72,20.53,20.53,16.8,16.8,16.32,16.32,15.87,15.9,2.94,2.93,2.92,2.92,2.91,2.9,2.9,2.89,2.89,2.88,2.98,2.99,2.98,2.98,2.98,2.99,2.99,2.99,2.99,2.98,201.35,0,1,1,0,0,0,-1,0,None,aggregation
24,161.51,remora0,remora7,16.43,16.43,20.44,20.44,20.35,20.35,15.07,14.88,14.88,14.88,15.9,15.9,20.01,20.01,19.91,19.91,14.52,14.32,14.32,14.32,2.87,2.87,2.86,2.86,2.85,2.84,2.84,2.83,2.83,2.82,2.97,2.96,2.95,2.94,2.94,2.93,2.92,2.91,2.9,2.89,196.44,0,1,1,0,0,0,-1,0,None,aggregation
24,162.51,remora0,remora7,14.34,14.34,14.32,14.12,14.12,13.74,13.74,13.74,13.54,13.17,13.78,13.78,13.76,13.55,13.55,13.16,13.16,13.16,12.96,12.58,2.82,2.82,2.81,2.81,2.8,2.8,2.8,2.79,2.79,2.79,2.88,2.87,2.87,2.86,2.85,2.84,2.83,2.82,2.81,2.8,186.97,0,1,1,0,0,0,-1,0,None,aggregation
24,163.51,remora0,remora7,13.17,13.17,12.95,12.95,12.56,11.86,11.86,11.86,11.65,11.22,12.58,12.58,12.36,12.36,11.96,11.25,11.25,11.25,11.03,10.59,2.79,2.78,2.77,2.75,2.74,2.72,2.71,2.69,2.67,2.66,2.79,2.78,2.77,2.77,2.76,2.75,2.74,2.73,2.72,2.71,178.83,0,1,1,0,0,0,-1,0,None,aggregation
24,164.51,remora0,remora7,11.22,10.81,10.81,10.4,10.4,10.4,10.35,9.75,9.75,9.75,10.59,10.18,10.18,9.76,9.76,9.76,9.7,9.1,9.1,9.1,2.64,2.62,2.61,2.59,2.57,2.56,2.54,2.52,2.51,2.49,2.7,2.7,2.69,2.68,2.67,2.66,2.65,2.65,2.64,2.63,170.47,0,1,1,0,0,0,-1,0,None,aggregation
24,165.51,remora0,remora7,9.33,9.08,9.08,8.77,8.77,8.77,8.34,8.28,8.28,7.83,8.67,8.41,8.41,8.1,8.1,8.1,7.66,7.6,7.6,7.14,2.47,2.45,2.44,2.42,2.4,2.39,2.37,2.35,2.33,2.31,2.62,2.61,2.61,2.6,2.59,2.58,2.58,2.57,2.56,2.55,165.34,0,1,1,0,0,0,-1,0,None,aggregation
24,166.51,remora0,remora7,7.83,7.78,7.78,7.32,7.32,7.32,7.25,6.97,6.97,6.97,7.14,7.09,7.09,6.62,6.62,6.62,6.55,6.27,6.27,6.27,2.3,2.28,2.26,2.24,2.22,2.2,2.19,2.17,2.15,2.13,2.54,2.54,2.53,2.52,2.51,2.5,2.5,2.49,2.48,2.47,152.93,0,1,1,0,0,0,-1,0,None,aggregation
24,167.51,remora0,remora7,6.51,6.51,6.58,6.58,6.1,6.22,6.22,6.22,5.73,5.73,5.8,5.8,5.87,5.87,5.38,5.5,5.5,5.5,5,5,2.11,2.09,2.07,2.05,2.04,2.02,2,1.98,1.96,1.94,2.47,2.46,2.45,2.45,2.44,2.43,2.42,2.42,2.41,2.4,134.63,0,1,1,0,0,0,-1,0,None,aggregation
24,168.51,remora0,remora7,5.4,5.4,5.4,5.44,5.44,4.96,4.96,4.96,5.25,4.74,4.67,4.67,4.67,4.71,4.71,4.22,4.22,4.22,4.51,4,1.92,1.9,1.88,1.87,1.85,1.84,1.82,1.8,1.79,1.77,2.4,2.39,2.38,2.38,2.37,2.37,2.36,2.35,2.35,2.34,119.82,0,1,1,0,0,0,-1,0,None,aggregation
24,169.51,remora0,remora7,4.74,4.74,4.88,4.52,4.52,5.08,5.08,5.08,5.08,6.16,4,4,4.13,3.77,3.77,4.34,4.34,4.34,4.34,5.44,1.75,1.73,1.71,1.7,1.68,1.66,1.64,1.63,1.61,1.59,2.34,2.33,2.32,2.32,2.31,2.3,2.3,2.29,2.29,2.28,101.2,0,1,1,0,0,0,-1,0,None,aggregation
24,170.51,remora0,remora7,6.16,6.16,6.26,7.37,7.37,7.37,7.37,0,0,0,5.44,5.44,5.54,6.67,6.67,6.67,6.67,0,0,0,1.57,1.56,1.54,1.52,1.51,1.5,1.49,1.49,1.49,1.49,2.28,2.28,2.27,2.27,2.26,2.26,2.26,2.26,2.27,2.27,88.06,0,0,1,0,0,0,-1,0,None,aggregation
24,171.51,remora0,remora7,0,0,0,0,0,0,0,0,0,0,0,0,0,0,0,0,0,0,0,0,1.49,1.49,1.49,1.49,1.49,1.49,1.49,1.49,1.49,1.49,2.27,2.28,2.28,2.28,2.29,2.29,2.29,2.29,2.3,2.3,70.89,1,0,1,0,0,0,-1,0,None,aggregation
24,172.51,remora0,remora7,0,0,0,0,0,0,0,0,0,0,0,0,0,0,0,0,0,0,0,0,1.49,1.49,1.49,1.49,1.49,1.49,1.49,1.49,1.49,1.48,2.3,2.3,2.29,2.29,2.28,2.28,2.27,2.27,2.27,2.26,57.26,1,0,1,0,0,0,-1,0,None,aggregation
24,173.51,remora0,remora7,0,0,0,0,0,0,0,0,0,0,0,0,0,0,0,0,0,0,0,0,1.48,1.48,1.48,1.48,1.48,1.48,1.48,1.48,1.48,1.48,2.26,2.25,2.25,2.25,2.24,2.24,2.23,2.23,2.23,2.22,45.24,1,1,1,0,0,0,-1,0,None,aggregation
24,174.51,remora0,remora7,0,0,0,0,0,0,0,0,0,0,0,0,0,0,0,0,0,0,0,0,1.48,1.48,1.48,1.48,1.48,1.48,1.48,1.48,1.48,1.48,2.22,2.22,2.21,2.21,2.21,2.21,2.21,2.21,2.2,2.2,35.2,1,1,0,0,0,0,-1,0,None,aggregation
24,175.51,remora0,remora7,0,0,0,0,0,0,0,0,0,0,0,0,0,0,0,0,0,0,0,0,1.48,1.48,1.48,1.48,1.48,1.48,1.48,1.48,1.48,1.48,2.2,2.2,2.19,2.19,2.19,2.18,2.18,2.18,2.18,2.17,26.88,1,1,0,0,0,0,-1,0,None,aggregation
24,176.51,remora0,remora7,0,0,0,0,0,0,0,0,0,0,0,0,0,0,0,0,0,0,0,0,1.48,1.48,1.48,1.48,1.48,1.48,1.48,1.48,1.48,1.48,2.17,2.17,2.17,2.17,2.16,2.16,2.16,2.16,2.15,2.15,19.88,1,1,0,0,0,0,-1,0,None,aggregation
24,177.51,remora0,remora7,0,0,0,0,13.09,13.09,14.17,14.22,14.22,14.24,0,0,0,0,13.67,13.67,14.73,14.78,14.78,14.8,1.48,1.48,1.48,1.48,1.48,1.49,1.5,1.51,1.53,1.54,2.15,2.15,2.15,2.15,2.15,2.15,2.15,2.16,2.16,2.16,22.47,1,1,0,0,0,0,-1,0,None,aggregation
24,178.51,remora0,remora7,14.24,29.2,29.2,14.64,14.64,14.64,15.34,15.34,15.34,15.61,14.8,29.32,29.32,15.19,15.19,15.19,15.87,15.87,15.87,16.14,1.55,1.56,1.58,1.6,1.62,1.63,1.64,1.66,1.67,1.7,2.17,2.17,2.18,2.18,2.19,2.19,2.19,2.2,2.2,2.21,35.7,0,1,0,0,0,0,-1,0,None,aggregation
24,179.51,remora0,remora7,15.61,16.15,16.15,16.15,28.7,28.7,28.66,16.3,16.3,16.3,16.14,16.67,16.67,16.67,28.85,28.85,28.82,16.82,16.82,16.82,1.71,1.72,1.74,1.75,1.77,1.79,1.82,1.84,1.86,1.87,2.22,2.22,2.22,2.23,2.23,2.24,2.25,2.26,2.27,2.27,51.19,0,1,1,0,0,0,-1,0,None,aggregation
24,180.51,remora0,remora7,16.35,16.35,28.42,17.17,17.17,17.17,17.17,17.6,17.6,17.39,16.86,16.86,28.59,17.67,17.67,17.67,17.67,18.09,18.09,17.88,1.89,1.9,1.91,1.93,1.95,1.97,1.98,2,2.01,2.03,2.28,2.28,2.28,2.29,2.3,2.3,2.31,2.31,2.31,2.32,65.1,0,1,1,0,0,0,-1,0,None,aggregation
24,181.51,remora0,remora7,17.29,17.29,17.29,17.34,17.17,17.38,17.38,17.38,17.16,17.16,17.78,17.78,17.78,17.83,17.67,17.87,17.87,17.87,17.66,17.66,2.04,2.06,2.07,2.09,2.1,2.12,2.13,2.15,2.17,2.18,2.32,2.33,2.33,2.34,2.34,2.34,2.35,2.36,2.36,2.37,82.63,0,1,1,0,0,0,-1,0,None,aggregation
24,182.51,remora0,remora7,16.79,16.79,16.31,16.01,16.01,16.01,16.01,27.66,27.66,27.66,17.29,17.29,16.83,16.53,16.53,16.53,16.53,27.86,27.86,27.86,2.2,2.21,2.23,2.24,2.25,2.27,2.28,2.3,2.32,2.34,2.37,2.37,2.38,2.38,2.39,2.39,2.4,2.4,2.4,2.41,102.53,0,1,1,0,0,0,-1,0,None,aggregation
24,183.51,remora0,remora7,13.27,12.86,12.86,12.86,12.86,11.34,11.34,11.34,10.59,10.59,13.85,13.44,13.44,13.44,13.44,11.95,11.95,11.95,11.21,11.21,2.37,2.38,2.39,2.4,2.42,2.43,2.44,2.43,2.43,2.42,2.42,2.43,2.43,2.43,2.43,2.43,2.44,2.44,2.45,2.46,114.82,0,1,1,0,0,0,-1,0,None,aggregation
24,184.51,remora0,remora7,10.06,10.06,10.06,8.09,8.09,8.09,7.26,7.26,6.35,6.35,10.69,10.69,10.69,8.76,8.76,8.76,7.95,7.95,7.06,7.06,2.41,2.4,2.4,2.39,2.38,2.37,2.37,2.36,2.35,2.34,2.47,2.48,2.5,2.51,2.52,2.54,2.55,2.56,2.57,2.58,123.32,0,1,1,0,0,0,-1,0,None,aggregation
24,185.51,remora0,remora7,5.45,4.52,4.52,4.52,3.67,3.22,3.22,2.6,2.6,1.93,6.17,5.25,5.25,5.25,4.43,3.98,3.98,3.37,3.37,2.71,2.34,2.33,2.32,2.32,2.31,2.31,2.3,2.3,2.29,2.28,2.59,2.61,2.62,2.63,2.64,2.65,2.67,2.68,2.69,2.7,127.32,0,1,1,0,0,0,-1,0,None,aggregation
24,186.51,remora0,remora7,1.93,1.93,-14.81,-14.81,0.97,0.3,0.3,0.14,0.14,-14.62,2.71,2.71,-13.99,-13.99,1.77,1.11,1.11,0.95,0.95,-13.8,2.28,2.27,2.27,2.27,2.26,2.26,2.25,2.25,2.25,2.24,2.71,2.71,2.71,2.7,2.7,2.69,2.68,2.67,2.65,2.64,132.48,0,1,1,0,0,0,-1,0,None,aggregation
24,187.51,remora0,remora7,-14.62,-0.06,-0.06,-0.48,-0.48,-0.56,-0.56,-0.25,-0.25,-0.09,-13.8,0.76,0.76,0.34,0.34,0.26,0.26,0.57,0.57,0.73,2.24,2.24,2.24,2.23,2.23,2.23,2.23,2.23,2.23,2.22,2.62,2.6,2.58,2.57,2.55,2.54,2.53,2.52,2.5,2.49,125.6,0,1,1,0,0,0,-1,0,None,aggregation
24,188.51,remora0,remora7,-0.09,-0.09,0,0.15,0.15,0.3,0.3,0.56,0.56,0.56,0.73,0.73,0.82,0.96,0.96,1.11,1.11,1.37,1.37,1.37,2.22,2.22,2.22,2.22,2.22,2.22,2.22,2.22,2.22,2.22,2.48,2.46,2.45,2.44,2.43,2.41,2.4,2.39,2.38,2.36,108.2,0,1,1,0,0,0,-1,0,None,aggregation
24,189.51,remora0,remora7,0.87,0.87,0.85,0.85,1.09,1.09,1.55,1.65,1.65,1.65,1.66,1.66,1.65,1.65,1.88,1.88,2.34,2.44,2.44,2.44,2.22,2.22,2.22,2.22,2.22,2.22,2.22,2.22,2.22,2.22,2.35,2.34,2.33,2.31,2.3,2.29,2.28,2.27,2.25,2.24,89.7,0,1,1,0,0,0,-1,0,None,aggregation
24,190.51,remora0,remora7,2.06,2.06,2.01,2.01,2.22,2.47,2.47,2.72,2.72,2.72,2.84,2.84,2.79,2.79,3,3.24,3.24,3.49,3.49,3.49,2.22,2.22,2.19,2.17,2.15,2.12,2.1,2.08,2.06,2.03,2.23,2.22,2.21,2.2,2.18,2.17,2.16,2.15,2.14,2.13,73.96,0,1,1,0,0,0,-1,0,None,aggregation
24,191.51,remora0,remora7,3.1,3.1,2.9,2.9,3.4,3.4,3.44,3.44,3.79,3.8,3.86,3.86,3.67,3.67,4.16,4.16,4.2,4.2,4.54,4.55,2.01,1.99,1.97,1.94,1.92,1.9,1.88,1.86,1.84,1.82,2.11,2.1,2.09,2.08,2.07,2.06,2.05,2.04,2.03,2.02,60.14,0,1,1,0,0,0,-1,0,None,aggregation
24,192.51,remora0,remora7,3.8,3.8,4.14,4.13,4.13,4.45,4.45,4.45,4.42,4.42,4.55,4.55,4.88,4.87,4.87,5.18,5.18,5.18,5.16,5.16,1.8,1.78,1.76,1.74,1.72,1.7,1.68,1.66,1.65,1.63,2.01,2,1.99,1.98,1.97,1.96,1.95,1.94,1.93,1.92,44.83,0,1,0,0,0,0,-1,0,None,aggregation
24,193.51,remora0,remora7,4.73,4.73,4.69,5.26,5.26,5.26,5.18,5.46,5.46,5.92,5.46,5.46,5.42,5.98,5.98,5.98,5.91,6.18,6.18,6.63,1.61,1.59,1.57,1.55,1.54,1.52,1.5,1.48,1.48,1.48,1.91,1.9,1.89,1.88,1.87,1.87,1.86,1.85,1.85,1.85,38.09,0,1,0,0,0,0,-1,0,None,aggregation
24,194.51,remora0,remora7,5.92,6.15,6.15,6.15,6.72,7.29,7.29,7.29,8.14,8.45,6.63,6.86,6.86,6.86,7.42,7.98,7.98,7.98,8.81,9.12,1.48,1.49,1.49,1.49,1.5,1.5,1.5,1.51,1.51,1.52,1.85,1.85,1.85,1.85,1.85,1.86,1.86,1.86,1.86,1.87,36.89,0,1,0,0,0,0,-1,0,None,aggregation
24,195.51,remora0,remora7,8.45,8.45,9.11,9.11,9.81,10.66,10.66,11.41,11.41,12.15,9.12,9.12,9.77,9.77,10.46,11.28,11.28,12.02,12.02,12.75,1.52,1.53,1.53,1.54,1.54,1.55,1.55,1.56,1.57,1.57,1.87,1.87,1.87,1.88,1.88,1.88,1.89,1.89,1.9,1.9,43.33,0,1,0,0,0,0,-1,0,None,aggregation
24,196.51,remora0,remora7,12.15,13,13,13.66,13.66,14.55,14.55,15.29,15.29,15.29,12.75,13.58,13.58,14.23,14.23,15.1,15.1,15.83,15.83,15.83,1.58,1.59,1.6,1.6,1.61,1.62,1.63,1.64,1.65,1.66,1.91,1.92,1.92,1.93,1.94,1.94,1.95,1.96,1.97,1.97,52.51,0,1,1,0,0,0,-1,0,None,aggregation
24,197.51,remora0,remora7,16.15,16.15,16.8,16.8,17.61,18.3,18.3,18.77,18.77,19.38,16.67,16.67,17.3,17.3,18.1,18.78,18.78,19.24,19.24,19.83,1.67,1.68,1.69,1.7,1.71,1.72,1.73,1.75,1.76,1.77,1.98,1.99,2,2.01,2.02,2.03,2.04,2.05,2.06,2.07,68.86,0,1,1,0,0,0,-1,0,None,aggregation
24,198.51,remora0,remora7,19.38,19.38,20.06,20.68,20.68,20.68,21.22,21.73,21.73,21.73,19.83,19.83,20.5,21.1,21.1,21.1,21.62,22.12,22.12,22.12,1.79,1.8,1.81,1.83,1.84,1.86,1.87,1.89,1.9,1.92,2.09,2.1,2.11,2.13,2.14,2.15,2.17,2.18,2.2,2.21,89.14,0,1,1,0,0,0,-1,0,None,aggregation
24,199.51,remora0,remora7,22.26,22.26,22.77,23.26,23.26,23.64,23.64,23.64,24.18,24.56,22.64,22.64,23.14,23.61,23.61,23.98,23.98,23.98,24.51,24.87,1.93,1.95,1.97,1.98,2,2.02,2.03,2.05,2.07,2.09,2.23,2.25,2.26,2.28,2.3,2.32,2.33,2.35,2.37,2.39,111.06,0,1,1,0,0,0,-1,0,None,aggregation
24,200.51,remora0,remora7,24.56,24.95,24.95,24.95,25.36,25.36,25.73,25.95,25.95,26.32,24.87,25.26,25.26,25.26,25.65,25.65,26.01,26.22,26.22,26.58,2.11,2.13,2.15,2.17,2.19,2.22,2.26,2.3,2.34,2.39,2.41,2.43,2.45,2.48,2.49,2.52,2.55,2.59,2.62,2.66,133.88,0,1,1,0,0,0,-1,0,None,aggregation
24,201.51,remora0,remora7,26.32,26.61,26.61,26.61,26.81,26.81,27.14,27.3,27.3,27.52,26.58,26.85,26.85,26.85,27.05,27.05,27.37,27.52,27.52,27.73,2.43,2.48,2.52,2.57,2.62,2.66,2.71,2.76,2.81,2.86,2.69,2.73,2.77,2.81,2.84,2.88,2.92,2.96,3,3.04,157.19,0,1,1,0,0,0,-1,0,None,aggregation
24,202.51,remora0,remora7,27.52,27.52,27.67,29.01,29.01,29.04,29.04,29.04,29.02,29.07,27.73,27.73,27.87,29.14,29.14,29.17,29.17,29.17,29.15,29.2,2.92,2.97,3.02,3.07,3.13,3.18,3.23,3.28,3.34,3.39,3.09,3.13,3.17,3.21,3.26,3.3,3.35,3.39,3.43,3.47,181.27,0,0,1,0,0,0,-1,0,None,aggregation
24,203.51,remora0,remora7,29.07,29.07,29.06,29.09,29.09,29.09,23.99,23.99,28.23,24.45,29.2,29.2,29.19,29.22,29.22,29.22,24.32,24.32,28.4,24.76,3.44,3.49,3.53,3.58,3.63,3.68,3.72,3.77,3.81,3.85,3.52,3.56,3.6,3.64,3.68,3.73,3.76,3.8,3.84,3.88,203.33,0,0,1,0,0,0,-1,0,None,aggregation
24,204.51,remora0,remora7,24.45,24.63,24.63,23.91,23.91,23.91,29.13,29.2,29.2,29.2,24.76,24.94,24.94,24.24,24.24,24.24,29.25,29.32,29.32,29.32,3.88,3.9,3.92,3.95,3.95,3.94,3.94,3.94,3.97,3.99,3.91,3.94,3.97,4,4.02,4.04,4.05,4.07,4.11,4.14,222.36,0,0,1,0,0,0,-1,0,None,aggregation
24,205.51,remora0,remora7,25.37,24.79,24.79,29.33,29.33,28.88,28.88,28.88,25.38,25.38,25.66,25.1,25.1,29.43,29.43,29.02,29.02,29.02,25.67,25.67,4.02,4.04,4.04,4.04,4.03,4.03,4.03,4.03,4.04,4.04,4.17,4.19,4.21,4.22,4.24,4.26,4.28,4.3,4.31,4.33,239.13,0,0,1,0,0,0,-1,0,None,aggregation
24,206.51,remora0,remora7,26.26,26.26,25.71,29.1,29.1,26.25,26.25,26.25,26.45,26.45,26.52,26.52,25.99,29.23,29.23,26.51,26.51,26.51,26.7,26.7,4.05,4.06,4.06,4.05,4.06,4.07,4.07,4.07,4.07,4.06,4.35,4.37,4.38,4.4,4.42,4.44,4.46,4.48,4.5,4.52,251.72,0,0,1,0,0,0,-1,0,None,aggregation
24,207.51,remora0,remora7,26.45,29.74,29.74,27.61,27.61,27.48,27.48,27.48,29.61,29.86,26.7,29.81,29.81,27.81,27.81,27.69,27.69,27.69,29.69,29.91,4.06,4.05,4.06,4.06,4.06,4.06,4.06,4.05,4.06,4.06,4.54,4.56,4.58,4.61,4.63,4.64,4.66,4.67,4.69,4.71,262.16,0,0,1,0,0,0,-1,0,None,aggregation
24,208.51,remora0,remora7,29.86,29.86,27.96,27.96,27.97,27.97,29.88,28.12,28.12,28.26,29.91,29.91,28.15,28.15,28.16,28.16,29.92,28.3,28.3,28.43,4.07,4.08,4.1,4.13,4.15,4.17,4.18,4.19,4.2,4.21,4.73,4.75,4.76,4.78,4.8,4.83,4.84,4.85,4.86,4.87,269.89,0,0,1,0,0,0,-1,0,None,aggregation
24,209.51,remora0,remora7,28.26,28.26,28.26,29.91,29.91,29.91,28.4,28.4,28.47,28.6,28.43,28.44,28.44,29.95,29.95,29.95,28.57,28.57,28.63,28.75,4.24,4.26,4.29,4.31,4.32,4.33,4.34,4.35,4.35,4.36,4.89,4.9,4.92,4.94,4.95,4.96,4.97,4.98,4.99,5.01,275.27,0,0,1,0,0,0,-1,0,None,aggregation
24,210.51,remora0,remora7,28.6,29.94,29.94,29.94,28.72,28.72,28.79,28.79,28.84,29.95,28.75,29.97,29.97,29.97,28.87,28.87,28.93,28.93,28.99,29.98,4.37,4.39,4.4,4.4,4.42,4.45,4.47,4.5,4.51,4.51,5.03,5.05,5.07,5.09,5.11,5.14,5.16,5.19,5.2,5.21,278.99,0,0,1,0,0,0,-1,0,None,aggregation
24,211.51,remora0,remora7,29.95,29.95,28.9,28.9,28.9,29.96,29.96,28.96,28.96,28.96,29.98,29.98,29.04,29.04,29.04,29.98,29.98,29.09,29.09,29.09,4.52,4.52,4.53,4.54,4.55,4.58,4.61,4.64,4.64,4.64,5.22,5.24,5.25,5.26,5.27,5.29,5.31,5.32,5.33,5.34,281.36,0,0,1,0,0,0,-1,0,None,aggregation
24,212.51,remora0,remora7,28.96,28.96,28.96,28.96,29.94,29.02,29.02,29.02,29.02,29.07,29.09,29.09,29.09,29.09,29.97,29.15,29.15,29.15,29.15,29.19,4.65,4.65,4.66,4.67,4.67,4.67,4.67,4.67,4.67,4.67,5.34,5.35,5.36,5.36,5.37,5.39,5.4,5.42,5.43,5.43,281.84,0,0,1,0,0,0,-1,0,None,aggregation
24,213.51,remora0,remora7,29.95,29.95,29.07,29.07,29.07,29.07,29.07,29.07,29.94,29.07,29.98,29.98,29.19,29.19,29.19,29.19,29.19,29.19,29.97,29.2,4.67,4.68,4.68,4.69,4.71,4.74,4.77,4.8,4.83,4.86,5.44,5.45,5.45,5.46,5.48,5.5,5.52,5.54,5.56,5.58,283.61,0,0,1,0,0,0,-1,0,None,aggregation
24,214.51,remora0,remora7,29.07,29.07,29.07,29.07,29.07,29.08,29.08,29.08,29.92,29.17,29.2,29.2,29.2,29.2,29.2,29.2,29.2,29.2,29.95,29.29,4.88,4.9,4.91,4.91,4.92,4.93,4.93,4.94,4.95,4.95,5.6,5.61,5.62,5.63,5.64,5.65,5.65,5.66,5.67,5.68,286.5,0,0,1,0,0,0,-1,0,None,aggregation
24,215.51,remora0,remora7,29.17,29.17,29.17,29.18,29.18,29.18,29.18,29.18,29.18,29.18,29.29,29.29,29.29,29.29,29.29,29.3,29.3,29.3,29.3,29.3,4.96,4.96,4.96,4.96,4.96,4.97,4.97,4.98,4.98,4.99,5.69,5.69,5.7,5.7,5.71,5.72,5.72,5.73,5.74,5.75,288.53,0,0,1,0,0,0,-1,0,None,aggregation
24,216.51,remora0,remora7,29.18,29.92,29.92,29.18,29.18,0,0,0,0,-26.37,29.3,29.95,29.95,29.3,29.3,0,0,0,0,-27.19,5,5,5.01,5.02,5.02,5.02,5,4.97,4.95,4.93,5.76,5.76,5.77,5.78,5.78,5.78,5.77,5.76,5.75,5.74,279.04,0,0,1,0,0,0,-1,0,None,aggregation
24,217.51,remora0,remora7,-26.37,-26.04,-26.04,-26.04,-26.04,-25.71,-25.38,-25.38,-25.04,-29.08,-27.19,-26.86,-26.86,-26.86,-26.86,-26.54,-26.2,-26.2,-25.86,-29.91,4.89,4.83,4.79,4.74,4.68,4.63,4.58,4.53,4.48,4.44,5.7,5.66,5.61,5.57,5.52,5.48,5.44,5.4,5.37,5.33,277.18,0,0,1,0,0,0,-1,0,None,aggregation
24,218.51,remora0,remora7,-29.08,-29.08,-24.12,-28.87,-28.87,-23.14,-23.14,-28.57,-28.57,-28.57,-29.91,-29.91,-24.94,-29.69,-29.69,-23.97,-23.97,-29.39,-29.39,-29.39,4.38,4.33,4.28,4.22,4.17,4.12,4.07,4.02,3.97,3.92,5.28,5.24,5.19,5.15,5.11,5.07,5.03,4.99,4.95,4.9,276.13,0,0,1,0,0,0,-1,0,None,aggregation
24,219.51,remora0,remora7,-21.91,-28.16,-28.16,-20.37,-20.37,-27.7,-27.7,-18.5,-18.5,-18.5,-22.73,-28.98,-28.98,-21.19,-21.19,-28.52,-28.52,-19.32,-19.32,-19.32,3.87,3.82,3.77,3.72,3.68,3.64,3.59,3.53,3.49,3.45,4.86,4.82,4.78,4.74,4.71,4.68,4.63,4.59,4.55,4.52,270.62,0,0,1,0,0,0,-1,0,None,aggregation
24,220.51,remora0,remora7,-27.1,-26.73,-26.73,-15.26,-15.26,-25.87,-25.87,-25.24,-25.24,-24.57,-27.93,-27.55,-27.55,-16.09,-16.09,-26.69,-26.69,-26.06,-26.06,-25.39,3.4,3.35,3.29,3.24,3.2,3.16,3.11,3.06,3.01,2.96,4.49,4.45,4.41,4.36,4.32,4.29,4.24,4.19,4.14,4.1,265.55,0,0,1,0,0,0,-1,0,None,aggregation
24,221.51,remora0,remora7,-24.57,-23.91,-23.91,0,0,0,0,0,0,0,-25.39,-24.74,-24.74,0,0,0,0,0,0,0,2.92,2.87,2.82,2.77,2.73,2.7,2.68,2.66,2.63,2.61,4.06,4.02,3.98,3.93,3.9,3.89,3.87,3.86,3.85,3.84,243.52,0,1,1,0,0,0,-1,0,None,aggregation
24,222.51,remora0,remora7,0,0,0,0,0,0,0,0,0,0,0,0,0,0,0,0,0,0,0,0,2.58,2.56,2.53,2.5,2.48,2.46,2.43,2.41,2.38,2.36,3.81,3.79,3.77,3.75,3.73,3.71,3.69,3.67,3.65,3.63,214.37,0,1,1,0,0,0,-1,0,None,aggregation
24,223.51,remora0,remora7,0,0,0,0,0,0,0,0,0,0,0,0,0,0,0,0,0,0,0,0,2.33,2.31,2.29,2.26,2.24,2.21,2.19,2.17,2.14,2.12,3.61,3.59,3.57,3.54,3.53,3.5,3.48,3.46,3.44,3.42,184.99,0,1,1,0,0,0,-1,0,None,aggregation
24,224.51,remora0,remora7,0,0,0,0,0,0,0,0,0,0,0,0,0,0,0,0,0,0,0,0,2.1,2.07,2.05,2.03,2.01,1.99,1.97,1.94,1.92,1.9,3.41,3.38,3.37,3.35,3.33,3.31,3.29,3.27,3.25,3.23,155.76,0,1,1,0,0,0,-1,0,None,aggregation
24,225.51,remora0,remora7,0,0,0,0,0,0,0,0,0,0,0,0,0,0,0,0,0,0,0,0,1.88,1.86,1.84,1.82,1.8,1.78,1.76,1.74,1.72,1.71,3.21,3.19,3.17,3.15,3.14,3.12,3.1,3.08,3.07,3.05,126.53,0,1,1,0,0,0,-1,0,None,aggregation
24,226.51,remora0,remora7,0,0,0,0,0,0,0,0,0,0,0,0,0,0,0,0,0,0,0,0,1.69,1.67,1.65,1.64,1.62,1.6,1.59,1.57,1.56,1.54,3.03,3.01,3,2.98,2.97,2.95,2.93,2.92,2.9,2.88,109.09,0,1,1,0,0,0,-1,0,None,aggregation
24,227.51,remora0,remora7,0,0,0,0,0,0,0,0,0,0,0,0,0,0,0,0,0,0,0,0,1.53,1.52,1.51,1.51,1.51,1.51,1.51,1.51,1.51,1.51,2.87,2.86,2.85,2.84,2.83,2.82,2.82,2.81,2.8,2.79,82.57,0,1,1,0,0,0,-1,0,None,aggregation
24,228.51,remora0,remora7,0,0,0,0,0,0,12.05,12.05,15,15.21,0,0,0,0,0,0,12.65,12.65,15.54,15.75,1.51,1.51,1.51,1.51,1.51,1.52,1.52,1.53,1.55,1.56,2.78,2.78,2.77,2.76,2.75,2.75,2.75,2.75,2.75,2.76,60.5,0,1,1,0,0,0,-1,0,None,aggregation
24,229.51,remora0,remora7,15.21,15.33,15.33,15.47,15.47,15.55,15.55,15.55,15.74,15.85,15.75,15.86,15.86,16.01,16.01,16.08,16.08,16.08,16.27,16.38,1.57,1.58,1.6,1.61,1.62,1.64,1.65,1.66,1.68,1.69,2.76,2.76,2.77,2.77,2.78,2.78,2.79,2.79,2.8,2.8,52.88,0,1,1,0,0,0,-1,0,None,aggregation
24,230.51,remora0,remora7,15.85,15.85,16.05,16.25,16.25,16.25,13.57,13.86,13.86,14.15,16.38,16.38,16.57,16.77,16.77,16.77,14.14,14.42,14.42,14.71,1.7,1.72,1.73,1.74,1.76,1.77,1.79,1.8,1.81,1.82,2.81,2.81,2.82,2.82,2.83,2.84,2.84,2.85,2.85,2.85,44.14,0,1,0,0,0,0,-1,0,None,aggregation
24,231.51,remora0,remora7,14.15,14.15,14.11,14.4,14.4,14.68,14.68,14.71,14.71,15,14.71,14.71,14.67,14.95,14.95,15.22,15.22,15.26,15.26,15.54,1.84,1.85,1.86,1.88,1.89,1.9,1.91,1.93,1.94,1.96,2.86,2.86,2.87,2.87,2.88,2.88,2.89,2.89,2.9,2.9,51.55,0,1,1,0,0,0,-1,0,None,aggregation
24,232.51,remora0,remora7,15,14.93,14.93,14.93,17.51,17.52,17.52,17.52,17.71,17.81,15.54,15.47,15.47,15.47,18,18.01,18.01,18.01,18.19,18.29,1.97,1.98,2,2.01,2.03,2.04,2.06,2.08,2.09,2.11,2.91,2.91,2.92,2.93,2.93,2.94,2.95,2.96,2.97,2.97,68.34,0,1,1,0,0,0,-1,0,None,aggregation
24,233.51,remora0,remora7,17.81,17.81,15.78,16.01,16.01,16.01,16.14,16.14,16.3,16.43,18.29,18.29,16.31,16.54,16.54,16.54,16.66,16.66,16.81,16.94,2.13,2.14,2.16,2.17,2.19,2.2,2.22,2.23,2.25,2.27,2.98,2.99,3,3.01,3.01,3.02,3.03,3.03,3.04,3.05,85.04,0,1,1,0,0,0,-1,0,None,aggregation
24,234.51,remora0,remora7,16.43,16.43,18.57,18.57,18.66,18.66,18.81,17.3,17.3,17.3,16.94,16.94,19.03,19.03,19.12,19.12,19.27,17.8,17.8,17.8,2.28,2.3,2.31,2.34,2.37,2.41,2.44,2.48,2.52,2.55,3.06,3.06,3.07,3.09,3.1,3.12,3.14,3.16,3.18,3.2,103.09,0,1,1,0,0,0,-1,0,None,aggregation
24,235.51,remora0,remora7,17.59,19.57,19.57,19.69,19.69,19.81,19.81,19.81,18.53,-7.03,18.08,20.01,20.01,20.13,20.13,20.25,20.25,20.25,19,-6.21,2.59,2.63,2.67,2.71,2.75,2.79,2.83,2.87,2.91,2.95,3.22,3.24,3.26,3.28,3.3,3.32,3.35,3.37,3.39,3.42,121.36,0,1,1,0,0,0,-1,0,None,aggregation
24,236.51,remora0,remora7,-7.03,-7.03,8.84,20.47,20.47,20.47,20.62,19.48,19.48,20.98,-6.21,-6.21,9.5,20.89,20.89,20.89,21.04,19.93,19.93,21.39,2.98,2.99,3,3.02,3.05,3.09,3.13,3.18,3.22,3.26,3.42,3.43,3.43,3.44,3.46,3.48,3.51,3.54,3.56,3.59,137.95,0,0,1,0,0,0,-1,0,None,aggregation
24,237.51,remora0,remora7,20.98,-6.72,-6.72,-6.66,-6.66,-7.11,-7.11,20.22,20.22,21.63,21.39,-5.9,-5.9,-5.84,-5.84,-6.29,-6.29,20.65,20.65,22.03,3.31,3.35,3.37,3.39,3.41,3.43,3.45,3.46,3.5,3.54,3.62,3.64,3.65,3.65,3.65,3.66,3.66,3.67,3.69,3.72,150.19,0,0,1,0,0,0,-1,0,None,aggregation
24,238.51,remora0,remora7,21.63,21.63,-6.92,-6.92,20.57,20.78,20.78,-6.72,-6.72,10.49,22.03,22.03,-6.09,-6.09,21,21.19,21.19,-5.9,-5.9,11.11,3.57,3.61,3.62,3.65,3.68,3.73,3.76,3.8,3.81,3.82,3.74,3.76,3.77,3.77,3.79,3.81,3.83,3.85,3.85,3.85,158.93,0,0,1,0,0,0,-1,0,None,aggregation
24,239.51,remora0,remora7,10.49,10.59,10.59,21.08,21.08,11.04,11.04,11.04,11.04,20.89,11.11,11.21,11.21,21.49,21.49,11.66,11.66,11.66,11.66,21.31,3.85,3.88,3.9,3.9,3.91,3.92,3.93,3.92,3.92,3.92,3.87,3.89,3.9,3.92,3.94,3.97,3.99,4,4.01,4.02,157.33,0,0,1,0,0,0,-1,0,None,aggregation
24,240.51,remora0,remora7,20.89,0,0,0,0,0,-14.04,-14.04,3.54,3.54,21.31,0,0,0,0,0,-14.86,-14.86,2.78,2.78,3.93,3.95,3.96,3.96,3.96,3.96,3.95,3.94,3.94,3.95,4.05,4.07,4.09,4.09,4.1,4.11,4.11,4.11,4.12,4.14,147.49,0,0,1,0,0,0,-1,0,None,aggregation
24,241.51,remora0,remora7,21.99,0,0,0,30,0,0,0,-27.63,-27.63,21.59,0,0,0,30,0,0,0,-28.46,-28.46,3.95,3.95,3.95,3.93,3.93,3.94,3.93,3.92,3.9,3.87,4.16,4.18,4.18,4.18,4.19,4.21,4.2,4.17,4.14,4.1,143.51,0,0,1,0,0,0,-1,0,None,aggregation
24,242.51,remora0,remora7,22.34,22.34,4.08,22.31,22.31,22.31,-29.98,-29.98,3.96,0,21.95,21.95,3.33,21.92,21.92,21.92,-29.16,-29.16,3.2,0,3.87,3.87,3.86,3.85,3.85,3.85,3.83,3.8,3.79,3.78,4.09,4.09,4.08,4.06,4.06,4.05,4.03,3.99,3.97,3.96,144.42,0,0,1,0,0,0,-1,0,None,aggregation
24,243.51,remora0,remora7,0,0,0,0,-14.15,-14.15,-14.15,4.38,4.38,-30.33,0,0,0,0,-14.97,-14.97,-14.97,3.63,3.63,-29.51,3.78,3.78,3.78,3.78,3.77,3.74,3.72,3.7,3.7,3.7,3.94,3.93,3.92,3.91,3.88,3.85,3.81,3.79,3.77,3.76,135.88,0,0,1,0,0,0,-1,0,None,aggregation
24,124.51,remora0,remora4,10.01,10.01,10.01,10.01,10.01,0,0,0,0,28.33,9.99,9.99,9.99,9.99,9.99,0,0,0,0,28.5,4.07,4.06,4.06,4.06,4.06,4.07,4.08,4.09,4.09,4.09,5.13,5.12,5.12,5.12,5.12,5.13,5.13,5.14,5.14,5.14,141.98,0,0,1,0,0,0,-1,0,None,aggregation
24,125.51,remora0,remora4,28.33,29.98,29.98,29.98,29.98,29.98,29.98,29.99,29.99,28.09,28.5,29.96,29.96,29.96,29.96,29.96,29.96,29.98,29.98,28.27,4.08,4.07,4.06,4.06,4.06,4.06,4.05,4.04,4.03,4.02,5.13,5.12,5.11,5.11,5.1,5.1,5.09,5.08,5.07,5.06,153.87,0,0,1,0,0,0,-1,0,None,aggregation
24,126.51,remora0,remora4,28.09,29.99,29.99,27.93,27.93,27.93,27.93,30,30,30,28.27,29.98,29.98,28.12,28.12,28.12,28.12,29.99,29.99,30,4.01,4,4,4,3.99,3.98,3.98,3.98,3.97,3.96,5.05,5.04,5.04,5.03,5.02,5.02,5.01,5.01,5,4.99,172.91,0,0,1,0,0,0,-1,0,None,aggregation
24,127.51,remora0,remora4,30,27.75,27.75,30,30,30,27.6,27.6,27.6,27.4,30,27.94,27.94,30,30,30,27.81,27.81,27.81,27.62,3.95,3.94,3.93,3.92,3.91,3.9,3.89,3.88,3.87,3.87,4.98,4.97,4.96,4.95,4.94,4.93,4.92,4.92,4.91,4.9,184.38,0,0,1,0,0,0,-1,0,None,aggregation
24,128.51,remora0,remora4,27.4,27.4,27.4,27.4,27.4,27.31,27.31,27.31,27.31,29.98,27.62,27.62,27.62,27.62,27.62,27.53,27.53,27.53,27.53,29.99,3.86,3.86,3.87,3.87,3.87,3.87,3.86,3.86,3.85,3.84,4.89,4.89,4.89,4.88,4.88,4.88,4.87,4.86,4.85,4.85,199.07,0,0,1,0,0,0,-1,0,None,aggregation
24,129.51,remora0,remora4,29.98,27.13,27.13,27.12,27.12,29.96,29.96,26.98,26.98,26.94,29.99,27.35,27.35,27.35,27.35,29.98,29.98,27.21,27.21,27.17,3.83,3.82,3.81,3.81,3.8,3.79,3.79,3.79,3.79,3.79,4.84,4.83,4.82,4.81,4.81,4.8,4.79,4.79,4.78,4.78,213.25,0,0,1,0,0,0,-1,0,None,aggregation
24,130.51,remora0,remora4,26.94,29.93,29.93,26.83,26.83,29.9,29.9,26.74,26.74,26.74,27.17,29.96,29.96,27.07,27.07,29.94,29.94,26.98,26.98,26.98,3.79,3.8,3.79,3.78,3.77,3.77,3.75,3.74,3.73,3.73,4.78,4.77,4.77,4.76,4.75,4.74,4.73,4.72,4.71,4.7,223.74,0,0,1,0,0,0,-1,0,None,aggregation
24,131.51,remora0,remora4,29.87,26.52,26.52,26.52,26.46,26.46,26.4,29.83,29.83,29.83,29.91,26.77,26.77,26.77,26.71,26.71,26.65,29.88,29.88,29.88,3.72,3.71,3.71,3.72,3.71,3.71,3.7,3.69,3.68,3.68,4.7,4.69,4.69,4.68,4.68,4.67,4.66,4.65,4.65,4.64,235.96,0,0,1,0,0,0,-1,0,None,aggregation
24,132.51,remora0,remora4,26.24,26.24,26.18,26.18,26.18,29.76,29.76,29.76,29.73,29.73,26.5,26.5,26.44,26.44,26.44,29.82,29.82,29.82,29.8,29.8,3.68,3.68,3.67,3.67,3.67,3.67,3.66,3.66,3.65,3.65,4.63,4.63,4.62,4.61,4.61,4.61,4.6,4.59,4.58,4.58,252.12,0,0,1,0,0,0,-1,0,None,aggregation
24,133.51,remora0,remora4,25.88,25.88,29.68,29.68,29.68,25.64,25.64,29.62,29.62,29.62,26.15,26.15,29.75,29.75,29.75,25.92,25.92,29.7,29.7,29.7,3.64,3.64,3.63,3.62,3.62,3.62,3.61,3.61,3.6,3.6,4.57,4.56,4.56,4.55,4.54,4.53,4.53,4.52,4.51,4.51,263.13,0,0,1,0,0,0,-1,0,None,aggregation
24,134.51,remora0,remora4,25.49,25.41,25.41,25.41,25.34,29.55,29.55,29.55,29.52,29.52,25.77,25.7,25.7,25.7,25.63,29.64,29.64,29.64,29.61,29.61,3.6,3.6,3.6,3.6,3.6,3.6,3.6,3.6,3.6,3.6,4.5,4.5,4.49,4.49,4.48,4.48,4.47,4.47,4.46,4.46,282.86,0,0,1,0,0,0,-1,0,None,aggregation
24,135.51,remora0,remora4,29.48,29.48,29.44,25.08,25.08,25.07,25.07,25.07,29.36,29.36,29.57,29.57,29.54,25.38,25.38,25.37,25.37,25.37,29.47,29.47,3.6,3.6,3.59,3.58,3.58,3.57,3.57,3.56,3.56,3.56,4.45,4.45,4.44,4.43,4.42,4.41,4.41,4.4,4.39,4.39,280.57,0,0,1,0,0,0,-1,0,None,aggregation
24,136.51,remora0,remora4,24.81,24.81,24.81,24.81,24.81,24.81,24.73,24.65,24.65,24.66,25.11,25.12,25.12,25.12,25.12,25.12,25.04,24.97,24.97,24.97,3.56,3.56,3.56,3.55,3.55,3.55,3.54,3.54,3.54,3.53,4.38,4.38,4.37,4.37,4.36,4.35,4.35,4.34,4.33,4.33,276.46,0,0,1,0,0,0,-1,0,None,aggregation
24,137.51,remora0,remora4,24.66,24.66,29.23,29.19,29.19,29.19,29.14,29.14,24.38,20.84,24.97,24.97,29.35,29.31,29.31,29.31,29.26,29.26,24.7,21.25,3.53,3.53,3.53,3.53,3.52,3.52,3.51,3.51,3.51,3.51,4.32,4.31,4.31,4.3,4.29,4.28,4.28,4.27,4.26,4.26,274.89,0,0,1,0,0,0,-1,0,None,aggregation
24,138.51,remora0,remora4,20.84,20.82,20.82,24.22,24.22,24.22,24.22,20.71,20.71,29.04,21.25,21.24,21.24,24.55,24.55,24.55,24.54,21.13,21.13,29.17,3.51,3.51,3.5,3.5,3.5,3.5,3.49,3.48,3.48,3.47,4.25,4.25,4.24,4.23,4.23,4.22,4.22,4.21,4.2,4.2,270.33,0,0,1,0,0,0,-1,0,None,aggregation
24,139.51,remora0,remora4,29.04,29.04,23.99,23.79,23.79,23.79,23.67,28.94,28.94,28.94,29.17,29.17,24.33,24.13,24.13,24.13,24.01,29.08,29.08,29.08,3.46,3.45,3.44,3.44,3.43,3.42,3.42,3.41,3.41,3.4,4.19,4.18,4.18,4.17,4.17,4.16,4.16,4.15,4.14,4.14,268.83,0,0,1,0,0,0,-1,0,None,aggregation
24,140.51,remora0,remora4,23.43,23.43,23.31,23.31,28.89,23.09,23.09,22.95,22.95,22.95,23.78,23.78,23.66,23.66,29.03,23.45,23.45,23.32,23.32,23.32,3.39,3.39,3.38,3.38,3.37,3.37,3.36,3.36,3.35,3.35,4.13,4.13,4.13,4.12,4.12,4.11,4.11,4.1,4.1,4.1,264.61,0,0,1,0,0,0,-1,0,None,aggregation
24,141.51,remora0,remora4,22.83,28.84,28.84,22.68,22.68,22.68,22.45,23.57,23.57,23.57,23.19,28.98,28.98,23.05,23.05,23.05,22.83,23.92,23.92,23.92,3.34,3.34,3.34,3.33,3.33,3.32,3.32,3.32,3.32,3.31,4.09,4.09,4.09,4.08,4.08,4.08,4.07,4.07,4.07,4.07,261.03,0,0,1,0,0,0,-1,0,None,aggregation
24,142.51,remora0,remora4,22.31,22.31,22.17,28.78,28.78,22.02,22.02,21.88,21.88,21.88,22.68,22.68,22.55,28.93,28.93,22.41,22.41,22.27,22.27,22.27,3.31,3.31,3.31,3.3,3.3,3.3,3.3,3.3,3.29,3.29,4.07,4.06,4.06,4.06,4.06,4.05,4.05,4.05,4.05,4.05,256.55,0,0,1,0,0,0,-1,0,None,aggregation
24,143.51,remora0,remora4,21.75,21.75,21.75,21.6,21.6,21.6,28.79,21.46,21.46,21.31,22.14,22.14,22.14,21.99,21.99,21.99,28.93,21.86,21.86,21.71,3.29,3.29,3.29,3.29,3.29,3.29,3.29,3.29,3.29,3.29,4.05,4.05,4.05,4.05,4.05,4.05,4.04,4.04,4.04,4.04,250.87,0,0,1,0,0,0,-1,0,None,aggregation
24,144.51,remora0,remora4,21.31,21.18,21.18,21.17,21.17,21.12,21.12,28.85,28.85,28.85,21.71,21.58,21.58,21.58,21.58,21.53,21.53,28.99,28.99,28.99,3.29,3.29,3.29,3.29,3.29,3.29,3.29,3.29,3.29,3.29,4.04,4.04,4.04,4.05,4.05,4.05,4.05,4.05,4.05,4.05,246.94,0,0,1,0,0,0,-1,0,None,aggregation
24,145.51,remora0,remora4,20.98,20.85,20.85,20.72,20.72,15.44,15.44,15.44,20.56,20.55,21.39,21.26,21.26,21.13,21.13,15.97,15.97,15.97,20.98,20.97,3.3,3.3,3.3,3.3,3.3,3.3,3.31,3.31,3.31,3.32,4.05,4.05,4.05,4.05,4.06,4.06,4.06,4.06,4.07,4.07,238.97,0,0,1,0,0,0,-1,0,None,aggregation
24,146.51,remora0,remora4,20.55,22.81,22.81,20.38,20.38,14.76,14.76,20.34,20.34,28.97,20.97,23.18,23.18,20.81,20.81,15.31,15.31,20.77,20.77,29.1,3.33,3.34,3.34,3.34,3.34,3.34,3.34,3.35,3.35,3.35,4.08,4.09,4.09,4.1,4.1,4.1,4.11,4.12,4.12,4.12,234.88,0,0,1,0,0,0,-1,0,None,aggregation
24,147.51,remora0,remora4,28.97,28.97,20.19,20.19,20.2,29.07,29.07,29.07,20.15,29.07,29.1,29.1,20.62,20.62,20.63,29.2,29.2,29.2,20.58,29.2,3.35,3.35,3.35,3.37,3.38,3.38,3.38,3.38,3.39,3.39,4.13,4.13,4.14,4.15,4.17,4.17,4.18,4.18,4.19,4.2,233.43,0,0,1,0,0,0,-1,0,None,aggregation
24,148.51,remora0,remora4,29.07,20.02,20.02,20.02,20.01,20.01,19.98,19.97,19.97,29.08,29.2,20.45,20.45,20.45,20.44,20.44,20.42,20.4,20.4,29.2,3.39,3.39,3.39,3.39,3.38,3.38,3.38,3.39,3.39,3.38,4.21,4.21,4.22,4.22,4.23,4.23,4.24,4.25,4.25,4.25,232.27,0,0,1,0,0,0,-1,0,None,aggregation
24,149.51,remora0,remora4,29.08,0,0,0,0,29.18,29.18,29.18,29.18,19.97,29.2,0,0,0,0,29.29,29.29,29.29,29.29,20.4,3.38,3.38,3.37,3.36,3.35,3.34,3.34,3.33,3.34,3.36,4.26,4.26,4.27,4.27,4.27,4.27,4.27,4.28,4.29,4.3,222.39,0,0,1,0,0,0,-1,0,None,aggregation
24,150.51,remora0,remora4,19.97,29.18,29.18,19.94,19.94,8.11,8.11,8.11,20.09,20.07,20.4,29.3,29.3,20.37,20.37,8.79,8.79,8.79,20.53,20.5,3.36,3.35,3.34,3.34,3.34,3.34,3.33,3.32,3.33,3.34,4.31,4.32,4.32,4.33,4.34,4.35,4.35,4.36,4.37,4.38,216.97,0,0,1,0,0,0,-1,0,None,aggregation
24,151.51,remora0,remora4,20.07,20.07,20.07,4.38,4.38,4.38,20.07,20.03,20.03,20.03,20.5,20.5,20.5,5.12,5.12,5.12,20.5,20.46,20.46,20.46,3.34,3.34,3.33,3.32,3.33,3.34,3.34,3.33,3.32,3.32,4.39,4.4,4.41,4.41,4.42,4.44,4.44,4.45,4.46,4.47,208.25,0,0,1,0,0,0,-1,0,None,aggregation
24,152.51,remora0,remora4,20.03,29.36,29.36,29.36,29.36,29.36,29.35,29.35,4.3,4.3,20.46,29.46,29.46,29.46,29.46,29.46,29.46,29.46,5.04,5.04,3.31,3.31,3.3,3.3,3.29,3.28,3.28,3.27,3.27,3.28,4.47,4.48,4.49,4.5,4.51,4.52,4.53,4.54,4.55,4.56,208.22,0,0,1,0,0,0,-1,0,None,aggregation
24,153.51,remora0,remora4,20.05,20.05,20.14,20.14,19.91,29.16,29.16,19.86,19.86,29,20.49,20.49,20.57,20.57,20.35,29.28,29.28,20.29,20.29,29.13,3.29,3.29,3.3,3.29,3.28,3.28,3.28,3.29,3.29,3.28,4.58,4.59,4.61,4.62,4.63,4.63,4.65,4.67,4.68,4.69,208.63,0,0,1,0,0,0,-1,0,None,aggregation
24,154.51,remora0,remora4,29,29,28.94,28.94,28.83,19.29,19.29,19.29,19.06,28.38,29.13,29.13,29.08,29.08,28.97,19.74,19.74,19.74,19.52,28.55,3.28,3.27,3.26,3.26,3.26,3.27,3.28,3.29,3.3,3.31,4.7,4.71,4.73,4.74,4.75,4.77,4.79,4.81,4.82,4.83,210.12,0,0,1,0,0,0,-1,0,None,aggregation
24,155.51,remora0,remora4,28.38,28.38,18.65,18.34,18.34,27.78,27.78,27.78,27.53,27.53,28.55,28.55,19.12,18.81,18.81,27.97,27.97,27.97,27.74,27.74,3.31,3.3,3.3,3.29,3.29,3.29,3.3,3.32,3.33,3.33,4.84,4.84,4.84,4.84,4.85,4.85,4.87,4.88,4.89,4.89,215.93,0,0,1,0,0,0,-1,0,None,aggregation
24,156.51,remora0,remora4,0,0,0,0,0,0,0,0,0,0,0,0,0,0,0,0,0,0,0,0,3.33,3.33,3.33,3.32,3.31,3.29,3.28,3.27,3.25,3.24,4.89,4.87,4.86,4.85,4.83,4.81,4.79,4.78,4.76,4.74,195.11,0,0,1,0,0,0,-1,0,None,aggregation
24,157.51,remora0,remora4,0,0,0,0,0,0,0,0,0,0,0,0,0,0,0,0,0,0,0,0,3.23,3.22,3.21,3.19,3.18,3.17,3.16,3.15,3.14,3.13,4.72,4.71,4.69,4.68,4.67,4.66,4.65,4.65,4.64,4.62,169.49,0,0,1,0,0,0,-1,0,None,aggregation
24,158.51,remora0,remora4,0,0,0,0,0,0,0,0,0,0,0,0,0,0,0,0,0,0,0,0,3.12,3.11,3.11,3.1,3.09,3.08,3.07,3.06,3.05,3.04,4.61,4.59,4.58,4.56,4.55,4.53,4.52,4.5,4.49,4.47,147.49,0,0,1,0,0,0,-1,0,None,aggregation
24,159.51,remora0,remora4,0,0,0,0,0,0,0,0,0,0,0,0,0,0,0,0,0,0,0,0,3.03,3.02,3.01,3,2.99,2.98,2.97,2.96,2.95,2.94,4.45,4.43,4.42,4.41,4.39,4.38,4.36,4.34,4.33,4.33,130.87,0,1,1,0,0,0,-1,0,None,aggregation
24,160.51,remora0,remora4,0,0,0,0,0,0,0,0,0,0,0,0,0,0,0,0,0,0,0,0,2.94,2.93,2.92,2.92,2.91,2.9,2.9,2.89,2.89,2.88,4.33,4.32,4.31,4.3,4.3,4.3,4.29,4.29,4.28,4.26,112.38,0,1,1,0,0,0,-1,0,None,aggregation
24,161.51,remora0,remora4,0,0,0,0,0,0,0,0,0,0,0,0,0,0,0,0,0,0,0,0,2.87,2.87,2.86,2.86,2.85,2.84,2.84,2.83,2.83,2.82,4.25,4.24,4.22,4.21,4.2,4.18,4.17,4.16,4.14,4.13,96.77,0,1,1,0,0,0,-1,0,None,aggregation
24,162.51,remora0,remora4,0,0,0,0,0,0,0,0,-11.39,-11.62,0,0,0,0,0,0,0,0,-12.21,-12.45,2.82,2.82,2.81,2.81,2.8,2.8,2.8,2.79,2.79,2.79,4.12,4.1,4.09,4.08,4.07,4.06,4.04,4.03,4.02,4.01,75.61,0,1,1,0,0,0,-1,0,None,aggregation
24,163.51,remora0,remora4,-11.62,-6.39,-6.39,-11.83,-11.83,-12.06,-12.06,-12.06,-12.04,-12.4,-12.45,-7.22,-7.22,-12.65,-12.65,-12.88,-12.88,-12.88,-12.86,-13.22,2.79,2.78,2.78,2.78,2.78,2.77,2.77,2.77,2.77,2.77,3.99,3.98,3.97,3.95,3.94,3.93,3.92,3.9,3.89,3.88,63.98,0,1,1,0,0,0,-1,0,None,aggregation
24,164.51,remora0,remora4,-12.4,-7.29,-7.29,-12.61,-12.61,-12.61,-12.84,-12.94,-12.94,-12.94,-13.22,-8.11,-8.11,-13.43,-13.43,-13.43,-13.66,-13.76,-13.76,-13.76,2.77,2.77,2.77,2.77,2.77,2.77,2.77,2.77,2.77,2.77,3.87,3.86,3.85,3.84,3.83,3.82,3.81,3.8,3.79,3.78,50.91,0,1,1,0,0,0,-1,0,None,aggregation
24,165.51,remora0,remora4,-13.16,-13.53,-13.53,-13.5,-13.5,-13.73,-13.73,-13.71,-13.71,-14.05,-13.98,-14.35,-14.35,-14.32,-14.32,-14.55,-14.55,-14.53,-14.53,-14.87,2.77,2.77,2.77,2.78,2.78,2.78,2.78,2.78,2.79,2.79,3.77,3.76,3.75,3.74,3.73,3.72,3.71,3.7,3.7,3.69,39.75,0,1,0,0,0,0,-1,0,None,aggregation
24,166.51,remora0,remora4,-14.05,-9.01,-9.01,-14.39,-14.39,-14.39,-14.51,-14.6,-14.6,-14.6,-14.87,-9.83,-9.83,-15.21,-15.21,-15.21,-15.33,-15.42,-15.42,-15.42,2.79,2.79,2.8,2.8,2.8,2.81,2.81,2.81,2.82,2.82,3.68,3.67,3.66,3.66,3.65,3.64,3.64,3.63,3.62,3.62,53.51,0,1,1,0,0,0,-1,0,None,aggregation
24,167.51,remora0,remora4,-14.83,-14.83,-14.8,-15.02,-15.02,-15.13,-15.13,-15.13,-15.47,-10.4,-15.65,-15.65,-15.62,-15.84,-15.84,-15.96,-15.96,-15.96,-16.29,-11.22,2.82,2.83,2.83,2.84,2.84,2.85,2.85,2.86,2.86,2.86,3.61,3.61,3.6,3.6,3.59,3.59,3.58,3.58,3.57,3.57,68.5,0,1,1,0,0,0,-1,0,None,aggregation
24,168.51,remora0,remora4,-10.4,-10.4,-15.68,-15.66,-15.66,-10.96,-10.96,-10.96,-15.86,-15.85,-11.22,-11.22,-16.5,-16.48,-16.48,-11.78,-11.78,-11.78,-16.68,-16.67,2.87,2.87,2.88,2.88,2.89,2.89,2.9,2.9,2.91,2.91,3.56,3.56,3.56,3.55,3.55,3.55,3.55,3.54,3.54,3.54,82.15,0,1,1,0,0,0,-1,0,None,aggregation
24,169.51,remora0,remora4,-15.85,-16.06,-16.06,-11.54,-11.54,-16.39,-16.39,-16.39,-16.39,-22.31,-16.67,-16.89,-16.89,-12.36,-12.36,-17.21,-17.21,-17.21,-17.21,-23.14,2.92,2.93,2.93,2.94,2.94,2.95,2.95,2.96,2.97,2.98,3.54,3.54,3.53,3.53,3.53,3.53,3.53,3.53,3.53,3.53,98.45,0,1,1,0,0,0,-1,0,None,aggregation
24,170.51,remora0,remora4,-22.31,-16.78,-16.78,-17.09,-17.09,-17.09,-17.09,-12.74,-12.74,-17.42,-23.14,-17.61,-17.61,-17.91,-17.91,-17.91,-17.91,-13.56,-13.56,-18.24,2.98,2.99,3,3.01,3.02,3.03,3.03,3.04,3.05,3.05,3.53,3.53,3.53,3.54,3.54,3.54,3.54,3.55,3.55,3.56,115.57,0,0,1,0,0,0,-1,0,None,aggregation
24,171.51,remora0,remora4,-13.09,-13.09,-13.02,-12.96,-12.96,-12.96,-17.15,-17.15,-17.15,0,-13.91,-13.91,-13.84,-13.78,-13.78,-13.78,-17.97,-17.97,-17.97,0,3.06,3.07,3.07,3.08,3.08,3.09,3.09,3.1,3.11,3.11,3.56,3.56,3.57,3.57,3.57,3.58,3.58,3.59,3.59,3.59,128.9,0,0,1,0,0,0,-1,0,None,aggregation
24,172.51,remora0,remora4,0,0,0,23.51,23.51,23.51,18.81,18.81,23.2,23.2,0,0,0,23.85,23.85,23.85,19.27,19.27,23.56,23.56,3.11,3.11,3.1,3.09,3.08,3.07,3.06,3.06,3.05,3.04,3.59,3.59,3.59,3.58,3.57,3.57,3.56,3.56,3.55,3.55,142.1,0,0,1,0,0,0,-1,0,None,aggregation
24,173.51,remora0,remora4,18.53,18.53,23.03,23.03,18.24,18.24,22.86,22.86,21.22,22.68,18.99,18.99,23.39,23.39,18.72,18.72,23.22,23.22,21.62,23.05,3.03,3.02,3.02,3.01,3,2.99,2.99,2.98,2.97,2.96,3.54,3.54,3.53,3.53,3.52,3.52,3.51,3.51,3.5,3.5,151.94,0,1,1,0,0,0,-1,0,None,aggregation
24,174.51,remora0,remora4,22.68,22.68,17.77,17.77,0,0,0,0,0,22.46,23.05,23.05,18.25,18.25,0,0,0,0,0,22.84,2.96,2.95,2.94,2.94,2.93,2.93,2.93,2.93,2.93,2.92,3.5,3.49,3.49,3.49,3.48,3.48,3.48,3.48,3.48,3.48,150.33,0,1,1,0,0,0,-1,0,None,aggregation
24,175.51,remora0,remora4,22.46,17.14,17.14,17.14,28.48,28.48,28.48,21.95,21.95,21.95,22.84,17.63,17.63,17.63,28.64,28.64,28.64,22.34,22.34,22.34,2.92,2.91,2.9,2.9,2.89,2.89,2.88,2.88,2.87,2.86,3.47,3.47,3.47,3.47,3.46,3.46,3.46,3.45,3.45,3.45,158.99,0,1,1,0,0,0,-1,0,None,aggregation
24,176.51,remora0,remora4,9.75,9.75,15.88,21.9,21.9,21.73,21.73,16.16,16.16,16.16,10.39,10.39,16.41,22.29,22.29,22.13,22.13,16.68,16.68,16.68,2.86,2.86,2.86,2.85,2.85,2.84,2.84,2.83,2.83,2.83,3.45,3.45,3.44,3.44,3.44,3.44,3.44,3.44,3.43,3.43,162.59,0,1,1,0,0,0,-1,0,None,aggregation
24,177.51,remora0,remora4,16.16,8.27,8.27,8.28,8.28,8.28,15.74,14.69,14.69,14.68,16.68,8.94,8.94,8.95,8.95,8.95,16.27,15.24,15.24,15.23,2.82,2.82,2.82,2.82,2.81,2.81,2.8,2.8,2.79,2.79,3.43,3.43,3.43,3.43,3.43,3.43,3.42,3.42,3.42,3.42,159.64,0,1,1,0,0,0,-1,0,None,aggregation
24,178.51,remora0,remora4,14.68,21.57,21.57,15.8,15.8,15.8,15.03,15.03,15.03,15.9,15.23,21.97,21.97,16.33,16.33,16.33,15.57,15.57,15.57,16.42,2.78,2.78,2.77,2.76,2.76,2.75,2.75,2.74,2.73,2.73,3.42,3.41,3.41,3.41,3.41,3.4,3.4,3.4,3.4,3.39,162.87,0,1,1,0,0,0,-1,0,None,aggregation
24,179.51,remora0,remora4,15.9,21.91,21.91,15.37,15.37,15.37,8.19,8.47,8.47,8.47,16.42,22.3,22.3,15.91,15.91,15.91,8.86,9.13,9.13,9.13,2.72,2.72,2.71,2.7,2.7,2.69,2.68,2.68,2.67,2.67,3.39,3.39,3.39,3.39,3.38,3.38,3.38,3.38,3.37,3.37,160.78,0,1,1,0,0,0,-1,0,None,aggregation
24,180.51,remora0,remora4,16.13,16.13,9.02,16.44,16.44,16.44,22.67,22.67,16.79,16.78,16.64,16.64,9.67,16.96,16.96,16.96,23.04,23.04,17.3,17.28,2.67,2.66,2.65,2.65,2.64,2.64,2.63,2.62,2.62,2.61,3.37,3.37,3.37,3.37,3.36,3.36,3.36,3.36,3.35,3.35,160.86,0,1,1,0,0,0,-1,0,None,aggregation
24,181.51,remora0,remora4,16.78,16.78,16.78,16.77,22.72,9.05,9.05,9.05,17.1,17.1,17.28,17.28,17.28,17.27,23.09,9.7,9.7,9.7,17.6,17.6,2.6,2.6,2.59,2.59,2.58,2.57,2.56,2.56,2.56,2.55,3.35,3.35,3.35,3.34,3.34,3.34,3.34,3.34,3.34,3.33,162.92,0,1,1,0,0,0,-1,0,None,aggregation
24,182.51,remora0,remora4,17.09,17.09,17.27,16.74,16.74,16.74,16.74,17.41,17.41,17.41,17.59,17.59,17.77,17.24,17.24,17.24,17.24,17.9,17.9,17.9,2.54,2.54,2.53,2.53,2.52,2.51,2.51,2.5,2.49,2.48,3.33,3.33,3.33,3.33,3.33,3.32,3.32,3.32,3.32,3.32,164.65,0,1,1,0,0,0,-1,0,None,aggregation
24,183.51,remora0,remora4,9.11,23.24,23.24,23.24,23.24,9.22,9.22,9.22,23.19,23.19,9.76,23.59,23.59,23.59,23.59,9.87,9.87,9.87,23.55,23.55,2.48,2.47,2.47,2.46,2.45,2.44,2.44,2.43,2.43,2.42,3.31,3.31,3.31,3.31,3.31,3.31,3.3,3.3,3.3,3.31,161.37,0,1,1,0,0,0,-1,0,None,aggregation
24,184.51,remora0,remora4,23.22,23.22,23.22,22.98,22.98,22.98,23.01,23.01,22.82,22.82,23.57,23.57,23.57,23.34,23.34,23.34,23.37,23.37,23.19,23.19,2.41,2.4,2.4,2.39,2.38,2.37,2.37,2.36,2.35,2.34,3.32,3.32,3.33,3.34,3.35,3.35,3.36,3.37,3.38,3.39,174.14,0,1,1,0,0,0,-1,0,None,aggregation
24,185.51,remora0,remora4,22.61,16.31,16.31,16.31,16.1,22.32,22.32,22.11,22.11,15.72,22.98,16.83,16.83,16.83,16.62,22.7,22.7,22.49,22.49,16.24,2.34,2.33,2.32,2.32,2.31,2.31,2.3,2.3,2.29,2.28,3.39,3.4,3.41,3.42,3.43,3.44,3.45,3.46,3.47,3.48,170.89,0,1,1,0,0,0,-1,0,None,aggregation
24,186.51,remora0,remora4,15.72,15.72,21.61,21.4,21.4,21.01,21.01,20.79,20.79,20.39,16.24,16.24,22.01,21.8,21.8,21.42,21.42,21.21,21.21,20.82,2.28,2.27,2.27,2.27,2.26,2.26,2.25,2.25,2.25,2.24,3.49,3.5,3.5,3.5,3.51,3.51,3.5,3.49,3.49,3.48,173.73,0,1,1,0,0,0,-1,0,None,aggregation
24,187.51,remora0,remora4,20.39,19.97,19.97,19.97,19.97,12.98,12.98,18.67,18.67,18.3,20.82,20.41,20.41,20.41,20.41,13.56,13.56,19.14,19.14,18.77,2.24,2.24,2.24,2.23,2.23,2.23,2.23,2.23,2.23,2.22,3.47,3.46,3.46,3.45,3.44,3.43,3.42,3.42,3.41,3.4,180.12,0,1,1,0,0,0,-1,0,None,aggregation
24,188.51,remora0,remora4,18.3,0,0,0,0,0,0,0,0,0,18.77,0,0,0,0,0,0,0,0,0,2.22,2.22,2.22,2.22,2.22,2.22,2.22,2.22,2.22,2.22,3.39,3.39,3.38,3.37,3.36,3.35,3.34,3.33,3.32,3.31,165.1,0,1,1,0,0,0,-1,0,None,aggregation
24,189.51,remora0,remora4,0,0,0,0,0,0,0,0,0,0,0,0,0,0,0,0,0,0,0,0,2.22,2.22,2.22,2.22,2.22,2.22,2.22,2.22,2.22,2.22,3.3,3.29,3.28,3.27,3.26,3.25,3.24,3.23,3.22,3.21,150.88,0,1,1,0,0,0,-1,0,None,aggregation
24,190.51,remora0,remora4,0,0,0,0,0,0,0,0,0,0,0,0,0,0,0,0,0,0,0,0,2.22,2.22,2.22,2.22,2.22,2.22,2.22,2.22,2.22,2.22,3.2,3.19,3.18,3.17,3.16,3.15,3.14,3.13,3.12,3.11,133.68,0,1,1,0,0,0,-1,0,None,aggregation
24,191.51,remora0,remora4,0,0,0,0,0,0,0,0,0,0,0,0,0,0,0,0,0,0,0,0,2.22,2.22,2.22,2.22,2.22,2.22,2.22,2.22,2.22,2.22,3.1,3.09,3.08,3.08,3.07,3.06,3.05,3.04,3.03,3.02,118.29,0,1,1,0,0,0,-1,0,None,aggregation
24,192.51,remora0,remora4,0,0,0,0,0,0,0,0,0,0,0,0,0,0,0,0,0,0,0,0,2.21,2.21,2.21,2.21,2.21,2.21,2.21,2.21,2.21,2.21,3.01,3.01,3,2.99,2.98,2.97,2.97,2.96,2.95,2.94,100.98,0,1,1,0,0,0,-1,0,None,aggregation
24,193.51,remora0,remora4,0,0,0,0,0,0,0,0,0,0,0,0,0,0,0,0,0,0,0,0,2.21,2.21,2.21,2.21,2.21,2.21,2.21,2.21,2.21,2.21,2.93,2.93,2.92,2.91,2.9,2.9,2.89,2.88,2.88,2.88,83.13,0,1,1,0,0,0,-1,0,None,aggregation
24,194.51,remora0,remora4,0,0,0,0,0,0,0,0,0,0,0,0,0,0,0,0,0,0,0,0,2.21,2.21,2.21,2.21,2.21,2.21,2.21,2.21,2.21,2.21,2.88,2.88,2.88,2.88,2.88,2.88,2.88,2.88,2.88,2.88,59.93,0,1,1,0,0,0,-1,0,None,aggregation
24,195.51,remora0,remora4,0,0,0,0,-7.29,-7.38,-7.38,-7.47,-7.47,-7.65,0,0,0,0,-8.11,-8.2,-8.2,-8.29,-8.29,-8.47,2.21,2.22,2.22,2.22,2.22,2.22,2.22,2.23,2.23,2.23,2.88,2.88,2.88,2.88,2.88,2.88,2.88,2.88,2.89,2.89,45.19,0,1,1,0,0,0,-1,0,None,aggregation
24,196.51,remora0,remora4,-7.65,-11.84,-11.84,-12.08,-12.08,-8.27,-8.27,-8.35,-8.35,-8.53,-8.47,-12.66,-12.66,-12.91,-12.91,-9.09,-9.09,-9.17,-9.17,-9.35,2.24,2.24,2.25,2.25,2.26,2.27,2.27,2.28,2.28,2.29,2.89,2.89,2.89,2.9,2.9,2.9,2.9,2.91,2.91,2.91,35.13,0,1,0,0,0,0,-1,0,None,aggregation
24,197.51,remora0,remora4,-8.53,-8.81,-8.81,-8.89,-8.89,-9.07,-9.07,-9.25,-9.25,-9.42,-9.35,-9.63,-9.63,-9.71,-9.71,-9.89,-9.89,-10.07,-10.07,-10.24,2.3,2.3,2.31,2.32,2.33,2.34,2.35,2.36,2.37,2.38,2.92,2.92,2.92,2.93,2.93,2.93,2.94,2.94,2.95,2.95,26.11,0,1,0,0,0,0,-1,0,None,aggregation
24,198.51,remora0,remora4,-9.42,-9.42,-9.59,-9.85,-9.85,-9.85,-10.02,-10.28,-10.28,-10.45,-10.24,-10.24,-10.42,-10.67,-10.67,-10.67,-10.84,-11.11,-11.11,-11.27,2.39,2.4,2.41,2.43,2.44,2.45,2.47,2.48,2.5,2.51,2.96,2.96,2.97,2.98,2.98,2.99,2.99,3,3.01,3.02,34.57,0,1,0,0,0,0,-1,0,None,aggregation
24,199.51,remora0,remora4,-10.45,-10.62,-10.62,-10.78,-10.78,-10.78,-10.94,-10.94,-11.1,-11.34,-11.27,-11.44,-11.44,-11.6,-11.6,-11.6,-11.76,-11.76,-11.92,-12.16,2.53,2.54,2.56,2.58,2.6,2.61,2.63,2.65,2.67,2.69,3.02,3.03,3.04,3.05,3.06,3.07,3.08,3.09,3.09,3.1,45.82,0,1,1,0,0,0,-1,0,None,aggregation
24,200.51,remora0,remora4,-11.34,-11.59,-11.59,-11.59,-11.75,-11.75,-11.9,-12.05,-12.05,-17.7,-12.16,-12.42,-12.42,-12.42,-12.57,-12.57,-12.72,-12.87,-12.87,-18.52,2.71,2.74,2.76,2.78,2.8,2.83,2.85,2.87,2.9,2.93,3.11,3.12,3.14,3.15,3.16,3.17,3.19,3.2,3.22,3.24,58.56,0,1,1,0,0,0,-1,0,None,aggregation
24,201.51,remora0,remora4,-17.7,-12.04,-12.04,-12.04,-18.35,-12.39,-12.39,-18.76,-18.76,-19.08,-18.52,-12.86,-12.86,-12.86,-19.17,-13.21,-13.21,-19.58,-19.58,-19.9,2.95,2.98,3.01,3.04,3.07,3.1,3.13,3.16,3.19,3.22,3.26,3.28,3.3,3.32,3.34,3.36,3.38,3.4,3.42,3.44,74.32,0,0,1,0,0,0,-1,0,None,aggregation
24,202.51,remora0,remora4,-19.08,-19.08,-7.72,-19.48,-19.48,-12.82,-12.82,-12.82,-19,-20.15,-19.9,-19.9,-8.54,-20.3,-20.3,-13.64,-13.64,-13.64,-19.82,-20.98,3.26,3.3,3.32,3.35,3.39,3.42,3.46,3.49,3.52,3.56,3.46,3.49,3.5,3.52,3.55,3.57,3.59,3.61,3.64,3.66,90.98,0,0,1,0,0,0,-1,0,None,aggregation
24,203.51,remora0,remora4,-20.15,-12.97,-12.97,-7.15,-7.15,-7.15,-20.7,-20.7,-19.72,-19.65,-20.98,-13.8,-13.8,-7.97,-7.97,-7.97,-21.52,-21.52,-20.54,-20.47,3.6,3.63,3.67,3.7,3.73,3.77,3.8,3.82,3.82,3.83,3.68,3.7,3.73,3.75,3.77,3.79,3.81,3.83,3.85,3.87,106.22,0,0,1,0,0,0,-1,0,None,aggregation
24,204.51,remora0,remora4,-19.65,-20.08,-20.08,-20.01,-20.01,-20.01,-13.06,-20.36,-20.36,-20.36,-20.47,-20.9,-20.9,-20.84,-20.84,-20.84,-13.88,-21.18,-21.18,-21.18,3.83,3.82,3.82,3.82,3.81,3.79,3.78,3.77,3.77,3.76,3.89,3.9,3.92,3.94,3.95,3.96,3.97,3.99,4.01,4.03,126.03,0,0,1,0,0,0,-1,0,None,aggregation
24,205.51,remora0,remora4,-7.21,-7.1,-7.1,-20.22,-20.22,-7.2,-7.2,-7.2,-7.35,-7.35,-8.03,-7.92,-7.92,-21.04,-21.04,-8.02,-8.02,-8.02,-8.17,-8.17,3.76,3.76,3.75,3.74,3.73,3.72,3.71,3.7,3.7,3.69,4.04,4.06,4.07,4.08,4.09,4.11,4.12,4.13,4.14,4.16,131.55,0,0,1,0,0,0,-1,0,None,aggregation
24,206.51,remora0,remora4,-7.54,-13.45,-13.45,-13.53,-13.53,-19.88,-19.88,-19.85,-19.85,-19.85,-8.36,-14.27,-14.27,-14.35,-14.35,-20.71,-20.71,-20.67,-20.67,-20.67,3.69,3.68,3.67,3.67,3.66,3.66,3.65,3.64,3.64,3.63,4.17,4.18,4.19,4.21,4.22,4.24,4.25,4.27,4.29,4.31,137.9,0,0,1,0,0,0,-1,0,None,aggregation
24,207.51,remora0,remora4,-19.85,-19.82,-19.82,-14.11,-14.11,-9.13,-9.13,-9.35,-9.35,0,-20.67,-20.64,-20.64,-14.93,-14.93,-9.95,-9.95,-10.17,-10.17,0,3.62,3.62,3.62,3.61,3.61,3.61,3.6,3.6,3.6,3.6,4.32,4.34,4.36,4.38,4.4,4.42,4.43,4.45,4.46,4.48,141.33,0,0,1,0,0,0,-1,0,None,aggregation
24,208.51,remora0,remora4,0,0,30,30,0,0,19.14,19.13,19.13,19.14,0,0,30,30,0,0,19.6,19.59,19.59,19.59,3.6,3.59,3.59,3.59,3.59,3.59,3.59,3.58,3.58,3.58,4.5,4.51,4.51,4.51,4.52,4.53,4.54,4.54,4.55,4.55,144.76,0,0,1,0,0,0,-1,0,None,aggregation
24,209.51,remora0,remora4,19.14,19.14,19.14,27.36,27.36,27.36,18.99,18.99,11.56,0,19.59,19.6,19.6,27.57,27.57,27.57,19.45,19.45,12.17,0,3.58,3.58,3.58,3.58,3.57,3.57,3.57,3.56,3.56,3.56,4.56,4.56,4.57,4.57,4.58,4.58,4.58,4.59,4.6,4.61,152.59,0,0,1,0,0,0,-1,0,None,aggregation
24,210.51,remora0,remora4,0,0,0,0,0,0,0,12.36,12.36,12.37,0,0,0,0,0,0,0,12.95,12.95,12.96,3.56,3.56,3.55,3.55,3.55,3.55,3.55,3.55,3.55,3.55,4.62,4.63,4.65,4.66,4.67,4.69,4.7,4.71,4.72,4.73,143.65,0,0,1,0,0,0,-1,0,None,aggregation
24,211.51,remora0,remora4,12.37,19.44,19.44,19.44,19.43,27.36,27.36,19.42,19.42,27.36,12.96,19.89,19.89,19.89,19.88,27.58,27.58,19.87,19.87,27.58,3.54,3.54,3.54,3.53,3.53,3.53,3.53,3.52,3.52,3.51,4.74,4.75,4.75,4.76,4.76,4.76,4.77,4.77,4.77,4.77,149.18,0,0,1,0,0,0,-1,0,None,aggregation
24,212.51,remora0,remora4,27.36,27.36,27.36,27.36,0,0,0,0,13.1,13.1,27.58,27.57,27.57,27.57,0,0,0,0,13.68,13.68,3.51,3.51,3.5,3.5,3.49,3.49,3.49,3.48,3.48,3.47,4.77,4.78,4.78,4.78,4.79,4.8,4.81,4.82,4.83,4.84,146.19,0,0,1,0,0,0,-1,0,None,aggregation
24,213.51,remora0,remora4,27.37,27.37,19.66,19.65,19.65,19.63,19.63,19.63,27.37,19.46,27.58,27.58,20.1,20.09,20.09,20.08,20.08,20.08,27.59,19.91,3.47,3.46,3.46,3.46,3.45,3.45,3.45,3.45,3.44,3.44,4.84,4.84,4.84,4.85,4.85,4.86,4.86,4.87,4.87,4.87,153.08,0,0,1,0,0,0,-1,0,None,aggregation
24,214.51,remora0,remora4,19.46,19.31,19.31,19.31,19.3,27.37,27.37,19.44,19.44,19.43,19.91,19.76,19.76,19.76,19.75,27.58,27.58,19.89,19.89,19.88,3.44,3.44,3.43,3.43,3.42,3.42,3.41,3.41,3.4,3.4,4.87,4.88,4.88,4.89,4.89,4.89,4.89,4.89,4.9,4.9,154.44,0,0,1,0,0,0,-1,0,None,aggregation
24,215.51,remora0,remora4,19.43,19.43,19.43,27.37,27.37,19.56,19.56,19.56,19.56,27.36,19.88,19.88,19.88,27.58,27.58,20.01,20.01,20.01,20.01,27.58,3.39,3.38,3.38,3.37,3.36,3.36,3.35,3.35,3.34,3.34,4.9,4.91,4.91,4.91,4.91,4.91,4.91,4.92,4.92,4.92,166.27,0,0,1,0,0,0,-1,0,None,aggregation
24,216.51,remora0,remora4,27.36,27.36,27.36,27.36,27.36,0,0,0,0,19.82,27.58,27.58,27.58,27.57,27.57,0,0,0,0,20.26,3.33,3.32,3.32,3.31,3.3,3.29,3.29,3.29,3.28,3.28,4.92,4.92,4.92,4.92,4.92,4.92,4.92,4.92,4.92,4.91,165.52,0,0,1,0,0,0,-1,0,None,aggregation
24,217.51,remora0,remora4,19.82,19.96,19.96,14.39,14.39,14.39,0,0,0,20.41,20.26,20.4,20.4,14.95,14.95,14.95,0,0,0,20.83,3.28,3.27,3.26,3.26,3.25,3.24,3.24,3.24,3.24,3.23,4.9,4.87,4.85,4.83,4.8,4.78,4.77,4.75,4.74,4.73,165.18,0,0,1,0,0,0,-1,0,None,aggregation
24,218.51,remora0,remora4,20.41,15.5,15.5,0,0,0,0,21.01,21.01,16.57,20.83,16.03,16.03,0,0,0,0,21.42,21.42,17.08,3.23,3.22,3.22,3.21,3.21,3.21,3.2,3.2,3.2,3.19,4.71,4.68,4.66,4.64,4.62,4.61,4.6,4.58,4.56,4.54,162.58,0,0,1,0,0,0,-1,0,None,aggregation
24,219.51,remora0,remora4,16.57,0,0,0,0,21.59,21.59,0,0,0,17.08,0,0,0,0,21.98,21.98,0,0,0,3.19,3.18,3.18,3.18,3.18,3.18,3.17,3.16,3.16,3.16,4.52,4.5,4.48,4.47,4.46,4.45,4.42,4.4,4.39,4.38,149.54,0,0,1,0,0,0,-1,0,None,aggregation
24,220.51,remora0,remora4,0,17.94,17.94,22.17,22.17,28.02,28.02,22.31,22.31,18.58,0,18.42,18.42,22.56,22.56,28.21,28.21,22.68,22.68,19.04,3.16,3.16,3.16,3.15,3.15,3.14,3.13,3.12,3.11,3.11,4.37,4.36,4.34,4.32,4.3,4.28,4.25,4.22,4.2,4.18,165.85,0,0,1,0,0,0,-1,0,None,aggregation
24,221.51,remora0,remora4,18.58,18.57,18.57,18.89,18.89,18.89,0,0,0,28.17,19.04,19.04,19.04,19.35,19.35,19.35,0,0,0,28.35,3.1,3.1,3.09,3.08,3.08,3.07,3.07,3.08,3.08,3.08,4.15,4.13,4.11,4.09,4.08,4.07,4.07,4.07,4.07,4.07,158.76,0,0,1,0,0,0,-1,0,None,aggregation
24,222.51,remora0,remora4,28.17,19.85,19.85,19.85,20.15,20.14,20.14,21.42,21.42,23.42,28.35,20.29,20.29,20.29,20.59,20.57,20.57,21.82,21.82,23.77,3.07,3.07,3.06,3.05,3.05,3.04,3.03,3.03,3.02,3.01,4.06,4.05,4.03,4.02,4.01,4,3.99,3.98,3.97,3.96,166.73,0,0,1,0,0,0,-1,0,None,aggregation
24,223.51,remora0,remora4,23.42,23.42,23.56,23.56,23.56,23.56,23.69,23.69,21.63,21.28,23.77,23.77,23.91,23.91,23.9,23.9,24.03,24.03,22.02,21.69,3.01,3,2.99,2.98,2.98,2.97,2.96,2.95,2.95,2.94,3.95,3.93,3.92,3.91,3.89,3.88,3.87,3.86,3.84,3.83,167.92,0,1,1,0,0,0,-1,0,None,aggregation
24,224.51,remora0,remora4,21.28,21.28,23.95,24.08,24.08,21.83,21.83,21.83,21.83,24.32,21.69,21.69,24.28,24.41,24.41,22.22,22.22,22.22,22.22,24.65,2.93,2.93,2.92,2.91,2.9,2.89,2.89,2.88,2.87,2.87,3.82,3.81,3.8,3.79,3.77,3.76,3.75,3.74,3.73,3.71,169.56,0,1,1,0,0,0,-1,0,None,aggregation
24,225.51,remora0,remora4,24.32,24.45,24.45,22.03,22.03,22.36,22.36,22.63,22.63,24,24.65,24.77,24.77,22.41,22.41,22.73,22.73,23,23,24.33,2.86,2.85,2.84,2.83,2.83,2.82,2.81,2.81,2.8,2.79,3.7,3.69,3.68,3.66,3.65,3.64,3.63,3.62,3.6,3.59,170.81,0,1,1,0,0,0,-1,0,None,aggregation
24,226.51,remora0,remora4,24,24,22.88,22.87,22.87,25.18,25.18,25.18,24.18,24.18,24.33,24.33,23.24,23.23,23.23,25.48,25.48,25.48,24.51,24.51,2.79,2.78,2.77,2.76,2.76,2.75,2.74,2.73,2.72,2.72,3.58,3.57,3.56,3.55,3.53,3.52,3.51,3.5,3.48,3.47,179.29,0,1,1,0,0,0,-1,0,None,aggregation
24,227.51,remora0,remora4,23.37,23.37,23.37,22.5,22.5,25.39,25.39,23.07,23.07,22.93,23.72,23.72,23.72,22.87,22.87,25.68,25.68,23.43,23.43,23.29,2.71,2.7,2.69,2.67,2.66,2.64,2.63,2.61,2.6,2.59,3.46,3.45,3.43,3.42,3.4,3.39,3.37,3.36,3.34,3.33,190.46,0,1,1,0,0,0,-1,0,None,aggregation
24,228.51,remora0,remora4,22.93,22.78,22.78,23.79,23.79,22.35,22.35,22.35,22.19,24.87,23.29,23.14,23.14,24.13,24.13,22.72,22.72,22.72,22.57,25.17,2.57,2.56,2.55,2.53,2.52,2.5,2.49,2.48,2.47,2.45,3.31,3.3,3.28,3.27,3.26,3.24,3.23,3.22,3.21,3.2,202.51,0,1,1,0,0,0,-1,0,None,aggregation
24,229.51,remora0,remora4,24.87,24.72,24.72,20.74,20.74,20.55,20.55,20.55,23.24,20.25,25.17,25.03,25.03,21.16,21.16,20.97,20.97,20.97,23.59,20.68,2.44,2.43,2.41,2.4,2.39,2.38,2.37,2.36,2.35,2.34,3.2,3.19,3.18,3.17,3.16,3.15,3.15,3.14,3.13,3.13,218.76,0,1,1,0,0,0,-1,0,None,aggregation
24,230.51,remora0,remora4,20.25,20.05,20.05,23.01,23.01,19.85,19.85,19.64,19.64,22.77,20.68,20.49,20.49,23.37,23.37,20.28,20.28,20.09,20.09,23.13,2.33,2.32,2.31,2.3,2.29,2.28,2.27,2.26,2.25,2.24,3.12,3.11,3.11,3.1,3.1,3.09,3.08,3.08,3.07,3.06,219.66,0,1,1,0,0,0,-1,0,None,aggregation
24,231.51,remora0,remora4,22.77,22.77,19.34,22.66,22.66,18.93,18.93,18.72,18.72,22.41,23.13,23.13,19.79,23.03,23.03,19.39,19.39,19.19,19.19,22.79,2.23,2.22,2.22,2.21,2.2,2.19,2.18,2.18,2.17,2.16,3.06,3.05,3.05,3.04,3.03,3.03,3.02,3.02,3.01,3.01,226.46,0,1,1,0,0,0,-1,0,None,aggregation
24,232.51,remora0,remora4,22.41,17.51,17.51,17.51,17.33,23.18,23.18,23.18,16.58,22.95,22.79,18,18,18,17.83,23.53,23.53,23.53,17.09,23.31,2.16,2.15,2.14,2.14,2.13,2.12,2.12,2.11,2.1,2.1,3,3,2.99,2.99,2.99,2.98,2.98,2.97,2.97,2.97,225.17,0,1,1,0,0,0,-1,0,None,aggregation
24,233.51,remora0,remora4,22.95,22.95,16,15.61,15.61,21.9,21.9,17.17,17.17,21.72,23.31,23.31,16.52,16.14,16.14,22.29,22.29,17.67,17.67,22.12,2.09,2.09,2.08,2.08,2.08,2.07,2.07,2.06,2.06,2.05,2.97,2.96,2.96,2.96,2.96,2.96,2.95,2.95,2.95,2.94,221.38,0,1,1,0,0,0,-1,0,None,aggregation
24,234.51,remora0,remora4,21.72,16.73,16.73,16.73,16.51,16.51,13.41,12.38,12.38,21.06,22.12,17.24,17.24,17.24,17.02,17.02,13.98,12.97,12.97,21.46,2.05,2.04,2.04,2.04,2.05,2.05,2.06,2.07,2.08,2.1,2.94,2.94,2.93,2.94,2.94,2.95,2.95,2.96,2.97,2.97,215.23,0,1,1,0,0,0,-1,0,None,aggregation
24,235.51,remora0,remora4,21.06,15.07,15.07,20.7,20.7,8.75,8.75,13.88,13.88,13.55,21.46,15.61,15.61,21.12,21.12,9.41,9.41,14.44,14.44,14.12,2.11,2.12,2.13,2.15,2.16,2.18,2.2,2.21,2.23,2.25,2.98,2.99,2.99,3,3.01,3.02,3.03,3.04,3.05,3.07,207.33,0,1,1,0,0,0,-1,0,None,aggregation
24,236.51,remora0,remora4,13.55,6.52,6.52,6.09,6.09,5.63,5.63,12.87,12.87,4.49,14.12,7.22,7.22,6.8,6.8,6.34,6.34,13.45,13.45,5.23,2.27,2.29,2.3,2.3,2.32,2.34,2.36,2.38,2.4,2.42,3.07,3.07,3.08,3.08,3.09,3.11,3.12,3.14,3.15,3.16,191.48,0,1,1,0,0,0,-1,0,None,aggregation
24,237.51,remora0,remora4,4.49,12.57,12.57,3.6,3.6,3.16,3.16,2.71,2.71,2.27,5.23,13.16,13.16,4.36,4.36,3.92,3.92,3.48,3.48,3.04,2.44,2.46,2.48,2.51,2.53,2.55,2.57,2.59,2.61,2.63,3.18,3.2,3.2,3.21,3.21,3.22,3.23,3.23,3.25,3.26,173.26,0,1,1,0,0,0,-1,0,None,aggregation
24,238.51,remora0,remora4,2.27,2.27,18.7,18.7,18.62,18.43,18.43,0.45,0.45,0.5,3.04,3.04,19.17,19.17,19.09,18.9,18.9,1.26,1.26,1.31,2.64,2.66,2.68,2.71,2.73,2.76,2.78,2.8,2.81,2.82,3.28,3.29,3.29,3.3,3.31,3.32,3.34,3.35,3.35,3.35,160.26,0,1,1,0,0,0,-1,0,None,aggregation
24,239.51,remora0,remora4,0.5,11.62,11.62,0.08,0.08,18.28,18.28,11.78,11.78,-0.78,1.31,12.23,12.23,0.89,0.89,18.75,18.75,12.38,12.38,0.04,2.84,2.86,2.88,2.9,2.92,2.94,2.96,2.98,3,3.02,3.37,3.38,3.39,3.4,3.41,3.43,3.45,3.45,3.46,3.47,146.7,0,1,1,0,0,0,-1,0,None,aggregation
24,240.51,remora0,remora4,-0.78,-0.72,-0.72,-0.67,-0.67,0,0,0,0,0,0.04,0.1,0.1,0.16,0.16,0,0,0,0,0,3.03,3.05,3.06,3.07,3.09,3.1,3.11,3.13,3.14,3.17,3.48,3.5,3.51,3.51,3.52,3.53,3.53,3.54,3.54,3.56,125.83,0,0,1,0,0,0,-1,0,None,aggregation
24,241.51,remora0,remora4,18.75,12,12,12,26.47,11.92,11.92,11.92,11.92,11.92,19.21,12.6,12.6,12.6,26.72,12.53,12.53,12.53,12.52,12.52,3.19,3.21,3.22,3.23,3.24,3.25,3.24,3.22,3.21,3.19,3.57,3.58,3.59,3.58,3.59,3.6,3.59,3.57,3.55,3.53,119.19,0,0,1,0,0,0,-1,0,None,aggregation
24,242.51,remora0,remora4,11.93,11.93,21.05,21.09,21.09,21.09,12,12,11.97,-1.2,12.53,12.53,21.46,21.5,21.5,21.5,12.6,12.6,12.57,-0.38,3.17,3.16,3.15,3.13,3.12,3.1,3.09,3.07,3.06,3.04,3.52,3.52,3.51,3.49,3.48,3.48,3.46,3.44,3.42,3.41,113.57,0,0,1,0,0,0,-1,0,None,aggregation
24,243.51,remora0,remora4,-1.2,-1.27,-1.27,21.3,21.3,21.3,21.3,-0.41,-0.41,0.06,-0.38,-0.44,-0.44,21.7,21.7,21.7,21.7,0.41,0.41,0.87,3.02,3,2.98,2.95,2.94,2.92,2.9,2.89,2.87,2.84,3.4,3.39,3.38,3.37,3.35,3.33,3.31,3.29,3.28,3.27,102.94,0,1,1,0,0,0,-1,0,None,aggregation
24,124.51,remora0,remora5,13.02,13.02,13.02,13.02,13.02,13.21,13.21,13.21,13.41,13.41,12.43,12.43,12.43,12.43,12.42,12.62,12.62,12.62,12.83,12.83,2.33,2.33,2.33,2.33,2.32,2.32,2.32,2.32,2.31,2.31,4.26,4.26,4.26,4.25,4.25,4.25,4.25,4.25,4.25,4.25,80.47,0,1,1,0,0,0,-1,0,None,aggregation
24,125.51,remora0,remora5,13.41,13.19,13.19,13.4,13.4,13.8,13.8,13.98,13.98,13.98,12.83,12.61,12.61,12.82,12.82,13.22,13.22,13.41,13.41,13.41,2.31,2.31,2.3,2.3,2.3,2.29,2.29,2.29,2.28,2.28,4.24,4.24,4.23,4.23,4.22,4.21,4.21,4.2,4.2,4.19,90.32,0,1,1,0,0,0,-1,0,None,aggregation
24,126.51,remora0,remora5,13.98,14.19,14.19,14.17,14.17,14.17,14.36,14.56,14.56,14.74,13.41,13.62,13.62,13.61,13.61,13.61,13.79,14,14,14.18,2.28,2.27,2.27,2.27,2.26,2.26,2.26,2.25,2.25,2.25,4.18,4.18,4.17,4.17,4.16,4.15,4.15,4.14,4.14,4.13,103.36,0,1,1,0,0,0,-1,0,None,aggregation
24,127.51,remora0,remora5,14.74,14.73,14.73,14.73,14.73,14.73,14.72,14.72,14.72,14.71,14.18,14.18,14.18,14.17,14.17,14.17,14.16,14.16,14.16,14.15,2.24,2.24,2.23,2.23,2.23,2.22,2.22,2.22,2.21,2.21,4.12,4.12,4.11,4.11,4.1,4.09,4.09,4.08,4.08,4.07,113.83,0,1,1,0,0,0,-1,0,None,aggregation
24,128.51,remora0,remora5,14.71,14.7,14.7,15.08,15.08,15.46,15.46,15.65,15.65,15.65,14.15,14.14,14.14,14.53,14.53,14.92,14.92,15.11,15.11,15.11,2.2,2.2,2.19,2.19,2.19,2.18,2.18,2.17,2.17,2.16,4.06,4.06,4.05,4.05,4.04,4.03,4.03,4.02,4.01,4.01,121.8,0,1,1,0,0,0,-1,0,None,aggregation
24,129.51,remora0,remora5,15.65,15.64,15.64,15.63,15.63,15.63,15.63,15.8,15.8,16.17,15.11,15.1,15.1,15.09,15.09,15.09,15.09,15.26,15.26,15.64,2.16,2.16,2.15,2.15,2.14,2.14,2.13,2.13,2.12,2.12,4,4,3.99,3.98,3.98,3.97,3.96,3.96,3.95,3.94,128.57,0,1,1,0,0,0,-1,0,None,aggregation
24,130.51,remora0,remora5,16.17,16.53,16.53,16.71,16.71,16.71,16.71,16.51,16.51,16.51,15.64,16.01,16.01,16.2,16.2,16.19,16.19,15.99,15.99,15.99,2.11,2.1,2.1,2.09,2.09,2.08,2.08,2.07,2.07,2.06,3.94,3.93,3.92,3.91,3.91,3.9,3.89,3.89,3.88,3.87,135.27,0,1,1,0,0,0,-1,0,None,aggregation
24,131.51,remora0,remora5,16.32,16.31,16.31,16.31,16.49,16.49,16.67,16.66,16.66,16.66,15.8,15.79,15.79,15.79,15.96,15.96,16.15,16.14,16.14,16.14,2.06,2.05,2.05,2.04,2.03,2.03,2.02,2.02,2.01,2,3.87,3.86,3.85,3.84,3.84,3.83,3.82,3.82,3.81,3.8,141.2,0,1,1,0,0,0,-1,0,None,aggregation
24,132.51,remora0,remora5,16.65,16.82,16.82,16.82,17,16.99,16.99,17.01,17.01,17.01,16.13,16.31,16.31,16.31,16.49,16.48,16.48,16.5,16.5,16.5,2,1.99,1.99,1.98,1.97,1.97,1.96,1.95,1.95,1.94,3.79,3.79,3.78,3.77,3.76,3.76,3.75,3.74,3.73,3.72,146.39,0,1,1,0,0,0,-1,0,None,aggregation
24,133.51,remora0,remora5,17.34,17.34,17.33,17.33,17.33,17.31,17.31,17.31,17.28,17.28,16.83,16.83,16.82,16.82,16.82,16.8,16.8,16.8,16.78,16.78,1.93,1.93,1.92,1.91,1.91,1.9,1.9,1.89,1.88,1.88,3.72,3.71,3.7,3.69,3.68,3.68,3.67,3.66,3.65,3.64,151.3,0,1,1,0,0,0,-1,0,None,aggregation
24,134.51,remora0,remora5,17.3,17.3,17.64,17.64,17.99,18.33,18.33,18.33,18.46,18.46,16.79,16.79,17.14,17.14,17.5,17.85,17.85,17.85,17.98,17.98,1.87,1.86,1.85,1.85,1.84,1.83,1.83,1.82,1.81,1.8,3.64,3.63,3.62,3.61,3.6,3.6,3.59,3.58,3.57,3.56,156.17,0,1,1,0,0,0,-1,0,None,aggregation
24,135.51,remora0,remora5,18.83,18.83,19.16,19.16,19.16,19.31,19.31,19.31,18.96,18.96,18.36,18.36,18.7,18.7,18.7,18.85,18.85,18.85,18.49,18.49,1.8,1.79,1.78,1.78,1.77,1.76,1.75,1.74,1.74,1.73,3.55,3.54,3.53,3.53,3.52,3.51,3.5,3.49,3.48,3.47,161.71,0,1,1,0,0,0,-1,0,None,aggregation
24,136.51,remora0,remora5,19.13,19.28,19.28,19.4,19.4,19.4,19.6,19.59,19.59,19.63,18.66,18.82,18.82,18.94,18.94,18.94,19.14,19.13,19.13,19.17,1.72,1.71,1.71,1.7,1.69,1.68,1.67,1.66,1.66,1.65,3.46,3.46,3.45,3.44,3.43,3.42,3.41,3.4,3.39,3.38,166.89,0,1,1,0,0,0,-1,0,None,aggregation
24,137.51,remora0,remora5,19.63,19.63,19.57,19.73,19.73,19.73,19.88,19.88,20.04,20.2,19.17,19.17,19.11,19.28,19.28,19.28,19.43,19.43,19.59,19.76,1.64,1.63,1.62,1.61,1.61,1.6,1.59,1.58,1.57,1.56,3.37,3.36,3.35,3.34,3.34,3.32,3.32,3.3,3.3,3.29,172.02,0,1,1,0,0,0,-1,0,None,aggregation
24,138.51,remora0,remora5,20.2,20.34,20.34,20.53,20.53,0,0,0,0,0,19.76,19.91,19.91,20.1,20.1,0,0,0,0,0,1.56,1.55,1.54,1.53,1.52,1.52,1.52,1.52,1.52,1.52,3.28,3.27,3.26,3.25,3.24,3.23,3.23,3.23,3.22,3.22,167.16,0,1,1,0,0,0,-1,0,None,aggregation
24,139.51,remora0,remora5,0,0,0,0,0,0,0,0,0,0,0,0,0,0,0,0,0,0,0,0,1.52,1.52,1.52,1.52,1.52,1.52,1.51,1.51,1.51,1.51,3.22,3.22,3.21,3.21,3.21,3.21,3.2,3.2,3.2,3.2,151.71,0,1,1,0,0,0,-1,0,None,aggregation
24,140.51,remora0,remora5,0,0,0,0,0,0,0,0,0,0,0,0,0,0,0,0,0,0,0,0,1.51,1.51,1.51,1.51,1.51,1.51,1.51,1.51,1.51,1.51,3.2,3.19,3.19,3.19,3.19,3.19,3.18,3.18,3.18,3.18,135.41,0,1,1,0,0,0,-1,0,None,aggregation
24,141.51,remora0,remora5,0,0,0,0,0,0,0,0,0,0,0,0,0,0,0,0,0,0,0,0,1.51,1.51,1.51,1.51,1.51,1.51,1.51,1.51,1.51,1.51,3.18,3.18,3.18,3.17,3.17,3.17,3.17,3.17,3.17,3.17,119.18,0,1,1,0,0,0,-1,0,None,aggregation
24,142.51,remora0,remora5,0,0,0,0,0,0,0,0,0,0,0,0,0,0,0,0,0,0,0,0,1.52,1.52,1.52,1.52,1.52,1.52,1.52,1.52,1.52,1.52,3.17,3.17,3.17,3.16,3.16,3.16,3.16,3.16,3.16,3.16,102.52,0,1,1,0,0,0,-1,0,None,aggregation
24,143.51,remora0,remora5,0,0,0,0,0,0,0,0,0,0,0,0,0,0,0,0,0,0,0,0,1.52,1.52,1.52,1.52,1.52,1.52,1.52,1.52,1.52,1.52,3.16,3.16,3.16,3.16,3.16,3.16,3.16,3.16,3.16,3.16,85.46,0,1,1,0,0,0,-1,0,None,aggregation
24,144.51,remora0,remora5,0,0,0,0,0,0,0,0,0,0,0,0,0,0,0,0,0,0,0,0,1.52,1.52,1.52,1.52,1.52,1.52,1.52,1.52,1.52,1.52,3.16,3.16,3.16,3.16,3.16,3.16,3.16,3.16,3.16,3.16,67.73,0,1,1,0,0,0,-1,0,None,aggregation
24,145.51,remora0,remora5,0,0,0,0,0,0,0,0,-7.65,-12.19,0,0,0,0,0,0,0,0,-6.83,-11.37,1.52,1.52,1.52,1.52,1.52,1.52,1.52,1.52,1.52,1.52,3.16,3.16,3.16,3.16,3.16,3.16,3.16,3.17,3.17,3.17,50.76,0,1,1,0,0,0,-1,0,None,aggregation
24,146.51,remora0,remora5,-12.19,-6.54,-6.54,-6.53,-6.53,-18.06,-18.06,-18.06,-7.34,-7.33,-11.37,-5.72,-5.72,-5.71,-5.71,-17.23,-17.23,-17.23,-6.52,-6.51,1.52,1.53,1.53,1.54,1.54,1.54,1.55,1.56,1.56,1.57,3.18,3.18,3.19,3.19,3.2,3.2,3.21,3.22,3.23,3.23,41.87,0,1,0,0,0,0,-1,0,None,aggregation
24,147.51,remora0,remora5,-7.33,-7.33,-18.61,-18.61,-8.67,-8.67,-13,-13,-18.51,-9.17,-6.51,-6.51,-17.79,-17.79,-7.85,-7.85,-12.18,-12.18,-17.69,-8.35,1.57,1.58,1.58,1.59,1.6,1.6,1.61,1.62,1.63,1.64,3.24,3.25,3.25,3.26,3.27,3.28,3.29,3.3,3.31,3.32,34.17,0,1,0,0,0,0,-1,0,None,aggregation
24,148.51,remora0,remora5,-9.17,-9.7,-9.7,-9.7,-10.51,-10.51,-11.04,-11.57,-11.57,-12.1,-8.35,-8.88,-8.88,-8.88,-9.69,-9.69,-10.22,-10.74,-10.74,-11.27,1.65,1.66,1.67,1.68,1.69,1.7,1.71,1.72,1.73,1.74,3.34,3.35,3.36,3.37,3.38,3.39,3.4,3.41,3.42,3.43,34.23,0,1,0,0,0,0,-1,0,None,aggregation
24,149.51,remora0,remora5,-12.1,-12.1,-12.87,-12.87,-13.67,-14.71,-14.71,-14.71,-14.71,-15.72,-11.27,-11.27,-12.05,-12.05,-12.85,-13.89,-13.89,-13.89,-13.89,-14.9,1.76,1.78,1.79,1.81,1.83,1.85,1.87,1.89,1.9,1.9,3.45,3.46,3.48,3.49,3.51,3.52,3.54,3.56,3.57,3.58,47.64,0,1,1,0,0,0,-1,0,None,aggregation
24,150.51,remora0,remora5,-15.72,-15.71,-15.71,-16.72,-16.72,-17.21,-17.21,-17.21,-17.69,-17.92,-14.9,-14.88,-14.88,-15.9,-15.9,-16.39,-16.39,-16.39,-16.87,-17.1,1.92,1.94,1.97,1.99,2.01,2.03,2.06,2.08,2.09,2.09,3.59,3.61,3.64,3.66,3.68,3.69,3.71,3.74,3.75,3.76,64.01,0,1,1,0,0,0,-1,0,None,aggregation
24,151.51,remora0,remora5,-17.92,-17.92,-17.92,-18.62,-18.62,-18.62,-18.84,-18.82,-18.82,-19.52,-17.1,-17.1,-17.1,-17.8,-17.8,-17.8,-18.02,-18,-18,-18.7,2.11,2.14,2.17,2.2,2.22,2.22,2.24,2.27,2.3,2.33,3.78,3.8,3.83,3.85,3.87,3.88,3.9,3.92,3.95,3.97,82.16,0,1,1,0,0,0,-1,0,None,aggregation
24,152.51,remora0,remora5,-19.52,-19.97,-19.97,-19.97,-20.42,-20.42,-20.85,-20.85,-21.28,-21.28,-18.7,-19.15,-19.15,-19.15,-19.6,-19.6,-20.03,-20.03,-20.45,-20.45,2.36,2.39,2.43,2.46,2.5,2.54,2.57,2.61,2.63,2.64,4,4.02,4.05,4.08,4.11,4.15,4.18,4.21,4.23,4.25,102.21,0,1,1,0,0,0,-1,0,None,aggregation
24,153.51,remora0,remora5,-21.48,-21.46,-21.46,-21.46,-21.43,-21.85,-21.85,-21.78,-21.78,-22.23,-20.66,-20.63,-20.63,-20.63,-20.6,-21.03,-21.03,-20.96,-20.96,-21.41,2.65,2.67,2.69,2.73,2.77,2.8,2.82,2.83,2.86,2.91,4.26,4.28,4.3,4.34,4.37,4.4,4.42,4.44,4.47,4.51,123.47,0,1,1,0,0,0,-1,0,None,aggregation
24,154.51,remora0,remora5,-22.23,-22.23,-22.15,-22.15,-22.56,-22.97,-22.97,-22.97,0,0,-21.41,-21.41,-21.33,-21.33,-21.74,-22.15,-22.15,-22.15,0,0,2.95,2.99,3.03,3.08,3.1,3.11,3.13,3.14,3.14,3.13,4.54,4.58,4.61,4.65,4.67,4.69,4.72,4.74,4.74,4.74,141.17,0,0,1,0,0,0,-1,0,None,aggregation
24,155.51,remora0,remora5,0,0,0,0,0,0,0,0,0,0,0,0,0,0,0,0,0,0,0,0,3.15,3.17,3.19,3.21,3.22,3.22,3.21,3.21,3.21,3.2,4.76,4.77,4.79,4.8,4.81,4.82,4.82,4.83,4.83,4.83,139.26,0,0,1,0,0,0,-1,0,None,aggregation
24,156.51,remora0,remora5,28.24,28.24,28.24,28.23,28.23,28.23,28.23,28.23,28.23,28.23,28.06,28.06,28.05,28.05,28.05,28.05,28.05,28.04,28.04,28.04,3.18,3.15,3.14,3.13,3.12,3.12,3.12,3.11,3.1,3.1,4.81,4.79,4.77,4.75,4.74,4.72,4.71,4.7,4.68,4.67,157.1,0,0,1,0,0,0,-1,0,None,aggregation
24,157.51,remora0,remora5,28.23,28.23,28.23,0,0,0,0,0,28.36,28.36,28.04,28.04,28.04,0,0,0,0,0,28.18,28.18,3.09,3.08,3.08,3.07,3.08,3.1,3.11,3.13,3.14,3.14,4.65,4.64,4.63,4.61,4.61,4.62,4.63,4.64,4.64,4.63,159.31,0,0,1,0,0,0,-1,0,None,aggregation
24,158.51,remora0,remora5,28.49,28.48,28.48,28.48,28.48,28.48,28.48,28.48,28.48,28.48,28.32,28.31,28.31,28.31,28.31,28.31,28.31,28.3,28.3,28.3,3.13,3.11,3.09,3.08,3.08,3.07,3.06,3.05,3.04,3.03,4.61,4.59,4.57,4.56,4.54,4.53,4.51,4.5,4.48,4.47,177.56,0,0,1,0,0,0,-1,0,None,aggregation
24,159.51,remora0,remora5,28.47,28.47,28.47,28.47,28.47,28.47,28.47,0,0,0,28.3,28.3,28.3,28.3,28.3,28.3,28.3,0,0,0,3.03,3.03,3.02,3.01,3,2.99,2.99,2.99,3,3.01,4.45,4.44,4.43,4.41,4.4,4.38,4.37,4.36,4.36,4.36,184.03,0,0,1,0,0,0,-1,0,None,aggregation
24,160.51,remora0,remora5,0,0,28.59,28.59,0,0,0,0,28.71,28.72,0,0,28.43,28.43,0,0,0,0,28.56,28.56,3.03,3.04,3.04,3.04,3.06,3.07,3.08,3.1,3.09,3.08,4.37,4.38,4.37,4.37,4.37,4.38,4.39,4.39,4.38,4.36,179.09,0,0,1,0,0,0,-1,0,None,aggregation
24,161.51,remora0,remora5,28.72,28.72,28.71,28.71,28.71,28.71,28.71,28.71,28.71,28.71,28.56,28.56,28.55,28.55,28.55,28.55,28.55,28.55,28.55,28.55,3.06,3.05,3.04,3.03,3.02,3.01,3,2.99,2.97,2.96,4.35,4.33,4.31,4.3,4.28,4.27,4.25,4.23,4.22,4.2,189.56,0,0,1,0,0,0,-1,0,None,aggregation
24,162.51,remora0,remora5,28.14,28.14,28.7,28.7,28.7,28.7,28.7,28.7,28.69,28.69,27.95,27.95,28.54,28.54,28.54,28.54,28.54,28.54,28.53,28.53,2.95,2.93,2.92,2.9,2.89,2.87,2.86,2.84,2.83,2.81,4.18,4.16,4.15,4.13,4.11,4.09,4.08,4.06,4.04,4.02,198.02,0,1,1,0,0,0,-1,0,None,aggregation
24,163.51,remora0,remora5,28.69,28.69,28.69,28.68,28.68,28.68,28.68,28.68,28.56,28.56,28.53,28.53,28.53,28.52,28.52,28.52,28.52,28.52,28.39,28.39,2.8,2.78,2.77,2.75,2.74,2.72,2.71,2.69,2.67,2.66,4,3.98,3.96,3.94,3.92,3.9,3.88,3.86,3.84,3.82,205.34,0,1,1,0,0,0,-1,0,None,aggregation
24,164.51,remora0,remora5,28.56,28.55,28.55,27.78,27.78,27.78,26.37,28.48,28.48,28.48,28.39,28.39,28.39,27.58,27.58,27.58,26.11,28.31,28.31,28.31,2.64,2.62,2.61,2.59,2.57,2.56,2.54,2.52,2.51,2.49,3.81,3.79,3.77,3.75,3.73,3.71,3.69,3.67,3.65,3.63,215.63,0,1,1,0,0,0,-1,0,None,aggregation
24,165.51,remora0,remora5,28.41,27.59,27.59,25.93,25.93,28.34,28.34,27.44,27.44,28.26,28.24,27.37,27.37,25.65,25.65,28.16,28.16,27.22,27.22,28.08,2.47,2.45,2.44,2.42,2.4,2.39,2.37,2.35,2.33,2.31,3.62,3.6,3.58,3.56,3.54,3.52,3.51,3.48,3.47,3.45,243.05,0,1,1,0,0,0,-1,0,None,aggregation
24,166.51,remora0,remora5,28.26,28.26,28.26,25.26,25.26,25.26,27.18,28.11,28.11,28.11,28.08,28.08,28.08,24.96,24.96,24.96,26.95,27.92,27.92,27.92,2.3,2.28,2.26,2.24,2.22,2.2,2.19,2.17,2.15,2.13,3.43,3.41,3.39,3.38,3.36,3.34,3.33,3.31,3.29,3.27,242,0,1,1,0,0,0,-1,0,None,aggregation
24,167.51,remora0,remora5,28.04,28.04,26.97,26.97,27.88,26.81,26.81,26.81,26.69,26.69,27.84,27.84,26.73,26.73,27.68,26.57,26.57,26.57,26.44,26.44,2.11,2.09,2.07,2.05,2.04,2.02,2,1.98,1.96,1.94,3.26,3.24,3.22,3.2,3.19,3.17,3.15,3.14,3.12,3.11,254.96,0,1,1,0,0,0,-1,0,None,aggregation
24,168.51,remora0,remora5,27.71,27.71,27.71,23.64,23.64,23.35,23.35,23.35,26.23,26.1,27.5,27.5,27.5,23.29,23.29,22.99,22.99,22.99,25.96,25.83,1.92,1.9,1.88,1.87,1.85,1.84,1.82,1.8,1.79,1.77,3.09,3.07,3.06,3.05,3.03,3.02,3.01,2.99,2.98,2.97,251.7,0,1,1,0,0,0,-1,0,None,aggregation
24,169.51,remora0,remora5,26.1,26.1,27.19,25.86,25.86,25.72,25.72,25.72,25.72,26.62,25.83,25.83,26.95,25.58,25.58,25.44,25.44,25.44,25.44,26.36,1.75,1.73,1.71,1.7,1.68,1.66,1.64,1.63,1.61,1.59,2.95,2.94,2.93,2.91,2.9,2.89,2.87,2.86,2.85,2.84,257.76,0,1,1,0,0,0,-1,0,None,aggregation
24,170.51,remora0,remora5,26.62,26.62,26.42,21.21,21.21,21.21,21.21,0,0,0,26.36,26.36,26.15,20.8,20.8,20.8,20.8,0,0,0,1.57,1.56,1.54,1.52,1.51,1.5,1.49,1.49,1.49,1.49,2.83,2.82,2.8,2.79,2.78,2.78,2.77,2.77,2.77,2.77,262.65,0,0,1,0,0,0,-1,0,None,aggregation
24,171.51,remora0,remora5,0,0,0,0,0,0,0,0,0,0,0,0,0,0,0,0,0,0,0,0,1.49,1.49,1.49,1.49,1.49,1.49,1.49,1.49,1.49,1.49,2.77,2.78,2.78,2.78,2.78,2.78,2.78,2.78,2.78,2.78,234.02,1,0,1,0,0,0,-1,0,None,aggregation
24,172.51,remora0,remora5,0,0,0,0,0,0,0,0,0,0,0,0,0,0,0,0,0,0,0,0,1.49,1.49,1.49,1.49,1.49,1.49,1.49,1.49,1.49,1.48,2.78,2.78,2.78,2.78,2.78,2.77,2.77,2.77,2.77,2.77,205.52,1,0,1,0,0,0,-1,0,None,aggregation
24,173.51,remora0,remora5,0,0,0,0,0,0,0,0,0,0,0,0,0,0,0,0,0,0,0,0,1.48,1.48,1.48,1.48,1.48,1.48,1.48,1.48,1.48,1.48,2.77,2.77,2.77,2.76,2.76,2.76,2.76,2.76,2.76,2.76,176.94,1,0,1,0,0,0,-1,0,None,aggregation
24,174.51,remora0,remora5,0,0,0,0,0,0,0,0,0,0,0,0,0,0,0,0,0,0,0,0,1.48,1.48,1.48,1.48,1.48,1.48,1.48,1.48,1.48,1.48,2.76,2.76,2.76,2.76,2.76,2.76,2.76,2.76,2.76,2.76,148.96,1,0,1,0,0,0,-1,0,None,aggregation
24,175.51,remora0,remora5,0,0,0,0,0,0,0,0,0,0,0,0,0,0,0,0,0,0,0,0,1.48,1.48,1.48,1.48,1.48,1.48,1.48,1.48,1.48,1.48,2.76,2.76,2.76,2.76,2.76,2.76,2.76,2.76,2.76,2.76,121.53,1,0,1,0,0,0,-1,0,None,aggregation
24,176.51,remora0,remora5,0,0,0,0,0,0,0,0,0,0,0,0,0,0,0,0,0,0,0,0,1.48,1.48,1.48,1.48,1.48,1.48,1.48,1.48,1.48,1.48,2.76,2.76,2.76,2.76,2.76,2.76,2.76,2.76,2.76,2.76,94.44,1,0,1,0,0,0,-1,0,None,aggregation
24,177.51,remora0,remora5,0,0,0,0,0,0,0,0,0,0,0,0,0,0,0,0,0,0,0,0,1.48,1.48,1.48,1.48,1.48,1.49,1.5,1.51,1.53,1.54,2.76,2.76,2.76,2.76,2.76,2.77,2.77,2.78,2.79,2.79,67.39,1,0,1,0,0,0,-1,0,None,aggregation
24,178.51,remora0,remora5,0,0,0,0,0,0,0,0,0,0,0,0,0,0,0,0,0,0,0,0,1.55,1.56,1.58,1.6,1.62,1.63,1.64,1.66,1.67,1.7,2.8,2.81,2.82,2.83,2.84,2.84,2.85,2.86,2.87,2.88,42.25,0,1,0,0,0,0,-1,0,None,aggregation
24,179.51,remora0,remora5,0,0,0,0,0,0,0,0,0,0,0,0,0,0,0,0,0,0,0,0,1.71,1.72,1.74,1.75,1.77,1.79,1.82,1.84,1.86,1.87,2.89,2.89,2.9,2.91,2.92,2.93,2.94,2.96,2.97,2.97,16.33,0,1,0,0,0,0,-1,0,None,aggregation
24,180.51,remora0,remora5,0,0,0,0,0,0,0,0,0,0,0,0,0,0,0,0,0,0,0,0,1.89,1.9,1.91,1.93,1.95,1.97,1.98,2,2.01,2.03,2.98,2.99,3,3.01,3.02,3.03,3.03,3.04,3.05,3.06,0,0,1,0,0,0,0,-1,0,None,aggregation
24,181.51,remora0,remora5,0,0,0,0,0,0,0,0,0,0,0,0,0,0,0,0,0,0,0,0,2.04,2.06,2.07,2.09,2.1,2.12,2.13,2.15,2.17,2.18,3.07,3.08,3.09,3.1,3.1,3.11,3.12,3.13,3.14,3.15,0,0,1,0,0,0,0,-1,0,None,aggregation
24,182.51,remora0,remora5,0,0,0,0,0,0,0,0,0,0,0,0,0,0,0,0,0,0,0,0,2.2,2.21,2.23,2.24,2.25,2.27,2.28,2.3,2.32,2.34,3.16,3.17,3.18,3.18,3.19,3.2,3.21,3.22,3.23,3.24,0,0,1,0,0,0,0,-1,0,None,aggregation
24,183.51,remora0,remora5,0,0,0,0,0,0,0,0,-26.41,-26.41,0,0,0,0,0,0,0,0,-25.58,-25.58,2.37,2.38,2.39,2.4,2.42,2.43,2.44,2.45,2.47,2.5,3.26,3.27,3.27,3.28,3.29,3.3,3.31,3.31,3.32,3.35,5.2,0,1,0,0,0,0,-1,0,None,aggregation
24,184.51,remora0,remora5,-26.05,-26.05,-26.05,-26.51,-26.51,-26.51,-26.67,-26.67,-23.6,-28.47,-25.23,-25.23,-25.23,-25.69,-25.69,-25.69,-25.84,-25.84,-22.78,-27.64,2.53,2.57,2.6,2.63,2.66,2.7,2.73,2.76,2.79,2.82,3.38,3.4,3.43,3.46,3.49,3.51,3.54,3.57,3.6,3.63,31.1,0,1,0,0,0,0,-1,0,None,aggregation
24,185.51,remora0,remora5,-28.47,-26.58,-26.58,-26.58,-26.54,-26.51,-26.51,-26.48,-26.48,-24.15,-27.64,-25.75,-25.75,-25.75,-25.72,-25.69,-25.69,-25.65,-25.65,-23.33,2.85,2.88,2.91,2.94,2.97,3,3.03,3.06,3.09,3.11,3.65,3.68,3.71,3.73,3.76,3.79,3.82,3.84,3.87,3.9,57.17,0,1,1,0,0,0,-1,0,None,aggregation
24,186.51,remora0,remora5,-24.15,-24.15,0,0,0,29.13,29.13,29.13,29.13,29.12,-23.33,-23.33,0,0,0,29,29,29,29,28.99,3.14,3.15,3.15,3.14,3.13,3.13,3.11,3.09,3.06,3.04,3.92,3.94,3.94,3.94,3.94,3.94,3.93,3.91,3.89,3.87,76.45,0,0,1,0,0,0,-1,0,None,aggregation
24,187.51,remora0,remora5,29.12,29.02,29.02,27.31,27.31,27.2,27.2,27.19,27.19,27.19,28.99,28.89,28.89,27.08,27.08,26.96,26.96,26.96,26.96,26.96,3,2.96,2.93,2.9,2.88,2.85,2.83,2.8,2.78,2.75,3.85,3.82,3.8,3.78,3.76,3.74,3.72,3.7,3.69,3.67,104.13,0,1,1,0,0,0,-1,0,None,aggregation
24,188.51,remora0,remora5,27.19,27.19,27.19,27.07,27.07,28.78,28.78,28.73,28.73,28.73,26.96,26.96,26.95,26.83,26.83,28.63,28.63,28.57,28.57,28.57,2.73,2.7,2.68,2.66,2.63,2.61,2.58,2.56,2.53,2.5,3.65,3.63,3.61,3.58,3.56,3.54,3.52,3.5,3.47,3.45,131.97,0,1,1,0,0,0,-1,0,None,aggregation
24,189.51,remora0,remora5,28.66,28.66,28.66,28.66,26.63,28.53,28.53,26.47,26.47,26.47,28.5,28.5,28.5,28.5,26.38,28.36,28.36,26.21,26.21,26.21,2.48,2.45,2.43,2.4,2.38,2.36,2.33,2.31,2.29,2.26,3.43,3.4,3.38,3.36,3.34,3.32,3.29,3.27,3.25,3.23,159.65,0,1,1,0,0,0,-1,0,None,aggregation
24,190.51,remora0,remora5,28.39,28.39,28.32,28.25,28.25,28.18,28.18,28.17,28.17,28.17,28.21,28.21,28.14,28.06,28.06,27.99,27.99,27.98,27.98,27.98,2.24,2.22,2.19,2.17,2.15,2.12,2.1,2.08,2.06,2.03,3.21,3.19,3.17,3.15,3.12,3.1,3.08,3.06,3.04,3.02,187.8,0,1,1,0,0,0,-1,0,None,aggregation
24,191.51,remora0,remora5,28.02,28.02,28.02,28.02,25.51,25.51,27.78,25.25,25.25,27.62,27.83,27.82,27.82,27.82,25.21,25.21,27.58,24.95,24.95,27.4,2.01,1.99,1.97,1.94,1.92,1.9,1.88,1.86,1.84,1.82,3,2.98,2.96,2.94,2.92,2.9,2.88,2.86,2.84,2.83,214.58,0,1,1,0,0,0,-1,0,None,aggregation
24,192.51,remora0,remora5,27.62,27.62,24.99,27.44,27.44,25.19,25.19,27.18,27.18,27.18,27.4,27.4,24.67,27.22,27.22,24.89,24.89,26.94,26.94,26.94,1.8,1.78,1.76,1.74,1.72,1.7,1.68,1.66,1.65,1.63,2.81,2.79,2.77,2.75,2.74,2.72,2.7,2.68,2.67,2.65,241.16,0,1,1,0,0,0,-1,0,None,aggregation
24,193.51,remora0,remora5,24.87,24.87,26.6,24.59,24.59,26.32,26.32,0,0,0,24.55,24.55,26.35,24.27,24.27,26.06,26.06,0,0,0,1.61,1.59,1.57,1.55,1.54,1.52,1.5,1.48,1.48,1.48,2.63,2.61,2.6,2.58,2.57,2.55,2.53,2.52,2.51,2.51,253.67,0,1,1,0,0,0,-1,0,None,aggregation
24,194.51,remora0,remora5,0,0,0,0,0,0,0,0,0,0,0,0,0,0,0,0,0,0,0,0,1.48,1.49,1.49,1.49,1.5,1.5,1.5,1.51,1.51,1.52,2.51,2.52,2.52,2.52,2.52,2.52,2.52,2.53,2.53,2.53,227.78,0,0,1,0,0,0,-1,0,None,aggregation
24,195.51,remora0,remora5,0,0,0,0,0,0,0,0,0,0,0,0,0,0,0,0,0,0,0,0,1.52,1.53,1.53,1.54,1.54,1.55,1.55,1.56,1.57,1.57,2.53,2.54,2.54,2.54,2.54,2.55,2.55,2.55,2.55,2.56,201.7,0,1,1,0,0,0,-1,0,None,aggregation
24,196.51,remora0,remora5,0,0,0,0,0,0,0,0,0,0,0,0,0,0,0,0,0,0,0,0,1.58,1.59,1.6,1.6,1.61,1.62,1.63,1.64,1.65,1.66,2.56,2.56,2.57,2.57,2.57,2.58,2.58,2.59,2.59,2.6,182.42,0,1,1,0,0,0,-1,0,None,aggregation
24,197.51,remora0,remora5,0,0,0,0,0,0,0,0,0,0,0,0,0,0,0,0,0,0,0,0,1.67,1.68,1.69,1.7,1.71,1.72,1.73,1.75,1.76,1.77,2.6,2.61,2.61,2.62,2.62,2.63,2.63,2.64,2.64,2.65,154.75,0,1,1,0,0,0,-1,0,None,aggregation
24,198.51,remora0,remora5,0,0,0,0,0,0,0,0,0,0,0,0,0,0,0,0,0,0,0,0,1.79,1.8,1.81,1.83,1.84,1.86,1.87,1.89,1.9,1.92,2.66,2.66,2.67,2.68,2.68,2.69,2.7,2.7,2.71,2.72,126.9,0,1,1,0,0,0,-1,0,None,aggregation
24,199.51,remora0,remora5,0,0,0,0,0,0,0,0,0,0,0,0,0,0,0,0,0,0,0,0,1.93,1.95,1.97,1.98,2,2.02,2.03,2.05,2.07,2.09,2.73,2.73,2.74,2.75,2.76,2.77,2.78,2.79,2.79,2.8,99.23,0,1,1,0,0,0,-1,0,None,aggregation
24,200.51,remora0,remora5,0,0,0,0,0,0,-23.79,-24.02,-24.02,-24.04,0,0,0,0,0,0,-22.97,-23.19,-23.19,-23.21,2.11,2.13,2.15,2.17,2.19,2.22,2.26,2.3,2.34,2.39,2.81,2.82,2.83,2.84,2.85,2.87,2.89,2.92,2.94,2.97,80.49,0,1,1,0,0,0,-1,0,None,aggregation
24,201.51,remora0,remora5,-24.04,-24.06,-24.06,-24.06,-27.82,-27.87,-27.87,-27.97,-27.97,-29.82,-23.21,-23.24,-23.24,-23.24,-27,-27.05,-27.05,-27.15,-27.15,-28.99,2.43,2.48,2.52,2.57,2.62,2.66,2.71,2.76,2.81,2.86,3,3.02,3.05,3.08,3.11,3.14,3.17,3.2,3.23,3.26,79.86,0,1,1,0,0,0,-1,0,None,aggregation
24,202.51,remora0,remora5,-29.82,-29.82,-28.05,-28.28,-28.28,-29.94,-29.94,-29.94,-28.35,-22.63,-28.99,-28.99,-27.23,-27.46,-27.46,-29.12,-29.12,-29.12,-27.53,-21.81,2.92,2.97,3.02,3.07,3.13,3.18,3.23,3.28,3.34,3.39,3.29,3.32,3.35,3.38,3.42,3.45,3.48,3.51,3.54,3.58,81.37,0,0,1,0,0,0,-1,0,None,aggregation
24,203.51,remora0,remora5,-22.63,-22.17,-22.17,-24.48,-24.48,-24.48,-21.91,-21.91,-17.5,0,-21.81,-21.35,-21.35,-23.66,-23.66,-23.66,-21.09,-21.09,-16.68,0,3.44,3.49,3.53,3.58,3.63,3.68,3.72,3.77,3.81,3.83,3.61,3.63,3.66,3.69,3.71,3.75,3.77,3.79,3.82,3.84,83.46,0,0,1,0,0,0,-1,0,None,aggregation
24,204.51,remora0,remora5,0,0,0,29.39,29.39,29.39,29.97,0,0,0,0,0,0,29.28,29.28,29.28,29.94,0,0,0,3.83,3.82,3.82,3.82,3.81,3.79,3.78,3.77,3.77,3.76,3.85,3.86,3.87,3.88,3.88,3.87,3.86,3.86,3.87,3.88,95.26,0,0,1,0,0,0,-1,0,None,aggregation
24,205.51,remora0,remora5,0,26.56,26.56,28.79,28.79,29.99,29.99,29.99,17.59,17.59,0,26.3,26.3,28.64,28.64,29.98,29.98,29.98,17.09,17.09,3.76,3.76,3.75,3.74,3.73,3.72,3.71,3.7,3.7,3.69,3.89,3.9,3.9,3.89,3.88,3.88,3.87,3.87,3.87,3.87,118.75,0,0,1,0,0,0,-1,0,None,aggregation
24,206.51,remora0,remora5,17.24,17.24,29.57,16.86,16.86,26.45,26.45,26.42,26.42,26.42,16.73,16.73,29.48,16.35,16.35,26.19,26.19,26.15,26.15,26.15,3.69,3.68,3.67,3.67,3.66,3.66,3.65,3.64,3.64,3.63,3.87,3.87,3.87,3.86,3.86,3.86,3.86,3.86,3.85,3.85,141.57,0,0,1,0,0,0,-1,0,None,aggregation
24,207.51,remora0,remora5,30,22.13,22.13,28.64,28.64,28.63,28.63,21.48,21.48,24.9,30,21.74,21.74,28.47,28.47,28.47,28.47,21.07,21.07,24.58,3.62,3.62,3.62,3.61,3.61,3.61,3.6,3.6,3.6,3.6,3.84,3.84,3.84,3.84,3.84,3.83,3.83,3.83,3.83,3.83,167.11,0,0,1,0,0,0,-1,0,None,aggregation
24,208.51,remora0,remora5,24.9,24.9,0,0,0,0,21.34,13,13,0,24.58,24.58,0,0,0,0,20.93,12.41,12.41,0,3.6,3.59,3.59,3.59,3.59,3.59,3.59,3.58,3.58,3.58,3.83,3.84,3.85,3.86,3.87,3.88,3.88,3.89,3.89,3.9,176.71,0,0,1,0,0,0,-1,0,None,aggregation
24,209.51,remora0,remora5,0,0,0,29.71,29.71,29.71,13.78,13.78,21.97,13.76,0,0,0,29.63,29.63,29.63,13.2,13.2,21.57,13.18,3.58,3.58,3.58,3.58,3.57,3.57,3.57,3.56,3.56,3.56,3.91,3.92,3.93,3.94,3.95,3.95,3.95,3.96,3.96,3.96,191.83,0,0,1,0,0,0,-1,0,None,aggregation
24,210.51,remora0,remora5,13.76,21.84,21.84,21.84,0,0,0,26.3,26.3,21.89,13.18,21.44,21.44,21.44,0,0,0,26.04,26.04,21.49,3.56,3.56,3.55,3.55,3.55,3.55,3.55,3.55,3.55,3.55,3.97,3.97,3.97,3.98,3.99,4,4.01,4.03,4.03,4.03,197.65,0,0,1,0,0,0,-1,0,None,aggregation
24,211.51,remora0,remora5,21.89,21.9,21.9,21.9,0,0,0,29.85,29.85,22.34,21.49,21.5,21.5,21.5,0,0,0,29.79,29.79,21.95,3.54,3.54,3.54,3.53,3.53,3.53,3.53,3.52,3.52,3.51,4.03,4.03,4.03,4.03,4.04,4.05,4.07,4.08,4.08,4.08,188.36,0,0,1,0,0,0,-1,0,None,aggregation
24,212.51,remora0,remora5,22.34,22.35,22.35,22.35,29.89,29.03,29.03,29.03,29.63,29.63,21.95,21.96,21.96,21.96,29.84,28.89,28.89,28.89,29.71,29.71,3.51,3.51,3.5,3.5,3.49,3.49,3.49,3.48,3.48,3.47,4.08,4.08,4.08,4.08,4.08,4.08,4.08,4.08,4.07,4.07,186.74,0,0,1,0,0,0,-1,0,None,aggregation
24,213.51,remora0,remora5,22.42,22.42,29.12,0,0,0,0,0,0,0,22.04,22.04,28.98,0,0,0,0,0,0,0,3.47,3.46,3.46,3.46,3.45,3.45,3.45,3.45,3.44,3.44,4.07,4.07,4.07,4.07,4.08,4.1,4.11,4.12,4.13,4.15,174.29,0,0,1,0,0,0,-1,0,None,aggregation
24,214.51,remora0,remora5,0,25.53,25.53,25.53,23.08,23.08,23.08,23.08,23.08,29.45,0,25.23,25.23,25.23,22.71,22.72,22.72,22.71,22.71,29.35,3.44,3.44,3.43,3.43,3.42,3.42,3.41,3.41,3.4,3.4,4.16,4.17,4.17,4.17,4.17,4.17,4.17,4.17,4.17,4.17,184.49,0,0,1,0,0,0,-1,0,None,aggregation
24,215.51,remora0,remora5,29.45,29.45,29.45,23.24,23.24,27.32,27.32,23.25,23.25,23.41,29.35,29.35,29.35,22.88,22.88,27.09,27.09,22.88,22.88,23.05,3.39,3.38,3.38,3.37,3.36,3.36,3.35,3.35,3.34,3.34,4.17,4.17,4.17,4.16,4.16,4.16,4.16,4.16,4.16,4.16,186.81,0,0,1,0,0,0,-1,0,None,aggregation
24,216.51,remora0,remora5,23.41,23.42,23.42,29.52,29.52,29.59,29.59,23.58,23.58,29.58,23.05,23.06,23.06,29.42,29.42,29.49,29.49,23.23,23.23,29.49,3.33,3.32,3.32,3.31,3.3,3.29,3.29,3.29,3.28,3.28,4.16,4.16,4.16,4.16,4.16,4.16,4.14,4.13,4.12,4.1,190.4,0,0,1,0,0,0,-1,0,None,aggregation
24,217.51,remora0,remora5,29.58,23.61,23.61,29.65,29.65,29.65,29.65,23.66,23.66,27.92,29.49,23.26,23.26,29.56,29.56,29.56,29.56,23.3,23.3,27.71,3.28,3.27,3.26,3.26,3.25,3.24,3.24,3.24,3.24,3.23,4.08,4.05,4.02,4,3.97,3.94,3.91,3.88,3.86,3.84,191.82,0,0,1,0,0,0,-1,0,None,aggregation
24,218.51,remora0,remora5,27.92,29.97,29.97,23.52,23.52,29.75,29.75,23.52,23.52,28.21,27.71,29.99,29.99,23.16,23.16,29.68,29.68,23.16,23.16,28.02,3.23,3.22,3.22,3.21,3.21,3.21,3.2,3.2,3.2,3.19,3.81,3.78,3.75,3.72,3.69,3.66,3.64,3.61,3.58,3.56,209.09,0,0,1,0,0,0,-1,0,None,aggregation
24,219.51,remora0,remora5,28.21,23.55,23.55,23.53,23.53,28.46,28.46,23.5,23.5,23.5,28.02,23.2,23.2,23.17,23.17,28.28,28.28,23.15,23.15,23.15,3.19,3.18,3.18,3.18,3.18,3.18,3.17,3.16,3.16,3.16,3.53,3.5,3.47,3.45,3.43,3.41,3.38,3.35,3.32,3.3,218.79,0,0,1,0,0,0,-1,0,None,aggregation
24,220.51,remora0,remora5,28.58,28.63,28.63,23.49,23.49,28.8,28.8,23.64,23.64,28.92,28.41,28.47,28.47,23.14,23.14,28.64,28.64,23.29,23.29,28.77,3.16,3.16,3.16,3.15,3.15,3.14,3.11,3.06,3.01,2.96,3.28,3.26,3.23,3.2,3.17,3.15,3.12,3.09,3.06,3.04,230.1,0,0,1,0,0,0,-1,0,None,aggregation
24,221.51,remora0,remora5,28.92,29.02,29.02,29.57,29.57,29.13,29.13,29.16,29.16,29.21,28.77,28.88,28.88,29.66,29.66,28.99,28.99,29.03,29.03,29.09,2.92,2.87,2.82,2.77,2.73,2.7,2.68,2.66,2.63,2.61,3.01,2.98,2.95,2.92,2.9,2.89,2.88,2.87,2.85,2.84,242.38,0,1,1,0,0,0,-1,0,None,aggregation
24,222.51,remora0,remora5,29.21,29.3,29.3,29.3,29.34,29.37,29.37,29.44,29.44,29.5,29.09,29.18,29.18,29.18,29.22,29.25,29.25,29.33,29.33,29.4,2.58,2.56,2.53,2.5,2.48,2.46,2.43,2.41,2.38,2.36,2.83,2.81,2.79,2.78,2.76,2.75,2.73,2.72,2.7,2.69,245.21,0,1,1,0,0,0,-1,0,None,aggregation
24,223.51,remora0,remora5,29.5,29.5,29.56,29.56,29.58,29.58,29.67,29.67,29.7,29.75,29.4,29.4,29.46,29.46,29.49,29.49,29.58,29.58,29.62,29.68,2.33,2.31,2.29,2.26,2.24,2.21,2.19,2.17,2.14,2.12,2.67,2.65,2.64,2.62,2.61,2.59,2.58,2.56,2.55,2.53,267.42,0,1,1,0,0,0,-1,0,None,aggregation
24,224.51,remora0,remora5,29.75,29.75,29.78,29.83,29.83,29.85,29.85,29.91,29.91,29.93,29.68,29.68,29.71,29.77,29.77,29.79,29.79,29.87,29.87,29.89,2.1,2.07,2.05,2.03,2.01,1.99,1.97,1.94,1.92,1.9,2.52,2.5,2.49,2.47,2.46,2.44,2.43,2.41,2.4,2.38,275.23,0,1,1,0,0,0,-1,0,None,aggregation
24,225.51,remora0,remora5,29.93,29.96,29.96,29.98,29.98,30,30,30,30,30,29.89,29.93,29.93,29.95,29.95,29.98,29.98,29.99,29.99,29.99,1.88,1.86,1.84,1.82,1.8,1.78,1.76,1.74,1.72,1.71,2.37,2.36,2.34,2.33,2.31,2.3,2.29,2.27,2.26,2.25,279.39,0,1,1,0,0,0,-1,0,None,aggregation
24,226.51,remora0,remora5,30,30,29.99,29.97,29.97,29.94,29.94,29.89,29.89,29.89,30,30,30,29.99,29.99,29.97,29.97,29.93,29.93,29.93,1.69,1.67,1.65,1.64,1.62,1.6,1.59,1.57,1.56,1.54,2.24,2.22,2.21,2.2,2.19,2.18,2.16,2.15,2.14,2.13,282.94,0,1,1,0,0,0,-1,0,None,aggregation
24,227.51,remora0,remora5,29.85,29.85,0,0,0,0,0,0,0,0,29.9,29.9,0,0,0,0,0,0,0,0,1.53,1.52,1.51,1.51,1.51,1.51,1.51,1.51,1.51,1.51,2.12,2.11,2.1,2.09,2.09,2.08,2.07,2.06,2.06,2.05,261.96,0,1,1,0,0,0,-1,0,None,aggregation
24,228.51,remora0,remora5,0,0,0,0,0,0,0,0,0,0,0,0,0,0,0,0,0,0,0,0,1.51,1.51,1.51,1.51,1.51,1.52,1.52,1.53,1.55,1.56,2.04,2.04,2.03,2.02,2.02,2.01,2.01,2.01,2.01,2.01,235.09,0,1,1,0,0,0,-1,0,None,aggregation
24,229.51,remora0,remora5,0,0,0,0,0,0,0,0,0,0,0,0,0,0,0,0,0,0,0,0,1.57,1.58,1.6,1.61,1.62,1.64,1.65,1.66,1.68,1.69,2.01,2.01,2.01,2.01,2.01,2.01,2.01,2.01,2.01,2.01,210.26,0,1,1,0,0,0,-1,0,None,aggregation
24,230.51,remora0,remora5,0,0,0,0,0,0,0,0,0,0,0,0,0,0,0,0,0,0,0,0,1.7,1.72,1.73,1.74,1.76,1.77,1.79,1.8,1.81,1.82,2.01,2.02,2.02,2.02,2.02,2.03,2.03,2.03,2.03,2.03,183.72,0,1,1,0,0,0,-1,0,None,aggregation
24,231.51,remora0,remora5,0,0,0,0,0,0,0,0,0,0,0,0,0,0,0,0,0,0,0,0,1.84,1.85,1.86,1.88,1.89,1.9,1.91,1.93,1.94,1.96,2.04,2.04,2.04,2.04,2.04,2.05,2.05,2.05,2.06,2.06,154.57,0,1,1,0,0,0,-1,0,None,aggregation
24,232.51,remora0,remora5,0,0,0,0,0,0,0,0,0,0,0,0,0,0,0,0,0,0,0,0,1.97,1.98,2,2.01,2.03,2.04,2.06,2.08,2.09,2.1,2.06,2.07,2.07,2.07,2.08,2.08,2.09,2.09,2.1,2.1,125.28,0,1,1,0,0,0,-1,0,None,aggregation
24,233.51,remora0,remora5,0,0,0,0,0,0,0,0,0,0,0,0,0,0,0,0,0,0,0,0,2.09,2.09,2.08,2.08,2.08,2.07,2.07,2.06,2.06,2.05,2.11,2.12,2.12,2.13,2.13,2.14,2.14,2.15,2.15,2.16,95.71,0,1,1,0,0,0,-1,0,None,aggregation
24,234.51,remora0,remora5,0,0,0,0,-28.88,-28.88,-30.39,-29.09,-29.09,-30.34,0,0,0,0,-28.06,-28.06,-29.56,-28.26,-28.26,-29.52,2.05,2.04,2.04,2.04,2.05,2.05,2.06,2.07,2.08,2.1,2.17,2.17,2.18,2.19,2.21,2.23,2.25,2.28,2.3,2.33,83.32,0,1,1,0,0,0,-1,0,None,aggregation
24,235.51,remora0,remora5,-30.34,-30.34,-29.14,-29.25,-29.25,-29.26,-29.26,-29.35,-29.35,-30.28,-29.52,-29.52,-28.32,-28.43,-28.43,-28.44,-28.44,-28.53,-28.53,-29.46,2.11,2.12,2.13,2.15,2.16,2.18,2.2,2.21,2.23,2.25,2.35,2.37,2.4,2.43,2.46,2.48,2.51,2.54,2.57,2.6,82.52,0,1,1,0,0,0,-1,0,None,aggregation
24,236.51,remora0,remora5,-30.28,-8.96,-8.96,-29.47,-29.47,-29.48,-29.48,-29.46,-29.46,-29.45,-29.46,-8.14,-8.14,-28.64,-28.64,-28.66,-28.66,-28.64,-28.64,-28.63,2.27,2.29,2.3,2.3,2.32,2.34,2.36,2.38,2.4,2.42,2.62,2.64,2.65,2.66,2.68,2.71,2.75,2.78,2.81,2.84,77.6,0,1,1,0,0,0,-1,0,None,aggregation
24,237.51,remora0,remora5,-29.45,-29.44,-29.44,-29.45,-29.45,-29.53,-29.53,-29.49,-29.49,-13.51,-28.63,-28.62,-28.62,-28.63,-28.63,-28.7,-28.7,-28.67,-28.67,-12.69,2.44,2.46,2.48,2.51,2.53,2.55,2.57,2.59,2.61,2.63,2.88,2.91,2.93,2.95,2.97,2.99,3.01,3.03,3.06,3.09,99.09,0,1,1,0,0,0,-1,0,None,aggregation
24,238.51,remora0,remora5,-13.51,-29.48,-29.48,-29.48,-29.49,-14.45,-14.45,-14.93,-14.93,-29.57,-12.69,-28.65,-28.65,-28.65,-28.67,-13.63,-13.63,-14.11,-14.11,-28.75,2.64,2.66,2.68,2.71,2.73,2.76,2.78,2.8,2.81,2.82,3.11,3.13,3.15,3.18,3.21,3.24,3.27,3.3,3.31,3.32,120.66,0,1,1,0,0,0,-1,0,None,aggregation
24,239.51,remora0,remora5,-29.57,-15.41,-15.41,-29.58,-29.58,-15.86,-15.86,-16.34,-16.34,-16.29,-28.75,-14.59,-14.59,-28.76,-28.76,-15.03,-15.03,-15.52,-15.52,-15.47,2.84,2.86,2.88,2.9,2.92,2.94,2.96,2.98,3,3.02,3.34,3.37,3.4,3.42,3.45,3.48,3.51,3.53,3.55,3.57,140.27,0,1,1,0,0,0,-1,0,None,aggregation
24,240.51,remora0,remora5,-16.29,-16.8,-16.8,-16.76,-16.76,-16.72,-16.72,-16.72,-24.58,-24.45,-15.47,-15.97,-15.97,-15.94,-15.94,-15.9,-15.9,-15.9,-23.76,-23.63,3.03,3.05,3.06,3.07,3.09,3.1,3.11,3.13,3.14,3.17,3.6,3.62,3.64,3.65,3.67,3.68,3.69,3.7,3.72,3.75,158.12,0,0,1,0,0,0,-1,0,None,aggregation
24,241.51,remora0,remora5,-24.45,0,0,0,0,29.67,29.67,29.67,29.66,29.66,-23.63,0,0,0,0,29.58,29.58,29.58,29.58,29.58,3.19,3.21,3.22,3.23,3.24,3.25,3.24,3.22,3.21,3.19,3.78,3.81,3.82,3.83,3.85,3.86,3.85,3.82,3.79,3.76,175.34,0,0,1,0,0,0,-1,0,None,aggregation
24,242.51,remora0,remora5,26.69,26.69,26.68,29.7,29.7,29.7,26.66,26.66,28.14,29.83,26.43,26.43,26.43,29.62,29.62,29.62,26.41,26.41,27.95,29.77,3.17,3.16,3.15,3.13,3.12,3.1,3.09,3.07,3.06,3.04,3.75,3.74,3.72,3.71,3.69,3.68,3.66,3.63,3.61,3.59,203.3,0,0,1,0,0,0,-1,0,None,aggregation
24,243.51,remora0,remora5,29.83,28.17,28.17,29.84,29.84,29.84,29.84,28.11,28.11,29.85,29.77,27.98,27.98,29.78,29.78,29.78,29.78,27.91,27.91,29.79,3.02,3,2.98,2.95,2.94,2.92,2.9,2.89,2.87,2.84,3.56,3.54,3.51,3.49,3.47,3.44,3.41,3.38,3.36,3.34,232.4,0,1,1,0,0,0,-1,0,None,aggregation
