seed,timestamp,observer_id,observed_id,f1_0,f1_1,f1_2,f1_3,f1_4,f1_5,f1_6,f1_7,f1_8,f1_9,f2_0,f2_1,f2_2,f2_3,f2_4,f2_5,f2_6,f2_7,f2_8,f2_9,f3_0,f3_1,f3_2,f3_3,f3_4,f3_5,f3_6,f3_7,f3_8,f3_9,f4_0,f4_1,f4_2,f4_3,f4_4,f4_5,f4_6,f4_7,f4_8,f4_9,f5,F1,F2,F3,F4,F5,F6,RUL,fault_status,fault_type,movement_pattern
26,124.76,remora9,remora8,17.5,18.4,18.4,18.41,21.65,21.65,18.59,18.59,18.94,18.94,17,17.92,17.92,17.93,21.24,21.24,18.11,18.11,18.47,18.47,1.67,1.68,1.68,1.69,1.69,1.7,1.7,1.71,1.72,1.73,4.7,4.71,4.71,4.72,4.73,4.74,4.75,4.76,4.77,4.77,170.36,0,1,1,0,0,0,-1,0,None,aggregation
26,125.76,remora9,remora8,18.94,22.15,19.29,19.29,19.29,19.63,22.53,22.53,22.53,24.8,18.47,21.76,18.83,18.83,18.83,19.18,22.15,22.15,22.15,24.48,1.73,1.74,1.75,1.75,1.76,1.76,1.77,1.78,1.79,1.79,4.78,4.79,4.8,4.81,4.82,4.83,4.85,4.87,4.88,4.9,178.92,0,1,1,0,0,0,-1,0,None,aggregation
26,126.76,remora9,remora8,24.8,22.79,25.19,25.19,25.19,20.95,20.95,21.26,21.26,21.58,24.48,22.41,24.88,24.88,24.88,20.53,20.53,20.85,20.85,21.17,1.8,1.81,1.83,1.84,1.85,1.86,1.87,1.89,1.9,1.92,4.92,4.94,4.95,4.97,4.98,4.99,5,5.02,5.04,5.05,188.03,0,1,1,0,0,0,-1,0,None,aggregation
26,127.76,remora9,remora8,21.58,22.17,22.46,22.46,22.75,22.75,22.75,23.03,23.58,23.58,21.17,21.78,22.08,22.08,22.37,22.37,22.37,22.66,23.22,23.22,1.93,1.94,1.95,1.96,1.97,1.99,2.01,2.02,2.04,2.06,5.07,5.08,5.09,5.11,5.12,5.14,5.17,5.18,5.2,5.22,195.73,0,1,1,0,0,0,-1,0,None,aggregation
26,128.76,remora9,remora8,23.85,23.85,23.85,24.36,24.48,24.48,24.85,24.85,25.21,25.21,23.5,23.5,23.5,24.03,24.16,24.16,24.54,24.54,24.9,24.9,2.09,2.11,2.12,2.13,2.15,2.18,2.2,2.23,2.25,2.27,5.24,5.25,5.26,5.28,5.29,5.32,5.34,5.36,5.38,5.4,203.14,0,1,1,0,0,0,-1,0,None,aggregation
26,129.76,remora9,remora8,25.21,25.55,25.55,25.88,26.2,26.2,26.2,26.5,26.5,26.7,24.9,25.26,25.26,25.6,25.93,25.93,25.93,26.24,26.24,26.45,2.3,2.33,2.36,2.39,2.42,2.45,2.47,2.5,2.52,2.54,5.42,5.44,5.47,5.49,5.51,5.54,5.56,5.58,5.61,5.62,210.23,0,1,1,0,0,0,-1,0,None,aggregation
26,130.76,remora9,remora8,26.7,26.89,26.9,26.9,26.9,27.08,27.08,27.26,27.26,27.44,26.45,26.65,26.65,26.65,26.65,26.85,26.85,27.03,27.03,27.22,2.55,2.57,2.6,2.63,2.65,2.68,2.71,2.75,2.78,2.8,5.64,5.66,5.69,5.71,5.74,5.76,5.78,5.81,5.83,5.85,217.97,0,1,1,0,0,0,-1,0,None,aggregation
26,131.76,remora9,remora8,27.61,27.61,27.61,27.61,27.61,0,0,0,0,0,27.39,27.39,27.39,27.4,27.4,0,0,0,0,0,2.81,2.84,2.87,2.91,2.95,2.97,2.98,2.99,2.99,3.01,5.87,5.9,5.92,5.95,5.98,5.99,5.99,5.99,5.99,6,213.85,0,1,1,0,0,0,-1,0,None,aggregation
26,132.76,remora9,remora8,0,0,0,0,-22.55,-22.55,-22.57,-22.57,-22.57,-22.12,0,0,0,0,-21.73,-21.73,-21.75,-21.75,-21.75,-21.3,3.02,3.03,3.04,3.04,3.03,3.01,2.99,2.98,2.97,2.95,6.01,6.01,6.01,6.01,6,5.98,5.95,5.94,5.92,5.9,210.17,0,0,1,0,0,0,-1,0,None,aggregation
26,133.76,remora9,remora8,0,0,0,0,0,-21.7,-21.7,-21.7,-20.77,-20.77,0,0,0,0,0,-20.88,-20.88,-20.88,-19.95,-19.95,2.92,2.9,2.89,2.9,2.91,2.9,2.87,2.83,2.81,2.8,5.88,5.87,5.87,5.87,5.87,5.86,5.84,5.82,5.81,5.8,199.65,0,1,1,0,0,0,-1,0,None,aggregation
26,134.76,remora9,remora8,-20.77,-20.8,-20.8,-20.32,-20.08,-20.08,-20.08,-19.88,-19.14,-19.14,-19.95,-19.98,-19.98,-19.5,-19.26,-19.26,-19.26,-19.05,-18.32,-18.32,2.8,2.78,2.75,2.75,2.74,2.71,2.69,2.66,2.63,2.61,5.79,5.77,5.74,5.73,5.71,5.69,5.67,5.65,5.63,5.62,200.47,0,1,1,0,0,0,-1,0,None,aggregation
26,135.76,remora9,remora8,-19.14,-18.67,-18.67,-18.44,-18.18,-18.18,-18.18,-18.18,-26.55,-17.2,-18.32,-17.85,-17.85,-17.62,-17.36,-17.36,-17.36,-17.36,-25.73,-16.38,2.6,2.59,2.59,2.58,2.56,2.53,2.51,2.5,2.5,2.49,5.6,5.59,5.58,5.57,5.55,5.54,5.52,5.51,5.49,5.48,198.31,0,1,1,0,0,0,-1,0,None,aggregation
26,136.76,remora9,remora8,-17.2,-17.2,-16.95,-16.69,-15.95,-15.95,-15.69,-15.69,-15.69,-15.43,-16.38,-16.38,-16.13,-15.87,-15.12,-15.12,-14.87,-14.87,-14.87,-14.61,2.49,2.47,2.45,2.43,2.41,2.41,2.41,2.4,2.4,2.39,5.47,5.46,5.44,5.42,5.41,5.4,5.4,5.39,5.38,5.38,191.41,0,1,1,0,0,0,-1,0,None,aggregation
26,137.76,remora9,remora8,-25.73,-25.73,-25.73,-14.92,-14.92,-14.13,-13.87,-13.87,-13.87,-13.87,-24.91,-24.91,-24.91,-14.1,-14.1,-13.31,-13.05,-13.05,-13.05,-13.05,2.39,2.37,2.35,2.33,2.33,2.33,2.33,2.33,2.34,2.34,5.37,5.35,5.33,5.32,5.3,5.3,5.29,5.29,5.29,5.28,186.14,0,1,1,0,0,0,-1,0,None,aggregation
26,138.76,remora9,remora8,-13.87,-13.86,-25.03,-25.03,-13.04,-13.04,-12.78,-12.78,-19.19,-19.19,-13.05,-13.04,-24.21,-24.21,-12.21,-12.21,-11.96,-11.96,-18.37,-18.37,2.33,2.33,2.32,2.32,2.32,2.32,2.31,2.32,2.32,2.31,5.27,5.26,5.25,5.24,5.23,5.22,5.22,5.22,5.22,5.2,178.18,0,1,1,0,0,0,-1,0,None,aggregation
26,139.76,remora9,remora8,-19.19,-24.58,-24.58,-24.39,-10.92,-10.92,-10.92,-10.4,-10.4,-10.4,-18.37,-23.76,-23.76,-23.57,-10.1,-10.1,-10.1,-9.58,-9.58,-9.58,2.29,2.27,2.26,2.24,2.22,2.22,2.22,2.22,2.23,2.22,5.18,5.17,5.15,5.14,5.12,5.12,5.11,5.11,5.11,5.09,167.53,0,1,1,0,0,0,-1,0,None,aggregation
26,140.76,remora9,remora8,-23.75,-23.66,-23.66,-9.08,-8.28,-8.28,-8.28,-7.74,-7.74,-22.51,-22.93,-22.84,-22.84,-8.26,-7.46,-7.46,-7.46,-6.92,-6.92,-21.69,2.2,2.18,2.16,2.14,2.13,2.12,2.12,2.12,2.12,2.11,5.08,5.07,5.06,5.05,5.04,5.04,5.03,5.02,5.01,5,154.5,0,1,1,0,0,0,-1,0,None,aggregation
26,141.76,remora9,remora8,-22.28,-22.28,-6.7,-6.7,-6.7,-6.16,-14.21,-14.21,-14.21,-21.48,-21.46,-21.46,-5.87,-5.87,-5.87,-5.34,-13.39,-13.39,-13.39,-20.66,2.09,2.08,2.08,2.08,2.08,2.08,2.08,2.08,2.07,2.07,4.99,4.98,4.97,4.96,4.95,4.94,4.94,4.94,4.94,4.93,153.83,0,1,1,0,0,0,-1,0,None,aggregation
26,142.76,remora9,remora8,-21.48,-5.07,-5.07,-5.07,-20.82,-20.59,-3.5,-3.5,-3.5,-12.13,-20.66,-4.25,-4.25,-4.25,-20,-19.76,-2.67,-2.67,-2.67,-11.31,2.06,2.06,2.05,2.04,2.04,2.03,2.03,2.03,2.03,2.02,4.91,4.9,4.89,4.89,4.88,4.87,4.86,4.85,4.85,4.84,150.24,0,1,1,0,0,0,-1,0,None,aggregation
26,143.76,remora9,remora8,-19.94,-19.94,-19.94,-1.93,-1.42,-1.42,-1.42,-18.98,-18.98,-0.89,-19.12,-19.12,-19.12,-1.11,-0.6,-0.6,-0.6,-18.16,-18.16,-0.07,2.01,2,1.99,1.98,1.99,1.99,1.99,1.98,1.97,1.96,4.84,4.83,4.82,4.81,4.81,4.81,4.81,4.8,4.79,4.78,149.85,0,1,1,0,0,0,-1,0,None,aggregation
26,144.76,remora9,remora8,-18.23,-18.23,-17.93,-17.93,1.15,1.15,1.15,-18.67,-18.67,-16.76,-17.41,-17.41,-17.11,-17.11,1.94,1.94,1.94,-17.85,-17.85,-15.94,1.96,1.95,1.94,1.94,1.93,1.93,1.92,1.92,1.91,1.9,4.78,4.77,4.77,4.76,4.76,4.76,4.75,4.74,4.73,4.72,142.98,0,1,1,0,0,0,-1,0,None,aggregation
26,145.76,remora9,remora8,-16.76,2.64,2.64,-15.9,-15.9,3.15,-15.4,-15.4,-15.4,4.14,-15.94,3.41,3.41,-15.08,-15.08,3.91,-14.58,-14.58,-14.58,4.88,1.89,1.89,1.9,1.9,1.9,1.9,1.89,1.89,1.88,1.89,4.7,4.7,4.7,4.7,4.7,4.71,4.71,4.71,4.7,4.7,134.89,0,1,1,0,0,0,-1,0,None,aggregation
26,146.76,remora9,remora8,4.14,-14.56,-14.56,-14.56,-14.91,4.66,-16.35,-16.35,5.17,5.17,4.88,-13.74,-13.74,-13.74,-14.09,5.39,-15.53,-15.53,5.89,5.89,1.89,1.9,1.91,1.91,1.91,1.92,1.93,1.92,1.92,1.91,4.7,4.69,4.69,4.68,4.67,4.67,4.68,4.68,4.67,4.68,130,0,1,1,0,0,0,-1,0,None,aggregation
26,147.76,remora9,remora8,5.17,-13.65,-13.65,-13.62,-13.62,-12.78,-12.78,-3.41,-3.41,-11.97,5.89,-12.83,-12.83,-12.8,-12.8,-11.95,-11.95,-2.59,-2.59,-11.15,1.91,1.9,1.9,1.9,1.9,1.9,1.9,1.89,1.89,1.89,4.68,4.68,4.68,4.67,4.67,4.66,4.66,4.66,4.65,4.65,122.82,0,1,1,0,0,0,-1,0,None,aggregation
26,148.76,remora9,remora8,-14.08,-14.08,-11.12,-11.12,-11.12,-1.72,-10.64,-10.64,-10.64,-1.23,-13.26,-13.26,-10.3,-10.3,-10.3,-0.9,-9.82,-9.82,-9.82,-0.41,1.88,1.88,1.88,1.88,1.89,1.89,1.89,1.89,1.89,1.88,4.65,4.65,4.65,4.65,4.64,4.64,4.64,4.64,4.64,4.65,115.67,0,1,1,0,0,0,-1,0,None,aggregation
26,149.76,remora9,remora8,-1.23,-9.77,-9.4,-9.4,0,0,0,-8.53,-11.29,-11.29,-0.41,-8.94,-8.58,-8.58,0.81,0.81,0.81,-7.71,-10.47,-10.47,1.88,1.87,1.88,1.88,1.88,1.87,1.87,1.87,1.87,1.87,4.65,4.65,4.65,4.65,4.64,4.64,4.64,4.64,4.64,4.65,106.34,0,1,1,0,0,0,-1,0,None,aggregation
26,150.76,remora9,remora8,-11.29,-7.95,-7.95,-10.56,-10.56,12.43,-9.81,-9.81,-9.81,-9.76,-10.47,-7.13,-7.13,-9.74,-9.74,13.02,-8.99,-8.99,-8.99,-8.94,1.87,1.87,1.87,1.87,1.87,1.87,1.86,1.86,1.85,1.85,4.65,4.65,4.65,4.65,4.64,4.65,4.66,4.66,4.66,4.66,102.1,0,1,1,0,0,0,-1,0,None,aggregation
26,151.76,remora9,remora8,-5.54,-5.54,-5.54,14.06,14.06,-4.94,-4.94,-4.51,14.45,14.45,-4.72,-4.72,-4.72,14.62,14.62,-4.12,-4.12,-3.68,15,15,1.85,1.85,1.85,1.85,1.84,1.83,1.83,1.83,1.83,1.84,4.65,4.66,4.66,4.67,4.68,4.68,4.68,4.68,4.68,4.69,97.68,0,1,1,0,0,0,-1,0,None,aggregation
26,152.76,remora9,remora8,14.45,-4.23,-4.23,14.05,-4.27,-4.27,-4.27,-4.19,-4.19,14.45,15,-3.41,-3.41,14.61,-3.45,-3.45,-3.45,-3.37,-3.37,15.01,1.84,1.84,1.85,1.85,1.84,1.84,1.84,1.84,1.84,1.85,4.69,4.7,4.71,4.71,4.72,4.72,4.73,4.74,4.75,4.75,95.08,0,1,1,0,0,0,-1,0,None,aggregation
26,153.76,remora9,remora8,14.45,14.45,-7.34,14.06,14.06,-3.62,-3.62,-3.53,-3.53,4.23,15.01,15.01,-6.52,14.62,14.62,-2.8,-2.8,-2.71,-2.71,4.97,1.85,1.85,1.85,1.85,1.85,1.85,1.84,1.84,1.84,1.84,4.76,4.76,4.76,4.77,4.77,4.78,4.79,4.79,4.79,4.79,93.24,0,1,1,0,0,0,-1,0,None,aggregation
26,154.76,remora9,remora8,-2.57,-2.57,-2.57,14.85,14.85,14.85,-2.5,-2.5,-2.5,-2.4,-1.74,-1.74,-1.74,15.39,15.39,15.39,-1.67,-1.67,-1.67,-1.57,1.84,1.84,1.84,1.84,1.84,1.83,1.83,1.83,1.83,1.83,4.8,4.8,4.8,4.81,4.82,4.83,4.85,4.85,4.86,4.86,86.42,0,1,1,0,0,0,-1,0,None,aggregation
26,155.76,remora9,remora8,-2.4,4.44,-2.49,-2.49,-2.49,14.07,14.07,14.07,-2.5,-2.5,-1.57,5.18,-1.67,-1.67,-1.67,14.63,14.63,14.63,-1.67,-1.67,1.84,1.85,1.86,1.86,1.86,1.86,1.86,1.86,1.86,1.86,4.87,4.87,4.88,4.89,4.9,4.91,4.91,4.91,4.92,4.92,81.81,0,1,1,0,0,0,-1,0,None,aggregation
26,156.76,remora9,remora8,-2.5,-2.5,13.67,13.67,-2.19,-2.19,-2.19,-5.68,13.67,13.67,-1.67,-1.67,14.24,14.24,-1.37,-1.37,-1.37,-4.86,14.24,14.24,1.86,1.87,1.88,1.88,1.88,1.88,1.87,1.87,1.87,1.87,4.92,4.92,4.93,4.94,4.94,4.94,4.94,4.95,4.96,4.97,77.92,0,1,1,0,0,0,-1,0,None,aggregation
26,157.76,remora9,remora8,13.67,13.67,14.07,-5.39,-5.39,-2.06,13.29,13.29,13.29,-1.83,14.24,14.24,14.63,-4.57,-4.57,-1.24,13.86,13.86,13.86,-1,1.86,1.87,1.87,1.88,1.89,1.9,1.91,1.9,1.9,1.89,4.98,4.99,5,5.01,5.01,5.01,5.02,5.02,5.03,5.04,77.45,0,1,1,0,0,0,-1,0,None,aggregation
26,158.76,remora9,remora8,-1.83,-1.74,-1.74,13.28,13.28,13.28,13.28,-1.79,-1.71,-1.71,-1,-0.92,-0.92,13.85,13.86,13.86,13.86,-0.96,-0.88,-0.88,1.89,1.89,1.89,1.9,1.91,1.91,1.91,1.91,1.91,1.91,5.05,5.05,5.05,5.06,5.06,5.08,5.09,5.1,5.11,5.11,74.45,0,1,1,0,0,0,-1,0,None,aggregation
26,159.76,remora9,remora8,-1.71,12.88,13.07,13.07,13.07,3.95,3.95,-1.64,3.66,3.66,-0.88,13.46,13.65,13.65,13.65,4.69,4.69,-0.82,4.41,4.41,1.9,1.9,1.89,1.89,1.9,1.9,1.91,1.92,1.93,1.93,5.11,5.11,5.12,5.12,5.13,5.14,5.15,5.15,5.16,5.16,75.78,0,1,1,0,0,0,-1,0,None,aggregation
26,160.76,remora9,remora8,3.66,12.48,12.48,12.49,12.05,12.05,12.05,12.04,-2.09,-2.09,4.41,13.07,13.07,13.08,12.65,12.65,12.65,12.64,-1.27,-1.27,1.94,1.94,1.93,1.93,1.92,1.92,1.91,1.92,1.92,1.92,5.16,5.16,5.16,5.16,5.17,5.17,5.17,5.18,5.19,5.2,75.64,0,1,1,0,0,0,-1,0,None,aggregation
26,161.76,remora9,remora8,-2.09,-2.06,-2.06,11.62,11.62,11.63,11.63,3.22,3.22,2.92,-1.27,-1.24,-1.24,12.23,12.23,12.24,12.24,3.98,3.98,3.69,1.92,1.92,1.93,1.93,1.94,1.94,1.93,1.94,1.96,1.97,5.2,5.2,5.2,5.2,5.2,5.21,5.21,5.22,5.23,5.23,73.29,0,1,1,0,0,0,-1,0,None,aggregation
26,162.76,remora9,remora8,2.92,2.92,-2.27,11.24,11.24,11.24,11.24,11.23,11.23,10.79,3.69,3.69,-1.44,11.86,11.85,11.85,11.85,11.85,11.85,11.42,1.98,1.98,1.98,1.98,1.98,1.97,1.97,1.97,1.96,1.97,5.24,5.24,5.24,5.43,5.43,5.43,5.43,5.43,5.43,5.43,75.12,0,1,1,0,0,0,-1,0,None,aggregation
26,163.76,remora9,remora8,10.79,10.8,10.8,2.44,2.44,10.17,10.17,-3.05,9.98,9.98,11.42,11.42,11.42,3.21,3.21,10.8,10.8,-2.22,10.61,10.61,1.99,2,2.01,2.01,2.02,2.03,2.04,2.04,2.04,2.04,5.43,5.43,5.44,5.44,5.44,5.45,5.45,5.46,5.47,5.47,75.21,0,1,1,0,0,0,-1,0,None,aggregation
26,164.76,remora9,remora8,9.98,9.98,9.98,9.77,9.58,9.58,9.58,9.58,-3.27,9.35,10.62,10.62,10.62,10.41,10.22,10.22,10.22,10.22,-2.45,10,2.05,2.06,2.08,2.09,2.1,2.1,2.1,2.09,2.09,2.09,5.48,5.49,5.49,5.5,5.5,5.51,5.52,5.52,5.53,5.53,78.51,0,1,1,0,0,0,-1,0,None,aggregation
26,165.76,remora9,remora8,9.58,9.58,9.58,9.36,1.77,1.77,1.63,1.63,1.63,9.18,10.23,10.23,10.23,10.01,2.55,2.55,2.41,2.41,2.41,9.84,2.09,2.1,2.11,2.13,2.14,2.14,2.14,2.14,2.14,2.14,5.53,5.53,5.53,5.54,5.55,5.56,5.56,5.56,5.56,5.56,78.42,0,1,1,0,0,0,-1,0,None,aggregation
26,166.76,remora9,remora8,9.18,9.19,9.19,8.96,8.74,8.74,8.74,8.73,8.73,8.75,9.84,9.84,9.84,9.61,9.4,9.4,9.4,9.39,9.39,9.41,2.15,2.15,2.15,2.15,2.15,2.15,2.15,2.16,2.17,2.18,5.56,5.57,5.57,5.57,5.57,5.57,5.57,5.58,5.59,5.59,80.58,0,1,1,0,0,0,-1,0,None,aggregation
26,167.76,remora9,remora8,8.75,8.53,8.32,8.32,8.32,8.33,8.11,8.11,8.11,8.11,9.41,9.19,8.98,8.98,8.98,8.99,8.78,8.78,8.78,8.78,2.19,2.19,2.19,2.2,2.2,2.22,2.23,2.24,2.25,2.25,5.59,5.59,5.59,5.6,5.6,5.61,5.62,5.62,5.62,5.62,79.61,0,1,1,0,0,0,-1,0,None,aggregation
26,168.76,remora9,remora8,-3.98,-3.98,8.15,8.15,8.15,8.16,8.16,8.17,8.17,7.96,-3.16,-3.16,8.82,8.82,8.82,8.83,8.83,8.84,8.84,8.64,2.25,2.25,2.25,2.26,2.27,2.27,2.27,2.28,2.29,2.3,5.62,5.63,5.64,5.65,5.66,5.66,5.66,5.66,5.66,5.66,80.87,0,1,1,0,0,0,-1,0,None,aggregation
26,169.76,remora9,remora8,7.96,1.32,1.32,7.76,7.76,8,7.76,7.76,7.76,7.77,8.64,2.11,2.11,8.44,8.44,8.68,8.44,8.44,8.44,8.45,2.32,2.32,2.32,2.32,2.32,2.32,2.32,2.33,2.34,2.35,5.66,5.66,5.66,5.66,5.67,5.67,5.68,5.68,5.68,5.68,80.49,0,1,1,0,0,0,-1,0,None,aggregation
26,187.76,remora9,remora8,0,0,30,30,0,0,0,-10.37,10.08,10.08,0,0,30,30,0,0,0,-9.55,10.72,10.72,3.09,3.09,3.09,3.09,3.09,3.09,3.1,3.1,3.11,3.12,4.17,4.18,4.19,4.19,4.18,4.18,4.18,4.18,4.18,4.19,82.73,0,1,1,0,0,0,-1,0,None,aggregation
26,188.76,remora9,remora8,10.09,10.09,10.09,10.1,10.1,-17.15,-17.15,-17.15,0,0,10.73,10.73,10.73,10.74,10.74,-16.33,-16.33,-16.33,0,0,3.13,3.13,3.12,3.12,3.13,3.13,3.13,3.13,3.13,3.13,4.2,4.21,4.22,4.22,4.21,4.21,4.2,4.2,4.2,4.19,85.77,0,0,1,0,0,0,-1,0,None,aggregation
26,189.76,remora9,remora8,30,30,30,0,9.68,9.68,9.68,9.68,9.68,9.68,30,30,30,0,10.32,10.32,10.32,10.32,10.32,10.32,3.13,3.13,3.13,3.13,3.13,3.13,3.14,3.14,3.14,3.14,4.19,4.19,4.2,4.21,4.22,3.13,3.14,3.14,3.14,3.14,96.75,0,0,1,0,0,0,-1,0,None,aggregation
26,190.76,remora9,remora8,9.68,9.68,9.68,9.69,9.69,9.69,9.69,-17,-17,-16.99,10.32,10.33,10.33,10.33,10.34,10.34,10.34,-16.18,-16.18,-16.17,3.14,3.15,3.15,3.15,3.15,3.15,3.16,3.15,3.15,3.15,3.14,3.15,3.15,3.15,3.15,3.15,3.16,3.15,3.15,3.15,100.57,0,0,1,0,0,0,-1,0,None,aggregation
26,191.76,remora9,remora8,-16.63,-16.63,-16.63,10.58,-24.51,-24.51,-24.51,-15.95,-15.95,0,-15.8,-15.8,-15.8,11.2,-25.34,-25.34,-25.34,-15.13,-15.13,0,3.15,3.16,3.16,3.17,3.18,3.18,3.18,3.18,3.19,3.19,3.15,3.16,3.16,3.17,3.18,3.18,3.18,3.18,3.19,3.19,109.83,0,0,1,0,0,0,-1,0,None,aggregation
26,124.76,remora9,remora1,7.91,7.91,7.91,7.7,9.45,9.45,8.2,8.2,8.45,8.45,8.58,8.58,8.58,8.38,10.1,10.1,8.87,8.87,9.12,9.12,1.56,1.58,1.6,1.61,1.62,1.62,1.62,1.63,1.64,1.64,3.87,3.88,3.89,3.9,3.9,3.9,3.91,3.91,3.91,3.91,110.76,0,1,1,0,0,0,-1,0,None,aggregation
26,125.76,remora9,remora1,8.69,8.69,8.94,8.94,-18.46,-18.46,-18.49,-18.49,-18.56,-18.56,9.35,9.35,9.6,9.6,-17.64,-17.64,-17.67,-17.67,-17.74,-17.74,1.65,1.66,1.68,1.69,1.69,1.7,1.7,1.71,1.72,1.73,3.92,3.92,3.93,3.93,3.94,3.96,3.98,4,4.01,4.04,109.35,0,1,1,0,0,0,-1,0,None,aggregation
26,126.76,remora9,remora1,-18.73,-18.73,7.18,7.18,6.96,6.96,-12.45,-12.45,7,7,-17.91,-17.91,7.87,7.87,7.65,7.65,-11.63,-11.63,7.69,7.69,1.75,1.77,1.78,1.79,1.8,1.81,1.82,1.83,1.83,1.84,4.06,4.08,4.1,4.1,4.1,4.1,4.11,4.12,4.13,4.13,106.42,0,1,1,0,0,0,-1,0,None,aggregation
26,127.76,remora9,remora1,7.01,7.01,-12.2,-12.2,-12.2,-12.2,-12.2,7.08,10.46,10.46,7.7,7.7,-11.38,-11.38,-11.37,-11.37,-11.37,7.77,9.14,9.14,1.85,1.86,1.86,1.88,1.9,1.91,1.91,1.92,1.93,1.93,4.14,4.14,4.15,4.16,4.18,4.19,4.21,4.21,4.22,4.21,106.38,0,1,1,0,0,0,-1,0,None,aggregation
26,128.76,remora9,remora1,7.1,7.1,7.12,7.12,-12.63,-12.63,6.94,6.94,6.73,6.73,7.79,7.79,7.81,7.81,-11.81,-11.81,7.64,7.64,7.43,7.43,1.93,1.95,1.96,1.98,2,2.01,2.02,2.02,2.03,2.04,4.21,4.22,4.23,4.24,4.24,4.26,4.27,4.27,4.28,4.28,102.99,0,1,1,0,0,0,-1,0,None,aggregation
26,129.76,remora9,remora1,-12.68,-12.68,3.44,3.44,-12.81,-12.81,7.01,7.01,7.02,7.02,-11.86,-11.86,4.19,4.19,-11.99,-11.99,7.7,7.7,7.71,7.71,2.04,2.05,2.06,2.07,2.07,2.07,2.07,2.08,2.09,2.1,4.28,4.28,4.3,4.3,4.3,4.32,4.33,4.33,4.34,4.35,99.96,0,1,1,0,0,0,-1,0,None,aggregation
26,130.76,remora9,remora1,7.02,-12.59,-12.73,-12.73,6.86,6.86,10.52,10.52,-12.88,-12.88,7.71,-11.76,-11.91,-11.91,7.56,7.56,8.84,8.84,-12.06,-12.06,2.12,2.13,2.14,2.15,2.15,2.16,2.17,2.17,2.18,2.19,4.36,4.37,4.38,4.4,4.41,4.42,4.42,4.42,4.42,4.44,101.03,0,1,1,0,0,0,-1,0,None,aggregation
26,131.76,remora9,remora1,6.66,6.66,-12.91,-12.91,6.69,6.69,6.71,6.71,-12.93,-12.93,7.36,7.36,-12.09,-12.09,7.39,7.39,7.4,7.4,-12.11,-12.11,2.19,2.2,2.2,2.21,2.22,2.22,2.23,2.24,2.24,2.25,4.46,4.46,4.46,4.47,4.48,4.48,4.48,4.48,4.48,4.48,99.32,0,1,1,0,0,0,-1,0,None,aggregation
26,132.76,remora9,remora1,1.6,1.6,-12.85,-12.85,10.54,10.54,10.54,10.54,10.54,6.56,2.38,2.38,-12.02,-12.02,8.68,8.68,8.7,8.7,8.7,7.26,2.26,2.26,2.27,2.27,2.28,2.29,2.29,2.3,2.3,2.31,4.49,4.49,4.49,4.49,4.49,4.49,4.49,4.48,4.46,4.46,97.3,0,1,1,0,0,0,-1,0,None,aggregation
26,133.76,remora9,remora1,6.58,6.58,6.59,6.59,-13.18,-13.18,-13.4,-13.4,-13.46,-13.46,7.28,7.28,7.29,7.29,-12.36,-12.36,-12.58,-12.58,-12.64,-12.64,2.31,2.32,2.32,2.33,2.35,2.37,2.38,2.39,2.4,2.4,4.46,4.46,4.46,4.46,4.46,4.47,4.48,4.49,4.5,4.51,99.17,0,1,1,0,0,0,-1,0,None,aggregation
26,134.76,remora9,remora1,10.55,10.55,10.54,10.54,5.54,5.54,5.57,5.57,5.57,5.84,8.66,8.66,8.69,8.69,6.26,6.26,6.28,6.28,6.28,6.55,2.41,2.42,2.44,2.45,2.47,2.47,2.48,2.48,2.49,2.49,4.5,4.5,4.5,4.5,4.49,4.49,4.49,4.49,4.48,4.48,97.89,0,1,1,0,0,0,-1,0,None,aggregation
26,135.76,remora9,remora1,-13.89,-13.89,-13.89,-13.93,5.66,5.66,5.67,5.67,-13.9,-13.9,-13.07,-13.07,-13.07,-13.11,6.37,6.37,6.39,6.39,-13.07,-13.07,2.5,2.51,2.53,2.54,2.55,2.56,2.56,2.56,2.56,2.57,4.48,4.48,4.49,4.5,4.51,4.51,4.51,4.5,4.49,4.49,93.88,0,1,1,0,0,0,-1,0,None,aggregation
26,136.76,remora9,remora1,5.95,5.95,5.73,5.73,-13.79,-13.79,-13.79,-13.79,-13.79,10.56,6.66,6.66,6.45,6.45,-12.96,-12.96,-12.97,-12.97,-12.97,8.44,2.59,2.6,2.62,2.62,2.63,2.63,2.64,2.65,2.66,2.66,4.49,4.5,4.5,4.5,4.5,4.5,4.5,4.51,4.52,4.52,93.49,0,1,1,0,0,0,-1,0,None,aggregation
26,137.76,remora9,remora1,10.56,10.56,10.55,10.55,-14.56,-14.56,-14.93,-14.93,10.55,10.55,8.45,8.45,8.54,8.54,-13.74,-13.74,-14.11,-14.11,8.6,8.6,2.66,2.66,2.66,2.66,2.67,2.68,2.7,2.71,2.72,2.72,4.51,4.5,4.49,4.49,4.48,4.49,4.5,4.5,4.51,4.5,94.88,0,1,1,0,0,0,-1,0,None,aggregation
26,138.76,remora9,remora1,10.55,10.55,10.54,10.54,-15.82,-15.82,-16,-16,10.53,10.53,8.62,8.62,8.7,8.7,-15,-15,-15.18,-15.18,8.76,8.76,2.72,2.73,2.73,2.73,2.72,2.73,2.73,2.74,2.75,2.76,4.5,4.49,4.48,4.47,4.46,4.46,4.47,4.48,4.48,4.48,98.55,0,1,1,0,0,0,-1,0,None,aggregation
26,139.76,remora9,remora1,10.53,10.53,10.52,10.52,-16.88,-16.88,10.51,10.51,10.51,10.51,8.78,8.78,8.85,8.85,-16.06,-16.06,8.92,8.92,8.94,8.94,2.77,2.78,2.77,2.77,2.77,2.78,2.78,2.79,2.79,2.79,4.48,4.48,4.47,4.46,4.46,4.46,4.47,4.46,4.46,4.45,100.96,0,1,1,0,0,0,-1,0,None,aggregation
26,140.76,remora9,remora1,-17.46,-17.46,-17.42,-17.42,10.5,10.5,10.5,10.5,10.49,10.49,-16.64,-16.64,-16.6,-16.6,8.98,8.98,9,9,9.06,9.06,2.79,2.79,2.79,2.81,2.83,2.83,2.83,2.83,2.83,2.83,4.45,4.45,4.47,4.48,4.5,4.49,4.49,4.48,4.47,4.46,103.33,0,1,1,0,0,0,-1,0,None,aggregation
26,141.76,remora9,remora1,-17.92,-17.92,10.47,10.47,10.47,10.47,-18.74,-18.74,10.46,10.46,-17.1,-17.1,9.12,9.12,9.13,9.13,-17.92,-17.92,9.17,9.17,2.83,2.83,2.83,2.84,2.85,2.86,2.88,2.87,2.87,2.86,4.46,4.46,4.46,4.46,4.45,4.45,4.44,4.45,4.45,4.44,107.16,0,1,1,0,0,0,-1,0,None,aggregation
26,142.76,remora9,remora1,10.45,10.45,-18.76,-18.76,10.44,10.44,10.44,10.44,10.44,-19.28,9.19,9.19,-17.94,-17.94,9.24,9.24,9.24,9.24,9.24,-18.46,2.85,2.85,2.86,2.87,2.88,2.88,2.88,2.87,2.86,2.86,4.43,4.42,4.42,4.42,4.43,4.42,4.41,4.4,4.39,4.4,111.21,0,1,1,0,0,0,-1,0,None,aggregation
26,143.76,remora9,remora1,-19.28,-19.28,10.43,10.43,10.43,10.43,10.41,10.41,10.4,10.4,-18.46,-18.46,9.27,9.27,9.28,9.28,9.32,9.32,9.35,9.35,2.87,2.89,2.9,2.9,2.89,2.89,2.88,2.87,2.87,2.86,4.41,4.42,4.43,4.43,4.42,4.41,4.4,4.39,4.39,4.38,112.34,0,1,1,0,0,0,-1,0,None,aggregation
26,144.76,remora9,remora1,-19.72,-19.72,-19.68,-19.68,10.39,10.39,10.4,10.4,10.38,10.38,-18.9,-18.9,-18.86,-18.86,9.37,9.37,9.37,9.37,9.4,9.4,2.86,2.86,2.87,2.87,2.88,2.88,2.87,2.88,2.88,2.88,4.37,4.38,4.39,4.4,4.41,4.4,4.4,4.4,4.39,4.39,118.57,0,1,1,0,0,0,-1,0,None,aggregation
26,145.76,remora9,remora1,10.37,10.37,-20.11,-20.11,-20.11,-20.13,10.37,10.37,10.37,10.37,9.43,9.43,-19.29,-19.29,-19.29,-19.31,9.44,9.44,9.44,9.44,2.88,2.87,2.87,2.86,2.86,2.86,2.86,2.86,2.85,2.84,4.38,4.37,4.36,4.36,4.37,4.38,4.39,4.39,4.38,4.37,121.89,0,1,1,0,0,0,-1,0,None,aggregation
26,146.76,remora9,remora1,10.35,10.35,10.34,10.34,0.01,0.01,-14.16,-14.16,-14.16,-19.93,9.47,9.47,9.5,9.5,0.83,0.83,-13.34,-13.34,-13.34,-19.11,2.84,2.83,2.83,2.83,2.83,2.83,2.82,2.82,2.82,2.82,4.36,4.35,4.33,4.32,4.32,4.31,4.31,4.31,4.32,4.33,121.9,0,1,1,0,0,0,-1,0,None,aggregation
26,147.76,remora9,remora1,10.35,10.35,10.35,10.35,10.34,10.34,0.22,0.22,0.45,0.45,9.48,9.48,9.47,9.47,9.5,9.5,1.03,1.03,1.25,1.25,2.83,2.82,2.81,2.8,2.79,2.78,2.77,2.78,2.78,2.78,4.34,4.34,4.34,4.33,4.32,4.31,4.3,4.3,4.3,4.3,116.68,0,1,1,0,0,0,-1,0,None,aggregation
26,148.76,remora9,remora1,-19.57,-19.57,10.35,10.35,10.35,10.35,-19.28,-19.28,-19.24,-19.24,-18.75,-18.75,9.47,9.47,9.48,9.48,-18.46,-18.46,-18.42,-18.42,2.77,2.77,2.77,2.76,2.76,2.75,2.74,2.74,2.75,2.75,4.3,4.31,4.32,4.31,4.3,4.29,4.29,4.29,4.31,4.32,120.05,0,1,1,0,0,0,-1,0,None,aggregation
26,149.76,remora9,remora1,-19.24,10.35,10.35,10.35,10.34,10.34,10.34,10.33,-19.35,-19.35,-18.42,9.48,9.48,9.48,9.5,9.5,9.5,9.53,-18.53,-18.53,2.75,2.75,2.75,2.74,2.73,2.72,2.71,2.71,2.7,2.7,4.33,4.33,4.33,4.32,4.32,4.31,4.3,4.3,4.3,4.31,121.61,0,1,1,0,0,0,-1,0,None,aggregation
26,150.76,remora9,remora1,10.32,10.32,10.32,10.32,-22.3,-22.3,10.31,10.31,10.31,10.31,9.55,9.55,9.55,9.55,-21.48,-21.48,9.57,9.57,9.57,9.57,2.69,2.69,2.68,2.67,2.66,2.66,2.66,2.66,2.65,2.64,4.31,4.3,4.3,4.29,4.29,4.3,4.31,4.31,4.31,4.3,121.28,0,1,1,0,0,0,-1,0,None,aggregation
26,151.76,remora9,remora1,-12.66,-12.66,-12.66,-12.66,-12.66,10.31,10.31,10.31,10.3,10.3,-11.84,-11.84,-11.84,-11.84,-11.84,9.57,9.56,9.56,9.58,9.58,2.63,2.63,2.62,2.62,2.62,2.61,2.6,2.6,2.59,2.58,4.3,4.3,4.31,4.32,4.33,4.33,4.33,4.32,4.32,4.31,119.32,0,1,1,0,0,0,-1,0,None,aggregation
26,152.76,remora9,remora1,2.73,2.73,2.98,2.98,-21.51,-21.51,-17.36,-17.36,10.33,10.33,3.5,3.5,3.74,3.74,-20.69,-20.69,-16.54,-16.54,9.53,9.53,2.57,2.56,2.56,2.55,2.54,2.54,2.54,2.54,2.53,2.52,4.3,4.3,4.29,4.29,4.29,4.3,4.31,4.32,4.33,4.33,117.77,0,1,1,0,0,0,-1,0,None,aggregation
26,153.76,remora9,remora1,10.33,10.33,10.31,10.31,-16.92,-16.92,10.3,10.3,10.31,10.31,9.53,9.53,9.56,9.56,-16.09,-16.09,9.58,9.58,9.57,9.57,2.52,2.51,2.5,2.5,2.49,2.48,2.48,2.48,2.48,2.47,4.32,4.32,4.31,4.3,4.3,4.31,4.32,4.32,4.32,4.32,117.36,0,1,1,0,0,0,-1,0,None,aggregation
26,154.76,remora9,remora1,5.07,5.07,-16.04,-16.04,-15.73,-15.73,10.32,10.32,10.32,10.32,5.8,5.8,-15.22,-15.22,-14.91,-14.91,9.55,9.55,9.55,9.55,2.46,2.45,2.45,2.44,2.44,2.44,2.44,2.43,2.42,2.42,4.31,4.31,4.3,4.31,4.32,4.33,4.34,4.34,4.33,4.33,114.96,0,1,1,0,0,0,-1,0,None,aggregation
26,155.76,remora9,remora1,10.32,-15.21,-20.28,-20.28,10.32,10.32,10.31,10.31,10.3,10.3,9.55,-14.39,-19.46,-19.46,9.55,9.55,9.56,9.56,9.58,9.58,2.41,2.41,2.4,2.4,2.4,2.4,2.39,2.39,2.39,2.39,4.32,4.32,4.32,4.33,4.34,4.34,4.34,4.33,4.33,4.33,113.55,0,1,1,0,0,0,-1,0,None,aggregation
26,156.76,remora9,remora1,10.3,10.3,7.83,7.83,8.52,8.52,-13.82,-13.82,-19.53,-19.53,9.58,9.58,8.5,8.5,9.19,9.19,-12.99,-12.99,-18.71,-18.71,2.38,2.38,2.38,2.37,2.37,2.37,2.37,2.37,2.36,2.36,4.32,4.32,4.31,4.31,4.3,4.3,4.3,4.31,4.32,4.33,115.32,0,1,1,0,0,0,-1,0,None,aggregation
26,157.76,remora9,remora1,-6.78,-6.78,10.34,10.34,10.34,10.34,-12.9,-12.9,-12.92,-12.92,-5.96,-5.96,9.5,9.5,9.5,9.5,-12.08,-12.08,-12.1,-12.1,2.36,2.35,2.35,2.35,2.35,2.35,2.35,2.34,2.34,2.34,4.34,4.35,4.35,4.35,4.34,4.33,4.33,4.34,4.35,4.36,119.32,0,1,1,0,0,0,-1,0,None,aggregation
26,158.76,remora9,remora1,10.34,10.34,10.34,10.34,-12.19,-12.19,-18.95,-18.95,10.34,10.34,9.51,9.51,9.51,9.51,-11.36,-11.36,-18.13,-18.13,9.51,9.51,2.34,2.34,2.34,2.34,2.34,2.33,2.33,2.33,2.33,2.33,4.36,4.36,4.36,4.35,4.35,4.35,4.36,4.37,4.38,4.39,116,0,1,1,0,0,0,-1,0,None,aggregation
26,159.76,remora9,remora1,10.34,10.34,10.33,10.33,-11.32,-11.32,-18.54,-18.54,10.33,10.33,9.51,9.51,9.53,9.53,-10.5,-10.5,-17.72,-17.72,9.53,9.53,2.33,2.33,2.33,2.33,2.33,2.33,2.33,2.33,2.32,2.33,4.38,4.38,4.38,4.38,4.38,4.38,4.39,4.4,4.41,4.4,115.15,0,1,1,0,0,0,-1,0,None,aggregation
26,160.76,remora9,remora1,10.33,10.33,10.32,10.32,11.58,11.58,-18.83,-18.83,-11.26,-11.26,9.53,9.53,9.55,9.55,12.19,12.19,-18.01,-18.01,-10.44,-10.44,2.33,2.33,2.33,2.33,2.33,2.33,2.33,2.32,2.32,2.32,4.4,4.4,4.4,4.4,4.4,4.4,4.4,4.4,4.41,4.42,115.02,0,1,1,0,0,0,-1,0,None,aggregation
26,161.76,remora9,remora1,10.33,10.33,10.32,10.32,-11.66,-11.66,-11.67,-11.67,10.33,10.33,9.53,9.53,9.54,9.54,-10.84,-10.84,-10.85,-10.85,9.53,9.53,2.32,2.32,2.32,2.32,2.32,2.32,2.32,2.32,2.32,2.32,4.43,4.43,4.42,4.42,4.42,4.42,4.43,4.44,4.44,4.44,114.39,0,1,1,0,0,0,-1,0,None,aggregation
26,162.76,remora9,remora1,10.33,10.33,-19.06,-19.06,10.32,10.32,10.32,10.31,11.77,11.77,9.53,9.53,-18.23,-18.23,9.55,9.55,9.55,9.56,12.37,12.37,2.32,2.32,2.31,3.16,3.18,3.18,3.17,3.16,3.15,3.13,4.43,4.43,4.43,5.15,5.16,5.16,5.16,5.16,5.16,5.15,115.6,0,0,1,0,0,0,-1,0,None,aggregation
26,163.76,remora9,remora1,11.77,11.77,12.2,12.2,-11.61,-11.61,-11.61,-11.66,-11.79,-11.79,12.38,12.38,12.8,12.8,-10.79,-10.79,-10.79,-10.84,-10.97,-10.97,3.1,3.08,3.06,3.04,3.02,3.02,3.02,3.03,3.04,3.05,5.14,5.13,5.12,5.12,5.11,5.12,5.13,5.14,5.15,5.16,116.02,0,0,1,0,0,0,-1,0,None,aggregation
26,164.76,remora9,remora1,12.2,12.2,-11.24,-11.24,-11.17,-11.17,-11.13,-11.13,10.39,10.39,12.8,12.8,-10.42,-10.42,-10.34,-10.34,-10.31,-10.31,9.38,9.38,3.04,3.02,3,2.99,2.99,3,3.01,3.03,3.04,3.04,5.16,5.15,5.15,5.15,5.16,5.17,5.18,5.2,5.2,5.21,115.71,0,0,1,0,0,0,-1,0,None,aggregation
26,165.76,remora9,remora1,10.39,10.39,-11.28,-11.28,-11.35,-11.35,10.39,10.39,10.39,10.39,9.38,9.38,-10.46,-10.46,-10.53,-10.53,9.39,9.39,9.39,9.39,3.03,3.01,2.99,2.98,2.97,2.98,2.99,2.99,2.98,2.97,5.2,5.2,5.19,5.19,5.2,5.21,5.22,5.22,5.21,5.21,113.6,0,1,1,0,0,0,-1,0,None,aggregation
26,166.76,remora9,remora1,-11.56,-11.56,12.41,12.41,-11.42,-11.42,-11.42,-11.42,10.4,10.4,-10.74,-10.74,13,13,-10.59,-10.59,-10.59,-10.59,9.35,9.35,2.95,2.96,2.97,2.96,2.95,2.96,2.97,2.97,2.97,2.95,5.2,5.21,5.22,5.22,5.21,5.22,5.23,5.24,5.25,5.24,112.85,0,1,1,0,0,0,-1,0,None,aggregation
26,167.76,remora9,remora1,10.4,10.4,-11.88,-11.88,-11.9,-11.9,10.39,10.39,10.39,10.39,9.36,9.36,-11.06,-11.06,-11.08,-11.08,9.37,9.37,9.38,9.38,2.93,2.92,2.91,2.92,2.92,2.92,2.91,2.9,2.88,2.86,5.23,5.23,5.23,5.23,5.24,5.25,5.25,5.24,5.24,5.23,113.13,0,1,1,0,0,0,-1,0,None,aggregation
26,168.76,remora9,remora1,-19.65,-19.65,-19.7,-19.7,10.39,10.39,10.39,10.39,10.38,10.38,-18.83,-18.83,-18.88,-18.88,9.39,9.39,9.39,9.39,9.42,9.42,2.85,2.87,2.89,2.9,2.91,2.91,2.9,2.88,2.86,2.84,5.23,5.24,5.25,5.27,5.28,5.28,5.28,5.27,5.26,5.25,114.75,0,1,1,0,0,0,-1,0,None,aggregation
26,169.76,remora9,remora1,10.36,10.36,-13.12,-13.12,-13.12,-13.12,10.36,10.36,10.36,10.36,9.45,9.45,-12.3,-12.3,-12.3,-12.3,9.45,9.45,9.46,9.46,2.82,2.81,2.8,2.8,2.82,2.83,2.84,2.83,2.81,2.79,5.24,5.24,5.23,5.24,5.25,5.26,5.27,5.27,5.26,5.25,114.01,0,1,1,0,0,0,-1,0,None,aggregation
26,170.76,remora9,remora1,-13.32,-13.32,10.35,10.35,10.35,10.35,-13.4,-13.4,-13.38,-13.38,-12.49,-12.49,9.49,9.49,9.49,9.49,-12.58,-12.58,-12.56,-12.56,2.77,2.78,2.79,2.78,2.77,2.76,2.76,2.77,2.78,2.78,5.37,5.37,5.38,5.38,5.37,5.37,5.37,5.38,5.38,5.39,113.55,0,1,1,0,0,0,-1,0,None,aggregation
26,171.76,remora9,remora1,10.35,10.35,10.34,10.34,-13.29,-13.29,-13.27,-13.27,10.34,10.34,9.49,9.49,9.49,9.49,-12.47,-12.47,-12.45,-12.45,9.49,9.49,2.78,2.77,2.75,2.73,2.73,2.74,2.75,2.76,2.77,2.77,5.39,5.38,5.37,5.37,5.37,5.37,5.38,5.39,5.4,5.4,114.19,0,1,1,0,0,0,-1,0,None,aggregation
26,185.76,remora9,remora1,10.24,10.24,10.23,10.23,10.22,10.22,-19.45,-19.45,-19.28,-19.28,9.69,9.69,9.71,9.71,9.72,9.72,-18.63,-18.63,-18.46,-18.46,2.29,2.27,2.25,2.24,2.23,2.22,2.22,2.24,2.26,2.28,5.58,5.58,5.57,5.56,5.56,5.56,5.56,5.57,5.59,5.6,128.41,0,1,1,0,0,0,-1,0,None,aggregation
26,186.76,remora9,remora1,10.23,10.23,10.23,10.23,10.22,10.22,10.22,10.22,-19.6,-19.6,9.71,9.71,9.7,9.7,9.72,9.72,9.73,9.73,-18.77,-18.77,2.29,2.28,2.26,2.25,2.24,2.23,2.22,2.2,2.18,2.19,5.61,5.61,5.61,5.6,5.6,5.59,5.59,5.58,5.57,5.58,127.09,0,1,1,0,0,0,-1,0,None,aggregation
26,187.76,remora9,remora1,-19.61,-19.61,10.22,10.22,10.22,10.22,10.21,10.21,-19.76,-19.76,-18.79,-18.79,9.72,9.72,9.72,9.72,9.74,9.74,-18.94,-18.94,2.21,2.22,2.24,2.23,2.22,2.2,2.19,2.18,2.16,2.17,5.6,5.62,5.63,5.62,5.62,5.62,5.61,5.61,5.6,5.61,129.88,0,1,1,0,0,0,-1,0,None,aggregation
26,188.76,remora9,remora1,-19.76,-19.76,10.22,10.22,10.22,10.22,10.22,10.22,10.21,10.21,-18.94,-18.94,9.72,9.72,9.72,9.72,9.73,9.73,9.74,9.74,2.18,2.2,2.22,2.21,2.2,2.19,2.18,2.17,2.16,2.15,5.63,5.64,5.66,5.66,5.66,5.65,5.65,5.64,5.64,5.64,129.06,0,1,1,0,0,0,-1,0,None,aggregation
26,124.76,remora9,remora2,-21.38,-21.38,-21.38,-8.89,-8.89,-0.16,-8.6,-8.6,-8.33,-8.33,-20.56,-20.56,-20.56,-8.06,-8.06,0.66,-7.78,-7.78,-7.51,-7.51,1.56,1.58,1.6,1.61,1.62,1.62,1.62,1.63,1.64,1.64,4.21,4.22,4.24,4.25,4.26,4.27,4.28,4.29,4.29,4.3,80.91,0,1,1,0,0,0,-1,0,None,aggregation
26,125.76,remora9,remora2,-20.59,-20.59,-8.03,-8.03,-7.86,-7.86,-8.02,-8.02,-8.02,-20.78,-19.77,-19.77,-7.2,-7.2,-7.04,-7.04,-7.19,-7.19,-7.19,-19.96,1.65,1.66,1.68,1.69,1.69,1.7,1.7,1.71,1.72,1.73,4.31,4.32,4.33,4.34,4.35,4.36,4.37,4.38,4.39,4.41,82.08,0,1,1,0,0,0,-1,0,None,aggregation
26,126.76,remora9,remora2,-21.49,-21.49,-9,-9,-9.23,-9.23,-8.91,-8.91,-8.99,-8.99,-20.67,-20.67,-8.18,-8.18,-8.41,-8.41,-8.09,-8.09,-8.17,-8.17,1.75,1.77,1.78,1.79,1.8,1.81,1.82,1.83,1.83,1.84,4.42,4.43,4.44,4.44,4.45,4.46,4.46,4.47,4.47,4.48,87.07,0,1,1,0,0,0,-1,0,None,aggregation
26,127.76,remora9,remora2,-8.99,-9.1,-21.87,-21.87,-8.77,-8.77,-9,-9,-0.48,-0.48,-8.17,-8.28,-21.05,-21.05,-7.95,-7.95,-8.17,-8.17,0.34,0.34,1.85,1.86,1.86,1.88,1.9,1.91,1.91,1.92,1.93,1.93,4.49,4.5,4.51,4.52,4.54,4.54,4.55,4.55,4.56,4.56,91.64,0,1,1,0,0,0,-1,0,None,aggregation
26,128.76,remora9,remora2,-22.28,-22.28,-21.81,-21.81,-8.48,-8.48,-8.38,-8.38,-8.47,-8.47,-21.46,-21.46,-20.98,-20.98,-7.65,-7.65,-7.56,-7.56,-7.65,-7.65,1.93,1.95,1.96,1.98,2,2.01,2.02,2.02,2.03,2.04,4.56,4.58,4.59,4.6,4.61,4.62,4.62,4.63,4.64,4.64,99.02,0,1,1,0,0,0,-1,0,None,aggregation
26,129.76,remora9,remora2,-8.26,-8.26,-8.18,-8.18,-0.19,-0.19,-0.19,-8.05,-21.7,-21.7,-7.43,-7.43,-7.36,-7.36,0.63,0.63,0.63,-7.23,-20.88,-20.88,2.04,2.05,2.06,2.07,2.07,2.07,2.07,2.08,2.09,2.1,4.64,4.65,4.65,4.66,4.66,4.67,4.68,4.68,4.69,4.7,97.92,0,1,1,0,0,0,-1,0,None,aggregation
26,130.76,remora9,remora2,-21.7,-7.98,-7.94,-7.94,-8.03,-8.03,-7.98,-7.98,-7.77,-7.77,-20.88,-7.16,-7.11,-7.11,-7.21,-7.21,-7.16,-7.16,-6.95,-6.95,2.12,2.13,2.14,2.15,2.15,2.16,2.17,2.17,2.18,2.19,4.72,4.73,4.74,4.75,4.76,4.76,4.77,4.78,4.78,4.79,99.81,0,1,1,0,0,0,-1,0,None,aggregation
26,131.76,remora9,remora2,-7.61,-7.61,-7.61,-7.61,-7.53,-7.53,-7.45,-7.45,-7.26,-7.26,-6.79,-6.79,-6.79,-6.79,-6.71,-6.71,-6.63,-6.63,-6.44,-6.44,2.19,2.2,2.2,2.21,2.22,2.22,2.23,2.24,2.24,2.25,4.81,4.81,4.82,4.82,4.83,4.83,4.83,4.83,4.83,4.83,97.28,0,1,1,0,0,0,-1,0,None,aggregation
26,132.76,remora9,remora2,-7.19,-7.19,-7.19,-7.19,-7.23,-7.23,-7.19,-7.19,-7.19,-7.01,-6.37,-6.37,-6.37,-6.37,-6.41,-6.41,-6.37,-6.37,-6.37,-6.19,2.26,2.26,2.27,2.27,2.28,2.29,2.29,2.3,2.3,2.31,4.83,4.83,4.83,4.83,4.83,4.82,4.82,4.82,4.81,4.81,96.98,0,1,1,0,0,0,-1,0,None,aggregation
26,133.76,remora9,remora2,-6.86,-6.86,-20.28,-20.28,-20.26,-20.26,-6.5,-6.5,-4,-4,-6.04,-6.04,-19.45,-19.45,-19.44,-19.44,-5.68,-5.68,-3.18,-3.18,2.31,2.32,2.32,2.33,2.35,2.37,2.38,2.39,2.4,2.4,4.81,4.82,4.83,4.83,4.83,4.83,4.84,4.84,4.84,4.83,98.74,0,1,1,0,0,0,-1,0,None,aggregation
26,134.76,remora9,remora2,-20.7,-20.7,-20.68,-20.68,-6.58,-6.58,-6.38,-6.38,-6.3,-6.3,-19.88,-19.88,-19.86,-19.86,-5.76,-5.76,-5.56,-5.56,-5.48,-5.48,2.41,2.42,2.44,2.45,2.47,2.47,2.48,2.48,2.49,2.49,4.83,4.83,4.83,4.83,4.83,4.83,4.83,4.83,4.83,4.83,99.22,0,1,1,0,0,0,-1,0,None,aggregation
26,135.76,remora9,remora2,-20.11,-20.11,-20.11,-6.24,-6.24,-6.24,2.23,2.23,2.23,-20.04,-19.28,-19.28,-19.28,-5.42,-5.42,-5.42,3.01,3.01,3.01,-19.22,2.5,2.51,2.53,2.54,2.55,2.56,2.56,2.56,2.56,2.57,4.83,4.83,4.82,4.82,4.83,4.83,4.83,4.82,4.81,4.81,98.26,0,1,1,0,0,0,-1,0,None,aggregation
26,136.76,remora9,remora2,-20.04,-20.04,-5.98,-5.98,-5.96,-5.96,-5.94,-5.94,-5.94,-5.87,-19.22,-19.22,-5.16,-5.16,-5.14,-5.14,-5.12,-5.12,-5.12,-5.05,2.59,2.6,2.62,2.62,2.63,2.63,2.64,2.65,2.66,2.66,4.81,4.81,4.81,4.82,4.82,4.82,4.81,4.81,4.81,4.81,95.51,0,1,1,0,0,0,-1,0,None,aggregation
26,137.76,remora9,remora2,3.15,3.15,-5.83,-5.83,-19.42,-19.42,-5.51,-5.51,-5.67,-5.67,3.91,3.91,-5.01,-5.01,-18.6,-18.6,-4.69,-4.69,-4.85,-4.85,2.66,2.66,2.66,2.66,2.67,2.68,2.7,2.71,2.72,2.72,4.8,4.8,4.8,4.8,4.79,4.79,4.79,4.79,4.79,4.78,93.75,0,1,1,0,0,0,-1,0,None,aggregation
26,138.76,remora9,remora2,-5.67,-5.62,3.86,3.86,-5.17,-5.17,-5.05,-5.05,-19.32,-19.32,-4.85,-4.8,4.61,4.61,-4.35,-4.35,-4.23,-4.23,-18.5,-18.5,2.72,2.73,2.73,2.73,2.72,2.73,2.73,2.74,2.75,2.76,4.78,4.78,4.78,4.77,4.76,4.76,4.76,4.76,4.76,4.76,87.83,0,1,1,0,0,0,-1,0,None,aggregation
26,139.76,remora9,remora2,1.89,1.89,2.32,2.32,-4.92,-4.92,-4.9,-4.9,-4.62,-4.62,2.67,2.67,3.09,3.09,-4.1,-4.1,-4.08,-4.08,-3.8,-3.8,2.77,2.78,2.77,2.77,2.77,2.78,2.78,2.79,2.79,2.79,4.76,4.76,4.75,4.75,4.75,4.75,4.75,4.74,4.74,4.74,83.26,0,1,1,0,0,0,-1,0,None,aggregation
26,140.76,remora9,remora2,4.96,4.96,-18.2,-18.2,-4.31,-4.31,-4.27,-4.27,-4.25,-4.25,5.69,5.69,-17.38,-17.38,-3.49,-3.49,-3.45,-3.45,-3.42,-3.42,2.79,2.79,2.79,2.81,2.83,2.83,2.83,2.83,2.83,2.83,4.74,4.74,4.74,4.74,4.75,4.75,4.74,4.74,4.74,4.73,81.3,0,1,1,0,0,0,-1,0,None,aggregation
26,141.76,remora9,remora2,5.74,5.74,-17.61,-17.61,-17.6,-17.6,16.25,16.25,16.25,6.14,6.46,6.46,-16.79,-16.79,-16.78,-16.78,16.77,16.77,16.77,6.85,2.83,2.83,2.83,2.84,2.85,2.86,2.88,2.87,2.87,2.86,4.73,4.73,4.72,4.72,4.71,4.71,4.71,4.71,4.7,4.7,87.92,0,1,1,0,0,0,-1,0,None,aggregation
26,142.76,remora9,remora2,-17.04,-17.04,-3.14,-3.14,-3.35,-3.35,6.81,6.81,6.81,-3.11,-16.22,-16.22,-2.32,-2.32,-2.52,-2.52,7.5,7.5,7.5,-2.29,2.85,2.85,2.86,2.87,2.88,2.88,2.88,2.87,2.86,2.86,4.69,4.69,4.69,4.68,4.68,4.67,4.67,4.66,4.66,4.66,88.03,0,1,1,0,0,0,-1,0,None,aggregation
26,143.76,remora9,remora2,-15.92,-15.92,7.37,7.37,7.42,7.42,-2.57,-2.57,7.99,7.99,-15.1,-15.1,8.05,8.05,8.11,8.11,-1.75,-1.75,8.67,8.67,2.87,2.89,2.9,2.9,2.89,2.89,2.88,2.87,2.87,2.86,4.66,4.66,4.66,4.66,4.65,4.65,4.65,4.65,4.64,4.64,85.15,0,1,1,0,0,0,-1,0,None,aggregation
26,144.76,remora9,remora2,-2.09,-2.09,-1.57,-1.57,8.42,8.42,-15.36,-15.36,-1.27,-1.27,-1.27,-1.27,-0.75,-0.75,9.09,9.09,-14.54,-14.54,-0.44,-0.44,2.86,2.86,2.87,2.87,2.88,2.88,2.87,2.88,2.88,2.88,4.64,4.64,4.64,4.64,4.63,4.63,4.63,4.63,4.63,4.62,78.91,0,1,1,0,0,0,-1,0,None,aggregation
26,145.76,remora9,remora2,9.01,9.01,8.3,8.3,9.46,9.46,8.57,8.57,-0.51,-0.51,9.66,9.66,8.97,8.97,10.11,10.11,9.23,9.23,0.31,0.31,2.88,2.87,2.87,2.86,2.86,2.86,2.86,2.86,2.85,2.84,4.62,4.62,4.61,4.61,4.61,4.61,4.61,4.61,4.61,4.61,75.86,0,1,1,0,0,0,-1,0,None,aggregation
26,146.76,remora9,remora2,-0.51,8.99,-13.19,-13.19,9.67,9.67,9.68,9.68,0.47,0.47,0.31,9.65,-12.37,-12.37,10.32,10.32,10.32,10.32,1.27,1.27,2.84,2.83,2.83,2.83,2.83,2.83,2.82,2.82,2.82,2.82,4.6,4.6,4.59,4.58,4.58,4.58,4.57,4.57,4.57,4.58,75.17,0,1,1,0,0,0,-1,0,None,aggregation
26,147.76,remora9,remora2,9.93,9.93,10.84,10.84,11.28,11.28,-11.59,-11.59,10.89,10.89,10.57,10.57,11.46,11.46,11.9,11.9,-10.77,-10.77,11.51,11.51,2.83,2.82,2.81,2.8,2.79,2.78,2.77,2.78,2.78,2.78,4.58,4.58,4.58,4.58,4.58,4.57,4.57,4.57,4.57,4.57,78.59,0,1,1,0,0,0,-1,0,None,aggregation
26,148.76,remora9,remora2,10.89,11.84,2.14,2.14,2.14,12.19,12.19,-10.51,12.69,12.69,11.51,12.45,2.92,2.92,2.92,12.79,12.79,-9.69,13.28,13.28,2.77,2.77,2.77,2.76,2.76,2.75,2.74,2.74,2.75,2.75,4.57,4.57,4.57,4.57,4.56,4.56,4.56,4.56,4.56,4.57,80.23,0,1,1,0,0,0,-1,0,None,aggregation
26,149.76,remora9,remora2,12.69,-10.51,12.97,12.97,13.08,13.08,13.08,3.55,13.71,13.71,13.28,-9.69,13.56,13.56,13.66,13.66,13.66,4.31,14.28,14.28,2.75,2.75,2.75,2.74,2.73,2.72,2.71,2.71,2.7,2.7,4.57,4.57,4.57,4.57,4.57,4.57,4.58,4.58,4.58,4.58,88.75,0,1,1,0,0,0,-1,0,None,aggregation
26,150.76,remora9,remora2,3.98,3.98,14.12,14.12,4.66,4.66,14.49,14.49,5.12,5.12,4.73,4.73,14.68,14.68,5.39,5.39,15.05,15.05,5.85,5.85,2.69,2.69,2.68,2.67,2.66,2.66,2.66,2.66,2.65,2.64,4.58,4.58,4.58,4.58,4.58,4.59,4.6,4.6,4.6,4.6,90.62,0,1,1,0,0,0,-1,0,None,aggregation
26,151.76,remora9,remora2,13.59,13.59,5.76,5.76,5.76,15.4,13.97,13.97,6.63,6.63,14.16,14.16,6.47,6.47,6.47,15.93,14.53,14.53,7.33,7.33,2.63,2.63,2.62,2.62,2.62,2.61,2.6,2.6,2.59,2.58,4.61,4.61,4.61,4.62,4.63,4.63,4.64,4.64,4.64,4.65,87.34,0,1,1,0,0,0,-1,0,None,aggregation
26,152.76,remora9,remora2,14.45,14.45,16.09,16.09,7.49,7.49,16.39,16.39,14.75,14.75,15,15,16.61,16.61,8.18,8.18,16.9,16.9,15.29,15.29,2.57,2.56,2.56,2.55,2.54,2.54,2.54,2.54,2.53,2.52,4.65,4.65,4.65,4.66,4.67,4.67,4.68,4.68,4.69,4.69,94.57,0,1,1,0,0,0,-1,0,None,aggregation
26,153.76,remora9,remora2,8.14,8.14,15.17,15.17,17,17,-2.35,-2.35,17.32,17.32,8.81,8.81,15.71,15.71,17.51,17.51,-1.52,-1.52,17.81,17.81,2.52,2.51,2.5,2.5,2.49,2.48,2.48,2.48,2.48,2.47,4.7,4.7,4.7,4.71,4.72,4.73,4.73,4.74,4.74,4.75,98.41,0,1,1,0,0,0,-1,0,None,aggregation
26,154.76,remora9,remora2,15.71,15.71,9.94,9.94,16.14,16.14,17.9,17.9,16.16,16.16,16.24,16.24,10.58,10.58,16.66,16.66,18.39,18.39,16.68,16.68,2.46,2.45,2.45,2.44,2.44,2.44,2.44,2.43,2.42,2.42,4.75,4.76,4.76,4.77,4.78,4.79,4.8,4.81,4.81,4.82,108.37,0,1,1,0,0,0,-1,0,None,aggregation
26,155.76,remora9,remora2,10.84,10.84,16.62,16.62,1.22,1.22,11.48,11.48,1.97,1.97,11.46,11.46,17.13,17.13,2.02,2.02,12.09,12.09,2.75,2.75,2.41,2.41,2.4,2.4,2.4,2.4,2.39,2.39,2.39,2.39,4.82,4.83,4.83,4.84,4.84,4.85,4.85,4.86,4.87,4.87,109.78,0,1,1,0,0,0,-1,0,None,aggregation
26,156.76,remora9,remora2,18.98,18.98,12.34,12.34,3.73,3.73,3.73,13.1,17.99,17.99,19.44,19.44,12.94,12.94,4.48,4.48,4.48,13.68,18.47,18.47,2.38,2.38,2.38,2.37,2.37,2.37,2.37,2.37,2.36,2.36,4.87,4.88,4.88,4.89,4.9,4.9,4.91,4.91,4.92,4.93,114.69,0,1,1,0,0,0,-1,0,None,aggregation
26,157.76,remora9,remora2,13.36,13.36,4.69,4.69,4.92,4.92,18.36,18.36,14.2,14.2,13.93,13.93,5.43,5.43,5.65,5.65,18.83,18.83,14.76,14.76,2.36,2.35,2.35,2.35,2.35,2.35,2.35,2.34,2.34,2.34,4.94,4.95,4.96,4.96,4.96,4.97,4.97,4.98,4.99,5,115.03,0,1,1,0,0,0,-1,0,None,aggregation
26,158.76,remora9,remora2,6.14,6.14,6.36,6.36,6.36,18.94,7.31,7.31,15.18,15.18,6.84,6.84,7.06,7.06,7.06,19.4,7.99,7.99,15.72,15.72,2.34,2.34,2.34,2.34,2.34,2.33,2.33,2.33,2.33,2.33,5.01,5.02,5.02,5.03,5.03,5.04,5.05,5.06,5.07,5.07,115.68,0,1,1,0,0,0,-1,0,None,aggregation
26,159.76,remora9,remora2,15.18,7.77,21.12,21.12,-4.77,-4.77,-4.76,-4.76,-4.71,-4.71,15.72,8.45,21.53,21.53,-15.23,-15.23,-15.22,-15.22,-15.17,-15.17,2.33,2.33,2.33,2.33,2.33,2.33,2.33,2.33,2.32,2.33,5.08,5.09,5.1,5.12,5.13,5.13,5.13,5.12,5.12,5.12,116.13,0,1,1,0,0,0,-1,0,None,aggregation
26,160.76,remora9,remora2,3.41,3.41,2.9,2.9,3.17,3.17,11.43,11.43,-4.57,-4.57,4.16,4.16,3.67,3.67,3.93,3.93,12.04,12.04,-15.04,-15.04,2.33,2.33,2.33,2.33,2.33,2.33,2.33,2.32,2.32,2.32,5.11,5.12,5.12,5.13,5.14,5.14,5.15,5.16,5.16,5.16,113.75,0,1,1,0,0,0,-1,0,None,aggregation
26,161.76,remora9,remora2,-4.5,-4.5,0.32,0.32,-0.45,-0.45,-0.45,-0.45,-0.46,-0.46,-14.96,-14.96,1.13,1.13,0.37,0.37,0.37,0.37,0.37,0.37,2.32,2.32,2.32,2.32,2.32,2.32,2.32,2.32,2.32,2.32,5.16,5.16,5.16,5.16,5.16,5.17,5.17,5.17,5.17,5.17,105.45,0,1,1,0,0,0,-1,0,None,aggregation
26,124.76,remora9,remora0,-2.08,-1.81,-1.81,-1.55,-1.55,-1.28,-1.02,-1.02,-1.02,-1.02,-2.9,-2.63,-2.63,-2.37,-2.37,-2.1,-1.84,-1.84,-1.84,-1.84,5.33,5.33,5.32,5.32,5.31,5.31,5.31,5.3,5.3,5.3,6.47,6.48,6.48,6.48,6.48,6.48,6.48,6.48,6.48,6.49,141.95,0,0,1,0,0,0,-1,0,None,aggregation
26,125.76,remora9,remora0,-0.49,-0.22,0.3,0.3,0.3,0.82,1.34,1.34,1.34,1.59,-1.32,-1.04,-0.52,-0.52,-0.52,0.01,0.54,0.54,0.54,0.79,5.29,5.29,5.29,5.29,5.29,5.29,5.29,5.3,5.3,5.31,6.49,6.49,6.5,6.5,6.5,6.51,6.51,6.52,6.52,6.53,122.77,0,0,1,0,0,0,-1,0,None,aggregation
26,126.76,remora9,remora0,1.59,2.1,-14.35,-14.35,-14.35,3.11,3.11,3.87,3.87,4.11,0.79,1.31,-15.17,-15.17,-15.17,2.34,2.34,3.11,3.11,3.36,5.32,5.32,5.33,5.32,5.3,5.29,5.29,5.29,5.3,5.3,6.54,6.55,6.55,6.55,6.54,6.54,6.54,6.55,6.55,6.56,102.44,0,0,1,0,0,0,-1,0,None,aggregation
26,127.76,remora9,remora0,4.11,4.37,4.37,4.61,4.87,4.87,4.87,5.11,5.11,5.11,3.36,3.62,3.62,3.87,4.13,4.13,4.13,4.37,4.37,4.37,5.3,5.31,5.31,5.31,5.32,5.33,5.34,5.34,5.34,5.34,6.57,6.57,6.58,6.59,6.6,6.61,6.62,6.63,6.63,6.64,82.31,0,0,1,0,0,0,-1,0,None,aggregation
26,128.76,remora9,remora0,5.11,5.11,5.37,5.6,5.6,5.6,5.86,6.09,6.09,-10.66,4.37,4.37,4.63,4.87,4.87,4.87,5.13,5.37,5.37,-11.48,5.35,5.35,5.35,5.35,5.36,5.37,5.37,5.38,5.38,5.38,6.65,6.66,6.67,6.68,6.69,6.7,6.71,6.72,6.72,6.73,66.73,0,0,1,0,0,0,-1,0,None,aggregation
26,129.76,remora9,remora0,-10.66,5.86,5.86,6.09,6.09,6.09,6.09,6.1,6.1,6.35,-11.48,5.14,5.14,5.37,5.37,5.37,5.37,5.37,5.37,5.63,5.37,5.37,5.38,5.38,5.39,5.4,5.41,5.41,5.41,5.42,6.72,6.72,6.73,6.74,6.75,6.76,6.77,6.78,6.79,6.8,55.93,0,0,1,0,0,0,-1,0,None,aggregation
26,130.76,remora9,remora0,6.35,6.58,6.58,6.82,6.82,7.05,7.05,7.06,7.06,7.3,5.63,5.86,5.86,6.12,6.12,6.35,6.35,6.35,6.35,6.6,5.42,5.43,5.44,5.45,5.46,5.46,5.47,5.47,5.47,5.48,6.81,6.82,6.83,6.84,6.85,6.86,6.87,6.88,6.89,6.9,49.56,0,0,1,0,0,0,-1,0,None,aggregation
26,131.76,remora9,remora0,-8.43,-8.43,-8.43,8,8,8.24,8.24,8.24,8,8.24,-9.25,-9.25,-9.25,7.31,7.31,7.56,7.56,7.56,7.31,7.56,5.49,5.48,5.48,5.48,5.49,5.5,5.5,5.51,5.51,5.52,6.92,6.92,6.91,6.92,6.93,6.94,6.95,6.96,6.96,6.97,48.87,0,0,1,0,0,0,-1,0,None,aggregation
26,132.76,remora9,remora0,8.24,8.46,8.46,8.46,8.46,8.46,8.46,8.24,8.24,8.46,7.56,7.79,7.79,7.79,7.78,7.79,7.79,7.56,7.56,7.79,5.54,5.54,5.55,5.56,5.58,5.58,5.59,5.59,5.59,5.6,6.98,6.99,7,7,7.01,7.01,7.02,7.02,7.03,7.03,51.27,0,0,1,0,0,0,-1,0,None,aggregation
26,133.76,remora9,remora0,8.46,8.46,8.46,8.7,8.7,8.92,8.92,8.92,8.92,9.16,7.79,7.79,7.79,8.03,8.03,8.25,8.25,8.25,8.25,8.49,5.6,5.61,5.62,5.62,5.63,5.64,5.65,5.67,5.68,5.69,7.04,7.04,7.05,7.06,7.07,7.08,7.09,7.1,7.1,7.11,56.33,0,0,1,0,0,0,-1,0,None,aggregation
26,134.76,remora9,remora0,9.16,9.37,9.37,9.61,9.61,9.61,9.61,9.82,9.82,10.05,8.49,8.71,8.71,8.95,8.95,8.95,8.95,9.17,9.17,9.4,5.7,5.71,5.72,5.72,5.73,5.73,5.74,5.75,5.75,5.76,7.12,7.12,7.13,7.14,7.15,7.15,7.16,7.17,7.17,7.18,63.78,0,0,1,0,0,0,-1,0,None,aggregation
26,135.76,remora9,remora0,10.05,10.05,10.05,10.26,10.26,10.26,10.26,10.26,10.49,10.7,9.4,9.4,9.4,9.62,9.62,9.62,9.62,9.62,9.84,10.06,5.77,5.78,5.8,5.81,5.83,5.84,5.85,5.85,5.86,5.87,7.19,7.2,7.21,7.22,7.23,7.23,7.24,7.25,7.25,7.26,73.09,0,0,1,0,0,0,-1,0,None,aggregation
26,136.76,remora9,remora0,10.7,10.7,10.69,10.92,10.92,10.92,10.92,11.12,11.12,11.12,10.06,10.06,10.06,10.28,10.28,10.28,10.28,10.49,10.49,10.49,5.89,5.9,5.91,5.91,5.92,5.94,5.95,5.97,5.99,6,7.27,7.28,7.29,7.3,7.31,7.32,7.33,7.34,7.35,7.35,77.35,0,0,1,0,0,0,-1,0,None,aggregation
26,137.76,remora9,remora0,11.12,11.34,11.34,11.55,11.55,11.54,11.54,11.76,11.76,11.76,10.49,10.72,10.72,10.93,10.93,10.92,10.92,11.14,11.14,11.14,6,6.01,6.02,6.02,6.03,6.05,6.06,6.08,6.1,6.11,7.36,7.37,7.37,7.38,7.39,7.4,7.41,7.42,7.43,7.44,84.2,0,0,1,0,0,0,-1,0,None,aggregation
26,138.76,remora9,remora0,11.76,11.96,11.96,11.96,11.96,12.17,12.17,12.17,12.37,12.37,11.14,11.35,11.35,11.34,11.34,11.56,11.56,11.56,11.76,11.76,6.11,6.12,6.13,6.14,6.15,6.16,6.18,6.19,6.21,6.22,7.45,7.46,7.47,7.47,7.48,7.49,7.5,7.51,7.52,7.53,90.15,0,0,1,0,0,0,-1,0,None,aggregation
26,139.76,remora9,remora0,12.37,12.36,12.36,12.57,12.57,12.57,12.57,12.77,12.77,12.77,11.76,11.76,11.76,11.97,11.97,11.97,11.97,12.17,12.17,12.17,6.23,6.24,6.25,6.25,6.26,6.28,6.3,6.31,6.32,6.33,7.54,7.55,7.56,7.57,7.58,7.59,7.6,7.61,7.62,7.63,96.17,0,0,1,0,0,0,-1,0,None,aggregation
26,140.76,remora9,remora0,12.76,12.97,12.97,12.96,0,0,0,0,0,0,12.16,12.37,12.37,12.37,0,0,0,0,0,0,6.33,6.35,6.37,6.39,6.4,6.41,6.4,6.4,6.4,6.39,7.64,7.65,7.66,7.68,7.69,7.69,7.69,7.69,7.69,7.69,94.71,0,0,1,0,0,0,-1,0,None,aggregation
26,141.76,remora9,remora0,0,0,0,0,0,0,0,0,0,0,0,0,0,0,0,0,0,0,0,0,6.39,6.39,6.4,6.4,6.39,6.39,6.39,6.4,6.4,6.4,7.69,7.69,7.69,7.69,7.69,7.69,7.69,7.69,7.69,7.69,86.6,0,0,1,0,0,0,-1,0,None,aggregation
26,142.76,remora9,remora0,0,0,0,0,0,0,0,0,0,0,0,0,0,0,0,0,0,0,0,0,6.39,6.39,6.39,6.39,6.4,6.4,6.39,6.39,6.39,6.39,7.69,7.69,7.69,7.69,7.69,7.69,7.69,7.68,7.68,7.68,78.54,0,0,1,0,0,0,-1,0,None,aggregation
26,143.76,remora9,remora0,0,0,0,0,0,0,0,0,0,0,0,0,0,0,0,0,0,0,0,0,6.39,6.4,6.4,6.4,6.4,6.4,6.39,6.39,6.39,6.38,7.69,7.69,7.69,7.69,7.69,7.69,7.68,7.68,7.68,7.68,70.12,0,0,1,0,0,0,-1,0,None,aggregation
26,144.76,remora9,remora0,0,0,0,0,0,0,0,0,0,0,0,0,0,0,0,0,0,0,0,0,6.38,6.38,6.39,6.39,6.4,6.4,6.4,6.39,6.39,6.39,7.68,7.68,7.68,7.69,7.69,7.69,7.69,7.69,7.69,7.69,60.84,0,0,1,0,0,0,-1,0,None,aggregation
26,145.76,remora9,remora0,0,0,0,0,0,0,0,0,0,0,0,0,0,0,0,0,0,0,0,0,6.39,6.38,6.38,6.38,6.39,6.39,6.4,6.4,6.39,6.39,7.69,7.69,7.68,7.68,7.68,7.68,7.68,7.68,7.68,7.68,50.9,0,0,1,0,0,0,-1,0,None,aggregation
26,146.76,remora9,remora0,0,0,0,0,0,0,0,0,0,0,0,0,0,0,0,0,0,0,0,0,6.39,6.39,6.38,6.38,6.38,6.38,6.38,6.38,6.38,6.39,7.68,7.68,7.68,7.67,7.68,7.67,7.67,7.67,7.67,7.67,40.3,0,0,0,0,0,0,-1,0,None,aggregation
26,147.76,remora9,remora0,0,3.26,3.26,3.26,3.26,3.52,3.52,3.51,3.51,3.51,0,4.02,4.02,4.02,4.02,4.27,4.27,4.27,4.27,4.27,6.39,6.39,6.39,6.4,6.4,6.4,6.4,6.4,6.41,6.41,7.68,7.68,7.68,7.68,7.68,7.68,7.69,7.69,7.7,7.7,32.49,0,0,0,0,0,0,-1,0,None,aggregation
26,148.76,remora9,remora0,3.51,3.75,3.75,4.01,4.01,4,4,4.01,4.01,4.24,4.27,4.5,4.5,4.75,4.75,4.75,4.75,4.75,4.75,4.98,6.41,6.42,6.43,6.43,6.43,6.44,6.44,6.44,6.45,6.46,7.7,7.71,7.71,7.71,7.72,7.72,7.72,7.73,7.73,7.74,25.02,0,0,0,0,0,0,-1,0,None,aggregation
26,149.76,remora9,remora0,4.24,4.49,4.49,4.49,4.73,4.73,4.73,4.98,4.98,4.98,4.98,5.23,5.23,5.23,5.46,5.46,5.46,5.71,5.71,5.71,6.47,6.48,6.48,6.48,6.48,6.48,6.49,6.49,6.49,6.5,7.74,7.75,7.75,7.76,7.76,7.76,7.77,7.77,7.78,7.78,17.8,0,0,0,0,0,0,-1,0,None,aggregation
26,150.76,remora9,remora0,4.98,4.98,4.98,5.21,5.21,5.46,5.46,5.46,5.46,5.46,5.71,5.7,5.7,5.94,5.94,6.18,6.18,6.18,6.18,6.18,6.51,6.51,6.52,6.52,6.52,6.53,6.54,6.55,6.55,6.55,7.79,7.79,7.79,7.8,7.8,7.81,7.82,7.82,7.83,7.83,18.38,0,0,0,0,0,0,-1,0,None,aggregation
26,151.76,remora9,remora0,5.46,5.69,5.69,5.94,5.94,5.94,5.94,5.94,5.94,5.94,6.18,6.41,6.41,6.65,6.65,6.65,6.65,6.65,6.65,6.65,6.56,6.57,6.57,6.58,6.59,6.6,6.6,6.61,6.61,6.61,7.84,7.84,7.85,7.86,7.86,7.87,7.87,7.88,7.88,7.89,24.58,0,0,0,0,0,0,-1,0,None,aggregation
26,152.76,remora9,remora0,6.17,6.42,6.42,6.41,6.41,6.41,6.41,6.64,6.64,6.89,6.88,7.12,7.12,7.11,7.11,7.11,7.11,7.34,7.34,7.58,6.62,6.62,6.63,6.64,6.64,6.65,6.66,6.67,6.68,6.69,7.89,7.89,7.9,7.9,7.91,7.91,7.92,7.93,7.94,7.94,31.41,0,0,0,0,0,0,-1,0,None,aggregation
26,153.76,remora9,remora0,6.89,6.89,6.89,6.88,6.88,6.89,6.89,7.11,7.11,7.36,7.58,7.58,7.58,7.58,7.58,7.58,7.58,7.81,7.81,8.04,6.7,6.7,6.7,6.71,6.71,6.72,6.74,6.74,6.75,6.75,7.94,7.95,7.95,7.96,7.96,7.97,7.98,7.99,7.99,8,38.74,0,0,0,0,0,0,-1,0,None,aggregation
26,154.76,remora9,remora0,7.36,7.36,7.36,7.36,7.36,7.36,7.83,7.83,7.83,7.83,8.04,8.04,8.04,8.04,8.04,8.04,8.51,8.51,8.51,8.5,6.76,6.76,6.77,6.78,6.79,6.8,6.81,6.82,6.82,6.83,8.01,8.01,8.02,8.03,8.03,8.04,8.05,8.05,8.06,8.06,46.62,0,0,1,0,0,0,-1,0,None,aggregation
26,155.76,remora9,remora0,7.83,7.82,7.82,7.83,7.83,7.83,7.83,8.05,8.29,8.29,8.5,8.5,8.5,8.5,8.5,8.5,8.5,8.73,8.96,8.96,6.84,6.84,6.86,6.87,6.88,6.89,6.89,6.9,6.9,6.91,8.07,8.08,8.08,8.09,8.1,8.1,8.11,8.12,8.12,8.13,54.9,0,0,1,0,0,0,-1,0,None,aggregation
26,156.76,remora9,remora0,8.29,8.29,8.29,8.29,8.3,8.3,8.3,8.3,8.3,8.53,8.96,8.96,8.96,8.96,8.96,8.96,8.96,8.97,8.97,9.19,6.92,6.92,6.93,6.94,6.94,6.95,6.96,6.97,6.98,6.99,8.14,8.14,8.15,8.16,8.16,8.17,8.18,8.19,8.2,8.21,63.55,0,0,1,0,0,0,-1,0,None,aggregation
26,157.76,remora9,remora0,8.53,8.53,8.53,8.77,8.77,8.77,8.77,8.77,8.77,8.77,9.19,9.19,9.19,9.43,9.43,9.43,9.43,9.43,9.43,9.43,7,7.02,7.03,7.03,7.04,7.05,7.05,7.06,7.07,7.09,8.21,8.22,8.23,8.23,8.24,8.25,8.26,8.26,8.27,8.28,69.18,0,0,1,0,0,0,-1,0,None,aggregation
26,158.76,remora9,remora0,8.77,8.77,8.77,8.78,8.78,8.78,8.78,8.78,8.79,8.79,9.43,9.43,9.43,9.44,9.44,9.44,9.44,9.44,9.45,9.45,7.1,7.1,7.11,7.12,7.12,7.14,7.15,7.16,7.17,7.18,8.29,8.3,8.31,8.32,8.32,8.33,8.33,8.34,8.35,8.36,73.99,0,0,1,0,0,0,-1,0,None,aggregation
26,159.76,remora9,remora0,8.79,9.01,9.02,9.02,9.02,9.02,9.02,9.02,9.03,9.03,9.45,9.67,9.67,9.67,9.67,9.68,9.68,9.68,9.68,9.68,7.19,7.19,7.2,7.21,7.21,7.23,7.24,7.25,7.26,7.27,8.37,8.38,8.39,8.4,8.4,8.41,8.42,8.42,8.43,8.44,78.26,0,0,1,0,0,0,-1,0,None,aggregation
26,160.76,remora9,remora0,9.03,9.03,9.03,9.04,9.04,9.04,9.04,9.05,8.83,8.83,9.68,9.69,9.69,9.69,9.7,9.7,9.7,9.71,9.49,9.49,7.28,7.28,7.29,7.3,7.31,7.31,7.32,7.33,7.35,7.36,8.45,8.46,8.46,8.47,8.48,8.49,8.49,8.5,8.51,8.52,81.96,0,0,1,0,0,0,-1,0,None,aggregation
26,161.76,remora9,remora0,8.83,8.84,8.84,8.85,8.85,8.85,8.85,8.86,8.86,8.87,9.49,9.5,9.5,9.5,9.5,9.51,9.51,9.52,9.52,9.53,7.37,7.37,7.38,7.39,7.39,7.41,7.42,7.43,7.44,7.45,8.53,8.54,8.54,8.55,8.56,8.56,8.57,8.58,8.59,8.59,84.94,0,0,1,0,0,0,-1,0,None,aggregation
26,162.76,remora9,remora0,8.87,8.87,8.64,8.65,8.65,8.66,8.66,8.44,8.44,8.45,9.53,9.53,9.3,9.31,9.31,9.32,9.32,9.11,9.11,9.12,7.45,7.46,7.47,7.48,7.49,7.5,7.51,7.51,7.52,7.52,8.6,8.61,8.61,8.24,8.25,8.25,8.26,8.27,8.27,8.28,87.07,0,0,1,0,0,0,-1,0,None,aggregation
26,163.76,remora9,remora0,8.45,8.22,8.22,8.23,8.23,8.25,8.25,8.03,8.03,7.8,9.12,8.89,8.89,8.9,8.9,8.92,8.92,8.7,8.7,8.48,7.53,7.54,7.54,7.55,7.55,7.56,7.58,7.58,7.6,7.61,8.28,8.28,8.29,8.29,8.3,8.3,8.31,8.32,8.33,8.34,88.26,0,0,1,0,0,0,-1,0,None,aggregation
26,164.76,remora9,remora0,7.8,7.82,7.82,7.83,7.62,7.62,7.62,7.62,7.39,7.41,8.48,8.49,8.49,8.51,8.3,8.3,8.3,8.3,8.07,8.09,7.62,7.62,7.63,7.64,7.65,7.66,7.67,7.68,7.69,7.69,8.34,8.34,8.35,8.35,8.36,8.37,8.37,8.38,8.39,8.4,88.36,0,0,1,0,0,0,-1,0,None,aggregation
26,165.76,remora9,remora0,7.41,7.2,7.2,6.96,6.96,6.98,6.98,6.98,6.53,6.54,8.09,7.89,7.89,7.66,7.66,7.68,7.68,7.68,7.23,7.24,7.7,7.7,7.71,7.72,7.73,7.74,7.75,7.75,7.76,7.76,8.4,8.4,8.41,8.41,8.41,8.42,8.43,8.44,8.44,8.45,87.41,0,0,1,0,0,0,-1,0,None,aggregation
26,166.76,remora9,remora0,6.54,6.57,6.57,6.11,6.11,6.13,6.13,5.91,5.91,5.69,7.24,7.27,7.27,6.82,6.82,6.84,6.84,6.62,6.62,6.41,7.76,7.77,7.78,7.78,7.79,7.8,7.8,7.81,7.82,7.83,8.45,8.45,8.46,8.46,8.47,8.47,8.48,8.48,8.49,8.49,85.27,0,0,1,0,0,0,-1,0,None,aggregation
26,167.76,remora9,remora0,5.69,5.72,5.72,5.72,5.26,5.29,5.07,5.07,5.07,4.86,6.41,6.44,6.44,6.44,5.99,6.01,5.79,5.79,5.79,5.59,7.83,7.83,7.84,7.84,7.85,7.86,7.87,7.87,7.87,7.87,8.49,8.49,8.5,8.5,8.5,8.51,8.51,8.51,8.51,8.52,81.95,0,0,1,0,0,0,-1,0,None,aggregation
26,168.76,remora9,remora0,4.86,4.9,4.9,4.67,4.67,4.47,4.47,4.24,4.24,4.05,5.59,5.62,5.62,5.4,5.4,5.2,5.2,4.99,4.99,4.79,7.88,7.89,7.89,7.9,7.91,7.92,7.92,7.92,7.92,7.93,8.52,8.53,8.53,8.54,8.54,8.54,8.55,8.55,8.55,8.55,77.76,0,0,1,0,0,0,-1,0,None,aggregation
26,169.76,remora9,remora0,4.05,4.08,4.08,3.86,3.86,3.67,3.67,3.67,3.45,3.49,4.79,4.83,4.83,4.61,4.61,4.42,4.42,4.42,4.2,4.24,7.93,7.93,7.93,7.94,7.94,7.95,7.96,7.96,7.96,7.96,8.55,8.55,8.55,8.56,8.56,8.56,8.57,8.57,8.57,8.57,72.6,0,0,1,0,0,0,-1,0,None,aggregation
26,170.76,remora9,remora0,3.49,3.3,3.3,3.08,3.08,3.13,3.13,3.18,3.18,2.73,4.24,4.06,4.06,3.84,3.84,3.89,3.89,3.94,3.94,3.5,7.96,7.97,7.97,7.97,7.98,7.98,7.98,7.98,7.99,8,8.01,8.01,8.02,8.02,8.02,8.02,8.03,8.03,8.04,8.04,66.81,0,0,1,0,0,0,-1,0,None,aggregation
26,171.76,remora9,remora0,2.73,2.78,2.78,2.83,2.83,2.9,2.9,2.44,2.44,2.5,3.5,3.54,3.54,3.6,3.6,3.66,3.66,3.22,3.22,3.27,8,8,8,8,8,8.01,8.01,8.02,8.02,8.03,8.04,8.04,8.04,8.04,8.04,8.05,8.05,8.05,8.06,8.06,60.73,0,0,1,0,0,0,-1,0,None,aggregation
26,172.76,remora9,remora0,2.5,2.56,2.56,2.63,2.63,0,0,0,0,16.53,3.27,3.33,3.33,3.4,3.4,0,0,0,0,16.01,8.03,8.03,8.03,8.03,8.03,8.03,8.1,8.1,8.09,8.09,8.06,8.06,8.07,8.07,8.07,8.07,8.1,8.1,8.09,8.09,54.87,0,0,1,0,0,0,-1,0,None,aggregation
26,173.76,remora9,remora0,16.53,16.92,16.92,16.96,16.96,16.97,16.97,0,0,0,16.01,16.41,16.41,16.44,16.44,16.46,16.46,0,0,0,8.1,8.11,8.13,8.14,8.15,8.17,8.18,8.19,8.19,8.19,8.1,8.11,8.13,8.14,8.15,8.17,8.18,8.19,8.19,8.19,58.01,0,0,1,0,0,0,-1,0,None,aggregation
26,174.76,remora9,remora0,0,16.56,16.56,16.56,16.16,0,0,30,30,30,0,16.04,16.04,16.04,15.63,0,0,30,30,30,8.19,8.2,8.21,8.22,8.24,8.25,8.25,8.26,8.29,8.31,8.19,8.2,8.21,8.22,8.24,8.25,8.25,8.26,8.29,8.31,65.49,0,0,1,0,0,0,-1,0,None,aggregation
26,175.76,remora9,remora0,30,0,14.99,14.99,14.99,0,0,0,0,14.15,30,0,14.44,14.44,14.44,0,0,0,0,13.58,8.34,8.36,8.36,8.36,8.37,8.37,8.34,8.35,8.35,8.36,8.34,8.36,8.36,8.36,8.37,8.37,8.36,8.36,8.36,8.36,66.97,0,0,1,0,0,0,-1,0,None,aggregation
26,176.76,remora9,remora0,14.15,14.11,14.11,13.69,13.69,13.27,13.27,13.24,13.24,12.81,13.58,13.54,13.54,13.11,13.11,12.68,12.68,12.65,12.65,12.21,8.37,8.38,8.39,8.4,8.41,8.42,8.44,8.45,8.46,8.47,8.37,8.38,8.4,8.41,8.42,8.43,8.44,8.45,8.46,8.48,73.72,0,0,1,0,0,0,-1,0,None,aggregation
26,177.76,remora9,remora0,12.81,12.38,12.38,12.36,12.36,11.92,11.92,11.71,11.47,11.47,12.21,11.78,11.78,11.75,11.75,11.31,11.31,11.09,10.84,10.84,8.49,8.49,8.5,8.51,8.52,8.53,8.53,8.54,8.55,8.56,8.49,8.49,8.5,8.99,9,9.01,9.02,9.03,9.04,8.57,79.78,0,0,1,0,0,0,-1,0,None,aggregation
26,178.76,remora9,remora0,11.47,11.03,11.03,11.01,11.01,10.57,10.57,10.57,10.56,10.35,10.84,10.4,10.4,10.38,10.38,9.93,9.93,9.93,9.92,9.71,8.58,8.59,8.6,8.6,8.61,8.62,8.63,8.63,8.64,8.64,8.58,8.59,8.6,8.61,8.62,8.63,8.64,8.65,8.65,8.66,85.37,0,0,1,0,0,0,-1,0,None,aggregation
26,179.76,remora9,remora0,10.35,10.1,10.1,10.1,10.1,9.65,9.65,9.64,9.64,9.43,9.71,9.46,9.46,9.45,9.45,8.99,8.99,8.99,8.99,8.77,8.65,8.66,8.67,8.68,8.68,8.69,8.7,8.7,8.71,8.71,8.67,8.68,8.69,8.7,8.7,8.71,8.72,8.73,8.73,8.74,90.76,0,0,1,0,0,0,-1,0,None,aggregation
26,180.76,remora9,remora0,9.43,9.19,9.19,9.19,9.19,9.19,9.19,9.19,8.97,8.97,8.77,8.53,8.53,8.52,8.52,8.52,8.52,8.52,8.3,8.3,8.72,8.73,8.73,8.74,8.75,8.75,8.76,8.78,8.79,8.8,8.75,8.76,8.76,8.77,8.78,8.78,8.79,8.81,8.82,8.83,96.05,0,0,1,0,0,0,-1,0,None,aggregation
26,181.76,remora9,remora0,8.73,8.73,8.73,8.73,8.73,8.73,8.73,8.73,8.73,8.52,8.06,8.06,8.06,8.06,8.06,8.06,8.06,8.06,8.06,7.84,8.81,8.82,8.82,8.83,8.84,8.84,8.85,8.85,8.86,8.87,8.83,8.84,8.85,8.86,8.86,8.87,8.88,8.89,8.89,8.9,101.33,0,0,1,0,0,0,-1,0,None,aggregation
26,182.76,remora9,remora0,8.52,8.52,8.52,8.52,8.52,8.28,8.28,8.29,8.29,8.29,7.84,7.84,7.84,7.85,7.85,7.6,7.6,7.6,7.6,7.61,8.88,8.88,8.88,8.89,8.9,8.9,8.9,8.91,8.91,8.92,8.91,8.91,8.92,8.92,8.93,8.94,8.94,8.95,8.96,8.96,106.29,0,0,1,0,0,0,-1,0,None,aggregation
26,183.76,remora9,remora0,8.29,8.29,8.29,8.29,8.29,8.3,8.3,8.54,8.54,8.54,7.61,7.61,7.61,7.61,7.61,7.62,7.62,7.87,7.87,7.87,8.92,8.92,8.93,8.94,8.95,8.96,8.97,8.97,8.98,8.98,8.96,8.97,8.98,8.99,9,9.01,9.01,9.02,9.03,9.03,102.67,0,0,1,0,0,0,-1,0,None,aggregation
26,184.76,remora9,remora0,8.55,8.55,8.55,8.55,8.55,8.77,8.77,8.77,8.77,8.77,7.87,7.87,7.87,7.87,7.87,8.09,8.09,8.09,8.09,8.1,8.99,8.99,8.99,9,9,9.01,9.01,9.02,9.02,9.03,9.04,9.04,9.05,9.05,9.06,9.07,9.08,9.09,9.09,9.1,95.51,0,0,1,0,0,0,-1,0,None,aggregation
26,185.76,remora9,remora0,8.77,8.77,8.77,8.77,8.78,8.78,8.78,8.78,8.79,8.79,8.1,8.1,8.1,8.1,8.1,8.1,8.1,8.1,8.12,8.12,9.04,9.04,9.05,9.05,9.06,9.07,9.08,9.1,9.11,9.11,9.11,9.11,9.12,9.12,9.13,9.14,9.15,9.16,9.17,9.18,95.15,0,0,1,0,0,0,-1,0,None,aggregation
26,186.76,remora9,remora0,8.79,8.79,9.03,9.03,9.24,9.24,9.24,9.24,9.24,9.25,8.12,8.12,8.36,8.36,8.58,8.58,8.58,8.58,8.58,8.58,9.12,9.12,9.13,9.13,9.14,9.15,9.15,9.16,9.16,9.17,9.19,9.19,9.2,9.21,9.21,9.22,9.23,9.23,9.24,9.25,90.66,0,0,1,0,0,0,-1,0,None,aggregation
26,187.76,remora9,remora0,9.25,9.25,9.26,9.26,9.26,9.26,9.71,9.7,9.7,9.7,8.59,8.59,8.6,8.6,8.6,8.6,9.05,9.05,9.05,9.05,9.18,9.18,9.19,9.2,9.21,9.22,9.22,9.23,9.23,9.24,9.26,9.27,9.28,9.28,9.29,9.3,9.31,9.31,9.32,9.33,88,0,0,1,0,0,0,-1,0,None,aggregation
26,188.76,remora9,remora0,9.7,9.71,9.71,9.71,9.71,9.95,9.95,9.95,10.16,10.15,9.05,9.05,9.05,9.06,9.06,9.3,9.3,9.3,9.51,9.51,9.24,9.25,9.26,9.27,9.28,9.29,9.3,9.31,9.31,9.32,9.33,9.34,9.36,9.36,9.37,9.38,9.39,9.4,9.41,9.42,87.04,0,0,1,0,0,0,-1,0,None,aggregation
26,189.76,remora9,remora0,10.15,10.15,10.15,10.16,10.16,10.16,10.16,10.6,10.6,10.59,9.51,9.51,9.51,9.51,9.51,9.52,9.52,9.96,9.96,9.96,9.34,9.35,9.36,9.36,9.37,9.38,9.39,9.4,9.41,9.42,9.43,9.44,9.45,9.46,9.47,9.38,9.39,9.4,9.41,9.42,87.45,0,0,1,0,0,0,-1,0,None,aggregation
26,190.76,remora9,remora0,10.59,10.59,10.59,10.6,10.6,10.6,10.6,11.03,11.03,11.03,9.96,9.96,9.96,9.96,9.96,9.96,9.96,10.4,10.4,10.4,9.43,9.44,9.44,9.45,9.46,9.47,9.48,9.49,9.5,9.52,9.43,9.44,9.44,9.45,9.46,9.47,9.48,9.49,9.5,9.52,89.03,0,0,1,0,0,0,-1,0,None,aggregation
26,191.76,remora9,remora0,11.03,11.03,11.02,11.03,11.26,11.26,11.26,11.45,11.45,11.45,10.4,10.4,10.39,10.4,10.63,10.63,10.63,10.83,10.83,10.83,9.53,9.53,9.54,9.55,9.55,9.56,9.57,9.58,9.59,9.6,9.53,9.53,9.54,9.55,9.55,9.56,9.57,9.58,9.59,9.6,91.56,0,0,1,0,0,0,-1,0,None,aggregation
26,192.76,remora9,remora0,11.45,11.45,11.45,11.45,11.45,11.67,11.67,11.67,11.87,11.86,10.83,10.82,10.82,10.83,10.83,11.05,11.05,11.05,11.25,11.25,9.61,9.62,9.63,9.64,9.65,9.67,9.68,9.7,9.71,9.72,9.61,9.62,9.63,9.64,9.65,9.67,9.68,9.7,9.71,9.72,94.79,0,0,1,0,0,0,-1,0,None,aggregation
26,193.76,remora9,remora0,11.86,11.86,11.86,11.86,11.86,12.28,12.28,12.27,12.27,12.26,11.25,11.24,11.24,11.25,11.25,11.67,11.67,11.66,11.66,11.66,9.73,9.74,9.75,9.76,9.77,9.78,9.8,9.81,9.82,9.83,9.73,9.74,9.75,9.76,9.77,9.78,9.8,9.81,9.82,9.83,98.52,0,0,1,0,0,0,-1,0,None,aggregation
26,194.76,remora9,remora0,12.26,12.26,12.26,12.48,12.48,12.67,12.67,12.66,12.66,12.66,11.66,11.66,11.66,11.88,11.88,12.07,12.07,12.06,12.06,12.06,9.85,9.86,9.88,9.89,9.9,9.91,9.92,9.94,9.95,9.96,9.85,9.86,9.88,9.89,9.9,9.91,9.92,9.94,9.95,9.96,102.4,0,0,1,0,0,0,-1,0,None,aggregation
26,195.76,remora9,remora0,12.66,12.66,12.66,12.87,12.87,13.06,13.06,13.05,13.05,13.04,12.06,12.06,12.06,12.27,12.27,12.46,12.46,12.46,12.46,12.45,9.97,9.98,9.99,10,10,10,10,10,10,10,9.97,9.98,9.99,10,10,10,10,10,10,10,106.56,0,0,1,0,0,0,-1,0,None,aggregation
26,196.76,remora9,remora0,13.04,13.26,13.26,13.44,13.44,13.43,13.43,13.42,13.42,13.42,12.45,12.67,12.67,12.86,12.86,12.85,12.85,12.84,12.84,12.83,10,10,10,10,10,10,10,10,10,10,10,10,10,10,10,10,10,10,10,10,110.85,0,0,1,0,0,0,-1,0,None,aggregation
26,197.76,remora9,remora0,13.42,13.62,13.62,13.62,13.81,13.8,13.8,13.79,13.79,13.79,12.83,13.04,13.04,13.04,13.23,13.22,13.22,13.21,13.21,13.21,10,10,10,10,10,10,10,10,10,10,10,10,10,10,10,10,10,10,10,10,115.16,0,0,1,0,0,0,-1,0,None,aggregation
26,198.76,remora9,remora0,13.79,13.99,13.99,14.17,14.17,14.16,14.16,14.15,14.15,14.15,13.21,13.41,13.41,13.6,13.6,13.59,13.59,13.58,13.58,13.58,10,10,10,10,10,10,10,10,10,10,10,10,10,10,10,10,10,10,10,10,119.42,0,0,1,0,0,0,-1,0,None,aggregation
26,199.76,remora9,remora0,14.35,14.53,14.53,14.53,14.52,14.51,14.51,14.5,14.5,14.69,13.78,13.97,13.97,13.97,13.95,13.94,13.94,13.94,13.94,14.13,10,10,10,10,10,10,10,10,10,10,10,10,10,10,10,10,10,10,10,10,123.69,0,0,1,0,0,0,-1,0,None,aggregation
26,200.76,remora9,remora0,14.69,14.87,14.87,14.86,14.86,14.85,14.85,15.04,15.04,15.03,14.13,14.32,14.32,14.3,14.3,14.29,14.29,14.49,14.49,14.48,10,10,10,10,10,10,10,10,10,10,10,10,10,10,10,10,10,10,10,10,127.9,0,0,1,0,0,0,-1,0,None,aggregation
26,201.76,remora9,remora0,15.03,15.21,15.19,15.19,15.19,15.19,15.18,15.37,15.37,15.36,14.48,14.66,14.65,14.65,14.65,14.65,14.64,14.83,14.83,14.82,10,10,10,10,10,10,10,10,10,10,10,10,10,10,10,10,10,10,10,10,131.95,0,0,1,0,0,0,-1,0,None,aggregation
26,202.76,remora9,remora0,15.36,15.53,15.53,15.52,15.52,15.71,15.71,15.7,15.7,15.69,14.82,14.99,14.99,14.98,14.98,15.17,15.17,15.16,15.16,15.15,10,10,10,10,10,10,10,10,10,10,10,10,10,10,10,10,10,10,10,10,135.99,0,0,1,0,0,0,-1,0,None,aggregation
26,203.76,remora9,remora0,15.69,15.86,15.86,15.86,15.84,16.03,16.01,16.01,16,16,15.15,15.32,15.32,15.32,15.31,15.49,15.48,15.48,15.47,15.47,10,10,10,10,10,10,10,10,10,10,10,10,10,10,10,10,10,10,10,10,139.87,0,0,1,0,0,0,-1,0,None,aggregation
26,204.76,remora9,remora0,16,16.17,16.17,16.16,16.16,16.34,16.32,16.32,16.32,16.32,15.47,15.64,15.64,15.63,15.63,15.81,15.8,15.8,15.8,15.8,10,10,10,10,10,10,10,10,10,10,10,10,10,10,10,10,10,10,10,10,143.63,0,0,1,0,0,0,-1,0,None,aggregation
26,205.76,remora9,remora0,16.31,16.48,16.48,16.66,16.66,16.64,16.64,16.63,16.63,16.61,15.78,15.95,15.95,16.14,16.14,16.12,16.12,16.11,16.11,16.09,10,10,10,10,10,10,10,10,10,10,10,10,10,10,10,10,10,10,10,10,147.35,0,0,1,0,0,0,-1,0,None,aggregation
26,206.76,remora9,remora0,16.61,16.61,16.61,16.96,16.96,16.94,16.94,16.94,16.93,16.91,16.09,16.08,16.08,16.44,16.44,16.43,16.43,16.43,16.41,16.4,10,10,10,10,10,10,10,10,10,10,10,10,10,10,10,10,10,10,10,10,150.86,0,0,1,0,0,0,-1,0,None,aggregation
26,207.76,remora9,remora0,16.91,17.09,17.09,17.25,17.25,17.23,17.23,17.22,17.22,17.21,16.4,16.58,16.58,16.74,16.74,16.73,16.73,16.71,16.71,16.7,10,10,10,10,10,10,10,10,10,10,10,10,10,10,10,10,10,10,10,10,154.36,0,0,1,0,0,0,-1,0,None,aggregation
26,208.76,remora9,remora0,17.21,17.38,17.38,17.54,17.54,17.52,17.52,17.51,17.51,17.49,16.7,16.87,16.87,17.04,17.04,17.02,17.02,17.01,17.01,16.99,10,10,10,10,10,10,10,10,10,10,10,10,10,10,10,10,10,10,10,10,157.77,0,0,1,0,0,0,-1,0,None,aggregation
26,209.76,remora9,remora0,17.49,17.66,17.66,17.65,17.65,17.81,17.81,0,0,0,16.99,17.17,17.17,17.15,17.15,17.31,17.31,0,0,0,10,10,10,10,10,10,10,10,10,10,10,10,10,10,10,10,10,10,10,10,155.73,0,0,1,0,0,0,-1,0,None,aggregation
26,210.76,remora9,remora0,0,0,0,0,0,0,0,0,0,0,0,0,0,0,0,0,0,0,0,0,10,10,10,10,10,10,10,10,10,10,10,10,10,10,10,10,10,10,10,10,141.11,0,0,1,0,0,0,-1,0,None,aggregation
26,211.76,remora9,remora0,0,0,0,0,0,0,0,0,0,0,0,0,0,0,0,0,0,0,0,0,10,10,10,10,10,10,10,10,10,10,10,10,10,10,10,10,10,10,10,10,126.16,0,0,1,0,0,0,-1,0,None,aggregation
26,212.76,remora9,remora0,0,0,0,0,0,0,0,0,0,0,0,0,0,0,0,0,0,0,0,0,10,10,10,10,10,10,10,10,10,10,10,10,10,10,10,10,10,10,10,10,110.83,0,0,1,0,0,0,-1,0,None,aggregation
26,213.76,remora9,remora0,0,0,0,0,0,0,0,0,0,0,0,0,0,0,0,0,0,0,0,0,10,10,10,10,10,10,10,10,10,10,10,10,10,10,10,10,10,10,10,10,95.18,0,0,1,0,0,0,-1,0,None,aggregation
26,214.76,remora9,remora0,0,0,0,0,0,0,0,0,0,0,0,0,0,0,0,0,0,0,0,0,10,10,10,10,10,10,10,10,10,10,10,10,10,10,10,10,10,10,10,10,79.22,0,0,1,0,0,0,-1,0,None,aggregation
26,215.76,remora9,remora0,0,0,0,0,0,0,0,0,0,0,0,0,0,0,0,0,0,0,0,0,10,10,10,10,10,10,10,10,10,10,10,10,10,10,10,10,10,10,10,10,62.9,0,0,1,0,0,0,-1,0,None,aggregation
26,216.76,remora9,remora0,0,0,0,0,-3.84,-3.84,-3.83,-3.83,-3.83,-3.83,0,0,0,0,-3.01,-3.01,-3.01,-3.01,-3.01,-3.01,10,10,10,10,10,10,10,10,10,10,10,10,10,10,10,10,10,10,10,10,48.38,0,0,1,0,0,0,-1,0,None,aggregation
26,217.76,remora9,remora0,-3.83,-3.82,-3.82,-3.82,-3.82,-3.55,-3.55,-3.55,-3.55,-3.27,-3.01,-3,-3,-2.99,-2.99,-2.73,-2.73,-2.73,-2.73,-2.45,10,10,10,10,10,10,10,10,10,10,10,10,10,10,10,10,10,10,10,10,34.71,0,0,0,0,0,0,-1,0,None,aggregation
26,218.76,remora9,remora0,-3.27,-3.27,-3.27,-3.27,-3.27,-3.26,-3.26,-3.26,-3.26,-3.26,-2.45,-2.45,-2.45,-2.44,-2.44,-2.44,-2.44,-2.44,-2.44,-2.44,10,10,10,10,10,10,10,10,10,10,10,10,10,10,10,10,10,10,10,10,20.35,0,0,0,0,0,0,-1,0,None,aggregation
26,219.76,remora9,remora0,-3.26,-3.26,-3.25,-3.25,-3.25,-3.25,-3.25,-3.25,-3.25,-3.25,-2.44,-2.43,-2.43,-2.43,-2.43,-2.43,-2.43,-2.43,-2.43,-2.43,10,10,10,10,10,10,10,10,10,10,10,10,10,10,10,10,10,10,10,10,11,0,0,0,0,0,0,-1,0,None,aggregation
26,220.76,remora9,remora0,-3.25,-3.25,-3.25,-3.25,-3.25,-3.24,-3.24,-3.52,-3.52,-3.52,-2.43,-2.43,-2.43,-2.42,-2.42,-2.42,-2.42,-2.7,-2.7,-2.7,10,10,10,10,10,10,10,10,10,10,10,10,10,10,10,10,10,10,10,10,13.91,0,0,0,0,0,0,-1,0,None,aggregation
26,221.76,remora9,remora0,-3.52,-3.78,-3.78,-3.78,-3.78,-4.05,-4.05,-4.05,-4.05,-4.31,-2.7,-2.95,-2.95,-2.95,-2.95,-3.23,-3.23,-3.23,-3.23,-3.49,10,10,10,10,10,10,10,10,10,10,10,10,10,10,10,10,10,10,10,10,17.41,0,0,0,0,0,0,-1,0,None,aggregation
26,222.76,remora9,remora0,-4.31,-4.58,-4.58,-4.84,-4.84,-5.12,-5.12,-5.12,-5.38,-5.65,-3.49,-3.76,-3.76,-4.02,-4.02,-4.3,-4.3,-4.3,-4.56,-4.83,10,10,10,10,10,10,10,10,10,10,10,10,10,10,10,10,10,10,10,10,21.96,0,0,0,0,0,0,-1,0,None,aggregation
26,223.76,remora9,remora0,-5.65,-5.91,-6.45,-6.45,-6.45,-6.72,-6.72,-7.26,-7.26,-7.26,-4.83,-5.09,-5.63,-5.63,-5.63,-5.9,-5.9,-6.44,-6.44,-6.44,10,10,10,10,10,10,10,10,10,10,10,10,10,10,10,10,10,10,10,10,28.16,0,0,0,0,0,0,-1,0,None,aggregation
26,224.76,remora9,remora0,-7.8,-8.05,-8.05,-8.58,-8.58,-9.12,-9.12,-9.93,-9.93,-10.46,-6.97,-7.23,-7.23,-7.76,-7.76,-8.29,-8.29,-9.11,-9.11,-9.64,10,10,10,10,10,10,10,10,10,10,10,10,10,10,10,10,10,10,10,10,36.71,0,0,0,0,0,0,-1,0,None,aggregation
26,225.76,remora9,remora0,-10.46,-10.99,-10.99,-11.52,-11.52,-12.04,-12.04,-12.82,-12.82,-13.62,-9.64,-10.17,-10.17,-10.7,-10.7,-11.21,-11.21,-11.99,-11.99,-12.8,10,10,10,10,10,10,10,10,10,10,10,10,10,10,10,10,10,10,10,10,48.18,0,0,1,0,0,0,-1,0,None,aggregation
26,226.76,remora9,remora0,-13.62,-14.13,-14.13,-14.63,-14.63,-15.41,-15.41,-16.16,-16.16,-16.65,-12.8,-13.3,-13.3,-13.81,-13.81,-14.58,-14.58,-15.34,-15.34,-15.83,10,10,10,10,10,10,10,10,10,10,10,10,10,10,10,10,10,10,10,10,60.81,0,0,1,0,0,0,-1,0,None,aggregation
26,227.76,remora9,remora0,-16.65,-17.13,-17.88,-17.88,-17.88,-18.35,-18.35,-18.81,-19.26,-19.26,-15.83,-16.31,-17.06,-17.06,-17.06,-17.52,-17.52,-17.99,-18.44,-18.44,10,10,10,10,10,10,10,10,10,10,10,10,10,10,10,10,10,10,10,10,75.29,0,0,1,0,0,0,-1,0,None,aggregation
26,228.76,remora9,remora0,-19.26,-19.71,-19.71,-20.16,-20.16,-20.6,-20.6,-21.03,-21.03,-21.46,-18.44,-18.89,-18.89,-19.34,-19.34,-19.78,-19.78,-20.21,-20.21,-20.64,10,10,10,10,10,10,10,10,10,10,10,10,10,10,10,10,10,10,10,10,92.4,0,0,1,0,0,0,-1,0,None,aggregation
26,229.76,remora9,remora0,-21.46,-21.88,-21.88,-22.28,-22.28,-22.21,-22.21,-22.62,-22.62,-23.01,-20.64,-21.06,-21.06,-21.46,-21.46,-21.39,-21.39,-21.8,-21.8,-22.19,10,10,10,10,10,10,10,10,10,10,10,10,10,10,10,10,10,10,10,10,111.4,0,0,1,0,0,0,-1,0,None,aggregation
26,230.76,remora9,remora0,-22.94,-22.94,-22.94,-23.33,-23.33,-23.24,-23.63,-23.63,-23.63,-23.56,-22.12,-22.12,-22.12,-22.51,-22.51,-22.42,-22.81,-22.81,-22.81,-22.74,10,10,10,10,10,10,10,10,10,10,10,10,10,10,10,10,10,10,10,10,131.38,0,0,1,0,0,0,-1,0,None,aggregation
26,231.76,remora9,remora0,-23.56,-23.48,-23.48,0,0,0,0,28.54,28.54,28.54,-22.74,-22.66,-22.66,0,0,0,0,28.37,28.37,28.37,10,10,10,10,10,10,10,10,10,10,10,10,10,10,10,10,10,10,10,10,143.35,0,0,1,0,0,0,-1,0,None,aggregation
26,232.76,remora9,remora0,28.54,28.54,28.54,0,0,0,0,28.4,28.4,28.4,28.37,28.37,28.37,0,0,0,0,28.22,28.22,28.22,10,10,10,10,10,10,10,10,10,10,10,10,10,10,10,10,10,10,10,10,155.83,0,0,1,0,0,0,-1,0,None,aggregation
26,233.76,remora9,remora0,28.4,0,0,30,30,0,0,28.38,28.38,28.25,28.22,0,0,30,30,0,0,28.21,28.21,28.07,10,10,10,10,10,10,10,10,10,10,10,10,10,10,10,10,10,10,10,10,166.94,0,0,1,0,0,0,-1,0,None,aggregation
26,234.76,remora9,remora0,28.25,28.24,28.24,28.24,28.1,0,0,0,0,0,28.07,28.06,28.06,28.06,27.91,0,0,0,0,0,10,10,10,10,10,10,10,10,10,10,10,10,10,10,10,10,10,10,10,10,172.45,0,0,1,0,0,0,-1,0,None,aggregation
26,235.76,remora9,remora0,27.95,0,0,30,0,0,0,27.93,27.93,27.93,27.75,0,0,30,0,0,0,27.73,27.73,27.73,10,10,10,10,10,10,10,10,10,10,10,10,10,10,10,10,10,10,10,10,175.11,0,0,1,0,0,0,-1,0,None,aggregation
26,236.76,remora9,remora0,27.78,27.78,27.78,27.77,27.77,27.76,27.76,27.75,27.75,27.59,27.57,27.57,27.57,27.56,27.56,27.55,27.55,27.54,27.54,27.38,10,10,10,10,10,10,10,10,10,10,10,10,10,10,10,10,10,10,10,10,188.08,0,0,1,0,0,0,-1,0,None,aggregation
26,237.76,remora9,remora0,27.59,27.58,27.58,27.42,27.42,27.33,27.23,27.23,27.23,27.05,27.38,27.37,27.37,27.19,27.19,27.1,27,27,27,26.82,10,10,10,10,10,10,10,10,10,10,10,10,10,10,10,10,10,10,10,10,197.6,0,0,1,0,0,0,-1,0,None,aggregation
26,238.76,remora9,remora0,27.05,27.05,27.05,26.86,26.86,26.76,26.76,26.66,26.66,26.55,26.82,26.81,26.81,26.61,26.61,26.51,26.51,26.4,26.4,26.3,10,10,10,10,10,10,10,10,10,10,10,10,10,10,10,10,10,10,10,10,204.34,0,0,1,0,0,0,-1,0,None,aggregation
26,239.76,remora9,remora0,26.55,26.44,26.44,26.42,26.42,26.4,26.4,26.29,26.29,26.27,26.3,26.18,26.18,26.16,26.16,26.14,26.14,26.02,26.02,26,10,10,10,10,10,10,10,10,10,10,10,10,10,10,10,10,10,10,10,10,208.76,0,0,1,0,0,0,-1,0,None,aggregation
26,240.76,remora9,remora0,26.27,26.25,26.25,26.23,26.23,0,0,0,0,0,26,25.98,25.98,25.96,25.96,0,0,0,0,0,10,10,10,10,10,10,10,10,10,10,10,10,10,10,10,10,10,10,10,10,198.91,0,0,1,0,0,0,-1,0,None,aggregation
26,241.76,remora9,remora0,0,0,0,0,0,0,0,0,0,0,0,0,0,0,0,0,0,0,0,0,10,10,10,10,10,10,10,10,10,10,10,10,10,10,10,10,10,10,10,10,183.45,0,0,1,0,0,0,-1,0,None,aggregation
26,242.76,remora9,remora0,0,0,0,0,0,0,0,0,0,0,0,0,0,0,0,0,0,0,0,0,10,10,10,10,10,10,10,10,10,10,10,10,10,10,10,10,10,10,10,10,166.42,0,0,1,0,0,0,-1,0,None,aggregation
26,243.76,remora9,remora0,0,0,0,0,0,0,0,0,0,0,0,0,0,0,0,0,0,0,0,0,10,10,10,10,10,10,10,10,10,10,10,10,10,10,10,10,10,10,10,10,149.11,0,0,1,0,0,0,-1,0,None,aggregation
26,124.76,remora9,remora3,-25.36,-25.34,-25.34,-8.5,-8.49,-24.74,12.7,12.7,-24.26,-24.26,-26.18,-26.15,-26.15,-9.31,-9.3,-25.55,12.11,12.11,-25.07,-25.07,1.67,1.68,1.68,1.69,1.69,1.7,1.7,1.71,1.72,1.73,3.82,3.83,3.84,3.84,3.84,3.85,3.86,3.86,3.86,3.86,114.81,0,1,1,0,0,0,98.3,1,GradualMotor,aggregation
26,125.76,remora9,remora3,-7.8,-7.79,-6.53,-6.52,-23.42,-23.4,-5.89,-5.89,-5.88,-22.8,-8.61,-8.6,-7.33,-7.33,-24.22,-24.2,-6.7,-6.69,-6.68,-23.6,1.73,1.74,1.75,1.75,1.76,1.76,1.77,1.78,1.79,1.79,3.87,3.88,3.88,3.88,3.89,3.9,3.92,3.93,3.94,3.95,126.8,0,1,1,0,0,0,97.3,1,GradualMotor,aggregation
26,126.76,remora9,remora3,14.55,14.54,-4.51,-4.51,-3.33,-3.32,15.98,15.97,-1.99,-1.99,14.01,14,-5.31,-5.3,-4.12,-4.12,15.48,15.46,-2.78,-2.78,1.8,1.81,1.83,1.84,1.85,1.86,1.87,1.89,1.9,1.92,3.97,3.97,3.97,3.97,3.97,3.97,3.98,3.98,3.98,3.98,135.01,0,1,1,0,0,0,96.3,1,GradualMotor,aggregation
26,127.76,remora9,remora3,-1.98,-0.82,-20.58,-20.55,17.79,17.77,17.76,1.84,28.31,28.28,-2.77,-1.61,-21.36,-21.34,17.34,17.32,17.3,1.08,28.23,28.2,1.93,1.94,1.95,1.96,1.97,1.99,2.01,2.02,2.04,2.06,3.98,3.98,3.99,4,4.01,4.01,4.01,4.01,4.02,4.01,150.62,0,1,1,0,0,0,95.3,1,GradualMotor,aggregation
26,128.76,remora9,remora3,-19.72,-19.72,-19.67,4.87,19.85,19.85,19.81,2.86,20.8,20.77,-20.5,-20.5,-20.46,4.17,19.45,19.45,19.41,2.13,20.42,20.4,2.09,2.11,2.12,2.13,2.15,2.18,2.2,2.23,2.25,2.27,4,4.01,4.01,4.02,4.02,4.02,4.02,4.02,4.03,4.02,167.36,0,1,1,0,0,0,94.3,1,GradualMotor,aggregation
26,129.76,remora9,remora3,14.03,14.01,21.54,21.51,4.95,4.95,4.94,10.71,-19.01,-18.99,13.5,13.49,21.19,21.16,4.26,4.26,4.25,10.12,-19.77,-19.75,2.3,2.33,2.36,2.39,2.42,2.45,2.47,2.5,2.52,2.54,4.02,4.02,4.02,4.02,4.02,4.03,4.03,4.04,4.04,4.04,165.91,0,1,1,0,0,0,93.3,1,GradualMotor,aggregation
26,130.76,remora9,remora3,-18.97,12.45,6.22,6.22,6.21,13.05,13.69,13.68,13.66,-18.68,-19.73,11.91,5.56,5.56,5.55,12.52,13.17,13.16,13.15,-19.44,2.55,2.57,2.6,2.63,2.65,2.68,2.71,2.75,2.78,2.8,4.05,4.06,4.07,4.07,4.08,4.08,4.08,4.08,4.08,4.09,151.31,0,1,1,0,0,0,92.3,1,GradualMotor,aggregation
26,131.76,remora9,remora3,14.86,14.84,14.83,23.54,7.54,7.54,7.68,7.68,7.67,23.97,14.37,14.36,14.34,23.27,6.92,6.91,7.06,7.06,7.05,23.73,2.81,2.84,2.87,2.91,2.95,2.97,2.98,2.99,2.99,3.01,4.11,4.11,4.11,4.11,4.11,4.11,4.11,4.11,4.11,4.1,148.03,0,1,1,0,0,0,91.3,1,GradualMotor,aggregation
26,132.76,remora9,remora3,7.79,7.79,7.78,7.78,17.41,-18.61,17.33,17.31,17.29,-18.13,7.18,7.17,7.16,7.16,16.99,-19.35,16.91,16.89,16.87,-18.87,3.02,3.03,3.04,3.04,3.03,3.01,2.99,2.98,2.97,2.95,4.1,4.1,4.1,4.09,4.09,4.09,4.08,4.07,4.06,4.06,143.29,0,0,1,0,0,0,90.3,1,GradualMotor,aggregation
26,133.76,remora9,remora3,-18.1,-18.08,23.61,23.59,-17.36,-17.34,-17.01,-16.99,23.44,23.41,-18.85,-18.82,23.37,23.35,-18.1,-18.08,-17.74,-17.72,23.19,23.17,2.92,2.9,2.89,2.9,2.91,2.9,2.87,2.83,2.81,2.8,4.06,4.06,4.07,4.06,4.06,4.06,4.06,4.07,4.07,4.07,143.85,0,1,1,0,0,0,89.3,1,GradualMotor,aggregation
26,134.76,remora9,remora3,-15.91,-15.89,15.48,15.46,-15.51,-15.49,-15.12,-15.1,-15.08,7.85,-16.64,-16.62,15.03,15.01,-16.24,-16.22,-15.85,-15.83,-15.81,7.26,2.8,2.78,2.75,2.75,2.74,2.71,2.69,2.66,2.63,2.61,4.06,4.06,4.06,4.05,4.04,4.04,4.04,4.04,4.04,4.04,139.28,0,1,1,0,0,0,88.3,1,GradualMotor,aggregation
26,135.76,remora9,remora3,13.9,13.89,13.87,-14.24,-13.86,-13.85,22.54,22.54,12.88,12.86,13.43,13.41,13.4,-14.96,-14.58,-14.57,22.29,22.29,12.39,12.38,2.6,2.59,2.59,2.58,2.56,2.53,2.51,2.5,2.5,2.49,4.03,4.03,4.03,4.02,4.03,4.03,4.03,4.02,4.01,4.01,142.7,0,1,1,0,0,0,87.3,1,GradualMotor,aggregation
26,136.76,remora9,remora3,12.85,12.85,-13.22,-12.89,22.12,22.1,7.41,7.4,7.39,12.11,12.36,12.36,-13.93,-13.6,21.87,21.84,6.82,6.82,6.81,11.62,2.49,2.47,2.45,2.43,2.41,2.41,2.41,2.4,2.4,2.39,4.01,4,4,4,4.01,4,4,4,4,3.99,147.41,0,1,1,0,0,0,86.3,1,GradualMotor,aggregation
26,137.76,remora9,remora3,12.1,-11.93,-11.91,11.56,11.27,11.26,21.6,21.58,21.55,7.27,11.6,-12.64,-12.62,11.06,10.76,10.75,21.34,21.32,21.29,6.69,2.39,2.37,2.35,2.33,2.33,2.33,2.33,2.33,2.34,2.34,3.99,3.98,3.98,3.98,3.97,3.97,3.97,3.97,3.96,3.96,145.9,0,1,1,0,0,0,85.3,1,GradualMotor,aggregation
26,138.76,remora9,remora3,7.26,7.37,21.55,21.52,7.36,7.35,21.45,21.42,-10.82,-10.81,6.68,6.8,21.29,21.27,6.79,6.78,21.19,21.17,-11.51,-11.5,2.33,2.33,2.32,2.32,2.32,2.32,2.31,2.32,2.32,2.31,3.95,3.95,3.94,3.93,3.92,3.92,3.92,3.92,3.92,3.92,142.76,0,1,1,0,0,0,84.3,1,GradualMotor,aggregation
26,139.76,remora9,remora3,-10.79,10.09,-10.52,-10.51,7.04,7.03,20.79,20.76,-10.2,-10.2,-11.49,9.57,-11.21,-11.2,6.47,6.47,20.53,20.5,-10.89,-10.89,2.29,2.27,2.26,2.24,2.22,2.22,2.22,2.22,2.23,2.22,3.92,3.91,3.91,3.91,3.91,3.91,3.91,3.9,3.89,3.89,141.3,0,1,1,0,0,0,83.3,1,GradualMotor,aggregation
26,140.76,remora9,remora3,-10.18,-9.98,-9.97,-9.92,6.54,6.53,6.52,7.55,-9.48,-9.47,-10.86,-10.66,-10.65,-10.6,5.97,5.96,5.96,7,-10.16,-10.14,2.2,2.18,2.16,2.14,2.13,2.12,2.12,2.12,2.12,2.11,3.89,3.9,3.91,3.91,3.92,3.92,3.91,3.91,3.9,3.9,137.87,0,1,1,0,0,0,82.3,1,GradualMotor,aggregation
26,141.76,remora9,remora3,7.04,7.04,6.84,6.84,6.31,6.3,6.49,6.49,6.48,6.39,6.48,6.48,6.28,6.28,5.74,5.73,5.93,5.93,5.92,5.83,2.09,2.08,2.08,2.08,2.08,2.08,2.08,2.08,2.07,2.07,3.89,3.89,3.89,3.89,3.88,3.88,3.87,3.87,3.87,3.87,131.46,0,1,1,0,0,0,81.3,1,GradualMotor,aggregation
26,142.76,remora9,remora3,-9.02,-9.01,5.73,5.73,6.17,6.16,5.1,5.09,5.09,-8.63,-9.69,-9.67,5.16,5.16,5.61,5.6,4.52,4.52,4.51,-9.29,2.06,2.06,2.05,2.04,2.04,2.03,2.03,2.03,2.03,2.02,3.86,3.86,3.86,3.86,3.86,3.85,3.85,3.84,3.84,3.84,124.34,0,1,1,0,0,0,80.3,1,GradualMotor,aggregation
26,143.76,remora9,remora3,-8.62,-8.61,5.87,5.86,5.74,5.74,-8.32,-8.31,-8.42,-8.41,-9.28,-9.27,5.31,5.3,5.18,5.18,-8.97,-8.96,-9.07,-9.06,2.01,2,1.99,1.98,1.99,1.99,1.99,1.98,1.97,1.96,3.85,3.85,3.85,3.85,3.85,3.84,3.84,3.84,3.84,3.84,111.75,0,1,1,0,0,0,79.3,1,GradualMotor,aggregation
26,144.76,remora9,remora3,-8.4,-8.39,5.51,5.5,-8.36,-8.35,-8.3,-8.29,-8.28,-8.38,-9.05,-9.04,4.95,4.94,-9.01,-9,-8.95,-8.94,-8.93,-9.02,1.96,1.95,1.94,1.94,1.93,1.93,1.92,1.92,1.91,1.9,3.84,3.84,3.85,3.85,3.85,3.85,3.86,3.85,3.85,3.85,104.86,0,1,1,0,0,0,78.3,1,GradualMotor,aggregation
26,145.76,remora9,remora3,17.11,17.08,4.87,4.86,-8.27,-8.26,-8.17,-8.16,16.7,16.68,16.79,16.77,4.31,4.3,-8.91,-8.9,-8.81,-8.8,16.39,16.36,1.89,1.89,1.9,1.9,1.9,1.9,1.89,1.89,1.88,1.89,3.85,3.85,3.84,3.84,3.84,3.85,3.86,3.86,3.86,3.85,100.48,0,1,1,0,0,0,77.3,1,GradualMotor,aggregation
26,146.76,remora9,remora3,16.66,16.63,4.78,4.78,16.8,16.78,-8.06,-8.05,-8.04,-8.04,16.34,16.32,4.23,4.23,16.5,16.48,-8.69,-8.68,-8.66,-8.66,1.89,1.9,1.91,1.91,1.91,1.92,1.93,1.92,1.92,1.91,3.85,3.84,3.83,3.82,3.82,3.81,3.81,3.81,3.82,3.83,98.43,0,1,1,0,0,0,76.3,1,GradualMotor,aggregation
26,147.76,remora9,remora3,-7.98,-7.97,-7.96,4.6,1.3,1.3,0.78,0.78,-8.04,-8.03,-8.6,-8.59,-8.58,4.05,0.7,0.7,0.16,0.16,-8.66,-8.64,1.91,1.9,1.9,1.9,1.9,1.9,1.9,1.89,1.89,1.89,3.83,3.84,3.84,3.84,3.84,3.84,3.84,3.83,3.83,3.84,89.2,0,1,1,0,0,0,75.3,1,GradualMotor,aggregation
26,148.76,remora9,remora3,-8.02,-8.12,15.73,15.71,0.06,0.06,0.06,-8.14,-8.1,-8.09,-8.63,-8.74,15.41,15.39,-0.56,-0.56,-0.56,-8.75,-8.71,-8.7,1.88,1.88,1.88,1.88,1.89,1.89,1.89,1.89,1.89,1.88,3.84,3.85,3.86,3.86,3.85,3.85,3.85,3.85,3.86,3.87,82.99,0,1,1,0,0,0,74.3,1,GradualMotor,aggregation
26,149.76,remora9,remora3,-8.09,3.64,-0.14,-0.14,-7.99,-7.98,-7.98,-0.26,-0.64,-0.64,-8.7,3.09,-0.75,-0.75,-8.6,-8.59,-8.59,-0.87,-1.25,-1.24,1.88,1.87,1.88,1.88,1.88,1.87,1.87,1.87,1.87,1.87,3.88,3.88,3.88,3.88,3.88,3.88,3.89,3.89,3.89,3.9,75.13,0,1,1,0,0,0,73.3,1,GradualMotor,aggregation
26,150.76,remora9,remora3,3.33,3.32,3.32,-8.08,-8.24,-8.23,-8.16,-8.15,-8.06,-8.05,2.78,2.78,2.77,-8.68,-8.84,-8.83,-8.76,-8.75,-8.65,-8.64,1.87,1.87,1.87,1.87,1.87,1.87,1.86,1.86,1.85,1.85,3.9,3.9,3.9,3.9,3.91,3.92,3.93,3.93,3.94,3.94,73.25,0,1,1,0,0,0,72.3,1,GradualMotor,aggregation
26,151.76,remora9,remora3,-1.21,-1.21,-1.2,-8.24,-8.22,-8.16,-8.14,2.87,13.81,13.81,-1.8,-1.8,-1.8,-8.83,-8.81,-8.74,-8.73,2.32,13.49,13.49,1.85,1.85,1.85,1.85,1.84,1.83,1.83,1.83,1.83,1.84,3.94,3.95,3.96,3.96,3.97,3.98,3.98,3.99,3.99,3.98,73.74,0,1,1,0,0,0,71.3,1,GradualMotor,aggregation
26,152.76,remora9,remora3,13.77,13.76,-7.75,-7.74,-0.49,-0.49,-0.24,-0.24,14.2,14.18,13.45,13.43,-8.33,-8.32,-1.07,-1.07,-0.82,-0.82,13.89,13.87,1.84,1.84,1.85,1.85,1.84,1.84,1.84,1.84,1.84,1.85,3.98,3.97,3.97,3.97,3.98,3.99,4,4,4.01,4.01,74.67,0,1,1,0,0,0,70.3,1,GradualMotor,aggregation
26,153.76,remora9,remora3,3.53,3.53,3.52,0.32,-7.42,-7.41,-7.39,-7.2,-7.19,3.91,3.01,3.01,3,-0.25,-7.99,-7.98,-7.97,-7.77,-7.76,3.4,1.85,1.85,1.85,1.85,1.85,1.85,1.84,1.84,1.84,1.84,4.01,4.01,4,4.01,4.01,4.02,4.03,4.03,4.03,4.04,72.35,0,1,1,0,0,0,69.29,1,GradualMotor,aggregation
26,154.76,remora9,remora3,3.83,3.82,0.65,0.65,0.65,0.63,1.42,1.41,1.41,14.72,3.32,3.32,0.09,0.09,0.09,0.07,0.87,0.87,0.87,14.44,1.84,1.84,1.84,1.84,1.84,1.83,1.83,1.83,1.83,1.83,4.04,4.04,4.04,4.05,4.05,4.06,4.07,4.07,4.07,4.07,67.03,0,1,1,0,0,0,68.29,1,GradualMotor,aggregation
26,155.76,remora9,remora3,14.7,14.88,1.92,1.92,1.91,1.9,1.9,2.24,2.54,2.54,14.42,14.61,1.39,1.39,1.38,1.38,1.38,1.72,2.03,2.02,1.84,1.85,1.86,1.86,1.86,1.86,1.86,1.86,1.86,1.86,4.07,4.07,4.07,4.07,4.08,4.08,4.08,4.08,4.08,4.08,60.41,0,1,1,0,0,0,67.29,1,GradualMotor,aggregation
26,156.76,remora9,remora3,2.53,2.53,5.69,5.68,-5.78,-5.78,-5.77,-5.78,-5.77,2.88,2.02,2.02,5.23,5.22,-6.33,-6.32,-6.31,-6.33,-6.32,2.38,1.86,1.87,1.88,1.88,1.88,1.88,1.87,1.87,1.87,1.87,4.08,4.08,4.08,4.08,4.08,4.08,4.08,4.09,4.1,4.11,54.37,0,1,1,0,0,0,66.29,1,GradualMotor,aggregation
26,157.76,remora9,remora3,2.87,15.37,15.69,15.67,15.65,3.9,-5.26,-5.26,-5.12,-5.11,2.38,15.13,15.46,15.44,15.42,3.43,-5.8,-5.8,-5.66,-5.65,1.86,1.87,1.87,1.88,1.89,1.9,1.91,1.9,1.9,1.89,4.12,4.12,4.12,4.12,4.11,4.11,4.11,4.12,4.13,4.14,58.5,0,1,1,0,0,0,65.29,1,GradualMotor,aggregation
26,158.76,remora9,remora3,-5.1,4.15,15.79,15.76,15.74,6.98,-4.74,-4.73,-4.55,-4.55,-5.64,3.68,15.57,15.55,15.52,6.57,-5.27,-5.26,-5.08,-5.07,1.89,1.89,1.89,1.9,1.91,1.91,1.91,1.91,1.91,1.91,4.14,4.15,4.15,4.14,4.14,4.14,4.15,4.16,4.17,4.17,59.37,0,1,1,0,0,0,64.29,1,GradualMotor,aggregation
26,159.76,remora9,remora3,-4.54,-4.46,4.98,4.98,4.97,16.07,16.04,7.85,5.75,5.75,-5.07,-4.99,4.54,4.54,4.53,15.88,15.85,7.46,5.32,5.32,1.9,1.9,1.89,1.89,1.9,1.9,1.91,1.92,1.93,1.93,4.18,4.18,4.18,4.18,4.19,4.19,4.18,4.18,4.19,4.18,62.82,0,1,1,0,0,0,63.29,1,GradualMotor,aggregation
26,160.76,remora9,remora3,5.73,-3.83,-3.88,-3.87,-3.74,-3.74,8.54,8.53,-3.4,-3.39,5.31,-4.35,-4.39,-4.39,-4.25,-4.25,8.18,8.16,-3.91,-3.9,1.94,1.94,1.93,1.93,1.92,1.92,1.91,1.92,1.92,1.92,4.18,4.18,4.18,4.18,4.18,4.18,4.18,4.19,4.2,4.2,60.99,0,1,1,0,0,0,62.29,1,GradualMotor,aggregation
26,161.76,remora9,remora3,6.99,6.98,6.96,7.08,-3.2,-3.19,16.55,16.52,16.49,16.58,6.6,6.59,6.58,6.69,-3.71,-3.7,16.4,16.37,16.34,16.43,1.92,1.92,1.93,1.93,1.94,1.94,1.93,1.94,1.96,1.97,4.2,4.2,4.2,4.19,4.19,4.2,4.2,4.2,4.2,4.2,64.15,0,1,1,0,0,0,61.29,1,GradualMotor,aggregation
26,162.76,remora9,remora3,-2.78,-2.78,-2.85,-2.84,-2.73,-2.73,-2.72,-2.64,16.64,16.62,-3.28,-3.28,-3.35,-3.34,-3.23,-3.22,-3.22,-3.13,16.51,16.48,1.98,1.98,1.98,1.98,1.98,1.97,1.97,1.97,1.96,1.97,4.19,4.19,4.19,4.29,4.3,4.3,4.3,4.3,4.3,4.3,62.47,0,1,1,0,0,0,60.29,1,GradualMotor,aggregation
26,163.76,remora9,remora3,16.59,9.73,9.71,8.38,8.53,8.51,8.5,-2.23,8.73,8.72,16.46,9.41,9.4,8.03,8.19,8.17,8.16,-2.72,8.4,8.39,1.99,2,2.01,2.01,2.02,2.03,2.04,2.04,2.04,2.04,4.29,4.29,4.29,4.28,4.28,4.29,4.29,4.3,4.3,4.31,66.17,0,1,1,0,0,0,59.29,1,GradualMotor,aggregation
26,164.76,remora9,remora3,16.71,16.69,8.99,8.98,-1.9,-1.9,-1.9,-1.9,-1.74,-1.73,16.6,16.58,8.67,8.66,-2.39,-2.39,-2.38,-2.38,-2.22,-2.21,2.05,2.06,2.08,2.09,2.1,2.1,2.1,2.09,2.09,2.09,4.31,4.31,4.3,4.31,4.31,4.32,4.32,4.33,4.34,4.34,69.85,0,1,1,0,0,0,58.29,1,GradualMotor,aggregation
26,165.76,remora9,remora3,16.69,16.67,16.64,16.64,-1.54,-1.54,-1.54,-1.54,-1.54,9.91,16.6,16.57,16.54,16.55,-2.02,-2.02,-2.01,-2.01,-2.01,9.62,2.09,2.1,2.11,2.13,2.14,2.14,2.14,2.14,2.14,2.14,4.34,4.34,4.33,4.34,4.34,4.34,4.35,4.35,4.35,4.35,73.96,0,1,1,0,0,0,57.29,1,GradualMotor,aggregation
26,166.76,remora9,remora3,-1.33,-1.33,-1.3,-1.3,-1.21,-1.21,10.3,10.28,10.43,10.42,-1.8,-1.8,-1.77,-1.76,-1.67,-1.67,10.03,10.01,10.16,10.15,2.15,2.15,2.15,2.15,2.15,2.15,2.15,2.16,2.17,2.18,4.35,4.35,4.36,4.36,4.36,4.36,4.37,4.37,4.37,4.37,74.12,0,1,1,0,0,0,56.29,1,GradualMotor,aggregation
26,167.76,remora9,remora3,-1,-1,10.62,10.62,11.21,11.19,10.64,10.62,10.6,10.6,-1.47,-1.46,10.36,10.36,10.96,10.94,10.38,10.36,10.34,10.34,2.19,2.19,2.19,2.2,2.2,2.22,2.23,2.24,2.25,2.25,4.37,4.37,4.37,4.37,4.37,4.38,4.38,4.38,4.38,4.37,73.87,0,1,1,0,0,0,55.29,1,GradualMotor,aggregation
26,168.76,remora9,remora3,-0.73,-0.73,10.8,10.78,-0.42,-0.41,10.91,10.89,10.91,10.89,-1.18,-1.18,10.55,10.53,-0.87,-0.86,10.67,10.65,10.67,10.65,2.25,2.25,2.25,2.26,2.27,2.27,2.27,2.28,2.29,2.3,4.37,4.38,4.39,4.39,4.4,4.4,4.4,4.4,4.4,4.39,72.36,0,1,1,0,0,0,54.29,1,GradualMotor,aggregation
26,169.76,remora9,remora3,-0.39,-0.39,-0.39,-0.48,-0.43,-0.43,11.01,11.01,10.97,11.06,-0.83,-0.83,-0.83,-0.92,-0.87,-0.87,10.77,10.77,10.73,10.83,2.32,2.32,2.32,2.32,2.32,2.32,2.32,2.33,2.34,2.35,4.39,4.39,4.39,4.39,4.4,4.4,4.41,4.4,4.4,4.4,69.66,0,1,1,0,0,0,53.29,1,GradualMotor,aggregation
26,170.76,remora9,remora3,-0.22,-0.22,-0.26,-0.26,-0.22,-0.22,-0.25,-0.25,11.33,11.31,-0.65,-0.65,-0.69,-0.69,-0.66,-0.66,-0.68,-0.68,11.12,11.1,2.77,2.78,2.79,2.78,2.77,2.76,2.76,2.77,2.78,2.78,5.41,5.42,5.42,5.42,5.42,5.42,5.42,5.42,5.43,5.43,67.28,0,1,1,0,0,0,52.29,1,GradualMotor,aggregation
26,171.76,remora9,remora3,11.4,11.38,-0.05,-0.05,-0.11,-0.11,-0.11,-0.1,0.06,0.06,11.19,11.17,-0.48,-0.48,-0.53,-0.53,-0.53,-0.53,-0.36,-0.36,2.78,2.77,2.75,2.73,2.73,2.74,2.75,2.76,2.77,2.77,5.43,5.42,5.41,5.41,5.4,5.41,5.42,5.43,5.43,5.43,59.75,0,1,1,0,0,0,51.29,1,GradualMotor,aggregation
26,172.76,remora9,remora3,0.04,0.04,0.04,0.04,11.51,11.49,11.57,11.55,11.62,11.59,-0.38,-0.38,-0.38,-0.38,11.32,11.29,11.38,11.36,11.43,11.41,2.76,2.75,2.74,2.73,2.72,2.72,8.1,8.1,8.09,8.09,5.43,5.42,5.42,5.42,5.42,5.41,8.1,8.1,8.09,8.09,60.97,0,1,1,0,0,0,50.29,1,GradualMotor,aggregation
26,173.76,remora9,remora3,0.12,0.12,11.45,11.43,0.17,0.17,0.13,0.12,0.1,0.1,-0.29,-0.29,11.27,11.24,-0.24,-0.24,-0.28,-0.28,-0.31,-0.31,8.1,8.11,8.13,8.14,8.15,8.17,8.18,8.19,8.19,8.19,8.1,8.11,8.13,8.14,8.15,8.17,8.18,8.19,8.19,8.19,54.45,0,0,1,0,0,0,49.29,1,GradualMotor,aggregation
26,174.76,remora9,remora3,11.52,11.49,0.34,0.34,0.25,0.25,0.24,0.24,0.29,0.29,11.34,11.32,-0.06,-0.06,-0.15,-0.15,-0.16,-0.16,-0.11,-0.11,8.19,8.2,8.21,8.22,8.24,8.25,8.25,8.26,8.29,8.31,8.19,8.2,8.21,8.22,8.24,8.25,8.25,8.26,8.29,8.31,50.45,0,0,1,0,0,0,48.29,1,GradualMotor,aggregation
26,175.76,remora9,remora3,11.8,11.78,11.63,11.61,0.32,0.32,0.26,0.26,11.49,11.47,11.64,11.62,11.47,11.45,-0.07,-0.07,-0.13,-0.13,11.33,11.31,8.34,8.36,8.36,8.36,8.37,8.37,2.59,2.61,2.63,2.61,8.34,8.36,8.36,8.36,8.37,8.37,5.48,5.49,5.5,5.49,48.91,0,0,1,0,0,0,47.29,1,GradualMotor,aggregation
26,176.76,remora9,remora3,11.44,0.45,0.45,11.44,11.46,11.44,0.45,0.45,0.47,0.47,11.29,0.07,0.07,11.29,11.31,11.29,0.07,0.07,0.09,0.09,2.6,2.58,2.57,2.55,2.54,2.54,2.54,2.56,2.58,2.57,5.49,5.49,5.49,5.48,5.48,5.48,5.49,5.51,5.52,5.52,48.63,0,1,1,0,0,0,46.29,1,GradualMotor,aggregation
26,177.76,remora9,remora3,11.29,11.27,11.25,0.61,0.61,11.08,11.05,0.68,0.61,0.61,11.14,11.12,11.1,0.24,0.24,10.92,10.9,0.32,0.25,0.25,2.56,2.54,2.52,2.51,2.5,2.51,2.51,2.5,2.49,2.48,5.52,5.52,5.51,4.57,4.58,4.58,4.59,4.59,4.59,4.59,45.65,0,1,1,0,0,0,45.29,1,GradualMotor,aggregation
26,178.76,remora9,remora3,0.59,0.59,10.94,10.92,0.8,0.8,10.94,10.94,0.85,0.85,0.22,0.22,10.79,10.77,0.44,0.44,10.79,10.79,0.5,0.5,2.47,2.47,2.48,2.49,2.49,2.48,2.47,2.46,2.44,2.44,4.59,4.6,4.61,4.61,4.62,4.62,4.62,4.62,4.62,4.63,43.57,0,1,0,0,0,0,44.29,1,GradualMotor,aggregation
26,179.76,remora9,remora3,0.79,0.79,10.88,10.85,10.83,1.01,1.01,10.72,1.05,1.05,0.44,0.43,10.73,10.71,10.69,0.67,0.67,10.58,0.71,0.7,2.46,2.47,2.49,2.47,2.45,2.44,2.43,2.42,2.4,2.4,4.63,4.64,4.65,4.65,4.65,4.65,4.65,4.65,4.65,4.65,43.6,0,1,0,0,0,0,43.29,1,GradualMotor,aggregation
26,180.76,remora9,remora3,1.04,10.34,1.19,1.18,1.18,1.12,-9.7,-9.7,-9.65,-9.65,0.7,10.2,0.85,0.85,0.85,0.79,-10.05,-10.05,-10,-10,2.41,2.4,2.38,2.37,2.36,2.36,2.38,2.41,2.43,2.43,4.66,4.66,4.66,4.66,4.66,4.66,4.67,4.68,4.69,4.69,46.45,0,1,1,0,0,0,42.29,1,GradualMotor,aggregation
26,181.76,remora9,remora3,1.33,1.32,1.31,1.3,1.3,10.36,1.36,1.36,1.42,1.41,1,1,0.98,0.98,0.98,10.23,1.04,1.04,1.1,1.09,2.42,2.41,2.4,2.39,2.38,2.38,2.39,2.4,2.41,2.4,4.69,4.69,4.69,4.69,4.69,4.7,4.7,4.71,4.72,4.72,46.07,0,1,1,0,0,0,41.29,1,GradualMotor,aggregation
26,182.76,remora9,remora3,1.41,1.41,1.49,1.49,10.21,10.18,10.16,1.54,10.01,9.99,1.09,1.09,1.18,1.18,10.08,10.05,10.03,1.23,9.88,9.86,2.39,2.38,2.36,2.35,2.34,2.35,2.35,2.35,2.34,2.32,4.72,4.72,4.71,4.71,4.71,4.72,4.73,4.73,4.73,4.73,44.81,0,1,0,0,0,0,40.29,1,GradualMotor,aggregation
26,183.76,remora9,remora3,1.68,1.67,-5.73,-5.71,1.66,1.65,1.67,1.66,9.95,9.93,1.38,1.37,-6.05,-6.04,1.36,1.35,1.37,1.37,9.83,9.81,2.3,2.31,2.33,2.35,2.37,2.36,2.35,2.34,2.33,2.31,4.72,4.73,4.74,4.75,4.76,4.76,4.76,4.76,4.76,4.75,46.54,0,1,1,0,0,0,39.29,1,GradualMotor,aggregation
26,184.76,remora9,remora3,9.79,9.77,9.74,1.67,9.62,9.59,9.59,1.78,1.82,1.81,9.67,9.64,9.62,1.37,9.49,9.47,9.47,1.49,1.53,1.53,2.29,2.28,2.26,2.27,2.28,2.3,2.32,2.32,2.31,2.3,4.75,4.75,4.75,4.76,4.76,4.77,4.78,4.79,4.79,4.79,50.62,0,1,1,0,0,0,38.29,1,GradualMotor,aggregation
26,185.76,remora9,remora3,9.45,9.42,1.88,1.88,-7.94,-7.92,-7.9,-7.9,9.07,9.04,9.33,9.3,1.6,1.6,-8.25,-8.23,-8.21,-8.21,8.94,8.92,2.29,2.27,2.25,2.24,2.23,2.22,2.22,2.24,2.26,2.28,4.78,4.78,4.78,4.78,4.78,4.78,4.78,4.79,4.8,4.81,50.9,0,1,1,0,0,0,37.29,1,GradualMotor,aggregation
26,186.76,remora9,remora3,9.1,9.1,9.05,9.05,1.92,1.91,8.9,8.9,2.01,2,8.98,8.98,8.93,8.93,1.65,1.64,8.78,8.78,1.74,1.74,2.29,2.28,2.26,2.25,2.24,2.23,2.22,2.2,2.18,2.19,4.82,4.82,4.81,4.81,4.81,4.81,4.81,4.81,4.81,4.81,52.29,0,1,1,0,0,0,36.29,1,GradualMotor,aggregation
26,187.76,remora9,remora3,1.98,1.98,2.04,2.03,2.01,2.01,8.58,8.56,8.38,8.36,1.72,1.71,1.78,1.77,1.75,1.75,8.46,8.44,8.26,8.23,2.21,2.22,2.24,2.23,2.22,2.2,2.19,2.18,2.16,2.17,4.82,4.83,4.84,4.84,4.84,4.84,4.84,4.84,4.84,4.84,51,0,1,1,0,0,0,35.29,1,GradualMotor,aggregation
26,188.76,remora9,remora3,-4.19,-4.18,2.02,2.02,2.01,2.01,2.01,2.01,-4.05,-4.04,-4.48,-4.47,1.77,1.76,1.76,1.76,1.76,1.76,-4.34,-4.32,2.18,2.2,2.22,2.21,2.2,2.19,2.18,2.17,2.16,2.15,4.85,4.86,4.87,4.87,4.87,4.87,4.87,4.87,4.87,4.87,49.16,0,1,1,0,0,0,34.29,1,GradualMotor,aggregation
26,189.76,remora9,remora3,-4.03,1.93,1.92,1.94,1.94,1.94,1.94,1.94,1.88,1.88,-4.31,1.68,1.67,1.69,1.7,1.69,1.69,1.7,1.64,1.64,2.15,2.16,2.18,2.2,2.21,3.13,3.14,3.14,3.14,3.14,4.87,4.88,4.89,4.9,4.91,6.26,6.26,6.27,6.27,6.28,46.43,0,0,1,0,0,0,33.29,1,GradualMotor,aggregation
26,190.76,remora9,remora3,1.89,1.88,1.8,1.8,1.8,1.8,1.79,-3.74,-3.73,1.77,1.65,1.64,1.56,1.56,1.56,1.56,1.55,-4.01,-4,1.54,3.14,3.15,3.15,3.15,3.15,3.15,3.16,3.15,3.15,3.15,6.28,6.29,6.3,6.3,6.31,6.31,6.32,6.32,6.33,6.33,43.11,0,0,0,0,0,0,32.29,1,GradualMotor,aggregation
26,191.76,remora9,remora3,1.77,1.77,7.87,7.72,1.79,1.79,1.78,1.82,1.81,-3.54,1.53,1.53,7.77,7.61,1.56,1.56,1.55,1.59,1.58,-3.8,3.15,3.16,3.16,3.17,3.18,3.18,3.18,3.18,3.19,3.19,6.34,6.35,6.35,6.36,6.36,6.37,6.38,6.38,6.39,6.39,44.1,0,0,0,0,0,0,31.29,1,GradualMotor,aggregation
26,192.76,remora9,remora3,1.78,1.78,1.77,1.78,-3.45,-3.44,-3.43,-3.43,1.66,1.66,1.56,1.55,1.55,1.55,-3.7,-3.69,-3.68,-3.68,1.44,1.44,3.18,3.18,3.18,3.18,3.19,3.18,3.18,9.7,9.71,9.72,6.4,6.4,6.41,6.41,6.42,6.43,6.43,9.7,9.71,9.72,40.82,0,0,0,0,0,0,30.29,1,GradualMotor,aggregation
26,193.76,remora9,remora3,1.7,1.69,1.69,1.69,-3.41,-3.4,1.7,1.7,-5.4,-5.38,1.48,1.47,1.47,1.47,-3.66,-3.64,1.48,1.48,-5.64,-5.62,9.73,9.74,9.75,9.76,9.77,9.78,9.8,9.81,9.82,9.83,9.73,9.74,9.75,9.76,9.77,9.78,9.8,9.81,9.82,9.83,39.52,0,0,0,0,0,0,29.29,1,GradualMotor,aggregation
26,194.76,remora9,remora3,-5.36,-5.35,1.55,1.54,1.56,1.55,1.55,-3.3,1.51,1.51,-5.6,-5.58,1.34,1.33,1.35,1.34,1.34,-3.53,1.31,1.3,9.85,9.86,9.88,9.89,9.9,9.91,9.92,9.94,9.95,9.96,9.85,9.86,9.88,9.89,9.9,9.91,9.92,9.94,9.95,9.96,35.54,0,0,0,0,0,0,28.29,1,GradualMotor,aggregation
26,195.76,remora9,remora3,6.65,6.65,6.63,6.61,6.48,6.45,6.43,1.57,1.57,1.56,6.55,6.55,6.53,6.51,6.38,6.35,6.33,1.37,1.37,1.36,9.97,9.98,9.99,10,10,10,10,10,10,10,9.97,9.98,9.99,10,10,10,10,10,10,10,33.28,0,0,0,0,0,0,27.29,1,GradualMotor,aggregation
26,196.76,remora9,remora3,1.56,1.55,6.01,5.99,6,5.98,5.96,-2.86,1.62,1.61,1.36,1.36,5.9,5.88,5.9,5.88,5.85,-3.08,1.43,1.42,10,10,10,10,10,10,10,10,10,10,10,10,10,10,10,10,10,10,10,10,31.04,0,0,0,0,0,0,26.29,1,GradualMotor,aggregation
26,124.76,remora8,remora1,7.91,7.91,7.91,7.7,9.45,9.45,8.2,8.2,8.45,8.45,8.58,8.58,8.58,8.38,10.1,10.1,8.87,8.87,9.12,9.12,1.56,1.58,1.6,1.61,1.62,1.62,1.62,1.63,1.64,1.64,4,4.01,4.02,4.02,4.02,4.02,4.02,4.02,4.02,4.02,110.76,0,1,1,0,0,0,-1,0,None,aggregation
26,125.76,remora8,remora1,8.69,8.69,8.94,8.94,-18.46,-18.46,-18.49,-18.49,-18.56,-18.56,9.35,9.35,9.6,9.6,-17.64,-17.64,-17.67,-17.67,-17.74,-17.74,1.65,1.66,1.68,1.69,1.69,1.7,1.7,1.71,1.72,1.73,4.02,4.03,4.03,4.03,4.04,4.05,4.07,4.08,4.1,4.11,109.35,0,1,1,0,0,0,-1,0,None,aggregation
26,126.76,remora8,remora1,-18.73,-18.73,7.18,7.18,6.96,6.96,-12.45,-12.45,7,7,-17.91,-17.91,7.87,7.87,7.65,7.65,-11.63,-11.63,7.69,7.69,1.75,1.77,1.78,1.79,1.8,1.81,1.82,1.83,1.83,1.84,4.13,4.15,4.16,4.16,4.16,4.15,4.16,4.16,4.17,4.17,106.42,0,1,1,0,0,0,-1,0,None,aggregation
26,127.76,remora8,remora1,7.01,7.01,-12.2,-12.2,-12.2,-12.2,-12.2,7.08,10.46,10.46,7.7,7.7,-11.38,-11.38,-11.37,-11.37,-11.37,7.77,9.14,9.14,1.85,1.86,1.86,1.88,1.9,1.91,1.91,1.92,1.93,1.93,4.17,4.17,4.17,4.19,4.2,4.21,4.22,4.22,4.22,4.21,106.38,0,1,1,0,0,0,-1,0,None,aggregation
26,128.76,remora8,remora1,7.1,7.1,7.12,7.12,-12.63,-12.63,6.94,6.94,6.73,6.73,7.79,7.79,7.81,7.81,-11.81,-11.81,7.64,7.64,7.43,7.43,1.93,1.95,1.96,1.98,2,2.01,2.02,2.02,2.03,2.04,4.21,4.21,4.22,4.22,4.23,4.23,4.24,4.24,4.24,4.23,102.99,0,1,1,0,0,0,-1,0,None,aggregation
26,129.76,remora8,remora1,-12.68,-12.68,3.44,3.44,-12.81,-12.81,7.01,7.01,7.02,7.02,-11.86,-11.86,4.19,4.19,-11.99,-11.99,7.7,7.7,7.71,7.71,2.04,2.05,2.06,2.07,2.07,2.07,2.07,2.08,2.09,2.1,4.22,4.23,4.23,4.23,4.23,4.23,4.24,4.24,4.24,4.25,99.96,0,1,1,0,0,0,-1,0,None,aggregation
26,130.76,remora8,remora1,7.02,-12.59,-12.73,-12.73,6.86,6.86,10.52,10.52,-12.88,-12.88,7.71,-11.76,-11.91,-11.91,7.56,7.56,8.84,8.84,-12.06,-12.06,2.12,2.13,2.14,2.15,2.15,2.16,2.17,2.17,2.18,2.19,4.26,4.26,4.27,4.28,4.29,4.29,4.29,4.29,4.29,4.29,101.03,0,1,1,0,0,0,-1,0,None,aggregation
26,131.76,remora8,remora1,6.66,6.66,-12.91,-12.91,6.69,6.69,6.71,6.71,-12.93,-12.93,7.36,7.36,-12.09,-12.09,7.39,7.39,7.4,7.4,-12.11,-12.11,2.19,2.2,2.2,2.21,2.22,2.22,2.23,2.24,2.24,2.25,4.31,4.31,4.3,4.3,4.31,4.3,4.3,4.3,4.31,4.31,99.32,0,1,1,0,0,0,-1,0,None,aggregation
26,132.76,remora8,remora1,1.6,1.6,-12.85,-12.85,10.54,10.54,10.54,10.54,10.54,6.56,2.38,2.38,-12.02,-12.02,8.68,8.68,8.7,8.7,8.7,7.26,2.26,2.26,2.27,2.27,2.28,2.29,2.29,2.3,2.3,2.31,4.32,4.32,4.33,4.33,4.33,4.34,4.34,4.34,4.33,4.34,97.3,0,1,1,0,0,0,-1,0,None,aggregation
26,133.76,remora8,remora1,6.58,6.58,6.59,6.59,-13.18,-13.18,-13.4,-13.4,-13.46,-13.46,7.28,7.28,7.29,7.29,-12.36,-12.36,-12.58,-12.58,-12.64,-12.64,2.31,2.32,2.32,2.33,2.35,2.37,2.38,2.39,2.4,2.4,4.34,4.35,4.35,4.36,4.36,4.37,4.39,4.41,4.42,4.43,99.17,0,1,1,0,0,0,-1,0,None,aggregation
26,134.76,remora8,remora1,10.55,10.55,10.54,10.54,5.54,5.54,5.57,5.57,5.57,5.84,8.66,8.66,8.69,8.69,6.26,6.26,6.28,6.28,6.28,6.55,2.41,2.42,2.44,2.45,2.47,2.47,2.48,2.48,2.49,2.49,4.44,4.44,4.45,4.45,4.45,4.46,4.46,4.47,4.48,4.48,97.89,0,1,1,0,0,0,-1,0,None,aggregation
26,135.76,remora8,remora1,-13.89,-13.89,-13.89,-13.93,5.66,5.66,5.67,5.67,-13.9,-13.9,-13.07,-13.07,-13.07,-13.11,6.37,6.37,6.39,6.39,-13.07,-13.07,2.5,2.51,2.53,2.54,2.55,2.56,2.56,2.56,2.56,2.57,4.48,4.49,4.51,4.52,4.54,4.55,4.55,4.55,4.55,4.56,93.88,0,1,1,0,0,0,-1,0,None,aggregation
26,136.76,remora8,remora1,5.95,5.95,5.73,5.73,-13.79,-13.79,-13.79,-13.79,-13.79,10.56,6.66,6.66,6.45,6.45,-12.96,-12.96,-12.97,-12.97,-12.97,8.44,2.59,2.6,2.62,2.62,2.63,2.63,2.64,2.65,2.66,2.66,4.57,4.58,4.58,4.59,4.6,4.61,4.61,4.63,4.64,4.64,93.49,0,1,1,0,0,0,-1,0,None,aggregation
26,137.76,remora8,remora1,10.56,10.56,10.55,10.55,-14.56,-14.56,-14.93,-14.93,10.55,10.55,8.45,8.45,8.54,8.54,-13.74,-13.74,-14.11,-14.11,8.6,8.6,2.66,2.66,2.66,2.66,2.67,2.68,2.7,2.71,2.72,2.72,4.64,4.64,4.64,4.64,4.65,4.66,4.67,4.68,4.69,4.69,94.88,0,1,1,0,0,0,-1,0,None,aggregation
26,138.76,remora8,remora1,10.55,10.55,10.54,10.54,-15.82,-15.82,-16,-16,10.53,10.53,8.62,8.62,8.7,8.7,-15,-15,-15.18,-15.18,8.76,8.76,2.72,2.73,2.73,2.73,2.72,2.73,2.73,2.74,2.75,2.76,4.69,4.69,4.69,4.69,4.68,4.69,4.7,4.71,4.72,4.73,98.55,0,1,1,0,0,0,-1,0,None,aggregation
26,139.76,remora8,remora1,10.53,10.53,10.52,10.52,-16.88,-16.88,10.51,10.51,10.51,10.51,8.78,8.78,8.85,8.85,-16.06,-16.06,8.92,8.92,8.94,8.94,2.77,2.78,2.77,2.77,2.77,2.78,2.78,2.79,2.79,2.79,4.74,4.74,4.74,4.74,4.75,4.76,4.77,4.77,4.77,4.77,100.96,0,1,1,0,0,0,-1,0,None,aggregation
26,140.76,remora8,remora1,-17.46,-17.46,-17.42,-17.42,10.5,10.5,10.5,10.5,10.49,10.49,-16.64,-16.64,-16.6,-16.6,8.98,8.98,9,9,9.06,9.06,2.79,2.79,2.79,2.81,2.83,2.83,2.83,2.83,2.83,2.83,4.77,4.79,4.8,4.82,4.84,4.84,4.84,4.83,4.83,4.82,103.33,0,1,1,0,0,0,-1,0,None,aggregation
26,141.76,remora8,remora1,-17.92,-17.92,10.47,10.47,10.47,10.47,-18.74,-18.74,10.46,10.46,-17.1,-17.1,9.12,9.12,9.13,9.13,-17.92,-17.92,9.17,9.17,2.83,2.83,2.83,2.84,2.85,2.86,2.88,2.87,2.87,2.86,4.82,4.83,4.83,4.83,4.83,4.82,4.82,4.83,4.83,4.83,107.16,0,1,1,0,0,0,-1,0,None,aggregation
26,142.76,remora8,remora1,10.45,10.45,-18.76,-18.76,10.44,10.44,10.44,10.44,10.44,-19.28,9.19,9.19,-17.94,-17.94,9.24,9.24,9.24,9.24,9.24,-18.46,2.85,2.85,2.86,2.87,2.88,2.88,2.88,2.87,2.86,2.86,4.82,4.82,4.82,4.82,4.83,4.83,4.82,4.82,4.81,4.81,111.21,0,1,1,0,0,0,-1,0,None,aggregation
26,143.76,remora8,remora1,-19.28,-19.28,10.43,10.43,10.43,10.43,10.41,10.41,10.4,10.4,-18.46,-18.46,9.27,9.27,9.28,9.28,9.32,9.32,9.35,9.35,2.87,2.89,2.9,2.9,2.89,2.89,2.88,2.87,2.87,2.86,4.82,4.84,4.85,4.85,4.84,4.83,4.83,4.82,4.82,4.82,112.34,0,1,1,0,0,0,-1,0,None,aggregation
26,144.76,remora8,remora1,-19.72,-19.72,-19.68,-19.68,10.39,10.39,10.4,10.4,10.38,10.38,-18.9,-18.9,-18.86,-18.86,9.37,9.37,9.37,9.37,9.4,9.4,2.86,2.86,2.87,2.87,2.88,2.88,2.87,2.88,2.88,2.88,4.81,4.82,4.83,4.84,4.85,4.85,4.85,4.84,4.84,4.84,118.57,0,1,1,0,0,0,-1,0,None,aggregation
26,145.76,remora8,remora1,10.37,10.37,-20.11,-20.11,-20.11,-20.13,10.37,10.37,10.37,10.37,9.43,9.43,-19.29,-19.29,-19.29,-19.31,9.44,9.44,9.44,9.44,2.88,2.87,2.87,2.86,2.86,2.86,2.86,2.86,2.85,2.84,4.84,4.83,4.82,4.82,4.83,4.84,4.85,4.85,4.84,4.84,121.89,0,1,1,0,0,0,-1,0,None,aggregation
26,146.76,remora8,remora1,10.35,10.35,10.34,10.34,0.01,0.01,-14.16,-14.16,-14.16,-19.93,9.47,9.47,9.5,9.5,0.83,0.83,-13.34,-13.34,-13.34,-19.11,2.84,2.83,2.83,2.83,2.83,2.83,2.82,2.82,2.82,2.82,4.83,4.82,4.81,4.8,4.8,4.79,4.79,4.79,4.8,4.81,121.9,0,1,1,0,0,0,-1,0,None,aggregation
26,147.76,remora8,remora1,10.35,10.35,10.35,10.35,10.34,10.34,0.22,0.22,0.45,0.45,9.48,9.48,9.47,9.47,9.5,9.5,1.03,1.03,1.25,1.25,2.83,2.82,2.81,2.8,2.79,2.78,2.77,2.78,2.78,2.78,4.82,4.82,4.82,4.82,4.81,4.8,4.8,4.8,4.8,4.81,116.68,0,1,1,0,0,0,-1,0,None,aggregation
26,148.76,remora8,remora1,-19.57,-19.57,10.35,10.35,10.35,10.35,-19.28,-19.28,-19.24,-19.24,-18.75,-18.75,9.47,9.47,9.48,9.48,-18.46,-18.46,-18.42,-18.42,2.77,2.77,2.77,2.76,2.76,2.75,2.74,2.74,2.75,2.75,4.81,4.82,4.83,4.82,4.82,4.81,4.81,4.82,4.83,4.84,120.05,0,1,1,0,0,0,-1,0,None,aggregation
26,149.76,remora8,remora1,-19.24,10.35,10.35,10.35,10.34,10.34,10.34,10.33,-19.35,-19.35,-18.42,9.48,9.48,9.48,9.5,9.5,9.5,9.53,-18.53,-18.53,2.75,2.75,2.75,2.74,2.73,2.72,2.71,2.71,2.7,2.7,4.85,4.86,4.86,4.85,4.85,4.85,4.84,4.84,4.84,4.85,121.61,0,1,1,0,0,0,-1,0,None,aggregation
26,150.76,remora8,remora1,10.32,10.32,10.32,10.32,-22.3,-22.3,10.31,10.31,10.31,10.31,9.55,9.55,9.55,9.55,-21.48,-21.48,9.57,9.57,9.57,9.57,2.69,2.69,2.68,2.67,2.66,2.66,2.66,2.66,2.65,2.64,4.86,4.85,4.85,4.85,4.85,4.86,4.87,4.87,4.87,4.87,121.28,0,1,1,0,0,0,-1,0,None,aggregation
26,151.76,remora8,remora1,-12.66,-12.66,-12.66,-12.66,-12.66,10.31,10.31,10.31,10.3,10.3,-11.84,-11.84,-11.84,-11.84,-11.84,9.57,9.56,9.56,9.58,9.58,2.63,2.63,2.62,2.62,2.62,2.61,2.6,2.6,2.59,2.58,4.87,4.87,4.88,4.89,4.9,4.9,4.9,4.9,4.9,4.89,119.32,0,1,1,0,0,0,-1,0,None,aggregation
26,152.76,remora8,remora1,2.73,2.73,2.98,2.98,-21.51,-21.51,-17.36,-17.36,10.33,10.33,3.5,3.5,3.74,3.74,-20.69,-20.69,-16.54,-16.54,9.53,9.53,2.57,2.56,2.56,2.55,2.54,2.54,2.54,2.54,2.53,2.52,4.89,4.88,4.88,4.88,4.88,4.89,4.9,4.91,4.92,4.92,117.77,0,1,1,0,0,0,-1,0,None,aggregation
26,153.76,remora8,remora1,10.33,10.33,10.31,10.31,-16.92,-16.92,10.3,10.3,10.31,10.31,9.53,9.53,9.56,9.56,-16.09,-16.09,9.58,9.58,9.57,9.57,2.52,2.51,2.5,2.5,2.49,2.48,2.48,2.48,2.48,2.47,4.91,4.91,4.91,4.9,4.9,4.91,4.92,4.93,4.93,4.93,117.36,0,1,1,0,0,0,-1,0,None,aggregation
26,154.76,remora8,remora1,5.07,5.07,-16.04,-16.04,-15.73,-15.73,10.32,10.32,10.32,10.32,5.8,5.8,-15.22,-15.22,-14.91,-14.91,9.55,9.55,9.55,9.55,2.46,2.45,2.45,2.44,2.44,2.44,2.44,2.43,2.42,2.42,4.92,4.92,4.92,4.93,4.94,4.95,4.96,4.96,4.95,4.95,114.96,0,1,1,0,0,0,-1,0,None,aggregation
26,155.76,remora8,remora1,10.32,-15.21,-20.28,-20.28,10.32,10.32,10.31,10.31,10.3,10.3,9.55,-14.39,-19.46,-19.46,9.55,9.55,9.56,9.56,9.58,9.58,2.41,2.41,2.4,2.4,2.4,2.4,2.39,2.39,2.39,2.39,4.95,4.95,4.95,4.96,4.97,4.97,4.97,4.97,4.97,4.97,113.55,0,1,1,0,0,0,-1,0,None,aggregation
26,156.76,remora8,remora1,10.3,10.3,7.83,7.83,8.52,8.52,-13.82,-13.82,-19.53,-19.53,9.58,9.58,8.5,8.5,9.19,9.19,-12.99,-12.99,-18.71,-18.71,2.38,2.38,2.38,2.37,2.37,2.37,2.37,2.37,2.36,2.36,4.97,4.96,4.96,4.96,4.96,4.96,4.96,4.97,4.98,5,115.32,0,1,1,0,0,0,-1,0,None,aggregation
26,157.76,remora8,remora1,-6.78,-6.78,10.34,10.34,10.34,10.34,-12.9,-12.9,-12.92,-12.92,-5.96,-5.96,9.5,9.5,9.5,9.5,-12.08,-12.08,-12.1,-12.1,2.36,2.35,2.35,2.35,2.35,2.35,2.35,2.34,2.34,2.34,5.01,5.01,5.02,5.01,5.01,5.01,5.01,5.02,5.03,5.04,119.32,0,1,1,0,0,0,-1,0,None,aggregation
26,158.76,remora8,remora1,10.34,10.34,10.34,10.34,-12.19,-12.19,-18.95,-18.95,10.34,10.34,9.51,9.51,9.51,9.51,-11.36,-11.36,-18.13,-18.13,9.51,9.51,2.34,2.34,2.34,2.34,2.34,2.33,2.33,2.33,2.33,2.33,5.05,5.05,5.05,5.05,5.05,5.05,5.06,5.07,5.08,5.09,116,0,1,1,0,0,0,-1,0,None,aggregation
26,159.76,remora8,remora1,10.34,10.34,10.33,10.33,-11.32,-11.32,-18.54,-18.54,10.33,10.33,9.51,9.51,9.53,9.53,-10.5,-10.5,-17.72,-17.72,9.53,9.53,2.33,2.33,2.33,2.33,2.33,2.33,2.33,2.33,2.32,2.33,5.09,5.09,5.09,5.1,5.1,5.1,5.11,5.12,5.13,5.13,115.15,0,1,1,0,0,0,-1,0,None,aggregation
26,160.76,remora8,remora1,10.33,10.33,10.32,10.32,11.58,11.58,-18.83,-18.83,-11.26,-11.26,9.53,9.53,9.55,9.55,12.19,12.19,-18.01,-18.01,-10.44,-10.44,2.33,2.33,2.33,2.33,2.33,2.33,2.33,2.32,2.32,2.32,5.13,5.13,5.13,5.14,5.14,5.14,5.15,5.15,5.16,5.18,115.02,0,1,1,0,0,0,-1,0,None,aggregation
26,161.76,remora8,remora1,10.33,10.33,10.32,10.32,-11.66,-11.66,-11.67,-11.67,10.33,10.33,9.53,9.53,9.54,9.54,-10.84,-10.84,-10.85,-10.85,9.53,9.53,2.32,2.32,2.32,2.32,2.32,2.32,2.32,2.32,2.32,2.32,5.18,5.19,5.19,5.19,5.19,5.2,5.21,5.21,5.22,5.22,114.39,0,1,1,0,0,0,-1,0,None,aggregation
26,162.76,remora8,remora1,10.33,10.33,-19.06,-19.06,10.32,10.32,10.32,10.31,11.77,11.77,9.53,9.53,-18.23,-18.23,9.55,9.55,9.55,9.56,12.37,12.37,2.32,2.32,2.31,2.31,2.31,2.31,2.31,2.32,2.32,2.32,5.22,5.22,5.22,5.23,5.25,5.25,5.26,5.26,5.26,5.26,115.6,0,1,1,0,0,0,-1,0,None,aggregation
26,163.76,remora8,remora1,11.77,11.77,12.2,12.2,-11.61,-11.61,-11.61,-11.66,-11.79,-11.79,12.38,12.38,12.8,12.8,-10.79,-10.79,-10.79,-10.84,-10.97,-10.97,2.32,2.33,2.33,2.33,2.33,2.33,2.33,2.33,2.33,2.33,5.26,5.26,5.26,5.26,5.26,5.27,5.28,5.29,5.3,5.31,116.02,0,1,1,0,0,0,-1,0,None,aggregation
26,164.76,remora8,remora1,12.2,12.2,-11.24,-11.24,-11.17,-11.17,-11.13,-11.13,10.39,10.39,12.8,12.8,-10.42,-10.42,-10.34,-10.34,-10.31,-10.31,9.38,9.38,2.32,2.32,2.32,2.32,2.31,2.31,2.3,2.3,2.3,2.31,5.31,5.31,5.31,5.31,5.32,5.33,5.34,5.35,5.36,5.37,115.71,0,1,1,0,0,0,-1,0,None,aggregation
26,165.76,remora8,remora1,10.39,10.39,-11.28,-11.28,-11.35,-11.35,10.39,10.39,10.39,10.39,9.38,9.38,-10.46,-10.46,-10.53,-10.53,9.39,9.39,9.39,9.39,2.31,2.31,2.31,2.31,2.3,2.3,2.3,2.3,2.31,2.31,5.38,5.38,5.37,5.38,5.39,5.4,5.41,5.41,5.42,5.42,113.6,0,1,1,0,0,0,-1,0,None,aggregation
26,166.76,remora8,remora1,-11.56,-11.56,12.41,12.41,-11.42,-11.42,-11.42,-11.42,10.4,10.4,-10.74,-10.74,13,13,-10.59,-10.59,-10.59,-10.59,9.35,9.35,2.31,2.31,2.31,2.31,2.31,2.31,2.31,2.31,2.32,2.32,5.42,5.43,5.44,5.44,5.45,5.46,5.47,5.48,5.49,5.49,112.85,0,1,1,0,0,0,-1,0,None,aggregation
26,167.76,remora8,remora1,10.4,10.4,-11.88,-11.88,-11.9,-11.9,10.39,10.39,10.39,10.39,9.36,9.36,-11.06,-11.06,-11.08,-11.08,9.37,9.37,9.38,9.38,2.32,2.33,2.33,2.33,2.34,2.34,2.34,2.34,2.34,2.34,5.49,5.49,5.5,5.51,5.51,5.52,5.53,5.53,5.53,5.54,113.13,0,1,1,0,0,0,-1,0,None,aggregation
26,168.76,remora8,remora1,-19.65,-19.65,-19.7,-19.7,10.39,10.39,10.39,10.39,10.38,10.38,-18.83,-18.83,-18.88,-18.88,9.39,9.39,9.39,9.39,9.42,9.42,2.34,2.35,2.35,2.35,2.35,2.35,2.35,2.35,2.35,2.35,5.54,5.55,5.57,5.58,5.59,5.6,5.6,5.6,5.61,5.61,114.75,0,1,1,0,0,0,-1,0,None,aggregation
26,169.76,remora8,remora1,10.36,10.36,-13.12,-13.12,-13.12,-13.12,10.36,10.36,10.36,10.36,9.45,9.45,-12.3,-12.3,-12.3,-12.3,9.45,9.45,9.46,9.46,2.35,2.35,2.35,2.35,2.35,2.35,2.35,2.35,2.35,2.35,5.61,5.61,5.61,5.62,5.63,5.65,5.66,5.66,5.66,5.66,114.01,0,1,1,0,0,0,-1,0,None,aggregation
26,170.76,remora8,remora1,-13.32,-13.32,10.35,10.35,10.35,10.35,-13.4,-13.4,-13.38,-13.38,-12.49,-12.49,9.49,9.49,9.49,9.49,-12.58,-12.58,-12.56,-12.56,2.34,2.34,2.34,2.34,2.34,2.34,2.34,2.34,2.34,2.34,5.66,5.67,5.68,5.69,5.69,4.36,4.36,4.36,4.37,4.37,113.55,0,1,1,0,0,0,-1,0,None,aggregation
26,171.76,remora8,remora1,10.35,10.35,10.34,10.34,-13.29,-13.29,-13.27,-13.27,10.34,10.34,9.49,9.49,9.49,9.49,-12.47,-12.47,-12.45,-12.45,9.49,9.49,2.34,2.34,2.33,2.33,2.33,2.33,2.33,2.33,2.32,2.32,4.37,4.37,4.36,4.36,4.35,4.36,4.36,4.37,4.37,4.37,114.19,0,1,1,0,0,0,-1,0,None,aggregation
26,172.76,remora8,remora1,10.34,10.34,10.33,10.33,-13.13,-13.13,-13.14,-13.14,10.33,10.33,9.5,9.5,9.52,9.52,-12.31,-12.31,-12.32,-12.32,9.52,9.52,2.32,2.32,2.32,2.32,2.32,2.32,2.32,2.31,2.31,2.31,4.37,4.36,4.36,4.36,4.36,4.36,4.36,4.36,4.36,4.36,113.13,0,1,1,0,0,0,-1,0,None,aggregation
26,173.76,remora8,remora1,10.33,10.33,-13.59,-13.59,10.33,10.33,10.32,10.32,-21.06,-21.06,9.52,9.52,-12.77,-12.77,9.53,9.53,9.54,9.54,-20.24,-20.24,2.32,2.32,2.33,2.32,2.32,2.32,2.32,2.32,2.32,2.32,4.35,4.36,4.36,4.37,4.37,4.37,4.37,4.37,4.37,4.38,114.18,0,1,1,0,0,0,-1,0,None,aggregation
26,174.76,remora8,remora1,10.32,10.32,10.31,10.31,-13.96,-13.96,-13.95,-13.95,10.31,10.31,9.55,9.55,9.56,9.56,-13.14,-13.14,-13.13,-13.13,9.56,9.56,2.32,2.32,2.32,2.32,2.32,2.32,2.32,2.31,2.31,2.31,4.38,4.38,4.38,4.38,4.38,4.39,4.39,4.4,4.41,4.42,114.62,0,1,1,0,0,0,-1,0,None,aggregation
26,175.76,remora8,remora1,10.31,10.31,10.3,10.3,-14.02,-14.02,-21.51,-21.51,10.3,10.3,9.56,9.56,9.58,9.58,-13.19,-13.19,-20.69,-20.69,9.58,9.58,2.32,2.32,2.32,2.32,2.32,2.31,2.31,2.31,2.31,2.32,4.42,4.42,4.42,4.41,5.8,5.8,5.8,5.8,5.81,5.8,117.23,0,1,1,0,0,0,-1,0,None,aggregation
26,176.76,remora8,remora1,10.3,10.3,10.29,10.29,-14.65,-14.65,-22.04,-22.04,10.3,10.3,9.58,9.58,9.6,9.6,-13.83,-13.83,-21.22,-21.22,9.59,9.59,2.32,2.33,2.33,2.33,2.33,2.33,2.33,2.33,2.33,2.33,5.8,5.8,5.79,5.79,5.78,5.78,5.79,5.8,5.81,5.81,119.22,0,1,1,0,0,0,-1,0,None,aggregation
26,177.76,remora8,remora1,10.29,10.29,10.28,10.28,-15.12,-15.12,10.28,10.28,10.27,10.27,9.6,9.6,9.62,9.62,-14.29,-14.29,9.63,9.63,9.63,9.63,2.33,2.33,2.34,2.34,2.35,2.35,2.35,2.35,2.35,2.35,5.8,5.79,5.78,5.77,5.76,5.77,6.62,6.61,6.61,6.6,119.6,0,1,1,0,0,0,-1,0,None,aggregation
26,178.76,remora8,remora1,10.27,-15.61,-15.63,-15.63,10.28,10.28,10.28,10.28,-16.02,-16.02,9.63,-14.79,-14.81,-14.81,9.63,9.63,9.63,9.63,-15.2,-15.2,2.35,2.36,2.36,2.36,2.36,2.37,2.37,2.37,2.37,2.37,6.59,6.59,6.6,6.6,6.61,6.6,6.6,6.58,6.57,6.57,118.63,0,1,1,0,0,0,-1,0,None,aggregation
26,179.76,remora8,remora1,-16.05,-16.05,10.28,10.28,10.28,10.28,10.27,10.27,-16.66,-16.66,-15.23,-15.23,9.62,9.62,9.62,9.62,9.64,9.64,-15.84,-15.84,2.38,2.38,2.38,2.39,2.39,2.4,2.4,2.41,2.4,2.4,6.58,6.58,6.58,6.57,6.56,6.56,6.55,6.54,6.53,6.53,119.95,0,1,1,0,0,0,-1,0,None,aggregation
26,180.76,remora8,remora1,10.26,10.26,10.26,10.26,10.26,-16.87,-17.06,-17.06,-17.06,-17.06,9.65,9.65,9.66,9.66,9.66,-16.05,-16.24,-16.24,-16.24,-16.24,2.41,2.4,2.38,2.37,2.36,2.36,2.38,2.41,2.43,2.43,6.53,6.53,6.52,6.52,6.51,6.51,6.52,6.52,6.53,6.53,121.49,0,1,1,0,0,0,-1,0,None,aggregation
26,181.76,remora8,remora1,10.27,10.27,10.26,10.26,10.26,-17.18,-17.36,-17.36,10.26,10.26,9.65,9.65,9.66,9.66,9.66,-16.36,-16.54,-16.54,9.66,9.66,2.42,2.41,2.4,2.39,2.38,2.38,2.39,2.4,2.41,2.4,6.53,6.53,6.52,6.51,6.51,6.5,6.51,6.51,6.52,6.52,122.43,0,1,1,0,0,0,-1,0,None,aggregation
26,182.76,remora8,remora1,10.26,10.26,10.25,10.25,-18.01,-18.01,10.25,10.25,10.25,10.25,9.66,9.66,9.68,9.68,-17.19,-17.19,9.68,9.68,9.68,9.68,2.39,2.38,2.36,2.35,2.34,2.35,2.35,2.35,2.34,2.32,6.52,6.51,6.5,6.5,6.5,6.51,6.51,5.89,5.88,5.87,122.88,0,1,1,0,0,0,-1,0,None,aggregation
26,183.76,remora8,remora1,-18.22,-18.22,-18.32,-18.32,10.25,10.25,10.26,10.26,10.25,10.25,-17.4,-17.4,-17.49,-17.49,9.67,9.67,9.67,9.67,9.68,9.68,2.3,2.31,2.33,2.35,2.37,2.36,2.35,2.34,2.33,2.31,5.87,5.87,5.88,5.89,5.89,5.89,5.87,5.86,5.85,5.84,123.27,0,1,1,0,0,0,-1,0,None,aggregation
26,184.76,remora8,remora1,10.24,10.24,-18.53,-18.53,-24.59,-24.59,-24.59,10.24,10.25,10.25,9.7,9.7,-17.71,-17.71,-23.77,-23.77,-23.77,9.69,9.68,9.68,2.29,2.28,2.26,2.27,2.28,2.3,2.32,2.32,2.31,2.3,5.83,5.81,5.8,5.81,5.82,5.83,5.85,5.85,5.84,5.84,127.75,0,1,1,0,0,0,-1,0,None,aggregation
26,185.76,remora8,remora1,10.24,10.24,10.23,10.23,10.22,10.22,-19.45,-19.45,-19.28,-19.28,9.69,9.69,9.71,9.71,9.72,9.72,-18.63,-18.63,-18.46,-18.46,2.29,2.27,2.25,2.24,2.23,2.22,2.22,2.24,2.26,2.28,5.83,5.82,5.81,5.81,5.79,5.79,5.78,5.78,5.79,5.79,128.41,0,1,1,0,0,0,-1,0,None,aggregation
26,186.76,remora8,remora1,10.23,10.23,10.23,10.23,10.22,10.22,10.22,10.22,-19.6,-19.6,9.71,9.71,9.7,9.7,9.72,9.72,9.73,9.73,-18.77,-18.77,2.29,2.28,2.26,2.25,2.24,2.23,2.22,2.2,2.18,2.19,5.8,5.79,5.78,5.77,5.76,5.75,5.73,5.72,5.72,5.73,127.09,0,1,1,0,0,0,-1,0,None,aggregation
26,187.76,remora8,remora1,-19.61,-19.61,10.22,10.22,10.22,10.22,10.21,10.21,-19.76,-19.76,-18.79,-18.79,9.72,9.72,9.72,9.72,9.74,9.74,-18.94,-18.94,2.21,2.22,2.24,2.23,2.22,2.2,2.19,2.18,2.16,2.17,4.31,4.32,4.32,4.31,4.29,4.27,4.26,4.24,4.23,4.23,129.88,0,1,1,0,0,0,-1,0,None,aggregation
26,188.76,remora8,remora1,-19.76,-19.76,10.22,10.22,10.22,10.22,10.22,10.22,10.21,10.21,-18.94,-18.94,9.72,9.72,9.72,9.72,9.73,9.73,9.74,9.74,2.18,2.2,2.22,2.21,2.2,2.19,2.18,2.17,2.16,2.15,4.23,4.24,4.25,4.24,4.23,4.23,4.22,4.21,4.2,4.18,129.06,0,1,1,0,0,0,-1,0,None,aggregation
26,189.76,remora8,remora1,-19.6,-19.6,-19.57,-19.57,10.22,10.22,10.22,10.22,10.21,10.21,-18.78,-18.78,-18.74,-18.74,9.73,9.73,9.73,9.72,9.74,9.74,2.15,2.16,2.18,2.2,2.21,2.21,2.2,2.19,2.17,2.16,4.18,4.18,4.19,4.2,4.21,4.21,4.2,4.19,4.18,4.16,130.37,0,1,1,0,0,0,-1,0,None,aggregation
26,190.76,remora8,remora1,10.2,10.2,-19.32,-19.32,-19.31,-19.31,10.21,10.21,10.21,10.21,9.75,9.75,-18.5,-18.5,-18.49,-18.49,9.74,9.74,9.73,9.73,2.15,2.14,2.13,2.14,2.16,2.17,2.19,2.19,2.18,2.17,4.15,4.13,4.12,4.11,4.11,4.12,4.12,4.11,4.1,4.08,130.63,0,1,1,0,0,0,-1,0,None,aggregation
26,191.76,remora8,remora1,10.21,10.21,-25.13,-25.13,10.2,10.2,10.21,10.21,10.2,10.2,9.75,9.75,-24.31,-24.31,9.75,9.75,9.75,9.75,9.76,9.76,2.16,2.14,2.14,2.15,2.17,2.16,2.15,2.14,2.13,2.12,4.07,4.05,4.05,4.06,4.07,4.07,4.06,4.05,4.04,4.03,131.51,0,1,1,0,0,0,-1,0,None,aggregation
26,192.76,remora8,remora1,-19.14,-19.14,10.2,10.2,10.19,10.19,10.19,10.19,-24.99,-24.99,-18.32,-18.32,9.76,9.76,9.76,9.76,9.76,9.76,-24.17,-24.17,2.11,2.12,2.14,2.13,2.12,2.11,2.1,2.11,2.13,2.15,4.02,4.02,4.02,4.02,4.01,4,3.99,3.98,3.99,4.01,134.67,0,1,1,0,0,0,-1,0,None,aggregation
26,193.76,remora8,remora1,10.2,10.2,10.2,10.2,10.2,10.2,10.19,10.19,-18.26,-18.26,9.75,9.75,9.75,9.75,9.76,9.76,9.77,9.77,-17.44,-17.44,2.18,2.17,2.16,2.15,2.14,2.13,2.12,2.11,2.1,2.12,4.02,4.02,4,3.99,3.97,3.96,3.95,3.94,3.93,3.94,133.11,0,1,1,0,0,0,-1,0,None,aggregation
26,194.76,remora8,remora1,-18.06,-18.06,10.2,10.2,10.2,10.2,10.19,10.19,-17.93,-17.93,-17.24,-17.24,9.76,9.76,9.75,9.75,9.76,9.76,-17.11,-17.11,2.14,2.16,2.18,2.18,2.17,2.16,2.15,2.14,2.13,2.14,3.95,3.95,3.96,3.95,3.94,3.94,3.93,3.92,3.91,3.91,130.27,0,1,1,0,0,0,-1,0,None,aggregation
26,195.76,remora8,remora1,-17.93,-17.93,10.2,10.2,10.21,10.21,10.2,10.2,10.19,10.19,-17.11,-17.11,9.75,9.75,9.75,9.75,9.76,9.76,9.77,9.77,2.15,2.17,2.18,2.17,2.16,2.14,2.13,2.11,2.1,2.09,3.92,3.93,3.94,3.93,3.91,3.9,3.9,3.89,3.88,3.87,128.19,0,1,1,0,0,0,-1,0,None,aggregation
26,196.76,remora8,remora1,-17.99,-17.99,-18.1,-18.1,10.2,10.2,10.21,10.21,10.2,10.2,-17.17,-17.17,-17.28,-17.28,9.75,9.75,9.75,9.75,9.76,9.76,2.09,2.1,2.11,2.13,2.14,2.13,2.12,2.1,2.1,2.09,3.86,3.86,3.86,3.86,3.86,3.85,3.83,3.82,3.81,3.8,129.42,0,1,1,0,0,0,-1,0,None,aggregation
26,197.76,remora8,remora1,-18.25,-18.25,10.2,10.2,10.2,10.2,10.19,10.19,-18.16,-18.16,-17.42,-17.42,9.76,9.76,9.75,9.75,9.77,9.77,-17.34,-17.34,2.08,2.09,2.11,2.1,2.09,2.08,2.08,2.07,2.06,2.07,3.8,3.8,3.81,3.81,3.8,3.79,3.78,3.77,3.77,3.77,128.83,0,1,1,0,0,0,-1,0,None,aggregation
26,198.76,remora8,remora1,-18.27,-18.27,10.21,10.21,10.21,10.21,10.2,10.2,-18.37,-18.37,-17.45,-17.45,9.75,9.75,9.74,9.74,9.76,9.76,-17.55,-17.55,2.09,2.11,2.13,2.12,2.11,2.09,2.08,2.07,2.06,2.07,3.78,3.78,3.78,3.77,3.76,3.74,3.73,3.71,3.7,3.7,130.13,0,1,1,0,0,0,-1,0,None,aggregation
26,199.76,remora8,remora1,10.2,10.2,10.2,10.2,-18.39,-18.39,-18.39,-18.36,10.21,10.21,9.76,9.76,9.76,9.76,-17.57,-17.57,-17.57,-17.54,9.74,9.74,2.08,2.08,2.07,2.06,2.05,2.06,2.08,2.1,2.11,2.11,3.7,3.69,3.68,3.66,3.65,3.65,3.65,3.66,3.67,3.66,129.65,0,1,1,0,0,0,-1,0,None,aggregation
26,200.76,remora8,remora1,10.21,10.21,10.2,10.2,10.19,10.19,-18.28,-18.28,-18.27,-18.27,9.74,9.74,9.75,9.75,9.77,9.77,-17.46,-17.46,-17.45,-17.45,2.1,2.09,2.08,2.07,2.06,2.05,2.04,2.05,2.07,2.09,3.66,3.65,3.64,3.63,3.62,3.61,3.6,3.6,3.61,3.62,129.24,0,1,1,0,0,0,-1,0,None,aggregation
26,201.76,remora8,remora1,10.2,10.2,10.2,10.2,10.2,10.2,10.2,-18.41,-18.41,-18.41,9.75,9.75,9.75,9.75,9.76,9.76,9.76,-17.59,-17.59,-17.59,2.11,2.1,2.09,2.07,2.06,2.05,2.04,2.05,2.07,2.09,3.63,3.63,3.62,3.61,3.6,3.59,3.59,3.59,3.6,3.61,128.69,0,1,1,0,0,0,-1,0,None,aggregation
26,202.76,remora8,remora1,10.2,10.2,10.2,10.2,10.2,10.2,-18.43,-18.43,-18.43,-24.05,9.75,9.75,9.75,9.75,9.76,9.76,-17.6,-17.6,-17.6,-23.23,2.1,2.09,2.08,2.07,2.06,2.05,2.04,2.05,2.07,2.08,3.61,3.61,3.6,3.6,3.59,3.58,3.57,3.58,3.59,3.6,127.8,0,1,1,0,0,0,-1,0,None,aggregation
26,203.76,remora8,remora1,10.21,10.21,10.21,10.21,10.2,10.2,-18.44,-18.44,10.2,10.2,9.74,9.74,9.75,9.75,9.76,9.76,-17.62,-17.62,9.76,9.76,2.1,2.09,2.07,2.06,2.05,2.03,2.02,2.04,2.05,2.05,3.6,3.6,3.59,3.58,3.57,3.57,3.56,3.57,3.57,3.57,127.84,0,1,1,0,0,0,-1,0,None,aggregation
26,204.76,remora8,remora1,10.2,10.2,-18.58,-18.58,10.2,10.2,10.2,10.2,10.2,10.2,9.76,9.76,-17.76,-17.76,9.76,9.76,9.75,9.75,9.76,9.76,2.04,2.03,2.03,2.04,2.06,2.05,2.04,2.03,2.02,2.01,3.56,3.56,3.55,3.56,3.57,3.57,3.56,3.55,3.54,3.53,126.43,0,1,1,0,0,0,-1,0,None,aggregation
26,205.76,remora8,remora1,-18.72,-18.72,-18.71,-18.71,10.21,10.21,10.21,10.21,10.2,10.2,-17.9,-17.9,-17.89,-17.89,9.75,9.75,9.75,9.75,9.76,9.76,2,2.01,2.03,2.04,2.06,2.05,2.04,2.03,2.02,2.01,3.52,3.53,3.53,3.54,3.55,3.54,3.54,3.53,3.52,3.52,128.25,0,1,1,0,0,0,-1,0,None,aggregation
26,206.76,remora8,remora1,-18.71,-18.71,10.2,10.2,10.2,10.2,-18.69,-18.69,-18.59,-18.59,-17.89,-17.89,9.76,9.76,9.76,9.76,-17.87,-17.87,-17.77,-17.77,2.01,2.02,2.03,2.03,2.03,2.02,2.01,2.02,2.04,2.06,3.51,3.51,3.52,3.52,3.51,3.5,3.5,3.5,3.51,3.52,130.16,0,1,1,0,0,0,-1,0,None,aggregation
26,207.76,remora8,remora1,10.21,10.21,10.21,10.21,10.2,10.2,10.19,10.19,10.19,-18.63,9.74,9.74,9.74,9.74,9.75,9.75,9.77,9.77,9.77,-17.81,2.08,2.07,2.06,2.05,2.04,2.03,2.02,2.01,2,2.01,3.52,3.52,3.51,3.51,3.5,3.49,3.49,3.48,3.47,3.48,127.85,0,1,1,0,0,0,-1,0,None,aggregation
26,208.76,remora8,remora1,-18.63,-18.63,10.2,10.2,10.2,10.2,10.19,10.19,-18.63,-18.63,-17.81,-17.81,9.75,9.75,9.75,9.75,9.76,9.76,-17.81,-17.81,2.03,2.05,2.06,2.05,2.04,2.03,2.02,2.01,2,2.02,3.48,3.49,3.5,3.49,3.49,3.48,3.47,3.47,3.46,3.46,127.98,0,1,1,0,0,0,-1,0,None,aggregation
26,209.76,remora8,remora1,-23.55,-23.55,10.2,10.2,10.21,10.21,10.2,10.2,-18.64,-18.64,-22.73,-22.73,9.75,9.75,9.75,9.75,9.76,9.76,-17.82,-17.82,2.03,2.06,2.07,2.07,2.06,2.05,2.04,2.03,2.03,2.04,3.47,3.48,3.49,3.49,3.48,3.48,3.47,3.46,3.46,3.47,129.07,0,1,1,0,0,0,-1,0,None,aggregation
26,210.76,remora8,remora1,10.19,10.19,10.19,10.19,-18.66,-18.66,-18.66,-18.66,10.2,10.2,9.77,9.77,9.76,9.76,-17.84,-17.84,-17.84,-17.84,9.75,9.75,2.05,2.05,2.03,2.02,2.01,2.03,2.04,2.06,2.08,2.07,3.47,3.46,3.45,3.45,3.44,3.45,3.45,3.46,3.47,3.47,129.22,0,1,1,0,0,0,-1,0,None,aggregation
26,211.76,remora8,remora1,10.21,10.21,10.2,10.2,10.19,10.19,-18.52,-18.52,-18.52,-18.52,9.75,9.75,9.76,9.76,9.77,9.77,-17.7,-17.7,-17.7,-17.7,2.06,2.05,2.04,2.03,2.02,2.01,2,2.01,2.03,2.05,3.46,3.45,3.44,3.43,3.43,3.42,3.41,3.42,3.43,3.43,130.07,0,1,1,0,0,0,-1,0,None,aggregation
26,212.76,remora8,remora1,10.2,10.2,10.2,10.2,10.19,10.19,-18.52,-18.52,-18.51,-18.51,9.75,9.75,9.75,9.75,9.77,9.77,-17.7,-17.7,-17.69,-17.69,2.06,2.05,2.04,2.03,2.02,2.01,2,2.02,2.03,2.05,3.43,3.43,3.42,3.42,3.41,3.4,3.4,3.4,3.41,3.41,129.54,0,1,1,0,0,0,-1,0,None,aggregation
26,213.76,remora8,remora1,10.2,10.2,10.21,10.21,10.2,10.2,-18.5,-18.5,10.2,10.2,9.75,9.75,9.75,9.75,9.76,9.76,-17.67,-17.67,9.76,9.76,2.06,2.06,2.05,2.04,2.03,2.02,2.01,2.02,2.04,2.04,3.42,3.42,3.41,3.41,3.4,3.39,3.38,3.38,3.39,3.39,129.55,0,1,1,0,0,0,-1,0,None,aggregation
26,214.76,remora8,remora1,10.2,10.2,-18.37,-18.37,-18.49,-18.49,10.21,10.21,10.21,10.21,9.76,9.76,-17.55,-17.55,-17.67,-17.67,9.74,9.74,9.74,9.74,2.03,2.02,2.01,2.02,2.04,2.05,2.07,2.07,2.06,2.05,3.38,3.38,3.37,3.38,3.38,3.39,3.4,3.39,3.39,3.38,131.13,0,1,1,0,0,0,-1,0,None,aggregation
26,215.76,remora8,remora1,10.2,10.2,10.19,10.19,-18.53,-18.53,-18.53,-18.53,10.2,10.2,9.75,9.75,9.76,9.76,-17.71,-17.71,-17.71,-17.71,9.75,9.75,2.04,2.03,2.02,2.01,2,2.01,2.02,2.04,2.06,2.05,3.37,3.36,3.35,3.33,3.33,3.33,3.34,3.34,3.35,3.34,131.05,0,1,1,0,0,0,-1,0,None,aggregation
26,216.76,remora8,remora1,10.21,10.21,10.2,10.2,-18.53,-18.53,-18.51,-18.51,10.21,10.21,9.75,9.75,9.76,9.76,-17.71,-17.71,-17.69,-17.69,9.74,9.74,2.04,2.03,2.02,2.01,2,2.02,2.03,2.05,2.07,2.07,3.34,3.34,3.33,3.33,3.32,3.33,3.33,3.34,3.35,3.35,129.34,0,1,1,0,0,0,-1,0,None,aggregation
26,217.76,remora8,remora1,10.21,10.21,10.2,10.2,10.2,10.2,-18.52,-18.52,-18.52,10.2,9.74,9.74,9.75,9.75,9.76,9.76,-17.7,-17.7,-17.7,9.76,2.06,2.05,2.04,2.03,2.02,2.01,2,2.02,2.04,2.04,3.34,3.33,3.32,3.32,3.32,3.31,3.31,3.31,3.32,3.32,130.96,0,1,1,0,0,0,-1,0,None,aggregation
26,218.76,remora8,remora1,10.2,10.2,-18.82,-18.82,10.2,10.2,10.2,10.2,-18.83,-18.83,9.75,9.75,-18,-18,9.76,9.76,9.76,9.76,-18.01,-18.01,2.03,2.02,2.01,2.03,2.04,2.04,2.03,2.02,2.01,2.02,3.31,3.31,3.31,3.31,3.31,3.31,3.3,3.3,3.29,3.29,131.03,0,1,1,0,0,0,-1,0,None,aggregation
26,219.76,remora8,remora1,-18.69,-18.69,10.21,10.21,10.21,10.21,10.2,10.2,-18.51,-18.51,-17.87,-17.87,9.75,9.75,9.75,9.75,9.76,9.76,-17.69,-17.69,2.03,2.05,2.06,2.05,2.04,2.04,2.03,2.02,2.01,2.02,3.29,3.29,3.29,3.29,3.28,3.27,3.26,3.24,3.23,3.23,130.04,0,1,1,0,0,0,-1,0,None,aggregation
26,220.76,remora8,remora1,10.19,10.19,10.2,10.2,-19.33,-19.33,-18.37,-18.37,10.21,10.21,9.77,9.77,9.76,9.76,-18.51,-18.51,-17.55,-17.55,9.75,9.75,2.04,2.03,2.02,2.01,2,2.01,2.03,2.05,2.06,2.06,3.24,3.23,3.22,3.21,3.19,3.19,3.19,3.2,3.2,3.2,130.11,0,1,1,0,0,0,-1,0,None,aggregation
26,221.76,remora8,remora1,10.21,10.21,10.2,10.2,-18.51,-18.51,10.19,10.19,10.19,10.2,9.74,9.74,9.76,9.76,-17.69,-17.69,9.76,9.76,9.76,9.75,2.05,2.04,2.03,2.02,2.01,2.02,2.04,2.04,2.03,2.02,3.2,3.2,3.19,3.18,3.17,3.17,3.18,3.18,3.17,3.16,128.48,0,1,1,0,0,0,-1,0,None,aggregation
26,222.76,remora8,remora1,10.19,10.19,-19.23,-19.23,-18.54,-18.54,10.21,10.21,10.21,10.21,9.76,9.76,-18.4,-18.4,-17.72,-17.72,9.75,9.75,9.74,9.74,2.01,2,2,2.01,2.03,2.05,2.06,2.06,2.05,2.04,3.15,3.14,3.13,3.13,3.14,3.15,3.16,3.15,3.14,3.12,128.63,0,1,1,0,0,0,-1,0,None,aggregation
26,223.76,remora8,remora1,10.2,10.2,-18.68,-18.68,-18.68,10.2,10.2,10.2,10.19,10.19,9.76,9.76,-17.86,-17.86,-17.86,9.76,9.75,9.75,9.77,9.77,2.03,2.02,2.01,2.02,2.04,2.04,2.03,2.02,2.01,2,3.11,4.82,4.81,4.81,4.82,4.82,4.8,4.79,4.77,4.75,129.5,0,1,1,0,0,0,-1,0,None,aggregation
26,224.76,remora8,remora1,-18.54,-18.54,-18.83,-18.83,10.2,10.2,10.21,10.21,10.2,10.2,-17.72,-17.72,-18.01,-18.01,9.75,9.75,9.74,9.74,9.75,9.75,1.99,2,2.02,2.04,2.06,2.06,2.05,2.04,2.03,2.02,4.73,4.73,4.74,4.74,4.75,4.74,4.73,4.72,4.7,4.69,129.6,0,1,1,0,0,0,-1,0,None,aggregation
26,225.76,remora8,remora1,10.2,-18.49,-18.65,-18.65,10.21,10.21,10.21,10.21,10.2,10.2,9.75,-17.67,-17.82,-17.82,9.75,9.75,9.74,9.74,9.76,9.76,2.01,2.01,2.03,2.05,2.06,2.06,2.05,2.04,2.03,2.02,4.67,4.67,4.67,4.68,4.68,4.67,4.65,4.64,4.62,4.6,128.8,0,1,1,0,0,0,-1,0,None,aggregation
26,226.76,remora8,remora1,-18.47,-18.47,10.2,10.2,10.2,10.2,-18.39,-18.39,-22.22,-22.22,-17.65,-17.65,9.76,9.76,9.76,9.76,-17.56,-17.56,-21.4,-21.4,2.01,2.02,2.03,2.03,2.02,2.01,2,2,2.02,2.04,4.59,4.58,4.58,4.57,4.56,4.55,4.54,4.54,4.54,4.54,131.14,0,1,1,0,0,0,-1,0,None,aggregation
26,227.76,remora8,remora1,10.2,10.2,10.21,10.21,10.2,10.2,-18.2,-18.2,10.19,10.19,9.75,9.75,9.75,9.75,9.76,9.76,-17.38,-17.38,9.76,9.76,2.06,2.06,2.05,2.04,2.03,2.02,2.01,2.02,2.03,2.03,4.54,4.53,4.52,4.5,4.48,4.47,4.45,4.45,4.45,4.44,130.26,0,1,1,0,0,0,-1,0,None,aggregation
26,228.76,remora8,remora1,10.19,10.19,-22.1,-22.1,-22.1,-18.46,10.21,10.21,10.21,10.21,9.76,9.76,-21.27,-21.27,-21.27,-17.64,9.75,9.75,9.75,9.75,2.02,2.01,2,2.01,2.03,2.05,2.07,2.06,2.05,2.04,4.43,4.42,4.4,4.4,4.4,4.4,4.4,4.39,4.37,4.36,131.2,0,1,1,0,0,0,-1,0,None,aggregation
26,229.76,remora8,remora1,10.2,10.2,10.19,10.19,-18.48,-18.48,-21.93,-21.93,10.2,10.2,9.76,9.76,9.77,9.77,-17.66,-17.66,-21.11,-21.11,9.75,9.75,2.04,2.03,2.02,2.01,2,2.01,2.03,2.05,2.07,2.07,4.35,4.34,4.32,4.31,4.3,4.3,4.31,4.31,4.32,4.31,131.85,0,1,1,0,0,0,-1,0,None,aggregation
26,230.76,remora8,remora1,10.21,10.21,10.2,10.2,10.19,10.19,-17.06,-17.06,-17.05,-17.05,9.75,9.75,9.76,9.76,9.77,9.77,-16.24,-16.24,-16.23,-16.23,2.06,2.05,2.04,2.03,2.02,2.01,2,2.01,2.02,2.04,4.3,4.29,4.28,4.26,4.24,4.23,4.21,4.2,4.2,4.2,131.13,0,1,1,0,0,0,-1,0,None,aggregation
26,231.76,remora8,remora1,10.2,10.2,10.2,10.2,10.19,10.19,-25.14,-25.14,10.19,10.19,9.76,9.76,9.75,9.75,9.77,9.77,-24.32,-24.32,9.77,9.77,2.05,2.05,2.04,2.03,2.02,2.01,2,2.02,2.03,2.03,4.2,4.19,4.17,4.16,4.14,4.13,4.12,4.12,4.12,4.11,132.46,0,1,1,0,0,0,-1,0,None,aggregation
26,232.76,remora8,remora1,10.19,10.19,-16.42,-16.42,-16.37,-16.37,10.2,10.2,10.2,10.2,9.77,9.77,-15.59,-15.59,-15.55,-15.55,9.75,9.75,9.75,9.75,2.02,2.01,2,2.01,2.03,2.04,2.06,2.05,2.04,2.03,4.11,4.1,4.1,4.1,4.1,4.1,4.11,4.1,4.09,4.08,131.46,0,1,1,0,0,0,-1,0,None,aggregation
26,233.76,remora8,remora1,10.2,10.2,-16.36,-16.36,-18.4,-18.4,10.2,10.2,10.2,10.21,9.76,9.76,-15.54,-15.54,-17.58,-17.58,9.75,9.75,9.75,9.75,2.02,2.01,2,2.01,2.03,2.04,2.06,2.05,2.04,2.03,4.07,4.05,4.04,4.04,4.05,4.05,4.06,4.05,4.04,4.03,131.77,0,1,1,0,0,0,-1,0,None,aggregation
26,234.76,remora8,remora1,10.2,10.2,-18.4,-18.4,10.19,10.19,10.2,10.2,-22.44,-22.44,9.76,9.76,-17.58,-17.58,9.76,9.76,9.76,9.76,-21.62,-21.62,2.02,2.01,2,2.02,2.03,2.02,2.01,2,1.99,2.01,4.01,4,3.99,4,4,3.99,3.98,3.97,3.96,3.96,132.46,0,1,1,0,0,0,-1,0,None,aggregation
26,235.76,remora8,remora1,-26.11,-26.11,10.2,10.2,10.21,10.21,10.21,10.2,10.2,10.19,-25.29,-25.29,9.75,9.75,9.75,9.75,9.75,9.76,9.76,9.77,2.03,2.06,2.08,2.07,2.06,2.05,2.04,2.03,2.03,2.02,3.97,3.98,3.98,3.98,3.97,3.96,3.95,3.94,3.93,3.92,133.15,0,1,1,0,0,0,-1,0,None,aggregation
26,236.76,remora8,remora1,-16.36,-16.36,10.19,10.19,10.2,10.2,10.19,10.19,-18.43,-18.43,-15.54,-15.54,9.77,9.77,9.76,9.76,9.77,9.77,-17.61,-17.61,2.01,2.02,2.04,2.04,2.03,2.02,2.01,2,2,2.01,3.91,3.91,3.92,3.91,3.9,3.89,3.88,3.87,3.86,3.87,130.37,0,1,1,0,0,0,-1,0,None,aggregation
26,237.76,remora8,remora1,-16.36,-16.36,10.2,10.2,10.2,10.2,10.2,10.2,-16.29,-16.29,-15.54,-15.54,9.75,9.75,9.75,9.75,9.76,9.76,-15.47,-15.47,2.03,2.04,2.05,2.05,2.04,2.03,2.02,2.01,2.01,2.02,3.87,3.88,3.88,3.87,3.86,3.85,3.84,3.83,3.82,3.82,131.18,0,1,1,0,0,0,-1,0,None,aggregation
26,238.76,remora8,remora1,10.19,10.19,10.2,10.2,-18.28,-18.28,-27.26,-27.26,10.21,10.21,9.77,9.77,9.76,9.76,-17.46,-17.46,-26.44,-26.44,9.74,9.74,2.03,2.03,2.02,2.01,2,2.01,2.03,2.06,2.08,2.08,3.83,3.82,3.82,3.82,3.81,3.82,3.83,3.85,3.86,3.86,131.81,0,1,1,0,0,0,-1,0,None,aggregation
26,239.76,remora8,remora1,10.21,10.21,10.2,10.2,10.2,10.2,10.19,10.19,-16.4,-16.4,9.74,9.74,9.75,9.75,9.76,9.76,9.77,9.77,-15.57,-15.57,2.07,2.06,2.05,2.04,2.03,2.02,2.01,2,1.99,2,3.86,3.85,3.85,3.84,3.84,3.83,3.83,3.82,3.82,3.83,129.09,0,1,1,0,0,0,-1,0,None,aggregation
26,240.76,remora8,remora1,-16.4,-16.32,10.2,10.2,10.2,10.2,10.2,10.2,-18.33,-18.33,-15.57,-15.5,9.76,9.76,9.75,9.75,9.76,9.76,-17.51,-17.51,2.02,2.03,2.05,2.05,2.04,2.03,2.02,2.01,2.01,2.02,3.84,3.85,3.86,3.87,3.87,3.86,3.86,3.86,3.86,3.88,129.2,0,1,1,0,0,0,-1,0,None,aggregation
26,241.76,remora8,remora1,10.19,10.19,10.19,10.2,10.19,10.19,-16.97,-16.97,-18.32,-18.32,9.76,9.76,9.76,9.76,9.77,9.77,-16.15,-16.15,-17.5,-17.5,2.04,2.04,2.03,2.02,2.01,2,1.99,2,2.02,2.04,3.89,3.89,3.89,3.89,3.89,3.89,3.89,3.89,3.9,3.91,129.15,0,1,1,0,0,0,-1,0,None,aggregation
26,242.76,remora8,remora1,10.2,10.2,10.2,10.2,10.2,10.2,10.2,-17.36,-18.32,-18.32,9.75,9.75,9.75,9.75,9.76,9.76,9.76,-16.54,-17.5,-17.5,2.05,2.04,2.04,2.03,2.02,2,2,2,2.02,2.03,3.91,3.91,3.9,3.89,3.88,3.87,3.86,3.87,3.87,3.88,129.04,0,1,1,0,0,0,-1,0,None,aggregation
26,243.76,remora8,remora1,-18.32,10.2,10.21,10.21,10.2,10.2,10.19,10.19,-17.67,-17.67,-17.5,9.75,9.74,9.74,9.75,9.75,9.77,9.77,-16.85,-16.85,2.05,2.05,2.04,2.04,2.03,2.02,2.01,2,1.99,2,3.89,3.88,3.88,3.87,3.86,3.85,3.84,3.84,3.85,3.85,128.49,0,1,1,0,0,0,-1,0,None,aggregation
26,124.76,remora8,remora9,-9.72,7.52,7.52,-7.29,-7.29,7.74,7.74,7.74,7.74,7.74,-8.9,8.2,8.2,-6.47,-6.47,8.42,8.42,8.42,8.42,8.42,1.63,1.63,1.63,1.63,1.63,1.63,1.63,1.63,1.63,1.63,4.72,4.72,4.72,4.72,4.72,4.72,4.72,4.73,4.73,4.74,111.8,0,1,1,0,0,0,-1,0,None,aggregation
26,125.76,remora8,remora9,7.74,7.51,7.27,7.27,7.27,7.27,7.04,7.04,7.04,7.04,8.42,8.19,7.95,7.95,7.95,7.96,7.73,7.73,7.73,7.73,1.63,1.63,1.63,1.63,1.63,1.63,1.63,1.63,1.63,1.63,4.74,4.75,4.76,4.76,4.77,4.77,4.78,4.79,4.8,4.81,104.44,0,1,1,0,0,0,-1,0,None,aggregation
26,126.76,remora8,remora9,7.04,6.8,6.8,6.8,6.8,6.57,6.57,6.08,6.08,6.08,7.73,7.49,7.49,7.49,7.49,7.27,7.27,6.79,6.79,6.79,1.63,1.63,1.63,1.63,1.63,1.63,1.63,1.63,1.63,1.63,4.82,4.83,4.84,4.84,4.85,4.85,4.86,4.87,4.88,4.88,95.89,0,1,1,0,0,0,-1,0,None,aggregation
26,127.76,remora8,remora9,6.08,6.09,6.09,6.09,6.09,6.09,6.09,6.1,6.33,6.33,6.79,6.79,6.8,6.8,6.8,6.8,6.8,6.81,7.04,7.04,1.64,1.64,1.64,1.64,1.64,1.64,1.64,1.65,1.65,1.65,4.89,4.89,4.9,4.9,4.91,4.92,4.93,4.93,4.94,4.94,92.82,0,1,1,0,0,0,-1,0,None,aggregation
26,128.76,remora8,remora9,6.33,6.33,6.33,6.34,6.34,6.34,-10.77,-10.77,-10.77,6.82,7.04,7.04,7.04,7.04,7.04,7.04,-9.95,-9.95,-9.95,7.52,1.65,1.65,1.65,1.65,1.65,1.66,1.66,1.66,1.66,1.66,4.95,4.96,4.96,4.97,4.98,4.98,4.99,4.99,4.98,4.98,86.02,0,1,1,0,0,0,-1,0,None,aggregation
26,129.76,remora8,remora9,6.82,-9.93,-9.93,7.07,7.54,7.54,7.77,7.77,7.77,7.77,7.52,-9.1,-9.1,7.76,8.23,8.23,8.45,8.45,8.45,8.45,1.66,1.66,1.66,1.66,1.66,1.66,1.66,1.66,1.66,1.66,4.99,4.99,4.98,4.98,4.99,5,5.01,5.01,5.02,5.02,82.52,0,1,1,0,0,0,-1,0,None,aggregation
26,130.76,remora8,remora9,7.77,7.77,7.77,7.78,7.78,7.78,7.78,8.02,8.02,8.02,8.45,8.45,8.45,8.45,8.45,8.46,8.46,8.69,8.69,8.7,1.66,1.66,1.66,1.67,1.67,1.67,1.67,1.67,1.67,1.67,5.03,5.04,5.05,5.06,5.07,5.07,5.08,5.08,5.09,5.1,80.57,0,1,1,0,0,0,-1,0,None,aggregation
26,131.76,remora8,remora9,8.25,8.25,8.25,-8.63,-8.63,8.03,8.03,8.03,8.49,8.49,8.92,8.92,8.92,-7.8,-7.8,8.7,8.7,8.7,9.16,9.16,1.67,1.67,1.67,1.67,1.67,1.67,1.67,1.67,1.67,1.67,5.11,5.11,5.12,5.12,5.12,5.12,5.13,5.13,5.14,5.15,79.16,0,1,1,0,0,0,-1,0,None,aggregation
26,132.76,remora8,remora9,8.49,8.71,8.71,8.71,-7.56,8.95,8.95,9.41,9.41,9.63,9.16,9.38,9.38,9.38,-6.74,9.61,9.61,10.06,10.06,10.27,1.67,1.67,1.67,1.67,1.67,1.68,1.68,1.67,1.67,1.67,5.16,5.16,5.17,5.17,5.17,5.17,5.18,5.18,5.19,5.2,79.78,0,1,1,0,0,0,-1,0,None,aggregation
26,133.76,remora8,remora9,9.63,9.63,9.63,9.63,9.63,9.63,9.63,9.86,9.86,9.86,10.27,10.27,10.27,10.27,10.27,10.27,10.27,10.5,10.5,10.5,1.67,1.67,1.67,1.67,1.67,1.67,1.67,1.67,1.67,1.67,5.2,5.21,5.21,5.22,5.23,5.24,5.25,5.26,5.27,5.28,80.74,0,1,1,0,0,0,-1,0,None,aggregation
26,134.76,remora8,remora9,9.86,9.86,9.86,10.07,10.07,10.07,10.07,10.07,10.07,10.07,10.5,10.5,10.5,10.71,10.71,10.71,10.71,10.71,10.71,10.71,1.67,1.67,1.67,1.67,1.67,1.67,1.67,1.67,1.67,1.66,5.29,5.3,5.31,5.31,5.32,5.33,5.34,5.34,5.35,5.36,83.15,0,1,1,0,0,0,-1,0,None,aggregation
26,135.76,remora8,remora9,10.07,10.3,10.3,10.3,10.51,10.51,10.51,10.51,10.51,10.51,10.71,10.93,10.93,10.93,11.14,11.14,11.14,11.14,11.14,11.13,1.66,1.66,1.66,1.66,1.66,1.66,1.66,1.66,1.65,1.65,5.36,5.37,5.39,5.4,5.41,5.42,5.42,5.43,5.44,5.45,86.27,0,1,1,0,0,0,-1,0,None,aggregation
26,136.76,remora8,remora9,10.51,10.51,10.73,10.73,10.73,10.94,10.94,10.94,10.94,10.93,11.13,11.13,11.36,11.35,11.35,11.56,11.56,11.56,11.56,11.55,1.65,1.65,1.65,1.65,1.65,1.64,1.64,1.64,1.64,1.64,5.46,5.47,5.47,5.48,5.49,5.5,5.51,5.52,5.53,5.54,90.46,0,1,1,0,0,0,-1,0,None,aggregation
26,137.76,remora8,remora9,10.93,11.16,11.16,11.15,11.15,11.36,11.36,11.36,11.36,11.35,11.55,11.77,11.77,11.77,11.77,11.97,11.97,11.97,11.97,11.97,1.63,1.63,1.63,1.63,1.63,1.62,1.62,1.62,1.62,1.61,5.55,5.55,5.56,5.56,5.57,5.58,5.59,5.61,5.62,5.62,95.51,0,1,1,0,0,0,-1,0,None,aggregation
26,138.76,remora8,remora9,11.35,11.57,11.57,11.57,11.57,11.57,11.77,11.77,11.98,11.98,11.97,12.18,12.18,12.18,12.18,12.18,12.38,12.37,12.58,12.58,1.61,1.61,1.61,1.6,1.6,1.6,1.59,1.59,1.59,1.59,5.63,5.64,5.65,5.65,5.66,5.67,5.68,5.69,5.7,5.71,99.65,0,1,1,0,0,0,-1,0,None,aggregation
26,139.76,remora8,remora9,11.98,11.98,11.97,11.97,12.17,12.17,12.17,12.17,12.17,12.17,12.58,12.58,12.57,12.57,12.77,12.77,12.77,12.77,12.77,12.77,1.58,1.58,1.58,1.57,1.57,1.57,1.56,1.56,1.56,1.55,5.72,5.72,5.73,5.74,5.74,5.75,5.76,5.77,5.78,5.79,103.86,0,1,1,0,0,0,-1,0,None,aggregation
26,140.76,remora8,remora9,12.38,12.38,12.38,12.37,0,0,0,0,0,0,12.97,12.97,12.97,12.97,0,0,0,0,0,0,1.55,1.54,1.54,1.54,1.53,1.53,1.53,1.53,1.53,1.53,5.79,5.8,5.81,5.82,5.84,5.84,5.84,5.84,5.84,5.84,100.74,0,1,1,0,0,0,-1,0,None,aggregation
26,141.76,remora8,remora9,0,0,0,0,0,0,0,0,0,0,0,0,0,0,0,0,0,0,0,0,1.53,1.53,1.53,1.53,1.53,1.53,1.53,1.53,1.53,1.53,5.84,5.84,5.84,5.84,5.84,5.84,5.84,5.84,5.84,5.84,92.25,0,1,1,0,0,0,-1,0,None,aggregation
26,142.76,remora8,remora9,0,0,0,0,0,0,0,0,0,0,0,0,0,0,0,0,0,0,0,0,1.53,1.53,1.53,1.53,1.53,1.53,1.53,1.53,1.53,1.53,5.84,5.84,5.84,5.84,5.84,5.84,5.84,5.84,5.84,5.84,83.14,0,1,1,0,0,0,-1,0,None,aggregation
26,143.76,remora8,remora9,0,0,0,0,0,0,0,0,0,0,0,0,0,0,0,0,0,0,0,0,1.53,1.53,1.53,1.53,1.53,1.54,1.54,1.54,1.54,1.54,5.84,5.85,5.85,5.85,5.85,5.85,5.84,5.84,5.84,5.84,73.12,0,1,1,0,0,0,-1,0,None,aggregation
26,144.76,remora8,remora9,0,0,0,0,0,0,0,0,0,0,0,0,0,0,0,0,0,0,0,0,1.54,1.54,1.54,1.54,1.54,1.54,1.54,1.54,1.54,1.54,5.84,5.84,5.84,5.84,5.85,5.85,5.85,5.85,5.85,5.84,62.79,0,1,1,0,0,0,-1,0,None,aggregation
26,145.76,remora8,remora9,0,0,0,0,0,0,0,0,0,0,0,0,0,0,0,0,0,0,0,0,1.54,1.54,1.54,1.54,1.54,1.54,1.54,1.54,1.54,1.54,5.84,5.84,5.84,5.84,5.84,5.85,5.85,5.85,5.84,5.84,52.08,0,1,1,0,0,0,-1,0,None,aggregation
26,146.76,remora8,remora9,0,0,0,0,0,0,0,0,0,0,0,0,0,0,0,0,0,0,0,0,1.54,1.54,1.54,1.54,1.54,1.54,1.54,1.54,1.54,1.54,5.84,5.84,5.84,5.84,5.84,5.84,5.84,5.84,5.84,5.84,40.98,0,1,0,0,0,0,-1,0,None,aggregation
26,147.76,remora8,remora9,4.02,4.02,4.02,4.02,4.02,4.27,4.27,4.27,4.27,4.5,3.26,3.26,3.26,3.26,3.26,3.52,3.52,3.51,3.51,3.76,1.54,1.54,1.54,1.54,1.54,1.54,1.53,1.53,1.53,1.53,5.84,5.84,5.84,5.85,5.85,5.85,5.85,5.85,5.85,5.86,33.22,0,1,0,0,0,0,-1,0,None,aggregation
26,148.76,remora8,remora9,4.5,4.76,4.76,4.75,4.75,4.75,4.99,4.99,4.99,5.23,3.76,4.01,4.01,4.01,4.01,4.01,4.24,4.24,4.24,4.5,1.53,1.53,1.53,1.52,1.52,1.52,1.52,1.52,1.52,1.52,5.86,5.86,5.87,5.87,5.87,5.87,5.87,5.88,5.88,5.89,25.73,0,1,0,0,0,0,-1,0,None,aggregation
26,149.76,remora8,remora9,5.23,5.23,5.47,5.47,5.71,5.71,5.71,5.71,5.71,5.71,4.5,4.49,4.73,4.73,4.99,4.99,4.99,4.98,4.98,4.98,1.52,1.51,1.51,1.51,1.51,1.51,1.51,1.51,1.5,1.5,5.89,5.9,5.9,5.9,5.9,5.9,5.91,5.91,5.91,5.92,18.53,0,1,0,0,0,0,-1,0,None,aggregation
26,150.76,remora8,remora9,5.71,5.94,5.94,6.18,6.18,6.18,6.41,6.41,6.41,6.66,4.98,5.22,5.22,5.46,5.46,5.46,5.7,5.7,5.7,5.94,1.5,1.5,1.5,1.5,1.5,1.5,1.49,1.49,1.49,1.49,5.92,5.92,5.93,5.93,5.93,5.94,5.94,5.95,5.95,5.95,19.31,1,0,0,0,0,0,-1,0,None,aggregation
26,151.76,remora8,remora9,6.65,6.65,6.65,6.65,6.65,7.13,7.13,7.12,7.12,7.12,5.94,5.94,5.94,5.94,5.94,6.42,6.42,6.42,6.42,6.42,1.49,1.49,1.49,1.49,1.49,1.48,1.48,1.48,1.48,1.48,5.96,5.96,5.97,5.97,5.98,5.98,5.99,5.99,5.99,6,25.84,1,0,0,0,0,0,-1,0,None,aggregation
26,152.76,remora8,remora9,7.12,7.35,7.35,7.59,7.59,7.58,7.58,7.59,7.59,8.05,6.42,6.65,6.65,6.89,6.89,6.89,6.89,6.89,6.89,7.36,1.48,1.48,1.48,1.48,1.48,1.47,1.47,1.47,1.47,1.47,6,6,6.01,6.01,6.02,6.02,6.03,6.04,6.05,6.05,33.03,1,0,0,0,0,0,-1,0,None,aggregation
26,153.76,remora8,remora9,8.05,8.05,8.05,8.05,8.05,8.51,8.51,8.51,8.51,8.51,7.36,7.36,7.36,7.36,7.36,7.84,7.84,7.83,7.83,7.83,1.47,1.47,1.47,1.47,1.47,1.47,1.47,1.47,1.47,1.47,6.05,6.06,6.06,6.07,6.07,6.08,6.09,6.09,6.1,6.1,40.97,1,0,0,0,0,0,-1,0,None,aggregation
26,154.76,remora8,remora9,8.51,8.73,8.73,8.96,8.96,8.96,9.18,9.18,9.18,9.42,7.83,8.06,8.06,8.29,8.29,8.29,8.52,8.52,8.52,8.76,1.47,1.46,1.46,1.46,1.46,1.46,1.46,1.46,1.46,1.46,6.11,6.11,6.12,6.12,6.13,6.14,6.15,6.15,6.16,6.17,49.62,1,0,1,0,0,0,-1,0,None,aggregation
26,155.76,remora8,remora9,9.42,9.42,9.64,9.64,9.64,9.87,9.87,9.87,10.09,10.09,8.76,8.76,8.98,8.98,8.98,9.22,9.22,9.21,9.44,9.44,1.46,1.46,1.46,1.46,1.46,1.46,1.46,1.46,1.46,1.46,6.17,6.18,6.18,6.19,6.2,6.21,6.21,6.22,6.23,6.23,59.04,1,0,1,0,0,0,-1,0,None,aggregation
26,156.76,remora8,remora9,10.09,10.09,10.32,10.32,10.53,10.53,10.53,10.76,10.76,10.76,9.44,9.44,9.67,9.67,9.89,9.89,9.89,10.12,10.12,10.13,1.46,1.47,1.47,1.47,1.47,1.47,1.47,1.47,1.47,1.47,6.24,6.24,6.25,6.26,6.26,6.27,6.28,6.29,6.3,6.31,69.19,1,0,1,0,0,0,-1,0,None,aggregation
26,157.76,remora8,remora9,10.76,10.76,10.98,11.2,11.2,11.2,11.64,11.64,11.64,11.64,10.13,10.13,10.35,10.57,10.57,10.58,11.02,11.02,11.02,11.02,1.47,1.47,1.47,1.47,1.47,1.48,1.48,1.48,1.48,1.48,6.32,6.33,6.34,6.34,6.35,6.35,6.36,6.37,6.38,6.39,76.35,1,0,1,0,0,0,-1,0,None,aggregation
26,158.76,remora8,remora9,11.64,11.85,11.85,12.07,12.07,12.08,12.08,12.5,12.5,12.5,11.02,11.24,11.24,11.46,11.46,11.47,11.47,11.9,11.9,11.9,1.48,1.48,1.49,1.49,1.49,1.49,1.49,1.49,1.5,1.5,6.4,6.41,6.42,6.43,6.44,6.44,6.46,6.47,6.48,6.49,83.69,1,0,1,0,0,0,-1,0,None,aggregation
26,159.76,remora8,remora9,12.5,12.71,12.93,12.93,12.93,13.14,13.14,13.35,13.56,13.56,11.9,12.12,12.34,12.34,12.34,12.55,12.55,12.77,12.97,12.97,1.5,1.5,1.5,1.51,1.51,1.51,1.51,1.52,1.52,1.52,6.5,6.51,6.52,6.53,6.54,6.55,6.56,6.57,6.58,6.59,91.27,0,1,1,0,0,0,-1,0,None,aggregation
26,160.76,remora8,remora9,13.56,13.77,13.77,13.97,14.18,14.18,14.18,14.38,14.59,14.59,12.97,13.19,13.19,13.4,13.61,13.61,13.61,13.82,14.03,14.03,1.52,1.53,1.53,1.53,1.54,1.54,1.54,1.54,1.55,1.55,6.59,6.6,6.61,6.62,6.63,6.64,6.65,6.67,6.68,5.58,99.26,0,1,1,0,0,0,-1,0,None,aggregation
26,161.76,remora8,remora9,14.59,14.79,14.79,15,15,15.19,15.19,15.4,15.4,15.79,14.03,14.23,14.23,14.44,14.44,14.65,14.65,14.86,14.86,15.25,1.56,1.56,1.56,1.57,1.57,1.57,1.58,1.58,1.59,1.59,5.6,5.6,5.61,5.62,5.63,5.64,5.65,5.67,5.68,5.69,107.56,0,1,1,0,0,0,-1,0,None,aggregation
26,162.76,remora8,remora9,15.79,15.79,15.98,16.18,16.37,16.37,16.37,16.75,16.75,16.95,15.25,15.25,15.45,15.65,15.85,15.85,15.85,16.24,16.24,16.44,1.6,1.6,1.6,1.61,1.61,1.62,1.62,1.63,1.63,1.64,5.7,5.71,5.72,5.73,5.74,5.76,5.77,5.78,5.79,5.8,116.44,0,1,1,0,0,0,-1,0,None,aggregation
26,163.76,remora8,remora9,16.95,17.13,17.5,17.5,17.5,17.7,17.7,17.88,18.24,18.24,16.44,16.63,17,17,17,17.2,17.2,17.38,17.75,17.75,1.65,1.65,1.66,1.66,1.67,1.68,1.68,1.69,1.7,1.7,5.81,5.82,5.83,5.84,5.85,5.86,5.88,5.89,5.91,5.92,125.89,0,1,1,0,0,0,-1,0,None,aggregation
26,164.76,remora8,remora9,18.24,18.42,18.42,18.6,18.95,18.95,18.95,19.29,19.29,19.48,17.75,17.94,17.94,18.12,18.48,18.48,18.48,18.83,18.83,19.02,1.71,1.72,1.72,1.73,1.74,1.75,1.75,1.76,1.77,1.78,5.94,5.95,5.96,5.98,5.99,6.01,6.02,6.04,6.06,6.07,135.87,0,1,1,0,0,0,-1,0,None,aggregation
26,165.76,remora8,remora9,19.48,19.64,19.64,19.98,19.98,20.31,20.63,20.63,20.63,20.8,19.02,19.19,19.19,19.53,19.53,19.87,20.2,20.2,20.2,20.38,1.79,1.79,1.8,1.81,1.82,1.83,1.84,1.85,1.86,1.87,6.08,6.1,6.11,6.13,6.14,6.16,6.18,6.19,6.21,6.22,146.39,0,1,1,0,0,0,-1,0,None,aggregation
26,166.76,remora8,remora9,20.8,20.96,20.96,21.28,21.58,21.58,21.58,21.89,21.89,22.04,20.38,20.54,20.54,20.86,21.18,21.18,21.18,21.49,21.49,21.65,1.88,1.89,1.9,1.91,1.92,1.93,1.94,1.95,1.97,1.98,6.24,6.25,6.27,6.29,6.3,6.32,6.34,6.36,6.38,6.39,157.5,0,1,1,0,0,0,-1,0,None,aggregation
26,167.76,remora8,remora9,22.04,22.2,22.2,22.2,22.49,22.78,23.06,23.06,23.06,23.2,21.65,21.81,21.81,21.81,22.11,22.4,22.69,22.69,22.69,22.84,1.99,2,2.01,2.03,2.04,2.05,2.07,2.08,2.09,2.11,6.41,6.43,6.44,6.46,6.48,6.5,6.52,6.54,6.55,6.57,168.99,0,1,1,0,0,0,-1,0,None,aggregation
26,168.76,remora8,remora9,23.47,23.47,23.47,23.62,23.62,23.88,23.88,24.14,24.14,24.27,23.12,23.12,23.12,23.27,23.27,23.54,23.54,23.81,23.81,23.94,2.12,2.13,2.15,2.16,2.18,2.19,2.21,2.22,2.24,2.25,6.59,6.61,6.63,6.66,6.68,6.7,6.72,6.74,6.75,6.77,180.8,0,1,1,0,0,0,-1,0,None,aggregation
26,169.76,remora8,remora9,24.27,24.52,24.52,24.66,24.66,24.9,24.9,24.9,25.02,25.25,23.94,24.2,24.2,24.33,24.33,24.58,24.58,24.58,24.71,24.95,2.27,2.28,2.3,2.32,2.33,2.35,2.37,2.39,2.4,2.42,6.79,6.81,6.83,6.85,6.88,6.9,6.92,6.94,6.96,6.98,192.62,0,1,1,0,0,0,-1,0,None,aggregation
26,187.76,remora8,remora9,6.73,6.73,6.73,6.73,7.2,7.2,7.2,7.2,7.46,7.46,7.42,7.42,7.43,7.43,7.89,7.89,7.89,7.89,8.15,8.15,9.25,9.26,9.27,9.27,9.28,9.29,9.29,9.3,9.3,9.31,9.25,9.26,9.27,9.27,9.28,9.29,9.29,9.3,9.3,9.31,42.9,0,1,0,0,0,0,-1,0,None,aggregation
26,188.76,remora8,remora9,7.46,7.68,7.68,7.68,7.68,7.69,7.69,7.69,8.14,8.14,8.15,8.36,8.36,8.36,8.36,8.37,8.37,8.37,8.82,8.82,9.31,9.32,9.33,9.34,9.34,9.35,9.36,9.37,9.37,9.38,9.31,9.32,9.33,9.34,9.34,9.35,9.36,9.37,9.37,9.38,43.75,0,0,0,0,0,0,-1,0,None,aggregation
26,189.76,remora8,remora9,8.14,8.15,8.15,8.61,8.61,8.61,8.61,8.61,8.61,8.61,8.82,8.82,8.82,9.27,9.27,9.27,9.27,9.27,9.27,9.27,9.39,9.4,9.41,9.42,9.43,9.44,9.44,9.45,9.46,9.47,9.39,9.4,9.41,9.42,9.43,9.44,9.44,9.45,9.46,9.47,48.06,0,0,1,0,0,0,-1,0,None,aggregation
26,190.76,remora8,remora9,9.07,9.06,9.06,9.06,9.06,9.31,9.31,9.51,9.51,9.51,9.72,9.72,9.72,9.72,9.72,9.96,9.96,10.16,10.16,10.16,9.48,9.48,9.49,9.5,9.51,9.52,9.53,9.54,9.55,9.56,9.48,9.48,9.49,9.5,9.51,9.52,9.53,9.54,9.55,9.56,55.44,0,0,1,0,0,0,-1,0,None,aggregation
26,191.76,remora8,remora9,9.51,9.51,9.51,9.96,9.95,9.95,9.95,9.95,9.95,10.19,10.16,10.16,10.16,10.6,10.59,10.59,10.59,10.59,10.59,10.82,9.57,9.58,9.58,9.59,9.6,9.61,9.62,9.63,9.64,9.65,9.57,9.58,9.58,9.59,9.6,9.61,9.62,9.63,9.64,9.65,65.19,0,0,1,0,0,0,-1,0,None,aggregation
26,124.76,remora8,remora2,-21.38,-21.38,-21.38,-8.89,-8.89,-0.16,-8.6,-8.6,-8.33,-8.33,-20.56,-20.56,-20.56,-8.06,-8.06,0.66,-7.78,-7.78,-7.51,-7.51,1.56,1.58,1.6,1.61,1.62,1.62,1.62,1.63,1.64,1.64,4.77,4.79,4.8,4.81,4.82,4.82,4.83,4.84,4.84,4.85,80.91,0,1,1,0,0,0,-1,0,None,aggregation
26,125.76,remora8,remora2,-20.59,-20.59,-8.03,-8.03,-7.86,-7.86,-8.02,-8.02,-8.02,-20.78,-19.77,-19.77,-7.2,-7.2,-7.04,-7.04,-7.19,-7.19,-7.19,-19.96,1.65,1.66,1.68,1.69,1.69,1.7,1.7,1.71,1.72,1.73,4.86,4.87,4.89,4.9,4.9,4.91,4.93,4.93,4.94,4.95,82.08,0,1,1,0,0,0,-1,0,None,aggregation
26,126.76,remora8,remora2,-21.49,-21.49,-9,-9,-9.23,-9.23,-8.91,-8.91,-8.99,-8.99,-20.67,-20.67,-8.18,-8.18,-8.41,-8.41,-8.09,-8.09,-8.17,-8.17,1.75,1.77,1.78,1.79,1.8,1.81,1.82,1.83,1.83,1.84,4.97,4.98,4.99,5,5,5.01,5.01,5.02,5.02,5.03,87.07,0,1,1,0,0,0,-1,0,None,aggregation
26,127.76,remora8,remora2,-8.99,-9.1,-21.87,-21.87,-8.77,-8.77,-9,-9,-0.48,-0.48,-8.17,-8.28,-21.05,-21.05,-7.95,-7.95,-8.17,-8.17,0.34,0.34,1.85,1.86,1.86,1.88,1.9,1.91,1.91,1.92,1.93,1.93,5.03,5.04,5.05,5.06,5.08,5.08,5.08,5.09,5.1,5.1,91.64,0,1,1,0,0,0,-1,0,None,aggregation
26,128.76,remora8,remora2,-22.28,-22.28,-21.81,-21.81,-8.48,-8.48,-8.38,-8.38,-8.47,-8.47,-21.46,-21.46,-20.98,-20.98,-7.65,-7.65,-7.56,-7.56,-7.65,-7.65,1.93,1.95,1.96,1.98,2,2.01,2.02,2.02,2.03,2.04,5.09,5.11,5.12,5.14,5.15,5.15,5.15,5.15,5.16,5.16,99.02,0,1,1,0,0,0,-1,0,None,aggregation
26,129.76,remora8,remora2,-8.26,-8.26,-8.18,-8.18,-0.19,-0.19,-0.19,-8.05,-21.7,-21.7,-7.43,-7.43,-7.36,-7.36,0.63,0.63,0.63,-7.23,-20.88,-20.88,2.04,2.05,2.06,2.07,2.07,2.07,2.07,2.08,2.09,2.1,5.15,5.15,5.15,5.15,5.15,5.16,5.16,5.16,5.17,5.18,97.92,0,1,1,0,0,0,-1,0,None,aggregation
26,130.76,remora8,remora2,-21.7,-7.98,-7.94,-7.94,-8.03,-8.03,-7.98,-7.98,-7.77,-7.77,-20.88,-7.16,-7.11,-7.11,-7.21,-7.21,-7.16,-7.16,-6.95,-6.95,2.12,2.13,2.14,2.15,2.15,2.16,2.17,2.17,2.18,2.19,5.2,5.21,5.21,5.22,5.22,5.23,5.23,5.24,5.24,5.25,99.81,0,1,1,0,0,0,-1,0,None,aggregation
26,131.76,remora8,remora2,-7.61,-7.61,-7.61,-7.61,-7.53,-7.53,-7.45,-7.45,-7.26,-7.26,-6.79,-6.79,-6.79,-6.79,-6.71,-6.71,-6.63,-6.63,-6.44,-6.44,2.19,2.2,2.2,2.21,2.22,2.22,2.23,2.24,2.24,2.25,5.26,5.26,5.26,5.26,5.26,5.26,5.27,5.27,5.28,5.28,97.28,0,1,1,0,0,0,-1,0,None,aggregation
26,132.76,remora8,remora2,-7.19,-7.19,-7.19,-7.19,-7.23,-7.23,-7.19,-7.19,-7.19,-7.01,-6.37,-6.37,-6.37,-6.37,-6.41,-6.41,-6.37,-6.37,-6.37,-6.19,2.26,2.26,2.27,2.27,2.28,2.29,2.29,2.3,2.3,2.31,5.29,5.29,5.3,5.3,5.3,5.3,5.31,5.32,5.32,5.33,96.98,0,1,1,0,0,0,-1,0,None,aggregation
26,133.76,remora8,remora2,-6.86,-6.86,-20.28,-20.28,-20.26,-20.26,-6.5,-6.5,-4,-4,-6.04,-6.04,-19.45,-19.45,-19.44,-19.44,-5.68,-5.68,-3.18,-3.18,2.31,2.32,2.32,2.33,2.35,2.37,2.38,2.39,2.4,2.4,5.34,5.35,5.36,5.37,5.38,5.39,5.41,5.42,5.43,5.43,98.74,0,1,1,0,0,0,-1,0,None,aggregation
26,134.76,remora8,remora2,-20.7,-20.7,-20.68,-20.68,-6.58,-6.58,-6.38,-6.38,-6.3,-6.3,-19.88,-19.88,-19.86,-19.86,-5.76,-5.76,-5.56,-5.56,-5.48,-5.48,2.41,2.42,2.44,2.45,2.47,2.47,2.48,2.48,2.49,2.49,5.44,5.45,5.46,5.47,5.48,5.49,5.5,5.52,5.53,5.53,99.22,0,1,1,0,0,0,-1,0,None,aggregation
26,135.76,remora8,remora2,-20.11,-20.11,-20.11,-6.24,-6.24,-6.24,2.23,2.23,2.23,-20.04,-19.28,-19.28,-19.28,-5.42,-5.42,-5.42,3.01,3.01,3.01,-19.22,2.5,2.51,2.53,2.54,2.55,2.56,2.56,2.56,2.56,2.57,5.54,5.55,5.56,5.57,5.58,5.59,5.6,5.61,5.6,5.61,98.26,0,1,1,0,0,0,-1,0,None,aggregation
26,136.76,remora8,remora2,-20.04,-20.04,-5.98,-5.98,-5.96,-5.96,-5.94,-5.94,-5.94,-5.87,-19.22,-19.22,-5.16,-5.16,-5.14,-5.14,-5.12,-5.12,-5.12,-5.05,2.59,2.6,2.62,2.62,2.63,2.63,2.64,2.65,2.66,2.66,5.62,5.64,5.65,5.66,5.67,5.68,5.68,5.69,5.69,5.7,95.51,0,1,1,0,0,0,-1,0,None,aggregation
26,137.76,remora8,remora2,3.15,3.15,-5.83,-5.83,-19.42,-19.42,-5.51,-5.51,-5.67,-5.67,3.91,3.91,-5.01,-5.01,-18.6,-18.6,-4.69,-4.69,-4.85,-4.85,2.66,2.66,2.66,2.66,2.67,2.68,2.7,2.71,2.72,2.72,5.7,5.71,5.72,5.72,5.73,5.74,5.75,5.76,5.76,5.77,93.75,0,1,1,0,0,0,-1,0,None,aggregation
26,138.76,remora8,remora2,-5.67,-5.62,3.86,3.86,-5.17,-5.17,-5.05,-5.05,-19.32,-19.32,-4.85,-4.8,4.61,4.61,-4.35,-4.35,-4.23,-4.23,-18.5,-18.5,2.72,2.73,2.73,2.73,2.72,2.73,2.73,2.74,2.75,2.76,5.77,5.78,5.78,5.78,5.78,5.79,5.8,5.8,5.81,5.82,87.83,0,1,1,0,0,0,-1,0,None,aggregation
26,139.76,remora8,remora2,1.89,1.89,2.32,2.32,-4.92,-4.92,-4.9,-4.9,-4.62,-4.62,2.67,2.67,3.09,3.09,-4.1,-4.1,-4.08,-4.08,-3.8,-3.8,2.77,2.78,2.77,2.77,2.77,2.78,2.78,2.79,2.79,2.79,5.83,5.84,5.84,5.85,5.86,5.86,5.87,5.88,5.88,5.89,83.26,0,1,1,0,0,0,-1,0,None,aggregation
26,140.76,remora8,remora2,4.96,4.96,-18.2,-18.2,-4.31,-4.31,-4.27,-4.27,-4.25,-4.25,5.69,5.69,-17.38,-17.38,-3.49,-3.49,-3.45,-3.45,-3.42,-3.42,2.79,2.79,2.79,2.81,2.83,2.83,2.83,2.83,2.83,2.83,5.9,5.9,5.91,5.93,5.94,5.94,5.94,5.94,5.94,5.95,81.3,0,1,1,0,0,0,-1,0,None,aggregation
26,141.76,remora8,remora2,5.74,5.74,-17.61,-17.61,-17.6,-17.6,16.25,16.25,16.25,6.14,6.46,6.46,-16.79,-16.79,-16.78,-16.78,16.77,16.77,16.77,6.85,2.83,2.83,2.83,2.84,2.85,2.86,2.88,2.87,2.87,2.86,5.95,5.95,5.95,5.95,5.95,5.96,5.96,5.96,5.95,5.95,87.92,0,1,1,0,0,0,-1,0,None,aggregation
26,142.76,remora8,remora2,-17.04,-17.04,-3.14,-3.14,-3.35,-3.35,6.81,6.81,6.81,-3.11,-16.22,-16.22,-2.32,-2.32,-2.52,-2.52,7.5,7.5,7.5,-2.29,2.85,2.85,2.86,2.87,2.88,2.88,2.88,2.87,2.86,2.86,5.94,5.95,5.95,5.95,5.96,5.96,5.95,5.95,5.95,5.95,88.03,0,1,1,0,0,0,-1,0,None,aggregation
26,143.76,remora8,remora2,-15.92,-15.92,7.37,7.37,7.42,7.42,-2.57,-2.57,7.99,7.99,-15.1,-15.1,8.05,8.05,8.11,8.11,-1.75,-1.75,8.67,8.67,2.87,2.89,2.9,2.9,2.89,2.89,2.88,2.87,2.87,2.86,5.95,5.96,5.97,5.96,5.96,5.96,5.95,5.95,5.96,5.95,85.15,0,1,1,0,0,0,-1,0,None,aggregation
26,144.76,remora8,remora2,-2.09,-2.09,-1.57,-1.57,8.42,8.42,-15.36,-15.36,-1.27,-1.27,-1.27,-1.27,-0.75,-0.75,9.09,9.09,-14.54,-14.54,-0.44,-0.44,2.86,2.86,2.87,2.87,2.88,2.88,2.87,2.88,2.88,2.88,5.95,5.96,5.96,5.96,5.96,5.96,5.96,5.96,5.97,5.97,78.91,0,1,1,0,0,0,-1,0,None,aggregation
26,145.76,remora8,remora2,9.01,9.01,8.3,8.3,9.46,9.46,8.57,8.57,-0.51,-0.51,9.66,9.66,8.97,8.97,10.11,10.11,9.23,9.23,0.31,0.31,2.88,2.87,2.87,2.86,2.86,2.86,2.86,2.86,2.85,2.84,5.97,5.97,5.96,5.96,5.96,5.96,5.96,5.96,5.96,5.96,75.86,0,1,1,0,0,0,-1,0,None,aggregation
26,146.76,remora8,remora2,-0.51,8.99,-13.19,-13.19,9.67,9.67,9.68,9.68,0.47,0.47,0.31,9.65,-12.37,-12.37,10.32,10.32,10.32,10.32,1.27,1.27,2.84,2.83,2.83,2.83,2.83,2.83,2.82,2.82,2.82,2.82,5.95,5.95,5.94,5.94,5.94,5.94,5.93,5.93,5.93,5.94,75.17,0,1,1,0,0,0,-1,0,None,aggregation
26,147.76,remora8,remora2,9.93,9.93,10.84,10.84,11.28,11.28,-11.59,-11.59,10.89,10.89,10.57,10.57,11.46,11.46,11.9,11.9,-10.77,-10.77,11.51,11.51,2.83,2.82,2.81,2.8,2.79,2.78,2.77,2.78,2.78,2.78,5.94,5.94,5.94,5.94,5.94,5.94,5.94,5.94,5.94,5.94,78.59,0,1,1,0,0,0,-1,0,None,aggregation
26,148.76,remora8,remora2,10.89,11.84,2.14,2.14,2.14,12.19,12.19,-10.51,12.69,12.69,11.51,12.45,2.92,2.92,2.92,12.79,12.79,-9.69,13.28,13.28,2.77,2.77,2.77,2.76,2.76,2.75,2.74,2.74,2.75,2.75,5.95,5.95,5.95,5.95,5.95,5.95,5.95,5.95,5.96,5.96,80.23,0,1,1,0,0,0,-1,0,None,aggregation
26,149.76,remora8,remora2,12.69,-10.51,12.97,12.97,13.08,13.08,13.08,3.55,13.71,13.71,13.28,-9.69,13.56,13.56,13.66,13.66,13.66,4.31,14.28,14.28,2.75,2.75,2.75,2.74,2.73,2.72,2.71,2.71,2.7,2.7,5.96,5.97,5.97,5.97,5.97,5.97,5.97,5.97,5.98,5.98,88.75,0,1,1,0,0,0,-1,0,None,aggregation
26,150.76,remora8,remora2,3.98,3.98,14.12,14.12,4.66,4.66,14.49,14.49,5.12,5.12,4.73,4.73,14.68,14.68,5.39,5.39,15.05,15.05,5.85,5.85,2.69,2.69,2.68,2.67,2.66,2.66,2.66,2.66,2.65,2.64,5.98,5.98,5.98,5.98,5.99,5.99,6,6,6,6.01,90.62,0,1,1,0,0,0,-1,0,None,aggregation
26,151.76,remora8,remora2,13.59,13.59,5.76,5.76,5.76,15.4,13.97,13.97,6.63,6.63,14.16,14.16,6.47,6.47,6.47,15.93,14.53,14.53,7.33,7.33,2.63,2.63,2.62,2.62,2.62,2.61,2.6,2.6,2.59,2.58,6.01,6.01,6.02,6.02,6.03,6.03,6.03,6.04,6.04,6.04,87.34,0,1,1,0,0,0,-1,0,None,aggregation
26,152.76,remora8,remora2,14.45,14.45,16.09,16.09,7.49,7.49,16.39,16.39,14.75,14.75,15,15,16.61,16.61,8.18,8.18,16.9,16.9,15.29,15.29,2.57,2.56,2.56,2.55,2.54,2.54,2.54,2.54,2.53,2.52,6.04,6.04,6.04,6.04,6.05,6.05,6.06,6.06,6.06,6.07,94.57,0,1,1,0,0,0,-1,0,None,aggregation
26,153.76,remora8,remora2,8.14,8.14,15.17,15.17,17,17,-2.35,-2.35,17.32,17.32,8.81,8.81,15.71,15.71,17.51,17.51,-1.52,-1.52,17.81,17.81,2.52,2.51,2.5,2.5,2.49,2.48,2.48,2.48,2.48,2.47,6.07,6.07,6.07,6.08,6.08,6.09,6.09,6.1,6.1,6.11,98.41,0,1,1,0,0,0,-1,0,None,aggregation
26,154.76,remora8,remora2,15.71,15.71,9.94,9.94,16.14,16.14,17.9,17.9,16.16,16.16,16.24,16.24,10.58,10.58,16.66,16.66,18.39,18.39,16.68,16.68,2.46,2.45,2.45,2.44,2.44,2.44,2.44,2.43,2.42,2.42,6.11,6.11,6.12,6.12,6.13,6.13,6.14,6.14,6.15,6.15,108.37,0,1,1,0,0,0,-1,0,None,aggregation
26,155.76,remora8,remora2,10.84,10.84,16.62,16.62,1.22,1.22,11.48,11.48,1.97,1.97,11.46,11.46,17.13,17.13,2.02,2.02,12.09,12.09,2.75,2.75,2.41,2.41,2.4,2.4,2.4,2.4,2.39,2.39,2.39,2.39,6.16,6.16,6.16,6.17,6.17,6.18,6.18,6.19,6.19,6.2,109.78,0,1,1,0,0,0,-1,0,None,aggregation
26,156.76,remora8,remora2,18.98,18.98,12.34,12.34,3.73,3.73,3.73,13.1,17.99,17.99,19.44,19.44,12.94,12.94,4.48,4.48,4.48,13.68,18.47,18.47,2.38,2.38,2.38,2.37,2.37,2.37,2.37,2.37,2.36,2.36,6.2,6.21,6.21,6.22,6.22,6.23,6.23,6.24,6.25,6.26,114.69,0,1,1,0,0,0,-1,0,None,aggregation
26,157.76,remora8,remora2,13.36,13.36,4.69,4.69,4.92,4.92,18.36,18.36,14.2,14.2,13.93,13.93,5.43,5.43,5.65,5.65,18.83,18.83,14.76,14.76,2.36,2.35,2.35,2.35,2.35,2.35,2.35,2.34,2.34,2.34,6.26,6.27,6.27,6.28,6.28,6.28,6.29,6.3,6.31,6.32,115.03,0,1,1,0,0,0,-1,0,None,aggregation
26,158.76,remora8,remora2,6.14,6.14,6.36,6.36,6.36,18.94,7.31,7.31,15.18,15.18,6.84,6.84,7.06,7.06,7.06,19.4,7.99,7.99,15.72,15.72,2.34,2.34,2.34,2.34,2.34,2.33,2.33,2.33,2.33,2.33,6.33,6.33,6.34,6.34,6.35,6.35,6.36,6.37,6.38,6.39,115.68,0,1,1,0,0,0,-1,0,None,aggregation
26,159.76,remora8,remora2,15.18,7.77,21.12,21.12,-4.77,-4.77,-4.76,-4.76,-4.71,-4.71,15.72,8.45,21.53,21.53,-15.23,-15.23,-15.22,-15.22,-15.17,-15.17,2.33,2.33,2.33,2.33,2.33,2.33,2.33,2.33,2.32,2.33,6.4,6.41,6.42,6.43,6.44,6.44,6.44,6.44,6.44,6.44,116.13,0,1,1,0,0,0,-1,0,None,aggregation
26,160.76,remora8,remora2,3.41,3.41,2.9,2.9,3.17,3.17,11.43,11.43,-4.57,-4.57,4.16,4.16,3.67,3.67,3.93,3.93,12.04,12.04,-15.04,-15.04,2.33,2.33,2.33,2.33,2.33,2.33,2.33,2.32,2.32,2.32,6.44,6.45,6.45,6.46,6.47,6.47,6.48,6.49,6.49,5.32,113.75,0,1,1,0,0,0,-1,0,None,aggregation
26,161.76,remora8,remora2,-4.5,-4.5,0.32,0.32,-0.45,-0.45,-0.45,-0.45,-0.46,-0.46,-14.96,-14.96,1.13,1.13,0.37,0.37,0.37,0.37,0.37,0.37,2.32,2.32,2.32,2.32,2.32,2.32,2.32,2.32,2.32,2.32,5.33,5.33,5.33,5.33,5.33,5.33,5.33,5.33,5.33,5.33,105.45,0,1,1,0,0,0,-1,0,None,aggregation
26,162.76,remora8,remora2,12.2,12.2,8.22,8.22,-4.29,-4.29,-4.29,-4.18,-2.86,-2.86,12.79,12.79,8.89,8.89,-14.76,-14.76,-14.76,-14.64,-2.04,-2.04,2.32,2.32,2.31,2.31,2.31,2.31,2.31,2.32,2.32,2.32,5.33,5.33,5.34,5.34,5.34,5.35,5.35,5.35,5.36,5.36,99.83,0,1,1,0,0,0,-1,0,None,aggregation
26,163.76,remora8,remora2,-2.86,-3.65,-3.39,-3.39,-2.85,-2.85,-2.85,-2.84,9.56,9.56,-2.04,-2.83,-2.57,-2.57,-2.02,-2.02,-2.02,-2.02,10.21,10.21,2.32,2.33,2.33,2.33,2.33,2.33,2.33,2.33,2.33,2.33,5.36,5.36,5.36,5.36,5.36,5.36,5.36,5.36,5.37,5.37,91.81,0,1,1,0,0,0,-1,0,None,aggregation
26,164.76,remora8,remora2,5.11,5.11,5.23,5.23,5.49,5.49,-2.34,-2.34,-3.96,-3.96,5.83,5.83,5.95,5.95,6.21,6.21,-1.52,-1.52,-14.43,-14.43,2.32,2.32,2.32,2.32,2.31,2.31,2.3,2.3,2.3,2.31,5.37,5.37,5.36,5.36,5.36,5.36,5.37,5.37,5.37,5.38,81.98,0,1,1,0,0,0,-1,0,None,aggregation
26,165.76,remora8,remora2,4.6,4.6,3.72,3.72,3.87,3.87,-3.77,-3.77,-3.77,-5.31,5.34,5.34,4.47,4.47,4.62,4.62,-14.24,-14.24,-14.24,-4.49,2.31,2.31,2.31,2.31,2.3,2.3,2.3,2.3,2.31,2.31,5.38,3.07,3.06,3.06,3.05,3.05,3.05,3.05,3.05,3.05,79.08,0,1,1,0,0,0,-1,0,None,aggregation
26,166.76,remora8,remora2,1.83,1.83,1.83,1.83,-6.14,-6.14,-6.13,-6.13,-6.13,-6.13,2.61,2.61,2.62,2.62,-5.31,-5.31,-5.31,-5.31,-5.31,-5.31,2.31,2.31,2.31,2.31,2.31,2.31,2.31,2.31,2.32,2.32,3.05,3.05,3.05,3.05,3.05,3.05,3.05,3.05,3.04,3.04,70.81,0,1,1,0,0,0,-1,0,None,aggregation
26,167.76,remora8,remora2,-6.12,-6.12,-5.82,-5.82,-5.81,-5.81,6.44,6.44,-6.09,-6.09,-5.3,-5.3,-5,-5,-4.99,-4.99,7.14,7.14,-5.27,-5.27,2.32,2.33,2.33,2.33,2.34,2.34,2.34,2.34,2.34,2.34,3.04,3.04,3.04,3.04,3.04,3.03,3.03,3.03,3.02,3.02,65.2,0,1,1,0,0,0,-1,0,None,aggregation
26,168.76,remora8,remora2,-5.54,-5.54,-5.54,-5.54,2.31,2.31,2.32,2.32,2.59,2.59,-4.72,-4.72,-4.72,-4.72,3.09,3.09,3.1,3.1,3.36,3.36,2.34,2.35,2.35,2.35,2.35,2.35,2.35,2.35,2.35,2.35,3.02,3.02,3.02,3.02,3.02,3.02,3.02,3.02,3.01,3.01,59.08,0,1,1,0,0,0,-1,0,None,aggregation
26,169.76,remora8,remora2,2.74,2.74,-4.7,-4.7,-4.44,-4.44,3.26,3.26,9.06,9.06,3.51,3.51,-3.88,-3.88,-3.62,-3.62,4.02,4.02,9.72,9.72,2.35,2.35,2.35,2.35,2.35,2.35,2.35,2.35,2.35,2.35,3.01,3.01,3.01,3.01,3.01,3.01,3.01,3.01,3,3,51.37,0,1,1,0,0,0,-1,0,None,aggregation
26,170.76,remora8,remora2,3.52,3.52,-3.91,-3.91,4.03,4.03,4.15,4.15,-3.09,-3.09,4.28,4.28,-3.09,-3.09,4.77,4.77,4.89,4.89,-2.27,-2.27,2.34,2.34,2.34,2.34,2.34,2.34,2.34,2.34,2.34,2.34,3,3,3,3,3,3,3,3,3,3,48.73,0,1,1,0,0,0,-1,0,None,aggregation
26,171.76,remora8,remora2,4.38,4.38,4.53,4.53,4.79,4.79,-2.31,-2.31,5.14,5.14,5.12,5.12,5.27,5.27,5.52,5.52,-1.49,-1.49,5.86,5.86,2.34,2.34,2.33,2.33,2.33,2.33,2.33,2.33,2.32,2.32,2.99,2.99,2.99,2.99,2.99,2.99,2.99,2.99,2.99,2.99,51.06,0,1,1,0,0,0,-1,0,None,aggregation
26,172.76,remora8,remora2,5.13,5.13,-1.79,-1.79,5.88,5.88,5.88,5.88,-4.15,-4.15,5.86,5.86,-0.97,-0.97,6.6,6.6,6.59,6.59,-14.62,-14.62,2.32,2.32,2.32,2.32,2.32,2.32,2.32,2.31,2.31,2.31,2.99,2.99,2.99,2.99,2.99,2.99,2.99,2.98,2.98,2.98,48.31,0,1,1,0,0,0,-1,0,None,aggregation
26,173.76,remora8,remora2,-4.04,-4.04,3.02,3.02,1.85,1.85,1.99,1.99,-4.74,-4.74,-14.5,-14.5,3.78,3.78,2.63,2.63,2.77,2.77,-3.92,-3.92,2.32,2.32,2.33,2.32,2.32,2.32,2.32,2.32,2.32,2.32,2.97,2.97,2.97,2.97,2.97,2.97,2.97,2.97,5.31,5.3,48.51,0,1,1,0,0,0,-1,0,None,aggregation
26,174.76,remora8,remora2,-5.03,-5.03,6.02,6.02,2.64,2.64,2.78,2.78,-4.49,-4.49,-4.21,-4.21,6.73,6.73,3.41,3.41,3.54,3.54,-3.67,-3.67,2.32,2.32,2.32,2.32,2.32,2.32,2.32,2.31,2.31,2.31,5.29,5.27,5.26,5.25,5.24,5.24,5.23,5.22,5.21,5.2,47.15,0,1,1,0,0,0,-1,0,None,aggregation
26,175.76,remora8,remora2,3.02,3.02,3.14,3.14,3.41,3.41,-3.86,-3.86,-3.71,-3.71,3.78,3.78,3.9,3.9,4.17,4.17,-14.33,-14.33,-14.17,-14.17,2.32,2.32,2.32,2.32,2.32,2.31,2.31,2.31,2.31,2.32,5.19,5.18,5.17,5.16,5.15,5.14,5.13,5.11,5.1,5.09,47.05,0,1,1,0,0,0,-1,0,None,aggregation
26,176.76,remora8,remora2,-3.71,0.04,-1.37,-1.37,-1.24,-1.24,-1.09,-1.09,-1.24,-1.24,-14.17,0.86,-0.55,-0.55,-0.42,-0.42,-0.27,-0.27,-0.42,-0.42,2.32,2.33,2.33,2.33,2.33,2.33,2.33,2.33,2.33,2.33,5.09,5.09,5.08,5.08,5.07,5.07,5.06,5.06,5.06,5.05,44.33,0,1,0,0,0,0,-1,0,None,aggregation
26,177.76,remora8,remora2,-8.32,-8.32,-8.02,-8.02,-0.94,-0.94,-0.94,-0.93,-0.93,-0.93,-7.5,-7.5,-7.2,-7.2,-0.12,-0.12,-0.12,-0.11,-0.11,-0.11,2.33,2.33,2.34,2.34,2.35,2.35,2.35,2.35,2.35,2.35,5.04,5.03,5.02,5.01,5,4.99,4.99,4.98,4.98,4.97,41.95,0,1,0,0,0,0,-1,0,None,aggregation
26,178.76,remora8,remora2,-7.18,-7.18,-7.18,-7.18,-7.43,-7.43,3.2,3.2,-7.15,-7.15,-6.36,-6.36,-6.35,-6.35,-6.6,-6.6,3.96,3.96,-6.33,-6.33,2.35,2.36,2.36,2.36,2.36,2.37,2.37,2.37,2.37,2.37,4.96,4.96,4.96,4.95,4.95,4.94,4.93,4.92,4.91,4.9,44.4,0,1,0,0,0,0,-1,0,None,aggregation
26,179.76,remora8,remora2,-7.15,-7.15,-7.4,-7.4,-7.4,-7.68,-7.12,-7.12,-7.1,-7.1,-6.33,-6.33,-6.58,-6.58,-6.58,-6.86,-6.3,-6.3,-6.28,-6.28,2.38,2.38,2.38,2.39,2.39,2.4,2.4,2.41,2.41,2.41,4.89,4.88,4.87,4.86,4.85,4.83,4.82,4.81,4.8,4.79,46.35,0,1,1,0,0,0,-1,0,None,aggregation
26,180.76,remora8,remora2,-0.56,-0.56,-7.09,-7.09,-6.53,-6.53,-6.52,-6.52,-6.52,-6.52,0.26,0.26,-6.26,-6.26,-5.71,-5.71,-5.7,-5.7,-5.7,-5.7,2.42,2.42,2.42,2.42,2.42,2.43,2.43,2.43,2.44,2.44,4.78,4.77,4.77,4.77,4.77,4.76,4.75,4.74,4.73,4.73,47.59,0,1,1,0,0,0,-1,0,None,aggregation
26,181.76,remora8,remora2,-0.25,-0.25,0.02,0.02,-6.2,-6.2,-5.94,-5.94,-6.48,-6.48,0.57,0.57,0.83,0.83,-5.38,-5.38,-5.12,-5.12,-5.66,-5.66,2.45,2.45,2.45,2.45,2.45,2.45,2.45,2.46,2.46,2.46,4.72,4.72,4.72,4.72,4.71,4.7,4.68,4.68,4.68,4.67,46.74,0,1,1,0,0,0,-1,0,None,aggregation
26,182.76,remora8,remora2,-6.48,-6.48,-5.91,-5.91,-5.9,-5.9,-5.9,-5.9,0.35,0.35,-5.66,-5.66,-5.09,-5.09,-5.08,-5.08,-5.08,-5.07,1.16,1.16,2.47,2.47,2.47,2.48,2.48,2.48,2.49,2.49,2.49,2.49,4.67,4.66,4.65,4.65,4.65,4.65,4.64,4.64,4.63,4.63,45.65,0,1,1,0,0,0,-1,0,None,aggregation
26,183.76,remora8,remora2,0.5,0.5,-5.33,-5.33,0.62,0.62,0.63,0.63,0.88,0.88,1.3,1.3,-4.51,-4.51,1.42,1.42,1.43,1.43,1.68,1.68,2.49,2.49,2.49,2.49,2.5,2.5,2.5,2.5,2.5,2.49,4.62,4.62,4.62,4.62,4.61,4.6,4.59,4.58,4.57,4.56,43.16,0,1,0,0,0,0,-1,0,None,aggregation
26,184.76,remora8,remora2,-4.78,-4.78,-4.49,-4.49,-4.48,-4.48,-4.48,-5.02,-5.02,-5.3,-3.96,-3.96,-3.67,-3.67,-3.66,-3.66,-3.66,-4.2,-4.2,-4.48,2.49,2.49,2.5,2.5,2.5,2.5,2.51,2.51,2.51,2.52,4.55,4.54,4.53,4.52,4.52,4.52,4.52,4.52,4.51,4.51,43.23,0,1,0,0,0,0,-1,0,None,aggregation
26,185.76,remora8,remora2,-4.75,-4.75,-4.74,-4.74,-4.2,-4.2,-3.9,-3.9,7.02,7.02,-3.93,-3.93,-3.92,-3.92,-3.37,-3.37,-3.08,-3.08,7.71,7.71,2.52,2.52,2.52,2.52,2.52,2.53,2.53,2.53,2.53,2.53,4.5,4.5,4.5,4.49,4.48,4.47,4.46,4.44,4.44,4.43,42.15,0,1,0,0,0,0,-1,0,None,aggregation
26,186.76,remora8,remora2,-4.18,-4.18,-4.18,-4.18,-3.64,-3.64,-3.63,-3.63,2.5,2.5,-3.36,-3.36,-3.36,-3.36,-2.82,-2.82,-2.81,-2.81,3.27,3.27,2.53,2.53,2.53,2.53,2.53,2.53,2.53,2.54,2.54,2.54,4.42,4.41,4.4,4.39,4.38,4.37,4.36,4.35,4.35,4.35,43.92,0,1,0,0,0,0,-1,0,None,aggregation
26,187.76,remora8,remora2,2.51,2.51,2.51,2.51,-3.09,-3.09,3.02,3.02,3.16,3.16,3.28,3.28,3.28,3.28,-2.27,-2.27,3.78,3.78,3.92,3.92,2.54,2.54,2.54,2.54,2.53,2.54,2.54,2.53,2.53,2.53,4.35,4.34,4.33,4.33,4.32,4.31,4.3,4.29,4.28,4.27,43.59,0,1,0,0,0,0,-1,0,None,aggregation
26,188.76,remora8,remora2,3.27,3.27,8.24,8.24,8.24,3.52,3.52,3.52,-1.23,-1.23,4.03,4.03,8.91,8.91,8.91,4.28,4.28,4.28,-0.41,-0.41,2.53,2.53,2.53,2.53,2.52,2.52,2.52,2.52,2.52,2.52,4.26,4.26,4.26,4.26,4.26,4.27,4.27,4.26,4.26,4.25,42.05,0,1,0,0,0,0,-1,0,None,aggregation
26,189.76,remora8,remora2,4.41,4.41,4.41,4.41,4.52,4.52,4.52,4.66,-0.19,-0.19,5.15,5.15,5.14,5.14,5.25,5.25,5.25,5.39,0.63,0.63,2.51,2.51,2.51,2.51,2.51,2.51,2.51,2.51,2.5,2.5,4.25,4.24,4.24,4.25,4.25,4.25,4.25,4.25,4.24,4.23,39.12,0,1,0,0,0,0,-1,0,None,aggregation
26,190.76,remora8,remora2,5.26,5.26,5.51,5.51,0.84,0.84,5.75,5.75,5.75,5.75,5.98,5.98,6.23,6.23,1.64,1.64,6.46,6.46,6.46,6.46,2.5,2.5,2.5,2.5,2.5,2.5,2.5,2.5,2.49,2.49,4.22,4.21,4.2,4.2,4.19,4.18,4.17,4.16,4.16,4.15,39.07,0,1,0,0,0,0,-1,0,None,aggregation
26,191.76,remora8,remora2,6.24,6.24,6.48,6.48,1.85,1.85,1.85,1.85,7.1,7.1,6.95,6.95,7.18,7.18,2.63,2.63,2.63,2.63,7.79,7.79,2.49,2.49,2.49,2.48,2.48,2.48,2.48,2.48,2.48,2.48,4.14,4.14,4.14,4.14,4.15,4.15,4.15,4.14,4.14,4.14,40.55,0,1,0,0,0,0,-1,0,None,aggregation
26,192.76,remora8,remora2,2.6,2.6,7.69,7.69,7.68,7.68,8.16,8.16,4.08,4.08,3.37,3.37,8.37,8.37,8.36,8.36,8.83,8.83,4.83,4.83,2.48,2.48,2.48,2.47,2.47,2.47,2.47,2.47,2.47,2.46,4.13,4.13,4.13,4.13,4.13,4.13,4.12,4.12,4.12,4.12,42.29,0,1,0,0,0,0,-1,0,None,aggregation
26,193.76,remora8,remora2,8.52,8.52,4.08,4.08,9.1,9.1,9.33,9.33,9.8,9.8,9.18,9.18,4.82,4.82,9.75,9.75,9.98,9.98,10.44,10.44,2.46,2.46,2.46,2.46,2.46,2.46,2.46,2.45,2.45,2.45,4.13,4.12,4.12,4.11,4.1,4.1,4.09,4.1,4.1,4.1,48.96,0,1,1,0,0,0,-1,0,None,aggregation
26,194.76,remora8,remora2,9.8,5.79,5.79,10.14,-4.71,-4.71,-4.71,-4.66,3.06,3.06,10.44,6.51,6.51,10.78,-15.18,-15.18,-15.18,-15.13,3.82,3.82,2.45,2.45,2.45,2.45,2.44,2.45,2.45,2.45,2.45,2.45,4.11,4.11,4.1,4.1,4.1,4.1,4.09,4.09,4.07,4.07,52.58,0,1,1,0,0,0,-1,0,None,aggregation
26,195.76,remora8,remora2,3.06,3.06,1.8,1.8,1.8,1.8,6.79,6.79,-4.5,-4.5,3.82,3.82,2.58,2.58,2.58,2.58,7.48,7.48,-14.96,-14.96,2.45,2.45,2.44,2.44,2.44,2.44,2.44,2.44,2.44,2.44,4.07,4.07,4.07,4.06,4.05,4.05,4.05,4.06,4.06,4.05,52.86,0,1,1,0,0,0,-1,0,None,aggregation
26,196.76,remora8,remora2,-4.42,-4.42,4.05,4.05,-1.87,-1.87,2.77,2.77,2.89,2.89,-14.89,-14.89,4.8,4.8,-1.05,-1.05,3.53,3.53,3.65,3.65,2.44,2.44,2.45,2.44,2.44,2.44,2.44,2.44,2.44,2.44,4.03,4.02,4.01,4,3.99,3.98,3.97,3.96,3.95,3.95,53.88,0,1,1,0,0,0,-1,0,None,aggregation
26,197.76,remora8,remora2,-1.1,-1.1,-1.1,-1.1,3.4,3.4,3.65,3.65,-4.21,-4.21,-0.28,-0.28,-0.28,-0.28,4.15,4.15,4.41,4.41,-14.68,-14.68,2.44,2.44,2.44,2.44,2.44,2.44,2.44,2.44,2.44,2.44,3.95,3.95,3.95,3.95,3.94,3.93,3.94,3.94,3.94,3.93,54.52,0,1,1,0,0,0,-1,0,None,aggregation
26,198.76,remora8,remora2,2.63,2.63,1.33,1.33,-2.95,-2.95,-2.7,-2.7,-2.7,-2.7,3.4,3.4,2.12,2.12,-2.13,-2.13,-1.88,-1.88,-1.88,-1.88,2.44,2.44,2.44,2.43,2.43,2.44,2.44,2.44,2.44,2.44,3.92,3.91,3.9,3.89,3.88,3.87,3.86,3.85,3.84,3.83,52.25,0,1,1,0,0,0,-1,0,None,aggregation
26,199.76,remora8,remora2,2,2,2.12,2.12,-1.62,-1.62,2.63,2.63,2.51,2.51,2.78,2.78,2.9,2.9,-0.8,-0.8,3.4,3.4,3.28,3.28,2.44,2.44,2.44,2.44,2.44,2.44,2.44,2.44,2.43,2.43,3.82,3.81,3.8,3.79,3.78,3.77,3.76,3.76,3.76,3.76,50.73,0,1,1,0,0,0,-1,0,None,aggregation
26,200.76,remora8,remora2,-1.88,-1.88,3.02,3.02,3.02,3.14,-4.17,-4.17,-1.63,-1.63,-1.06,-1.06,3.79,3.79,3.79,3.9,-14.63,-14.63,-0.81,-0.81,2.43,2.43,2.43,2.43,2.43,2.43,2.43,2.44,2.44,2.44,3.76,3.76,3.75,3.74,3.74,3.74,3.74,3.73,3.72,3.72,49.54,0,1,1,0,0,0,-1,0,None,aggregation
26,201.76,remora8,remora2,0.95,0.95,-3.23,-3.23,-2.95,-2.95,1.6,1.6,1.75,1.75,1.75,1.75,-2.41,-2.41,-2.13,-2.13,2.39,2.39,2.53,2.53,2.44,2.44,2.44,2.44,2.44,2.44,2.44,2.44,2.44,2.44,3.72,3.72,3.71,3.71,3.71,3.7,3.7,3.7,3.7,3.7,46.64,0,1,1,0,0,0,-1,0,None,aggregation
26,202.76,remora8,remora2,-2.7,-2.7,1.85,1.85,2.12,2.12,2.38,2.38,2.38,-1.63,-1.87,-1.87,2.64,2.64,2.9,2.9,3.15,3.15,3.15,-0.81,2.44,2.44,2.44,2.44,2.44,2.44,2.44,2.44,2.44,2.43,3.7,3.69,3.69,3.7,3.7,3.69,3.69,3.69,3.69,3.69,42.6,0,1,0,0,0,0,-1,0,None,aggregation
26,203.76,remora8,remora2,2.51,2.51,2.51,2.51,-4.12,-4.12,1.86,1.86,0.7,0.7,3.28,3.28,3.28,3.28,-14.59,-14.59,2.64,2.64,1.5,1.5,2.43,2.43,2.43,2.43,2.43,2.44,2.44,2.44,2.44,2.44,3.69,3.69,3.69,3.68,3.68,3.68,3.67,3.67,3.67,3.67,37.8,0,1,0,0,0,0,-1,0,None,aggregation
26,204.76,remora8,remora2,0.7,-3.23,-2.95,-2.95,1.08,1.08,1.08,1.08,-2.7,-2.7,1.5,-2.41,-2.13,-2.13,1.88,1.88,1.88,1.88,-1.87,-1.87,2.44,2.44,2.44,2.44,2.44,2.44,2.44,2.44,2.44,2.44,3.67,3.66,3.66,3.66,3.66,3.66,3.65,3.65,3.65,3.64,31.8,0,1,0,0,0,0,-1,0,None,aggregation
26,205.76,remora8,remora2,-2.16,-2.16,1.87,1.87,1.6,1.6,1.6,-2.41,2.26,2.26,-1.34,-1.34,2.65,2.65,2.39,2.39,2.39,-1.59,3.04,3.04,2.44,2.44,2.44,2.44,2.44,2.44,2.44,2.44,2.44,2.44,3.64,3.63,3.63,3.63,3.63,3.63,3.63,3.63,3.63,3.62,28.99,0,1,0,0,0,0,-1,0,None,aggregation
26,206.76,remora8,remora2,2.39,2.39,-1.35,-1.35,2.77,2.77,2.9,2.9,-4.16,-4.16,3.16,3.16,-0.53,-0.53,3.54,3.54,3.66,3.66,-14.62,-14.62,2.44,2.44,2.44,2.44,2.44,2.44,2.44,2.43,2.43,2.43,3.62,3.61,3.61,3.61,3.61,3.61,3.61,3.61,3.6,3.6,28.51,0,1,0,0,0,0,-1,0,None,aggregation
26,207.76,remora8,remora2,2.11,2.11,-3.49,-3.49,-3.49,1.08,1.35,1.35,1.35,-2.41,2.89,2.89,-2.67,-2.67,-2.67,1.87,2.14,2.14,2.14,-1.59,2.44,2.44,2.44,2.44,2.44,2.44,2.44,2.44,2.44,2.44,3.59,3.59,3.59,3.58,3.58,3.58,3.58,3.58,3.58,3.58,27.08,0,1,0,0,0,0,-1,0,None,aggregation
26,208.76,remora8,remora2,-2.41,1.87,1.74,1.74,-2.16,-2.16,2.26,2.26,2.26,2.38,-1.59,2.65,2.53,2.53,-1.34,-1.34,3.04,3.04,3.04,3.16,2.44,2.44,2.44,2.44,2.44,2.44,2.44,2.44,2.44,2.44,3.57,3.57,3.57,3.57,3.57,3.57,3.56,3.56,3.56,3.56,26.98,0,1,0,0,0,0,-1,0,None,aggregation
26,209.76,remora8,remora2,2.38,-1.35,-4.1,-4.1,-3.23,-3.23,-3.23,-3.77,0.57,0.57,3.16,-0.53,-14.57,-14.57,-2.41,-2.41,-2.41,-2.94,1.37,1.37,2.43,2.43,2.43,2.44,2.44,2.44,2.44,2.45,2.45,2.45,3.56,3.56,3.56,3.55,3.55,3.55,3.54,3.54,3.54,3.54,28.19,0,1,0,0,0,0,-1,0,None,aggregation
26,210.76,remora8,remora2,0.71,0.71,-3.47,-3.47,-3.22,-3.22,1.24,1.24,1.09,1.09,1.51,1.51,-2.65,-2.65,-2.4,-2.4,2.03,2.03,1.89,1.89,2.45,2.44,2.45,2.45,2.45,2.45,2.45,2.45,2.45,2.45,3.54,3.53,3.53,3.52,3.52,3.52,3.51,3.51,3.51,3.51,26.42,0,1,0,0,0,0,-1,0,None,aggregation
26,211.76,remora8,remora2,1.09,-3.22,1.61,1.61,1.76,1.76,1.76,-2.14,-2.14,-1.87,1.89,-2.4,2.4,2.4,2.54,2.54,2.54,-1.32,-1.32,-1.04,2.45,2.45,2.45,2.45,2.45,2.45,2.45,2.45,2.45,2.45,3.51,3.51,3.5,3.5,3.5,3.5,3.5,3.5,3.49,3.49,26.22,0,1,0,0,0,0,-1,0,None,aggregation
26,212.76,remora8,remora2,2.13,2.13,2.13,2.13,-1.62,-1.62,2.91,2.91,2.91,2.91,2.91,2.91,2.91,2.91,-0.8,-0.8,3.67,3.67,3.67,3.67,2.45,2.45,2.45,2.45,2.45,2.45,2.45,2.45,2.44,2.44,3.48,3.48,3.48,3.48,3.48,3.48,3.48,3.48,3.47,3.47,26.43,0,1,0,0,0,0,-1,0,None,aggregation
26,213.76,remora8,remora2,-1.09,-1.09,3.16,3.16,3.42,3.42,17.7,17.7,-4.24,-4.24,-0.27,-0.27,3.92,3.92,4.17,4.17,18.19,18.19,-14.7,-14.7,2.44,2.44,2.44,2.44,2.44,2.44,2.44,2.43,2.43,2.43,3.47,3.47,3.47,3.47,3.47,3.47,3.46,3.47,3.47,3.47,29.81,0,1,0,0,0,0,-1,0,None,aggregation
26,214.76,remora8,remora2,-4.15,-4.15,-3.9,-3.9,-5.11,-5.11,-6.76,-6.76,-2.19,-2.19,-14.62,-14.62,-14.36,-14.36,-4.29,-4.29,-5.93,-5.93,-1.36,-1.36,2.43,2.43,2.44,2.44,2.44,2.44,2.45,2.45,2.45,2.45,3.47,3.47,3.46,3.45,3.44,3.44,3.43,3.43,3.43,3.42,34.13,0,1,0,0,0,0,-1,0,None,aggregation
26,215.76,remora8,remora2,9.21,9.21,-1.79,-1.79,-5.4,-5.4,9.97,9.97,-1.54,-1.54,9.87,9.87,-0.97,-0.97,-4.57,-4.57,10.61,10.61,-0.71,-0.71,2.45,2.45,2.45,2.45,2.45,2.45,2.45,2.45,2.44,2.44,3.42,3.41,3.41,3.4,3.4,3.39,3.39,3.39,3.39,3.39,37.47,0,1,0,0,0,0,-1,0,None,aggregation
26,216.76,remora8,remora2,-5.66,-5.66,-5.66,-5.66,10.45,10.45,-0.75,-0.75,-0.75,-0.5,-4.84,-4.84,-4.84,-4.84,11.08,11.08,0.07,0.07,0.07,0.32,2.44,2.44,2.45,2.45,2.45,2.44,2.44,2.44,2.44,2.44,3.39,3.39,3.39,3.39,3.39,3.39,3.39,3.39,3.39,3.38,37.92,0,1,0,0,0,0,-1,0,None,aggregation
26,217.76,remora8,remora2,-0.5,10.75,-3.7,-3.7,-3.61,-3.61,-2.86,-2.86,-2.86,-8.71,0.32,11.37,-14.16,-14.16,-14.08,-14.08,-2.04,-2.04,-2.04,-7.89,2.44,2.43,2.43,2.43,2.44,2.44,2.45,2.45,2.45,2.45,3.38,3.38,3.38,3.38,3.38,3.38,3.37,3.37,3.36,3.36,41.86,0,1,0,0,0,0,-1,0,None,aggregation
26,218.76,remora8,remora2,-8.71,-8.71,12.78,12.78,-4.17,-4.17,-4.03,-4.03,13.25,13.25,-7.89,-7.88,13.37,13.37,-3.35,-3.35,-3.21,-3.21,13.83,13.83,2.46,2.46,2.47,2.46,2.45,2.45,2.46,2.46,2.46,2.45,3.36,3.35,3.35,3.35,3.35,3.35,3.35,3.34,3.34,3.34,48.04,0,1,1,0,0,0,-1,0,None,aggregation
26,219.76,remora8,remora2,13.25,8.34,-7.88,-7.88,-3.13,-3.13,8.8,8.8,-2.86,-2.86,13.83,9.01,-7.06,-7.06,-2.31,-2.31,9.46,9.46,-2.04,-2.04,2.44,2.44,2.43,2.44,2.44,2.44,2.45,2.44,2.44,2.44,3.34,3.33,3.33,3.32,3.31,3.3,3.3,3.29,3.29,3.28,51,0,1,1,0,0,0,-1,0,None,aggregation
26,220.76,remora8,remora2,-7.06,-7.06,9.45,9.45,9.65,9.65,-3.41,-3.41,-3.25,-3.25,-6.23,-6.23,10.09,10.09,10.29,10.29,-13.88,-13.88,-13.72,-13.72,2.44,2.44,2.44,2.44,2.44,2.43,2.43,2.43,2.43,2.44,3.27,4.95,4.94,4.93,4.92,4.91,4.9,4.89,4.89,4.88,57.68,0,1,1,0,0,0,-1,0,None,aggregation
26,221.76,remora8,remora2,-3.25,-5.26,5.85,5.85,-10.95,-10.95,-6.32,-6.32,-6.32,6.41,-13.72,-4.44,6.56,6.56,-10.13,-10.13,-5.5,-5.5,-5.5,7.11,2.44,2.44,2.45,2.44,2.44,2.44,2.45,2.45,2.46,2.46,4.88,4.88,4.87,4.86,4.85,4.84,4.83,4.82,4.81,4.81,62.85,0,1,1,0,0,0,-1,0,None,aggregation
26,222.76,remora8,remora2,6.55,6.55,-10.09,-10.09,-10.08,-10.08,12.76,12.76,7.09,7.09,7.25,7.25,-9.26,-9.26,-9.26,-9.26,13.35,13.35,7.78,7.78,2.45,2.45,2.45,2.45,2.45,2.46,2.46,2.46,2.45,2.45,4.81,4.8,4.8,4.79,4.79,4.78,4.77,4.77,4.76,4.76,69.63,0,1,1,0,0,0,-1,0,None,aggregation
26,223.76,remora8,remora2,-10.09,-10.09,-9.82,-9.82,-9.82,13.51,7.88,7.88,13.77,13.77,-9.27,-9.27,-9,-9,-9,14.09,8.56,8.56,14.34,14.34,2.45,2.45,2.46,2.46,2.47,2.46,2.46,2.45,2.45,2.44,4.76,4.75,4.73,4.72,4.72,4.71,4.71,4.71,4.7,4.69,73.14,0,1,1,0,0,0,-1,0,None,aggregation
26,224.76,remora8,remora2,-4.45,-4.45,-3.03,-3.03,13.55,13.55,-11.52,-11.52,12.82,12.82,-3.63,-3.63,-13.49,-13.49,14.12,14.12,-10.7,-10.7,13.41,13.41,2.43,2.43,2.43,2.44,2.44,2.44,2.43,2.44,2.44,2.44,4.68,4.67,4.67,4.66,4.65,4.64,4.64,4.63,4.61,4.61,76.94,0,1,1,0,0,0,-1,0,None,aggregation
26,225.76,remora8,remora2,12.82,9.83,-2.69,-2.69,-2.44,-2.44,4.28,4.28,3.41,3.41,13.41,10.47,-13.15,-13.15,-12.91,-12.91,5.02,5.02,4.17,4.17,2.43,2.42,2.42,2.42,2.42,2.43,2.43,2.43,2.43,2.43,4.6,4.6,4.6,4.58,4.57,4.56,4.55,4.54,4.52,4.51,78.61,0,1,1,0,0,0,-1,0,None,aggregation
26,226.76,remora8,remora2,9.95,9.95,-1.83,-1.83,-1.52,-1.52,7.61,7.61,0.06,0.06,10.59,10.59,-12.29,-12.29,-11.98,-11.98,8.29,8.29,0.87,0.87,2.42,2.42,2.41,2.42,2.42,2.43,2.43,2.43,2.42,2.42,4.5,4.49,4.49,4.48,4.47,4.46,4.45,4.45,4.44,4.43,80.75,0,1,1,0,0,0,-1,0,None,aggregation
26,227.76,remora8,remora2,-0.8,-0.8,-1.01,-1.01,-1.97,-1.97,5.26,5.26,-1.46,-1.46,-11.27,-11.27,-0.19,-0.19,-1.15,-1.15,5.98,5.98,-0.64,-0.64,2.41,2.42,2.42,2.43,2.43,2.43,2.43,2.42,2.42,2.42,4.42,4.4,4.39,4.38,4.37,4.35,4.34,4.33,4.33,4.32,77.49,0,1,1,0,0,0,-1,0,None,aggregation
26,228.76,remora8,remora2,-1.41,-1.41,-1.18,-1.18,5.77,5.77,-0.81,-0.81,-0.75,-0.75,-0.59,-0.59,-0.36,-0.36,6.48,6.48,0.01,0.01,0.07,0.07,2.42,2.42,2.41,2.38,2.36,2.33,2.31,2.28,2.26,2.23,4.31,4.3,4.29,4.28,4.26,4.25,4.24,4.23,4.22,4.22,70.75,0,1,1,0,0,0,-1,0,None,aggregation
26,229.76,remora8,remora2,-0.75,6.18,-0.57,-0.57,-0.37,-0.37,-3.05,-3.05,-4.25,-4.25,0.07,6.89,-11.03,-11.03,-10.83,-10.83,-2.23,-2.23,-3.43,-3.43,2.2,2.18,2.17,2.14,2.11,2.08,2.06,2.04,2.01,1.99,4.21,4.2,4.19,4.18,4.18,4.17,4.16,4.16,4.14,4.14,68.44,0,1,1,0,0,0,-1,0,None,aggregation
26,230.76,remora8,remora2,-4.33,-4.33,2.59,2.59,2.85,2.85,-3.56,-3.56,-3.5,-3.5,-3.51,-3.51,3.36,3.36,3.61,3.61,-2.74,-2.74,-2.68,-2.68,1.96,1.93,1.9,1.87,1.85,1.83,1.81,1.79,1.76,1.74,4.13,4.12,4.12,4.1,4.09,4.08,4.07,4.05,4.04,4.03,63.02,0,1,1,0,0,0,-1,0,None,aggregation
26,231.76,remora8,remora2,2.98,2.98,-2.14,-2.14,-3.19,-3.19,3.09,3.09,3,3,3.74,3.74,-1.32,-1.32,-2.37,-2.37,3.85,3.85,3.76,3.76,1.71,1.68,1.66,1.63,1.6,1.57,1.54,1.52,1.5,1.49,4.02,4,3.99,3.98,3.98,3.97,3.96,3.95,3.94,3.93,58.83,0,1,1,0,0,0,-1,0,None,aggregation
26,232.76,remora8,remora2,-2.97,-2.97,3.35,3.35,3.35,3.35,-1.49,-1.49,3.67,3.67,-2.15,-2.15,4.11,4.11,4.1,4.1,-0.67,-0.67,4.42,4.42,1.49,1.49,1.49,1.49,1.49,1.49,1.49,1.49,1.49,1.5,3.93,3.93,3.93,3.93,3.92,3.91,3.91,3.9,3.89,3.89,52.51,1,1,1,0,0,0,-1,0,None,aggregation
26,233.76,remora8,remora2,-1.94,-1.94,-1.77,-1.77,-1.71,-1.71,3.12,3.12,3.12,-1.47,-1.12,-1.12,-0.95,-0.95,-0.88,-0.88,3.89,3.89,3.89,-0.64,1.5,1.5,1.5,1.49,1.49,1.49,1.49,1.49,1.49,1.5,3.88,3.88,3.87,3.86,3.86,3.85,3.84,3.84,3.83,3.82,43.91,1,1,0,0,0,0,-1,0,None,aggregation
26,234.76,remora8,remora2,-1.32,-1.32,4.83,4.83,-0.9,-0.9,-0.73,-0.73,5.31,5.31,-0.5,-0.5,5.56,5.56,-0.07,-0.07,0.09,0.09,6.03,6.03,1.5,1.49,1.49,1.5,1.5,1.5,1.5,1.5,1.5,1.5,3.82,3.81,3.81,3.8,3.79,3.79,3.78,3.77,3.77,3.76,36.36,1,1,0,0,0,0,-1,0,None,aggregation
26,235.76,remora8,remora2,-0.3,-0.3,-0.65,-0.65,-1.49,-1.49,-1.49,-2.01,-2.01,-1.86,0.52,0.52,-11.12,-11.12,-0.66,-0.66,-0.66,-1.19,-1.19,-1.03,1.5,1.51,1.51,1.5,1.5,1.5,1.5,1.5,1.49,1.49,3.76,3.75,3.74,3.74,3.73,3.72,3.72,3.71,3.7,3.7,31.21,1,1,0,0,0,0,-1,0,None,aggregation
26,236.76,remora8,remora2,2.19,2.19,-1.52,-1.52,-1.33,-1.33,4.83,4.83,-0.92,-0.92,2.97,2.97,-0.7,-0.7,-0.51,-0.51,5.56,5.56,-0.1,-0.1,1.49,1.49,1.5,1.5,1.5,1.49,1.49,1.5,1.5,1.5,3.69,3.69,3.68,3.67,3.67,3.66,3.65,3.65,3.64,3.64,26.77,1,1,0,0,0,0,-1,0,None,aggregation
26,237.76,remora8,remora2,-0.73,-0.73,2.56,2.56,-0.52,-0.52,-0.3,-0.3,5.79,5.79,0.09,0.09,3.33,3.33,0.3,0.3,0.52,0.52,6.5,6.5,1.5,1.5,1.5,1.5,1.5,1.5,1.5,1.5,1.5,1.51,3.63,3.62,3.62,3.61,3.61,3.6,3.59,3.59,3.58,3.58,25.72,0,1,0,0,0,0,-1,0,None,aggregation
26,238.76,remora8,remora2,-0.71,-0.71,-0.45,-0.45,-2.93,-2.93,-3.88,-3.88,-3.88,2.16,-11.18,-11.18,-10.92,-10.92,-2.11,-2.11,-3.06,-3.06,-3.06,2.93,1.51,1.51,1.5,1.5,1.5,1.49,1.49,1.49,1.49,1.49,3.57,3.57,3.57,3.57,3.57,3.57,3.57,3.57,3.57,3.57,28.12,1,1,0,0,0,0,-1,0,None,aggregation
26,239.76,remora8,remora2,2.16,2.12,-4.57,-4.57,-3.42,-3.42,2.86,2.86,-2.98,-2.98,2.93,2.9,-3.75,-3.75,-2.6,-2.6,3.62,3.62,-2.16,-2.16,1.49,1.49,1.49,1.49,1.49,1.49,1.48,1.48,1.49,1.5,3.57,3.57,3.57,3.57,3.57,3.57,3.57,3.57,3.57,3.58,26.96,1,1,0,0,0,0,-1,0,None,aggregation
26,240.76,remora8,remora2,-2.98,-3.87,-2.93,-2.93,3.46,3.46,-2.39,-2.39,-2.12,-2.12,-2.16,-3.05,-2.11,-2.11,4.22,4.22,-1.57,-1.57,-1.29,-1.29,1.52,1.54,1.55,1.57,1.59,1.61,1.64,1.66,1.67,1.69,3.58,3.58,3.59,3.59,3.6,3.6,3.61,3.61,3.61,3.62,26.3,0,1,0,0,0,0,-1,0,None,aggregation
26,241.76,remora8,remora2,4.24,4.24,4.24,4.36,-2.68,-2.68,5.06,5.06,-1.14,-1.14,4.98,4.98,4.98,5.1,-1.86,-1.86,5.79,5.79,-0.32,-0.32,1.71,1.73,1.76,1.79,1.82,1.84,1.86,1.88,1.91,1.94,3.62,3.63,3.63,3.64,3.64,3.65,3.65,3.65,3.65,3.65,26.89,0,1,0,0,0,0,-1,0,None,aggregation
26,242.76,remora8,remora2,-1.14,-1.14,5.5,5.5,-0.72,-0.72,-1.67,-1.67,6.24,6.24,-0.32,-0.32,6.22,6.22,0.1,0.1,-0.85,-0.85,6.95,6.95,1.95,1.98,2,2.03,2.04,2.07,2.09,2.11,2.14,2.17,3.65,3.65,3.65,3.65,3.65,3.64,3.64,3.64,3.64,3.64,26.82,0,1,0,0,0,0,-1,0,None,aggregation
26,243.76,remora8,remora2,6.24,-0.28,-0.57,-0.57,5.62,5.62,-2.21,-2.21,4.87,4.87,6.95,0.53,-11.03,-11.03,6.34,6.34,-1.39,-1.39,5.6,5.6,2.2,2.22,2.24,2.25,2.26,2.27,2.28,2.3,2.32,2.34,3.64,3.64,3.64,3.64,3.63,3.63,3.63,3.64,3.64,3.64,29.26,0,1,0,0,0,0,-1,0,None,aggregation
26,124.76,remora8,remora0,-2.08,-1.81,-1.81,-1.55,-1.55,-1.28,-1.02,-1.02,-1.02,-1.02,-2.9,-2.63,-2.63,-2.37,-2.37,-2.1,-1.84,-1.84,-1.84,-1.84,1.63,1.63,1.63,1.63,1.63,1.63,1.63,1.63,1.63,1.63,4.96,4.96,4.96,4.96,4.96,4.96,4.96,4.96,4.96,4.96,141.95,0,1,1,0,0,0,-1,0,None,aggregation
26,125.76,remora8,remora0,-0.49,-0.22,0.3,0.3,0.3,0.82,1.34,1.34,1.34,1.59,-1.32,-1.04,-0.52,-0.52,-0.52,0.01,0.54,0.54,0.54,0.79,1.63,1.63,1.63,1.63,1.63,1.63,1.63,1.63,1.63,1.63,4.96,4.96,4.97,4.97,4.97,4.97,4.97,4.98,4.98,4.99,122.77,0,1,1,0,0,0,-1,0,None,aggregation
26,126.76,remora8,remora0,1.59,2.1,-14.35,-14.35,-14.35,3.11,3.11,3.87,3.87,4.11,0.79,1.31,-15.17,-15.17,-15.17,2.34,2.34,3.11,3.11,3.36,1.63,1.63,1.63,1.63,1.63,1.63,1.63,1.63,1.63,1.63,4.99,5,5,5,4.99,4.98,4.99,4.99,5,5,102.44,0,1,1,0,0,0,-1,0,None,aggregation
26,127.76,remora8,remora0,4.11,4.37,4.37,4.61,4.87,4.87,4.87,5.11,5.11,5.11,3.36,3.62,3.62,3.87,4.13,4.13,4.13,4.37,4.37,4.37,1.64,1.64,1.64,1.64,1.64,1.64,1.64,1.65,1.65,1.65,5,5.01,5.01,5.02,5.03,5.03,5.04,5.04,5.05,5.05,82.31,0,1,1,0,0,0,-1,0,None,aggregation
26,128.76,remora8,remora0,5.11,5.11,5.37,5.6,5.6,5.6,5.86,6.09,6.09,-10.66,4.37,4.37,4.63,4.87,4.87,4.87,5.13,5.37,5.37,-11.48,1.65,1.65,1.65,1.65,1.65,1.66,1.66,1.66,1.66,1.66,5.05,5.06,5.07,5.07,5.08,5.09,5.09,5.1,5.1,5.1,66.73,0,1,1,0,0,0,-1,0,None,aggregation
26,129.76,remora8,remora0,-10.66,5.86,5.86,6.09,6.09,6.09,6.09,6.1,6.1,6.35,-11.48,5.14,5.14,5.37,5.37,5.37,5.37,5.37,5.37,5.63,1.66,1.66,1.66,1.66,1.66,1.66,1.66,1.66,1.66,1.66,5.09,5.09,5.1,5.1,5.11,5.11,5.12,5.12,5.13,5.14,55.93,0,1,1,0,0,0,-1,0,None,aggregation
26,130.76,remora8,remora0,6.35,6.58,6.58,6.82,6.82,7.05,7.05,7.06,7.06,7.3,5.63,5.86,5.86,6.12,6.12,6.35,6.35,6.35,6.35,6.6,1.66,1.66,1.66,1.67,1.67,1.67,1.67,1.67,1.67,1.67,5.14,5.15,5.16,5.16,5.17,5.18,5.18,5.19,5.19,5.2,49.56,0,1,1,0,0,0,-1,0,None,aggregation
26,131.76,remora8,remora0,-8.43,-8.43,-8.43,8,8,8.24,8.24,8.24,8,8.24,-9.25,-9.25,-9.25,7.31,7.31,7.56,7.56,7.56,7.31,7.56,1.67,1.67,1.67,1.67,1.67,1.67,1.67,1.67,1.67,1.67,5.2,5.2,5.2,5.2,5.21,5.21,5.22,5.22,5.23,5.24,48.87,0,1,1,0,0,0,-1,0,None,aggregation
26,132.76,remora8,remora0,8.24,8.46,8.46,8.46,8.46,8.46,8.46,8.24,8.24,8.46,7.56,7.79,7.79,7.79,7.78,7.79,7.79,7.56,7.56,7.79,1.67,1.67,1.67,1.67,1.67,1.68,1.68,1.67,1.67,1.67,5.24,5.25,5.26,5.26,5.27,5.28,5.28,5.29,5.29,5.3,51.27,0,1,1,0,0,0,-1,0,None,aggregation
26,133.76,remora8,remora0,8.46,8.46,8.46,8.7,8.7,8.92,8.92,8.92,8.92,9.16,7.79,7.79,7.79,8.03,8.03,8.25,8.25,8.25,8.25,8.49,1.67,1.67,1.67,1.67,1.67,1.67,1.67,1.67,1.67,1.67,5.31,5.31,5.32,5.33,5.33,5.34,5.36,5.36,5.37,5.38,56.33,0,1,1,0,0,0,-1,0,None,aggregation
26,134.76,remora8,remora0,9.16,9.37,9.37,9.61,9.61,9.61,9.61,9.82,9.82,10.05,8.49,8.71,8.71,8.95,8.95,8.95,8.95,9.17,9.17,9.4,1.67,1.67,1.67,1.67,1.67,1.67,1.67,1.67,1.67,1.66,5.39,5.4,5.4,5.41,5.42,5.43,5.43,5.44,5.45,5.46,63.78,0,1,1,0,0,0,-1,0,None,aggregation
26,135.76,remora8,remora0,10.05,10.05,10.05,10.26,10.26,10.26,10.26,10.26,10.49,10.7,9.4,9.4,9.4,9.62,9.62,9.62,9.62,9.62,9.84,10.06,1.66,1.66,1.66,1.66,1.66,1.66,1.66,1.66,1.65,1.65,5.46,5.47,5.48,5.49,5.5,5.51,5.52,5.52,5.53,5.54,73.09,0,1,1,0,0,0,-1,0,None,aggregation
26,136.76,remora8,remora0,10.7,10.7,10.69,10.92,10.92,10.92,10.92,11.12,11.12,11.12,10.06,10.06,10.06,10.28,10.28,10.28,10.28,10.49,10.49,10.49,1.65,1.65,1.65,1.65,1.65,1.64,1.64,1.64,1.64,1.64,5.55,5.56,5.57,5.57,5.58,5.59,5.6,5.61,5.62,5.62,77.35,0,1,1,0,0,0,-1,0,None,aggregation
26,137.76,remora8,remora0,11.12,11.34,11.34,11.55,11.55,11.54,11.54,11.76,11.76,11.76,10.49,10.72,10.72,10.93,10.93,10.92,10.92,11.14,11.14,11.14,1.63,1.63,1.63,1.63,1.63,1.62,1.62,1.62,1.62,1.61,5.63,5.64,5.64,5.65,5.66,5.67,5.68,5.68,5.69,5.7,84.2,0,1,1,0,0,0,-1,0,None,aggregation
26,138.76,remora8,remora0,11.76,11.96,11.96,11.96,11.96,12.17,12.17,12.17,12.37,12.37,11.14,11.35,11.35,11.34,11.34,11.56,11.56,11.56,11.76,11.76,1.61,1.61,1.61,1.6,1.6,1.6,1.59,1.59,1.59,1.59,5.71,5.71,5.72,5.73,5.73,5.74,5.75,5.76,5.77,5.78,90.15,0,1,1,0,0,0,-1,0,None,aggregation
26,139.76,remora8,remora0,12.37,12.36,12.36,12.57,12.57,12.57,12.57,12.77,12.77,12.77,11.76,11.76,11.76,11.97,11.97,11.97,11.97,12.17,12.17,12.17,1.58,1.58,1.58,1.57,1.57,1.57,1.56,1.56,1.56,1.55,5.78,5.79,5.8,5.8,5.81,5.82,5.83,5.84,5.84,5.85,96.17,0,1,1,0,0,0,-1,0,None,aggregation
26,140.76,remora8,remora0,12.76,12.97,12.97,12.96,0,0,0,0,0,0,12.16,12.37,12.37,12.37,0,0,0,0,0,0,1.55,1.54,1.54,1.54,1.53,1.53,1.53,1.53,1.53,1.53,5.86,5.87,5.88,5.89,5.9,5.9,5.9,5.9,5.9,5.9,94.71,0,1,1,0,0,0,-1,0,None,aggregation
26,141.76,remora8,remora0,0,0,0,0,0,0,0,0,0,0,0,0,0,0,0,0,0,0,0,0,1.53,1.53,1.53,1.53,1.53,1.53,1.53,1.53,1.53,1.53,5.9,5.9,5.9,5.9,5.9,5.9,5.91,5.91,5.9,5.9,86.6,0,1,1,0,0,0,-1,0,None,aggregation
26,142.76,remora8,remora0,0,0,0,0,0,0,0,0,0,0,0,0,0,0,0,0,0,0,0,0,1.53,1.53,1.53,1.53,1.53,1.53,1.53,1.53,1.53,1.53,5.9,5.9,5.9,5.9,5.91,5.91,5.9,5.9,5.9,5.9,78.54,0,1,1,0,0,0,-1,0,None,aggregation
26,143.76,remora8,remora0,0,0,0,0,0,0,0,0,0,0,0,0,0,0,0,0,0,0,0,0,1.53,1.53,1.53,1.53,1.53,1.54,1.54,1.54,1.54,1.54,5.9,5.91,5.91,5.91,5.91,5.91,5.9,5.9,5.9,5.9,70.12,0,1,1,0,0,0,-1,0,None,aggregation
26,144.76,remora8,remora0,0,0,0,0,0,0,0,0,0,0,0,0,0,0,0,0,0,0,0,0,1.54,1.54,1.54,1.54,1.54,1.54,1.54,1.54,1.54,1.54,5.9,5.9,5.91,5.91,5.91,5.91,5.91,5.91,5.91,5.91,60.84,0,1,1,0,0,0,-1,0,None,aggregation
26,145.76,remora8,remora0,0,0,0,0,0,0,0,0,0,0,0,0,0,0,0,0,0,0,0,0,1.54,1.54,1.54,1.54,1.54,1.54,1.54,1.54,1.54,1.54,5.91,5.91,5.91,5.9,5.9,5.91,5.91,5.91,5.91,5.9,50.9,0,1,1,0,0,0,-1,0,None,aggregation
26,146.76,remora8,remora0,0,0,0,0,0,0,0,0,0,0,0,0,0,0,0,0,0,0,0,0,1.54,1.54,1.54,1.54,1.54,1.54,1.54,1.54,1.54,1.54,5.9,5.9,5.9,5.9,5.9,5.9,5.89,5.89,5.89,5.9,40.3,0,1,0,0,0,0,-1,0,None,aggregation
26,147.76,remora8,remora0,0,3.26,3.26,3.26,3.26,3.52,3.52,3.51,3.51,3.51,0,4.02,4.02,4.02,4.02,4.27,4.27,4.27,4.27,4.27,1.54,1.54,1.54,1.54,1.54,1.54,1.53,1.53,1.53,1.53,5.9,5.9,5.9,5.9,5.9,5.9,5.9,5.9,5.91,5.91,32.49,0,1,0,0,0,0,-1,0,None,aggregation
26,148.76,remora8,remora0,3.51,3.75,3.75,4.01,4.01,4,4,4.01,4.01,4.24,4.27,4.5,4.5,4.75,4.75,4.75,4.75,4.75,4.75,4.98,1.53,1.53,1.53,1.52,1.52,1.52,1.52,1.52,1.52,1.52,5.91,5.92,5.92,5.92,5.92,5.92,5.92,5.93,5.93,5.93,25.02,0,1,0,0,0,0,-1,0,None,aggregation
26,149.76,remora8,remora0,4.24,4.49,4.49,4.49,4.73,4.73,4.73,4.98,4.98,4.98,4.98,5.23,5.23,5.23,5.46,5.46,5.46,5.71,5.71,5.71,1.52,1.51,1.51,1.51,1.51,1.51,1.51,1.51,1.5,1.5,5.94,5.94,5.94,5.95,5.95,5.95,5.95,5.96,5.96,5.96,17.8,0,1,0,0,0,0,-1,0,None,aggregation
26,150.76,remora8,remora0,4.98,4.98,4.98,5.21,5.21,5.46,5.46,5.46,5.46,5.46,5.71,5.7,5.7,5.94,5.94,6.18,6.18,6.18,6.18,6.18,1.5,1.5,1.5,1.5,1.5,1.5,1.49,1.49,1.49,1.49,5.96,5.97,5.97,5.97,5.97,5.98,5.99,5.99,5.99,6,18.38,1,0,0,0,0,0,-1,0,None,aggregation
26,151.76,remora8,remora0,5.46,5.69,5.69,5.94,5.94,5.94,5.94,5.94,5.94,5.94,6.18,6.41,6.41,6.65,6.65,6.65,6.65,6.65,6.65,6.65,1.49,1.49,1.49,1.49,1.49,1.48,1.48,1.48,1.48,1.48,6,6,6.01,6.01,6.02,6.02,6.03,6.03,6.03,6.03,24.58,1,0,0,0,0,0,-1,0,None,aggregation
26,152.76,remora8,remora0,6.17,6.42,6.42,6.41,6.41,6.41,6.41,6.64,6.64,6.89,6.88,7.12,7.12,7.11,7.11,7.11,7.11,7.34,7.34,7.58,1.48,1.48,1.48,1.48,1.48,1.47,1.47,1.47,1.47,1.47,6.04,6.04,6.04,6.04,6.05,6.05,6.06,6.06,6.07,6.07,31.41,1,0,0,0,0,0,-1,0,None,aggregation
26,153.76,remora8,remora0,6.89,6.89,6.89,6.88,6.88,6.89,6.89,7.11,7.11,7.36,7.58,7.58,7.58,7.58,7.58,7.58,7.58,7.81,7.81,8.04,1.47,1.47,1.47,1.47,1.47,1.47,1.47,1.47,1.47,1.47,6.08,6.08,6.08,6.09,6.09,6.1,6.1,6.11,6.11,6.12,38.74,1,0,0,0,0,0,-1,0,None,aggregation
26,154.76,remora8,remora0,7.36,7.36,7.36,7.36,7.36,7.36,7.83,7.83,7.83,7.83,8.04,8.04,8.04,8.04,8.04,8.04,8.51,8.51,8.51,8.5,1.47,1.46,1.46,1.46,1.46,1.46,1.46,1.46,1.46,1.46,6.12,6.13,6.13,6.14,6.14,6.15,6.15,6.16,6.16,6.17,46.62,1,0,1,0,0,0,-1,0,None,aggregation
26,155.76,remora8,remora0,7.83,7.82,7.82,7.83,7.83,7.83,7.83,8.05,8.29,8.29,8.5,8.5,8.5,8.5,8.5,8.5,8.5,8.73,8.96,8.96,1.46,1.46,1.46,1.46,1.46,1.46,1.46,1.46,1.46,1.46,6.17,6.18,6.18,6.19,6.19,6.2,6.2,6.21,6.21,6.22,54.9,1,0,1,0,0,0,-1,0,None,aggregation
26,156.76,remora8,remora0,8.29,8.29,8.29,8.29,8.3,8.3,8.3,8.3,8.3,8.53,8.96,8.96,8.96,8.96,8.96,8.96,8.96,8.97,8.97,9.19,1.46,1.47,1.47,1.47,1.47,1.47,1.47,1.47,1.47,1.47,6.22,6.23,6.23,6.24,6.24,6.25,6.26,6.26,6.27,6.28,63.55,1,0,1,0,0,0,-1,0,None,aggregation
26,157.76,remora8,remora0,8.53,8.53,8.53,8.77,8.77,8.77,8.77,8.77,8.77,8.77,9.19,9.19,9.19,9.43,9.43,9.43,9.43,9.43,9.43,9.43,1.47,1.47,1.47,1.47,1.47,1.48,1.48,1.48,1.48,1.48,6.29,6.29,6.3,6.3,6.31,6.31,6.32,6.33,6.34,6.34,69.18,1,0,1,0,0,0,-1,0,None,aggregation
26,158.76,remora8,remora0,8.77,8.77,8.77,8.78,8.78,8.78,8.78,8.78,8.79,8.79,9.43,9.43,9.43,9.44,9.44,9.44,9.44,9.44,9.45,9.45,1.48,1.48,1.49,1.49,1.49,1.49,1.49,1.49,1.5,1.5,6.35,6.36,6.36,6.37,6.37,6.38,6.39,6.4,6.41,6.41,73.99,1,0,1,0,0,0,-1,0,None,aggregation
26,159.76,remora8,remora0,8.79,9.01,9.02,9.02,9.02,9.02,9.02,9.02,9.03,9.03,9.45,9.67,9.67,9.67,9.67,9.68,9.68,9.68,9.68,9.68,1.5,1.5,1.5,1.51,1.51,1.51,1.51,1.52,1.52,1.52,6.42,6.43,6.43,6.44,6.45,6.45,6.46,6.47,6.48,6.48,78.26,0,1,1,0,0,0,-1,0,None,aggregation
26,160.76,remora8,remora0,9.03,9.03,9.03,9.04,9.04,9.04,9.04,9.05,8.83,8.83,9.68,9.69,9.69,9.69,9.7,9.7,9.7,9.71,9.49,9.49,1.52,1.53,1.53,1.53,1.54,1.54,1.54,1.54,1.55,1.55,6.49,6.49,6.5,6.51,6.52,6.52,6.53,6.54,6.55,6.55,81.96,0,1,1,0,0,0,-1,0,None,aggregation
26,161.76,remora8,remora0,8.83,8.84,8.84,8.85,8.85,8.85,8.85,8.86,8.86,8.87,9.49,9.5,9.5,9.5,9.5,9.51,9.51,9.52,9.52,9.53,1.56,1.56,1.56,1.57,1.57,1.57,1.58,1.58,1.59,1.59,6.56,6.57,6.58,6.58,6.59,6.6,6.6,6.61,6.62,6.62,84.94,0,1,1,0,0,0,-1,0,None,aggregation
26,162.76,remora8,remora0,8.87,8.87,8.64,8.65,8.65,8.66,8.66,8.44,8.44,8.45,9.53,9.53,9.3,9.31,9.31,9.32,9.32,9.11,9.11,9.12,1.6,1.6,1.6,1.61,1.61,1.62,1.62,1.63,1.63,1.64,6.63,6.64,6.64,6.65,6.66,6.67,6.68,6.68,6.69,6.7,87.07,0,1,1,0,0,0,-1,0,None,aggregation
26,163.76,remora8,remora0,8.45,8.22,8.22,8.23,8.23,8.25,8.25,8.03,8.03,7.8,9.12,8.89,8.89,8.9,8.9,8.92,8.92,8.7,8.7,8.48,1.65,1.65,1.66,1.66,1.67,1.68,1.68,1.69,1.7,1.7,6.7,6.71,6.71,6.72,6.73,6.73,6.74,6.75,6.76,6.77,88.26,0,1,1,0,0,0,-1,0,None,aggregation
26,164.76,remora8,remora0,7.8,7.82,7.82,7.83,7.62,7.62,7.62,7.62,7.39,7.41,8.48,8.49,8.49,8.51,8.3,8.3,8.3,8.3,8.07,8.09,1.71,1.72,1.72,1.73,1.74,1.75,1.75,1.76,1.77,1.78,6.77,6.78,6.78,6.79,6.8,6.8,6.81,6.82,6.83,6.84,88.36,0,1,1,0,0,0,-1,0,None,aggregation
26,165.76,remora8,remora0,7.41,7.2,7.2,6.96,6.96,6.98,6.98,6.98,6.53,6.54,8.09,7.89,7.89,7.66,7.66,7.68,7.68,7.68,7.23,7.24,1.79,1.79,1.8,1.81,1.82,1.83,1.84,1.85,1.86,1.87,6.85,5.8,5.8,5.81,5.82,5.82,5.83,5.84,5.85,5.85,87.41,0,1,1,0,0,0,-1,0,None,aggregation
26,166.76,remora8,remora0,6.54,6.57,6.57,6.11,6.11,6.13,6.13,5.91,5.91,5.69,7.24,7.27,7.27,6.82,6.82,6.84,6.84,6.62,6.62,6.41,1.88,1.89,1.9,1.91,1.92,1.93,1.94,1.95,1.97,1.98,5.86,5.87,5.88,5.88,5.89,5.9,5.91,5.92,5.92,5.93,85.27,0,1,1,0,0,0,-1,0,None,aggregation
26,167.76,remora8,remora0,5.69,5.72,5.72,5.72,5.26,5.29,5.07,5.07,5.07,4.86,6.41,6.44,6.44,6.44,5.99,6.01,5.79,5.79,5.79,5.59,1.99,2,2.01,2.03,2.04,2.05,2.07,2.08,2.09,2.11,5.94,5.94,5.95,5.96,5.96,5.97,5.98,5.98,5.99,6,81.95,0,1,1,0,0,0,-1,0,None,aggregation
26,168.76,remora8,remora0,4.86,4.9,4.9,4.67,4.67,4.47,4.47,4.24,4.24,4.05,5.59,5.62,5.62,5.4,5.4,5.2,5.2,4.99,4.99,4.79,2.12,2.13,2.15,2.16,2.18,2.19,2.21,2.22,2.24,2.25,6,6.01,6.02,6.03,6.04,6.05,6.05,6.06,6.06,6.07,77.76,0,1,1,0,0,0,-1,0,None,aggregation
26,169.76,remora8,remora0,4.05,4.08,4.08,3.86,3.86,3.67,3.67,3.67,3.45,3.49,4.79,4.83,4.83,4.61,4.61,4.42,4.42,4.42,4.2,4.24,2.27,2.28,2.3,2.32,2.33,2.35,2.37,2.39,2.4,2.42,6.08,6.08,6.09,6.1,6.11,6.12,6.13,6.13,6.14,6.15,72.6,0,1,1,0,0,0,-1,0,None,aggregation
26,170.76,remora8,remora0,3.49,3.3,3.3,3.08,3.08,3.13,3.13,3.18,3.18,2.73,4.24,4.06,4.06,3.84,3.84,3.89,3.89,3.94,3.94,3.5,2.44,2.46,2.47,2.49,2.51,7.98,7.98,7.98,7.99,8,6.15,6.16,6.17,6.18,6.18,8.02,8.03,8.03,8.04,8.04,66.81,0,0,1,0,0,0,-1,0,None,aggregation
26,171.76,remora8,remora0,2.73,2.78,2.78,2.83,2.83,2.9,2.9,2.44,2.44,2.5,3.5,3.54,3.54,3.6,3.6,3.66,3.66,3.22,3.22,3.27,8,8,8,8,8,8.01,8.01,8.02,8.02,8.03,8.04,8.04,8.04,8.04,8.04,8.05,8.05,8.05,8.06,8.06,60.73,0,0,1,0,0,0,-1,0,None,aggregation
26,172.76,remora8,remora0,2.5,2.56,2.56,2.63,2.63,0,0,0,0,16.53,3.27,3.33,3.33,3.4,3.4,0,0,0,0,16.01,8.03,8.03,8.03,8.03,8.03,8.03,8.03,8.04,8.04,8.04,8.06,8.06,8.07,8.07,8.07,8.07,8.07,8.07,8.06,8.07,54.87,0,0,1,0,0,0,-1,0,None,aggregation
26,173.76,remora8,remora0,16.53,16.92,16.92,16.96,16.96,16.97,16.97,0,0,0,16.01,16.41,16.41,16.44,16.44,16.46,16.46,0,0,0,8.05,8.07,8.08,8.1,8.11,8.13,8.14,8.15,8.15,8.15,8.08,8.09,8.1,8.12,8.13,8.15,8.16,8.17,8.17,8.17,58.01,0,0,1,0,0,0,-1,0,None,aggregation
26,174.76,remora8,remora0,0,16.56,16.56,16.56,16.16,0,0,30,30,30,0,16.04,16.04,16.04,15.63,0,0,30,30,30,8.15,8.16,8.17,8.18,8.19,8.2,8.21,8.22,8.25,8.27,8.17,8.18,8.19,8.2,8.22,8.23,8.23,8.24,8.27,8.29,65.49,0,0,1,0,0,0,-1,0,None,aggregation
26,175.76,remora8,remora0,30,0,14.99,14.99,14.99,0,0,0,0,14.15,30,0,14.44,14.44,14.44,0,0,0,0,13.58,8.3,8.32,8.32,8.32,8.33,8.34,8.34,8.35,8.35,8.36,8.32,8.34,8.34,8.34,8.35,8.36,8.36,8.36,8.36,8.36,66.97,0,0,1,0,0,0,-1,0,None,aggregation
26,176.76,remora8,remora0,14.15,14.11,14.11,13.69,13.69,13.27,13.27,13.24,13.24,12.81,13.58,13.54,13.54,13.11,13.11,12.68,12.68,12.65,12.65,12.21,8.37,8.38,8.39,8.4,8.41,8.42,8.44,8.45,8.46,8.47,8.37,8.38,8.4,8.41,8.42,8.43,8.44,8.45,8.46,8.48,73.72,0,0,1,0,0,0,-1,0,None,aggregation
26,177.76,remora8,remora0,12.81,12.38,12.38,12.36,12.36,11.92,11.92,11.71,11.47,11.47,12.21,11.78,11.78,11.75,11.75,11.31,11.31,11.09,10.84,10.84,8.49,8.49,2.7,2.69,2.69,2.68,2.67,2.66,2.66,2.65,8.49,8.49,6.57,6.57,6.58,6.58,6.59,6.59,6.59,6.6,79.78,0,1,1,0,0,0,-1,0,None,aggregation
26,178.76,remora8,remora0,11.47,11.03,11.03,11.01,11.01,10.57,10.57,10.57,10.56,10.35,10.84,10.4,10.4,10.38,10.38,9.93,9.93,9.93,9.92,9.71,2.65,2.64,2.64,2.63,2.63,2.62,2.62,2.61,2.61,2.61,6.6,6.61,6.61,6.62,6.62,6.63,6.63,6.63,6.64,6.64,85.37,0,1,1,0,0,0,-1,0,None,aggregation
26,179.76,remora8,remora0,10.35,10.1,10.1,10.1,10.1,9.65,9.65,9.64,9.64,9.43,9.71,9.46,9.46,9.45,9.45,8.99,8.99,8.99,8.99,8.77,2.6,2.6,2.6,2.59,2.59,2.59,2.59,2.59,2.58,2.58,6.65,6.65,6.66,6.66,6.67,6.67,6.68,6.68,6.68,6.69,90.76,0,1,1,0,0,0,-1,0,None,aggregation
26,180.76,remora8,remora0,9.43,9.19,9.19,9.19,9.19,9.19,9.19,9.19,8.97,8.97,8.77,8.53,8.53,8.52,8.52,8.52,8.52,8.52,8.3,8.3,2.58,2.58,2.58,2.58,2.58,2.58,2.58,2.57,2.57,2.57,6.69,6.7,6.7,6.7,6.71,6.71,6.72,6.73,6.74,6.74,96.05,0,1,1,0,0,0,-1,0,None,aggregation
26,181.76,remora8,remora0,8.73,8.73,8.73,8.73,8.73,8.73,8.73,8.73,8.73,8.52,8.06,8.06,8.06,8.06,8.06,8.06,8.06,8.06,8.06,7.84,2.57,2.57,2.57,2.57,2.57,2.57,2.57,2.58,2.58,2.58,6.75,6.75,6.76,6.76,6.77,6.77,6.78,6.78,6.79,6.79,101.33,0,1,1,0,0,0,-1,0,None,aggregation
26,124.76,remora8,remora3,-25.36,-25.34,-25.34,-8.5,-8.49,-24.74,12.7,12.7,-24.26,-24.26,-26.18,-26.15,-26.15,-9.31,-9.3,-25.55,12.11,12.11,-25.07,-25.07,3.7,3.72,3.73,3.74,3.74,3.74,3.75,3.75,3.73,3.74,4.66,4.67,4.67,4.68,4.68,4.68,4.69,4.69,4.69,4.69,114.81,0,0,1,0,0,0,98.3,1,GradualMotor,aggregation
26,125.76,remora8,remora3,-7.8,-7.79,-6.53,-6.52,-23.42,-23.4,-5.89,-5.89,-5.88,-22.8,-8.61,-8.6,-7.33,-7.33,-24.22,-24.2,-6.7,-6.69,-6.68,-23.6,3.75,3.75,3.75,3.75,3.75,3.78,3.82,3.85,3.87,3.9,4.7,4.71,4.71,4.71,4.71,4.73,4.74,4.75,4.76,4.78,126.8,0,0,1,0,0,0,97.3,1,GradualMotor,aggregation
26,126.76,remora8,remora3,14.55,14.54,-4.51,-4.51,-3.33,-3.32,15.98,15.97,-1.99,-1.99,14.01,14,-5.31,-5.3,-4.12,-4.12,15.48,15.46,-2.78,-2.78,3.94,3.96,3.96,3.96,3.96,3.95,3.95,3.95,3.95,3.94,4.79,4.79,4.79,4.79,4.79,4.79,4.79,4.79,4.79,4.79,135.01,0,0,1,0,0,0,96.3,1,GradualMotor,aggregation
26,127.76,remora8,remora3,-1.98,-0.82,-20.58,-20.55,17.79,17.77,17.76,1.84,28.31,28.28,-2.77,-1.61,-21.36,-21.34,17.34,17.32,17.3,1.08,28.23,28.2,3.94,3.93,3.92,3.94,3.97,3.97,3.97,3.96,3.95,3.92,4.79,4.79,4.79,4.8,4.81,4.81,4.81,4.8,4.8,4.8,150.62,0,0,1,0,0,0,95.3,1,GradualMotor,aggregation
26,128.76,remora8,remora3,-19.72,-19.72,-19.67,4.87,19.85,19.85,19.81,2.86,20.8,20.77,-20.5,-20.5,-20.46,4.17,19.45,19.45,19.41,2.13,20.42,20.4,3.89,3.89,3.89,3.9,3.89,3.88,3.87,3.86,3.85,3.83,4.78,4.78,4.79,4.8,4.79,4.79,4.78,4.78,4.77,4.76,167.36,0,0,1,0,0,0,94.3,1,GradualMotor,aggregation
26,129.76,remora8,remora3,14.03,14.01,21.54,21.51,4.95,4.95,4.94,10.71,-19.01,-18.99,13.5,13.49,21.19,21.16,4.26,4.26,4.25,10.12,-19.77,-19.75,3.81,3.81,3.81,3.79,3.77,3.77,3.78,3.77,3.75,3.75,4.75,4.75,4.74,4.73,4.73,4.73,4.73,4.73,4.72,4.73,165.91,0,0,1,0,0,0,93.3,1,GradualMotor,aggregation
26,130.76,remora8,remora3,-18.97,12.45,6.22,6.22,6.21,13.05,13.69,13.68,13.66,-18.68,-19.73,11.91,5.56,5.56,5.55,12.52,13.17,13.16,13.15,-19.44,3.76,3.77,3.77,3.77,3.78,3.77,3.75,3.73,3.7,3.71,4.74,4.74,4.74,4.74,4.75,4.74,4.74,4.73,4.73,4.73,151.31,0,0,1,0,0,0,92.3,1,GradualMotor,aggregation
26,131.76,remora8,remora3,14.86,14.84,14.83,23.54,7.54,7.54,7.68,7.68,7.67,23.97,14.37,14.36,14.34,23.27,6.92,6.91,7.06,7.06,7.05,23.73,3.73,3.73,3.71,3.7,3.69,3.68,3.66,3.65,3.64,3.63,4.75,4.74,4.74,4.73,4.72,4.72,4.71,4.71,4.71,4.71,148.03,0,0,1,0,0,0,91.3,1,GradualMotor,aggregation
26,132.76,remora8,remora3,7.79,7.79,7.78,7.78,17.41,-18.61,17.33,17.31,17.29,-18.13,7.18,7.17,7.16,7.16,16.99,-19.35,16.91,16.89,16.87,-18.87,3.61,3.6,3.59,3.58,3.56,3.56,3.57,3.55,3.54,3.54,4.7,4.7,4.7,4.7,4.69,4.69,4.7,4.69,4.69,4.69,143.29,0,0,1,0,0,0,90.3,1,GradualMotor,aggregation
26,133.76,remora8,remora3,-18.1,-18.08,23.61,23.59,-17.36,-17.34,-17.01,-16.99,23.44,23.41,-18.85,-18.82,23.37,23.35,-18.1,-18.08,-17.74,-17.72,23.19,23.17,3.55,3.56,3.57,3.56,3.53,3.55,3.56,3.58,3.59,3.57,4.7,4.71,4.72,4.72,4.71,4.72,4.73,4.75,4.76,4.76,143.85,0,0,1,0,0,0,89.3,1,GradualMotor,aggregation
26,134.76,remora8,remora3,-15.91,-15.89,15.48,15.46,-15.51,-15.49,-15.12,-15.1,-15.08,7.85,-16.64,-16.62,15.03,15.01,-16.24,-16.22,-15.85,-15.83,-15.81,7.26,3.55,3.55,3.56,3.54,3.53,3.54,3.55,3.56,3.57,3.58,4.76,4.76,4.77,4.76,4.76,4.77,4.78,4.79,4.8,4.8,139.28,0,0,1,0,0,0,88.3,1,GradualMotor,aggregation
26,135.76,remora8,remora3,13.9,13.89,13.87,-14.24,-13.86,-13.85,22.54,22.54,12.88,12.86,13.43,13.41,13.4,-14.96,-14.58,-14.57,22.29,22.29,12.39,12.38,3.57,3.56,3.54,3.53,3.54,3.55,3.56,3.55,3.53,3.52,4.8,4.8,4.8,4.81,4.82,4.83,4.84,4.84,4.83,4.83,142.7,0,0,1,0,0,0,87.3,1,GradualMotor,aggregation
26,136.76,remora8,remora3,12.85,12.85,-13.22,-12.89,22.12,22.1,7.41,7.4,7.39,12.11,12.36,12.36,-13.93,-13.6,21.87,21.84,6.82,6.82,6.81,11.62,3.5,3.5,3.51,3.51,3.52,3.51,3.5,3.49,3.48,3.47,4.83,4.83,4.84,4.85,4.86,4.86,4.86,4.86,4.87,4.87,147.41,0,0,1,0,0,0,86.3,1,GradualMotor,aggregation
26,137.76,remora8,remora3,12.1,-11.93,-11.91,11.56,11.27,11.26,21.6,21.58,21.55,7.27,11.6,-12.64,-12.62,11.06,10.76,10.75,21.34,21.32,21.29,6.69,3.46,3.46,3.47,3.47,3.46,3.44,3.43,3.41,3.39,3.38,4.86,4.87,4.87,4.88,4.87,4.88,4.88,4.88,4.88,4.87,145.9,0,0,1,0,0,0,85.3,1,GradualMotor,aggregation
26,138.76,remora8,remora3,7.26,7.37,21.55,21.52,7.36,7.35,21.45,21.42,-10.82,-10.81,6.68,6.8,21.29,21.27,6.79,6.78,21.19,21.17,-11.51,-11.5,3.37,3.37,3.36,3.35,3.33,3.32,3.31,3.3,3.28,3.28,4.87,4.87,4.87,4.86,4.86,4.86,4.87,4.87,4.87,4.87,142.76,0,0,1,0,0,0,84.3,1,GradualMotor,aggregation
26,139.76,remora8,remora3,-10.79,10.09,-10.52,-10.51,7.04,7.03,20.79,20.76,-10.2,-10.2,-11.49,9.57,-11.21,-11.2,6.47,6.47,20.53,20.5,-10.89,-10.89,3.29,3.29,3.28,3.29,3.29,3.29,3.28,3.27,3.25,3.25,4.88,4.88,4.88,4.89,4.9,4.9,4.91,4.9,4.9,4.9,141.3,0,0,1,0,0,0,83.3,1,GradualMotor,aggregation
26,140.76,remora8,remora3,-10.18,-9.98,-9.97,-9.92,6.54,6.53,6.52,7.55,-9.48,-9.47,-10.86,-10.66,-10.65,-10.6,5.97,5.96,5.96,7,-10.16,-10.14,3.26,3.27,3.28,3.28,3.28,3.28,3.28,3.27,3.27,3.27,4.91,4.92,4.94,4.95,4.96,4.96,4.96,4.95,4.95,4.95,137.87,0,0,1,0,0,0,82.3,1,GradualMotor,aggregation
26,141.76,remora8,remora3,7.04,7.04,6.84,6.84,6.31,6.3,6.49,6.49,6.48,6.39,6.48,6.48,6.28,6.28,5.74,5.73,5.93,5.93,5.92,5.83,3.27,3.27,3.27,3.26,3.25,3.24,3.24,3.23,3.23,3.23,4.95,4.95,4.95,4.95,4.94,4.93,4.93,4.93,4.93,4.93,131.46,0,0,1,0,0,0,81.3,1,GradualMotor,aggregation
26,142.76,remora8,remora3,-9.02,-9.01,5.73,5.73,6.17,6.16,5.1,5.09,5.09,-8.63,-9.69,-9.67,5.16,5.16,5.61,5.6,4.52,4.52,4.51,-9.29,3.23,3.23,3.23,3.23,3.22,3.22,3.22,3.21,3.21,3.21,4.92,4.92,4.92,4.93,4.93,4.92,4.92,4.91,4.91,4.91,124.34,0,0,1,0,0,0,80.3,1,GradualMotor,aggregation
26,143.76,remora8,remora3,-8.62,-8.61,5.87,5.86,5.74,5.74,-8.32,-8.31,-8.42,-8.41,-9.28,-9.27,5.31,5.3,5.18,5.18,-8.97,-8.96,-9.07,-9.06,3.22,3.22,3.22,3.22,3.22,3.22,3.22,3.22,3.23,3.24,4.92,4.93,4.94,4.93,4.93,4.93,4.92,4.92,4.92,4.93,111.75,0,0,1,0,0,0,79.3,1,GradualMotor,aggregation
26,144.76,remora8,remora3,-8.4,-8.39,5.51,5.5,-8.36,-8.35,-8.3,-8.29,-8.28,-8.38,-9.05,-9.04,4.95,4.94,-9.01,-9,-8.95,-8.94,-8.93,-9.02,3.24,3.25,3.26,3.25,3.25,3.25,3.26,3.26,3.26,3.27,4.93,4.94,4.94,4.95,4.95,4.95,4.95,4.95,4.96,4.96,104.86,0,0,1,0,0,0,78.3,1,GradualMotor,aggregation
26,145.76,remora8,remora3,17.11,17.08,4.87,4.86,-8.27,-8.26,-8.17,-8.16,16.7,16.68,16.79,16.77,4.31,4.3,-8.91,-8.9,-8.81,-8.8,16.39,16.36,3.27,3.27,3.26,3.26,3.26,3.27,3.28,3.28,3.29,3.29,4.96,4.95,4.94,4.94,4.95,4.95,4.96,4.97,4.97,4.96,100.48,0,0,1,0,0,0,77.3,1,GradualMotor,aggregation
26,146.76,remora8,remora3,16.66,16.63,4.78,4.78,16.8,16.78,-8.06,-8.05,-8.04,-8.04,16.34,16.32,4.23,4.23,16.5,16.48,-8.69,-8.68,-8.66,-8.66,3.28,3.27,3.26,3.25,3.24,3.23,3.23,3.23,3.24,3.25,4.95,4.94,4.93,4.92,4.92,4.91,4.91,4.91,4.92,4.93,98.43,0,0,1,0,0,0,76.3,1,GradualMotor,aggregation
26,147.76,remora8,remora3,-7.98,-7.97,-7.96,4.6,1.3,1.3,0.78,0.78,-8.04,-8.03,-8.6,-8.59,-8.58,4.05,0.7,0.7,0.16,0.16,-8.66,-8.64,3.25,3.26,3.27,3.28,3.28,3.28,3.29,3.28,3.28,3.29,4.94,4.94,4.95,4.95,4.95,4.95,4.95,4.95,4.95,4.95,89.2,0,0,1,0,0,0,75.3,1,GradualMotor,aggregation
26,148.76,remora8,remora3,-8.02,-8.12,15.73,15.71,0.06,0.06,0.06,-8.14,-8.1,-8.09,-8.63,-8.74,15.41,15.39,-0.56,-0.56,-0.56,-8.75,-8.71,-8.7,3.3,3.31,3.32,3.31,3.3,3.3,3.31,3.31,3.31,3.32,4.96,4.97,4.98,4.98,4.97,4.97,4.97,4.97,4.99,5,82.99,0,0,1,0,0,0,74.3,1,GradualMotor,aggregation
26,149.76,remora8,remora3,-8.09,3.64,-0.14,-0.14,-7.99,-7.98,-7.98,-0.26,-0.64,-0.64,-8.7,3.09,-0.75,-0.75,-8.6,-8.59,-8.59,-0.87,-1.25,-1.24,3.34,3.34,3.33,3.34,3.34,3.35,3.37,3.37,3.38,3.38,5.01,5.02,5.01,5.01,5.02,5.02,5.03,5.03,5.03,5.04,75.13,0,0,1,0,0,0,73.3,1,GradualMotor,aggregation
26,150.76,remora8,remora3,3.33,3.32,3.32,-8.08,-8.24,-8.23,-8.16,-8.15,-8.06,-8.05,2.78,2.78,2.77,-8.68,-8.84,-8.83,-8.76,-8.75,-8.65,-8.64,3.39,3.39,3.39,3.39,3.39,3.42,3.43,3.45,3.45,3.45,5.05,5.05,5.05,5.05,5.06,5.07,5.08,5.09,5.1,5.11,73.25,0,0,1,0,0,0,72.3,1,GradualMotor,aggregation
26,151.76,remora8,remora3,-1.21,-1.21,-1.2,-8.24,-8.22,-8.16,-8.14,2.87,13.81,13.81,-1.8,-1.8,-1.8,-8.83,-8.81,-8.74,-8.73,2.32,13.49,13.49,3.45,3.46,3.47,3.49,3.51,3.51,3.51,3.51,3.5,3.47,5.11,5.12,5.13,5.14,5.15,5.16,5.17,5.17,5.17,5.17,73.74,0,0,1,0,0,0,71.3,1,GradualMotor,aggregation
26,152.76,remora8,remora3,13.77,13.76,-7.75,-7.74,-0.49,-0.49,-0.24,-0.24,14.2,14.18,13.45,13.43,-8.33,-8.32,-1.07,-1.07,-0.82,-0.82,13.89,13.87,3.45,3.44,3.42,3.42,3.42,3.44,3.46,3.48,3.5,3.48,5.16,5.16,5.16,5.16,5.17,5.18,5.19,5.2,5.21,5.21,74.67,0,0,1,0,0,0,70.3,1,GradualMotor,aggregation
26,153.76,remora8,remora3,3.53,3.53,3.52,0.32,-7.42,-7.41,-7.39,-7.2,-7.19,3.91,3.01,3.01,3,-0.25,-7.99,-7.98,-7.97,-7.77,-7.76,3.4,3.46,3.45,3.43,3.42,3.42,3.43,3.46,3.46,3.46,3.45,5.21,5.21,5.21,5.21,5.21,5.23,5.24,5.25,5.25,5.26,72.35,0,0,1,0,0,0,69.29,1,GradualMotor,aggregation
26,154.76,remora8,remora3,3.83,3.82,0.65,0.65,0.65,0.63,1.42,1.41,1.41,14.72,3.32,3.32,0.09,0.09,0.09,0.07,0.87,0.87,0.87,14.44,3.44,3.43,3.42,3.43,3.44,3.46,3.47,3.46,3.45,3.44,5.26,5.27,5.27,5.28,5.29,5.3,5.3,5.31,5.31,5.31,67.03,0,0,1,0,0,0,68.29,1,GradualMotor,aggregation
26,155.76,remora8,remora3,14.7,14.88,1.92,1.92,1.91,1.9,1.9,2.24,2.54,2.54,14.42,14.61,1.39,1.39,1.38,1.38,1.38,1.72,2.03,2.02,3.41,3.4,3.4,3.41,3.42,3.41,3.4,3.39,3.38,3.37,5.31,5.31,5.31,5.32,5.32,5.33,5.33,5.33,5.33,5.33,60.41,0,0,1,0,0,0,67.29,1,GradualMotor,aggregation
26,156.76,remora8,remora3,2.53,2.53,5.69,5.68,-5.78,-5.78,-5.77,-5.78,-5.77,2.88,2.02,2.02,5.23,5.22,-6.33,-6.32,-6.31,-6.33,-6.32,2.38,3.36,3.34,3.32,3.3,3.29,3.29,3.28,3.3,3.32,3.34,5.34,5.34,5.33,5.33,5.34,5.34,5.35,5.36,5.37,5.39,54.37,0,0,1,0,0,0,66.29,1,GradualMotor,aggregation
26,157.76,remora8,remora3,2.87,15.37,15.69,15.67,15.65,3.9,-5.26,-5.26,-5.12,-5.11,2.38,15.13,15.46,15.44,15.42,3.43,-5.8,-5.8,-5.66,-5.65,3.35,3.36,3.35,3.33,3.3,3.28,3.27,3.28,3.29,3.31,5.4,5.4,5.4,5.4,5.39,5.39,5.39,5.4,5.42,5.43,58.5,0,0,1,0,0,0,65.29,1,GradualMotor,aggregation
26,158.76,remora8,remora3,-5.1,4.15,15.79,15.76,15.74,6.98,-4.74,-4.73,-4.55,-4.55,-5.64,3.68,15.57,15.55,15.52,6.57,-5.27,-5.26,-5.08,-5.07,3.32,3.32,3.31,3.29,3.26,3.26,3.26,3.28,3.3,3.3,5.44,5.45,5.45,5.45,5.44,5.44,5.45,5.46,5.48,5.49,59.37,0,0,1,0,0,0,64.29,1,GradualMotor,aggregation
26,159.76,remora8,remora3,-4.54,-4.46,4.98,4.98,4.97,16.07,16.04,7.85,5.75,5.75,-5.07,-4.99,4.54,4.54,4.53,15.88,15.85,7.46,5.32,5.32,3.3,3.29,3.29,3.28,3.27,3.26,3.26,3.26,3.27,3.26,5.5,5.5,5.51,5.52,5.52,5.52,5.52,5.52,5.52,5.52,62.82,0,0,1,0,0,0,63.29,1,GradualMotor,aggregation
26,160.76,remora8,remora3,5.73,-3.83,-3.88,-3.87,-3.74,-3.74,8.54,8.53,-3.4,-3.39,5.31,-4.35,-4.39,-4.39,-4.25,-4.25,8.18,8.16,-3.91,-3.9,3.25,3.24,3.23,3.23,3.22,3.21,3.21,3.22,3.23,3.24,5.52,5.52,5.53,5.53,5.54,5.54,5.55,5.56,5.56,5.57,60.99,0,0,1,0,0,0,62.29,1,GradualMotor,aggregation
26,161.76,remora8,remora3,6.99,6.98,6.96,7.08,-3.2,-3.19,16.55,16.52,16.49,16.58,6.6,6.59,6.58,6.69,-3.71,-3.7,16.4,16.37,16.34,16.43,3.25,3.24,3.22,3.21,3.19,3.2,3.21,3.21,3.2,3.18,5.58,5.58,5.58,5.58,5.58,5.58,5.59,5.59,5.59,5.59,64.15,0,0,1,0,0,0,61.29,1,GradualMotor,aggregation
26,162.76,remora8,remora3,-2.78,-2.78,-2.85,-2.84,-2.73,-2.73,-2.72,-2.64,16.64,16.62,-3.28,-3.28,-3.35,-3.34,-3.23,-3.22,-3.22,-3.13,16.51,16.48,3.16,3.15,3.14,3.16,3.18,3.18,3.17,3.16,3.15,3.13,5.58,5.59,5.59,5.61,5.62,5.62,5.63,5.63,5.63,5.63,62.47,0,0,1,0,0,0,60.29,1,GradualMotor,aggregation
26,163.76,remora8,remora3,16.59,9.73,9.71,8.38,8.53,8.51,8.5,-2.23,8.73,8.72,16.46,9.41,9.4,8.03,8.19,8.17,8.16,-2.72,8.4,8.39,3.1,3.08,3.06,3.04,3.02,3.02,3.02,3.03,3.04,3.05,5.62,5.62,5.61,5.61,5.61,5.61,5.62,5.62,5.63,5.64,66.17,0,0,1,0,0,0,59.29,1,GradualMotor,aggregation
26,164.76,remora8,remora3,16.71,16.69,8.99,8.98,-1.9,-1.9,-1.9,-1.9,-1.74,-1.73,16.6,16.58,8.67,8.66,-2.39,-2.39,-2.38,-2.38,-2.22,-2.21,3.04,3.02,3,2.99,2.99,3,3.01,3.03,3.04,3.04,5.64,5.64,5.64,5.64,5.64,5.65,5.66,5.67,5.68,6.55,69.85,0,0,1,0,0,0,58.29,1,GradualMotor,aggregation
26,165.76,remora8,remora3,16.69,16.67,16.64,16.64,-1.54,-1.54,-1.54,-1.54,-1.54,9.91,16.6,16.57,16.54,16.55,-2.02,-2.02,-2.01,-2.01,-2.01,9.62,3.03,3.01,2.99,2.98,2.97,2.98,2.99,2.99,2.98,2.97,6.55,6.54,6.54,6.53,6.53,6.53,6.53,6.53,6.53,6.53,73.96,0,1,1,0,0,0,57.29,1,GradualMotor,aggregation
26,166.76,remora8,remora3,-1.33,-1.33,-1.3,-1.3,-1.21,-1.21,10.3,10.28,10.43,10.42,-1.8,-1.8,-1.77,-1.76,-1.67,-1.67,10.03,10.01,10.16,10.15,2.95,2.96,2.97,2.96,2.95,2.96,2.97,2.97,2.97,2.95,6.52,6.52,6.53,6.52,6.52,6.52,6.53,6.52,6.52,6.52,74.12,0,1,1,0,0,0,56.29,1,GradualMotor,aggregation
26,167.76,remora8,remora3,-1,-1,10.62,10.62,11.21,11.19,10.64,10.62,10.6,10.6,-1.47,-1.46,10.36,10.36,10.96,10.94,10.38,10.36,10.34,10.34,2.93,2.92,2.91,2.92,2.92,2.92,2.91,2.9,2.88,2.86,6.51,6.51,6.51,6.51,6.51,6.51,6.5,6.5,6.5,6.49,73.87,0,1,1,0,0,0,55.29,1,GradualMotor,aggregation
26,168.76,remora8,remora3,-0.73,-0.73,10.8,10.78,-0.42,-0.41,10.91,10.89,10.91,10.89,-1.18,-1.18,10.55,10.53,-0.87,-0.86,10.67,10.65,10.67,10.65,2.85,2.87,2.89,2.9,2.91,2.91,2.9,2.88,2.86,2.84,6.49,6.49,6.5,6.5,6.5,6.5,6.5,6.49,6.49,6.48,72.36,0,1,1,0,0,0,54.29,1,GradualMotor,aggregation
26,169.76,remora8,remora3,-0.39,-0.39,-0.39,-0.48,-0.43,-0.43,11.01,11.01,10.97,11.06,-0.83,-0.83,-0.83,-0.92,-0.87,-0.87,10.77,10.77,10.73,10.83,2.82,2.81,2.8,2.8,2.82,2.83,2.84,2.83,2.81,2.79,6.48,6.48,6.48,6.48,6.48,6.48,6.48,6.48,6.48,6.47,69.66,0,1,1,0,0,0,53.29,1,GradualMotor,aggregation
26,170.76,remora8,remora3,-0.22,-0.22,-0.26,-0.26,-0.22,-0.22,-0.25,-0.25,11.33,11.31,-0.65,-0.65,-0.69,-0.69,-0.66,-0.66,-0.68,-0.68,11.12,11.1,2.77,2.78,2.79,2.78,2.77,2.76,2.76,2.77,2.78,2.78,6.47,6.47,6.48,6.47,6.47,5.81,5.8,5.8,5.8,5.79,67.28,0,1,1,0,0,0,52.29,1,GradualMotor,aggregation
26,171.76,remora8,remora3,11.4,11.38,-0.05,-0.05,-0.11,-0.11,-0.11,-0.1,0.06,0.06,11.19,11.17,-0.48,-0.48,-0.53,-0.53,-0.53,-0.53,-0.36,-0.36,2.78,2.77,2.75,2.73,2.73,2.74,2.75,2.76,2.77,2.77,5.79,5.78,5.77,5.76,5.75,5.75,5.75,5.74,5.74,5.73,59.75,0,1,1,0,0,0,51.29,1,GradualMotor,aggregation
26,172.76,remora8,remora3,0.04,0.04,0.04,0.04,11.51,11.49,11.57,11.55,11.62,11.59,-0.38,-0.38,-0.38,-0.38,11.32,11.29,11.38,11.36,11.43,11.41,2.76,2.75,2.74,2.73,2.72,2.72,2.72,2.73,2.73,2.71,5.72,5.72,5.71,5.7,5.69,5.69,5.68,5.68,5.67,5.66,60.97,0,1,1,0,0,0,50.29,1,GradualMotor,aggregation
26,173.76,remora8,remora3,0.12,0.12,11.45,11.43,0.17,0.17,0.13,0.12,0.1,0.1,-0.29,-0.29,11.27,11.24,-0.24,-0.24,-0.28,-0.28,-0.31,-0.31,2.69,2.68,2.68,2.68,2.68,2.67,2.66,2.65,2.65,2.66,5.65,5.65,5.64,5.64,5.64,5.63,5.63,5.62,5.62,5.61,54.45,0,1,1,0,0,0,49.29,1,GradualMotor,aggregation
26,174.76,remora8,remora3,11.52,11.49,0.34,0.34,0.25,0.25,0.24,0.24,0.29,0.29,11.34,11.32,-0.06,-0.06,-0.15,-0.15,-0.16,-0.16,-0.11,-0.11,2.68,2.66,2.65,2.63,2.62,2.63,2.65,2.66,2.67,2.66,5.61,5.6,5.59,5.59,5.58,5.58,5.58,5.58,5.58,5.58,50.45,0,1,1,0,0,0,48.29,1,GradualMotor,aggregation
26,175.76,remora8,remora3,11.8,11.78,11.63,11.61,0.32,0.32,0.26,0.26,11.49,11.47,11.64,11.62,11.47,11.45,-0.07,-0.07,-0.13,-0.13,11.33,11.31,2.65,2.63,2.61,2.59,2.57,2.58,2.59,2.61,2.63,2.61,5.58,5.58,5.56,5.56,5.55,5.55,5.54,5.54,5.54,5.53,48.91,0,1,1,0,0,0,47.29,1,GradualMotor,aggregation
26,176.76,remora8,remora3,11.44,0.45,0.45,11.44,11.46,11.44,0.45,0.45,0.47,0.47,11.29,0.07,0.07,11.29,11.31,11.29,0.07,0.07,0.09,0.09,2.6,2.58,2.57,2.55,2.54,2.54,2.54,2.56,2.58,2.57,5.53,5.53,5.53,5.52,5.52,5.52,5.53,5.53,5.54,5.54,48.63,0,1,1,0,0,0,46.29,1,GradualMotor,aggregation
26,177.76,remora8,remora3,11.29,11.27,11.25,0.61,0.61,11.08,11.05,0.68,0.61,0.61,11.14,11.12,11.1,0.24,0.24,10.92,10.9,0.32,0.25,0.25,2.56,2.54,2.52,2.51,2.5,2.51,2.51,2.5,2.49,2.48,5.53,5.52,6.28,6.28,6.27,6.27,6.27,6.26,6.26,6.26,45.65,0,1,1,0,0,0,45.29,1,GradualMotor,aggregation
26,178.76,remora8,remora3,0.59,0.59,10.94,10.92,0.8,0.8,10.94,10.94,0.85,0.85,0.22,0.22,10.79,10.77,0.44,0.44,10.79,10.79,0.5,0.5,2.47,2.47,2.48,2.49,2.49,2.48,2.47,2.46,2.44,2.44,6.25,6.25,6.25,6.25,6.25,6.25,6.24,6.23,6.23,6.22,43.57,0,1,0,0,0,0,44.29,1,GradualMotor,aggregation
26,179.76,remora8,remora3,0.79,0.79,10.88,10.85,10.83,1.01,1.01,10.72,1.05,1.05,0.44,0.43,10.73,10.71,10.69,0.67,0.67,10.58,0.71,0.7,2.46,2.47,2.49,2.47,2.46,2.44,2.43,2.42,2.4,2.4,6.22,6.22,6.22,6.21,6.2,6.2,6.19,6.18,6.18,6.17,43.6,0,1,0,0,0,0,43.29,1,GradualMotor,aggregation
26,180.76,remora8,remora3,1.04,10.34,1.19,1.18,1.18,1.12,-9.7,-9.7,-9.65,-9.65,0.7,10.2,0.85,0.85,0.85,0.79,-10.05,-10.05,-10,-10,2.41,2.4,2.38,2.37,2.36,2.36,2.38,2.41,2.43,2.43,6.17,6.17,6.16,6.16,6.16,6.16,6.16,6.16,6.16,6.16,46.45,0,1,1,0,0,0,42.29,1,GradualMotor,aggregation
26,181.76,remora8,remora3,1.33,1.32,1.31,1.3,1.3,10.36,1.36,1.36,1.42,1.41,1,1,0.98,0.98,0.98,10.23,1.04,1.04,1.1,1.09,2.42,2.41,2.4,2.39,2.38,2.38,2.39,2.4,2.41,2.4,6.16,6.16,6.16,6.16,6.15,6.15,6.15,6.15,6.15,6.15,46.07,0,1,1,0,0,0,41.29,1,GradualMotor,aggregation
26,182.76,remora8,remora3,1.41,1.41,1.49,1.49,10.21,10.18,10.16,1.54,10.01,9.99,1.09,1.09,1.18,1.18,10.08,10.05,10.03,1.23,9.88,9.86,2.39,2.38,2.36,2.35,2.34,2.35,2.35,2.35,2.34,2.32,6.15,6.14,6.14,6.14,6.14,6.14,6.14,5.45,5.44,5.44,44.81,0,1,0,0,0,0,40.29,1,GradualMotor,aggregation
26,183.76,remora8,remora3,1.68,1.67,-5.73,-5.71,1.66,1.65,1.67,1.66,9.95,9.93,1.38,1.37,-6.05,-6.04,1.36,1.35,1.37,1.37,9.83,9.81,2.3,2.31,2.33,2.35,2.37,2.36,2.35,2.34,2.33,2.31,5.43,5.44,5.44,5.44,5.44,5.44,5.43,5.42,5.41,5.41,46.54,0,1,1,0,0,0,39.29,1,GradualMotor,aggregation
26,184.76,remora8,remora3,9.79,9.77,9.74,1.67,9.62,9.59,9.59,1.78,1.82,1.81,9.67,9.64,9.62,1.37,9.49,9.47,9.47,1.49,1.53,1.53,2.29,2.28,2.26,2.27,2.28,2.3,2.32,2.32,2.31,2.3,5.4,5.39,5.38,5.38,5.39,5.39,5.4,5.4,5.4,5.39,50.62,0,1,1,0,0,0,38.29,1,GradualMotor,aggregation
26,185.76,remora8,remora3,9.45,9.42,1.88,1.88,-7.94,-7.92,-7.9,-7.9,9.07,9.04,9.33,9.3,1.6,1.6,-8.25,-8.23,-8.21,-8.21,8.94,8.92,2.29,2.27,2.25,2.24,2.23,2.22,2.22,2.24,2.26,2.28,5.39,5.39,5.38,5.38,5.37,5.36,5.36,5.36,5.36,5.36,50.9,0,1,1,0,0,0,37.29,1,GradualMotor,aggregation
26,186.76,remora8,remora3,9.1,9.1,9.05,9.05,1.92,1.91,8.9,8.9,2.01,2,8.98,8.98,8.93,8.93,1.65,1.64,8.78,8.78,1.74,1.74,2.29,2.28,2.26,2.25,2.24,2.23,2.22,2.2,2.18,2.19,5.36,5.35,5.35,5.34,5.33,5.33,5.32,5.31,5.31,5.32,52.29,0,1,1,0,0,0,36.29,1,GradualMotor,aggregation
26,187.76,remora8,remora3,1.98,1.98,2.04,2.03,2.01,2.01,8.58,8.56,8.38,8.36,1.72,1.71,1.78,1.77,1.75,1.75,8.46,8.44,8.26,8.23,2.21,2.22,2.24,2.23,2.22,2.2,2.19,2.18,2.16,2.17,5.32,5.32,5.32,5.32,5.31,5.31,5.3,5.29,5.29,5.29,51,0,1,1,0,0,0,35.29,1,GradualMotor,aggregation
26,188.76,remora8,remora3,-4.19,-4.18,2.02,2.02,2.01,2.01,2.01,2.01,-4.05,-4.04,-4.48,-4.47,1.77,1.76,1.76,1.76,1.76,1.76,-4.34,-4.32,2.18,2.2,2.22,2.21,2.2,2.19,2.18,2.17,2.16,2.15,5.29,5.29,5.3,5.3,5.3,5.3,5.3,5.3,5.29,5.29,49.16,0,1,1,0,0,0,34.29,1,GradualMotor,aggregation
26,189.76,remora8,remora3,-4.03,1.93,1.92,1.94,1.94,1.94,1.94,1.94,1.88,1.88,-4.31,1.68,1.67,1.69,1.7,1.69,1.69,1.7,1.64,1.64,2.15,2.16,2.18,2.2,2.21,2.21,2.2,2.19,2.17,2.16,5.29,5.29,5.3,5.31,5.31,5.31,5.31,5.31,5.31,5.3,46.43,0,1,1,0,0,0,33.29,1,GradualMotor,aggregation
26,190.76,remora8,remora3,1.89,1.88,1.8,1.8,1.8,1.8,1.79,-3.74,-3.73,1.77,1.65,1.64,1.56,1.56,1.56,1.56,1.55,-4.01,-4,1.54,2.15,2.14,2.13,2.14,2.16,2.17,2.19,2.19,2.18,2.17,5.3,5.29,5.29,5.29,5.29,5.29,5.29,5.29,5.28,5.28,43.11,0,1,0,0,0,0,32.29,1,GradualMotor,aggregation
26,191.76,remora8,remora3,1.77,1.77,7.87,7.72,1.79,1.79,1.78,1.82,1.81,-3.54,1.53,1.53,7.77,7.61,1.56,1.56,1.55,1.59,1.58,-3.8,2.16,2.14,2.14,2.15,2.17,2.16,2.15,2.14,2.13,2.12,5.28,5.27,5.27,5.28,5.29,5.29,5.29,5.29,5.29,5.29,44.1,0,1,0,0,0,0,31.29,1,GradualMotor,aggregation
26,192.76,remora8,remora3,1.78,1.78,1.77,1.78,-3.45,-3.44,-3.43,-3.43,1.66,1.66,1.56,1.55,1.55,1.55,-3.7,-3.69,-3.68,-3.68,1.44,1.44,2.11,2.12,2.14,2.13,2.12,2.11,2.1,2.11,2.13,2.15,5.28,5.29,5.29,5.29,5.29,5.29,3.81,3.81,3.81,3.82,40.82,0,1,0,0,0,0,30.29,1,GradualMotor,aggregation
26,193.76,remora8,remora3,1.7,1.69,1.69,1.69,-3.41,-3.4,1.7,1.7,-5.4,-5.38,1.48,1.47,1.47,1.47,-3.66,-3.64,1.48,1.48,-5.64,-5.62,2.18,2.17,2.16,2.15,2.14,2.13,2.12,2.11,2.1,2.12,3.83,3.83,3.82,3.81,3.8,3.79,3.78,3.78,3.78,3.78,39.52,0,1,0,0,0,0,29.29,1,GradualMotor,aggregation
26,194.76,remora8,remora3,-5.36,-5.35,1.55,1.54,1.56,1.55,1.55,-3.3,1.51,1.51,-5.6,-5.58,1.34,1.33,1.35,1.34,1.34,-3.53,1.31,1.3,2.14,2.16,2.18,2.18,2.17,2.16,2.15,2.14,2.13,2.14,3.79,3.79,3.79,3.79,3.79,3.78,3.78,3.77,3.76,3.76,35.54,0,1,0,0,0,0,28.29,1,GradualMotor,aggregation
26,195.76,remora8,remora3,6.65,6.65,6.63,6.61,6.48,6.45,6.43,1.57,1.57,1.56,6.55,6.55,6.53,6.51,6.38,6.35,6.33,1.37,1.37,1.36,2.15,2.17,2.18,2.17,2.16,2.14,2.13,2.11,2.1,2.09,3.76,3.77,3.78,3.77,3.76,3.76,3.76,3.75,3.75,3.74,33.28,0,1,0,0,0,0,27.29,1,GradualMotor,aggregation
26,196.76,remora8,remora3,1.56,1.55,6.01,5.99,6,5.98,5.96,-2.86,1.62,1.61,1.36,1.36,5.9,5.88,5.9,5.88,5.85,-3.08,1.43,1.42,2.09,2.1,2.11,2.13,2.14,2.13,2.12,2.1,2.1,2.09,3.73,3.73,3.73,3.73,3.73,3.72,3.71,3.7,3.69,3.69,31.04,0,1,0,0,0,0,26.29,1,GradualMotor,aggregation
26,197.76,remora8,remora3,1.58,1.58,1.57,1.57,1.6,-2.72,1.58,1.58,1.57,1.57,1.4,1.39,1.38,1.38,1.41,-2.93,1.4,1.39,1.38,1.38,2.08,2.09,2.11,2.1,2.09,2.08,2.08,2.07,2.06,2.07,3.69,3.69,3.69,3.69,3.68,3.68,3.67,3.67,3.67,3.67,28.17,0,1,0,0,0,0,25.29,1,GradualMotor,aggregation
26,198.76,remora8,remora3,-4.38,-4.36,5.26,5.24,5.22,5.2,1.61,1.6,1.6,1.6,-4.59,-4.57,5.16,5.13,5.11,5.09,1.43,1.43,1.42,1.42,2.09,2.11,2.13,2.12,2.11,2.09,2.08,2.07,2.06,2.07,3.67,3.67,3.67,3.66,3.65,3.64,3.63,3.62,3.62,3.62,28.9,0,1,0,0,0,0,24.3,1,GradualMotor,aggregation
26,199.76,remora8,remora3,1.57,1.57,-2.42,-2.42,0.14,0.14,1.56,1.55,-2.35,-2.34,1.4,1.39,-2.61,-2.61,-0.06,-0.05,1.39,1.38,-2.54,-2.53,2.08,2.08,2.07,2.06,2.05,2.06,2.08,2.1,2.11,2.11,3.61,3.61,3.6,3.59,3.58,3.58,3.58,3.58,3.59,3.59,28.46,0,1,0,0,0,0,23.29,1,GradualMotor,aggregation
26,200.76,remora8,remora3,-2.33,-2.32,1.53,1.52,1.51,1.48,1.48,-2.27,-3.78,-3.76,-2.52,-2.51,1.36,1.36,1.35,1.32,1.32,-2.46,-3.96,-3.95,2.1,2.09,2.08,2.07,2.06,2.05,2.04,2.05,2.07,2.09,3.58,3.58,3.57,3.56,3.56,3.56,3.55,3.55,3.55,3.56,28.53,0,1,0,0,0,0,22.29,1,GradualMotor,aggregation
26,201.76,remora8,remora3,-3.75,4.29,4.27,4.25,-2.14,-2.14,-2.1,-2.09,1.45,1.45,-3.93,4.19,4.17,4.15,-2.32,-2.32,-2.28,-2.27,1.3,1.29,2.11,2.1,2.09,2.07,2.06,2.05,2.04,2.05,2.07,2.09,3.56,3.56,3.55,3.55,3.54,3.54,3.53,3.53,3.54,3.54,28.25,0,1,0,0,0,0,21.29,1,GradualMotor,aggregation
26,202.76,remora8,remora3,0.24,0.24,3.13,3.11,1.42,1.41,3.06,3.05,3.05,3.02,0.07,0.07,3.01,3,1.27,1.26,2.95,2.93,2.93,2.91,2.1,2.09,2.08,2.07,2.06,2.05,2.04,2.05,2.07,2.08,3.55,3.54,3.54,3.54,3.53,3.53,3.52,3.53,3.54,3.54,27.95,0,1,0,0,0,0,20.29,1,GradualMotor,aggregation
26,203.76,remora8,remora3,4.87,4.84,4.81,4.81,4.75,4.73,-1.81,-1.8,1.39,1.38,4.8,4.77,4.75,4.75,4.68,4.66,-1.97,-1.96,1.25,1.24,2.1,2.09,2.07,2.06,2.05,2.03,2.02,2.04,2.05,2.05,3.55,3.54,3.54,3.54,3.53,3.53,3.52,3.53,3.53,3.53,28.69,0,1,0,0,0,0,19.29,1,GradualMotor,aggregation
26,204.76,remora8,remora3,1.37,-1.73,1.35,1.34,1.34,1.33,3.39,3.37,3.35,3.35,1.24,-1.88,1.21,1.21,1.21,1.2,3.3,3.28,3.26,3.26,2.04,2.03,2.03,2.04,2.06,2.05,2.04,2.03,2.02,2.01,3.52,3.52,3.52,3.52,3.53,3.52,3.52,3.52,3.51,3.5,28.4,0,1,0,0,0,0,18.29,1,GradualMotor,aggregation
26,205.76,remora8,remora3,3.21,3.19,-1.59,-1.58,-1.56,-1.56,-1.55,1.26,1.24,1.23,3.12,3.1,-1.74,-1.73,-1.71,-1.7,-1.69,1.13,1.12,1.11,2,2.01,2.03,2.04,2.06,2.05,2.04,2.03,2.02,2.01,3.5,3.5,3.51,3.51,3.51,3.51,3.51,3.5,3.5,3.49,25.21,0,1,0,0,0,0,17.29,1,GradualMotor,aggregation
26,206.76,remora8,remora3,0.33,0.33,-1.48,-1.47,-1.46,-1.45,-1.44,-1.44,-1.43,-1.42,0.2,0.2,-1.62,-1.61,-1.6,-1.59,-1.58,-1.58,-1.56,-1.55,2.01,2.02,2.03,2.03,2.03,2.02,2.01,2.02,2.04,2.06,3.49,3.49,3.5,3.49,3.49,3.49,3.48,3.49,3.49,3.49,22.62,0,1,0,0,0,0,16.29,1,GradualMotor,aggregation
26,207.76,remora8,remora3,1.18,1.17,1.15,1.14,-1.37,-1.36,-1.35,-1.35,-1.34,-1.31,1.06,1.06,1.04,1.03,-1.5,-1.49,-1.48,-1.47,-1.46,-1.43,2.08,2.07,2.06,2.05,2.04,2.03,2.02,2.01,2,2.01,3.49,3.49,3.49,3.48,3.48,3.47,3.47,3.47,3.46,3.46,22.29,0,1,0,0,0,0,15.29,1,GradualMotor,aggregation
26,208.76,remora8,remora3,-1.3,0.32,0.32,0.31,0.31,1.04,1.04,1.03,1.03,-1.22,-1.42,0.2,0.2,0.2,0.19,0.94,0.94,0.93,0.92,-1.34,2.03,2.05,2.06,2.05,2.04,2.03,2.02,2.01,2,2.02,3.47,3.47,3.47,3.47,3.47,3.46,3.46,3.46,3.45,3.46,19.48,0,1,0,0,0,0,14.29,1,GradualMotor,aggregation
26,209.76,remora8,remora3,-1.21,-1.21,1,0.99,-2.11,-2.09,-2.08,-2.06,-2.05,-2.04,-1.33,-1.32,0.9,0.89,-2.22,-2.2,-2.19,-2.17,-2.16,-2.14,2.03,2.06,2.07,2.07,2.06,2.05,2.04,2.03,2.03,2.04,3.46,3.47,3.47,3.47,3.46,3.46,3.45,3.45,3.44,3.45,19.61,0,1,0,0,0,0,13.29,1,GradualMotor,aggregation
26,210.76,remora8,remora3,2.18,2.17,2.15,2.13,-1.06,-1.05,0.31,0.31,0.32,0.31,2.11,2.1,2.08,2.06,-1.17,-1.16,0.21,0.21,0.22,0.22,2.05,2.05,2.03,2.02,2.01,2.03,2.04,2.06,2.08,2.07,3.45,3.45,3.44,3.43,3.43,3.43,3.44,3.44,3.45,3.44,18.58,0,1,0,0,0,0,12.29,1,GradualMotor,aggregation
26,211.76,remora8,remora3,0.31,0.31,0.85,0.84,0.83,0.82,0.81,0.79,0.79,0.78,0.22,0.22,0.77,0.76,0.74,0.74,0.73,0.71,0.71,0.7,2.06,2.05,2.04,2.03,2.02,2.01,2,2.01,2.03,2.05,3.44,3.43,3.43,3.42,3.42,3.42,3.41,3.42,3.42,3.42,16.44,0,1,0,0,0,0,11.29,1,GradualMotor,aggregation
26,212.76,remora8,remora3,-0.92,-0.92,-0.91,0.75,0.73,0.73,0.72,0.72,0.7,0.69,-1.02,-1.01,-1,0.67,0.66,0.65,0.64,0.64,0.63,0.62,2.06,2.05,2.04,2.03,2.02,2.01,2,2.02,2.03,2.05,3.42,3.42,3.42,3.41,3.41,5.05,5.04,5.04,5.03,5.03,15.1,0,1,0,0,0,0,10.29,1,GradualMotor,aggregation
26,213.76,remora8,remora3,0.69,0.69,0.26,0.26,0.25,0.26,-0.78,-0.78,1.4,1.38,0.61,0.61,0.18,0.18,0.18,0.18,-0.86,-0.85,1.34,1.33,2.06,2.06,2.05,2.04,2.03,2.02,2.01,2.02,2.04,2.04,5.03,5.02,5.01,5,4.99,4.98,4.97,4.97,4.97,4.96,12.25,0,1,0,0,0,0,9.29,1,GradualMotor,aggregation
26,214.76,remora8,remora3,1.36,1.35,-0.72,-0.71,-0.71,-0.7,-1.29,-1.28,0.47,0.46,1.31,1.3,-0.8,-0.79,-0.78,-0.77,-1.36,-1.35,0.41,0.4,2.03,2.02,2.01,2.02,2.04,2.05,2.07,2.07,2.06,2.05,4.95,4.95,4.94,4.93,4.93,4.92,4.92,4.91,4.9,4.89,11.02,0,1,0,0,0,0,8.29,1,GradualMotor,aggregation
26,215.76,remora8,remora3,0.46,0.45,1.14,1.14,1.11,1.1,1.08,1.07,1.05,0.41,0.4,0.39,1.09,1.09,1.07,1.05,1.04,1.03,1.01,0.36,2.04,2.03,2.02,2.01,2,2.01,2.02,2.04,2.06,2.05,4.88,4.87,4.86,4.84,4.84,4.83,4.83,4.83,4.82,4.82,10.09,0,1,0,0,0,0,7.29,1,GradualMotor,aggregation
26,216.76,remora8,remora3,0.41,0.41,0.39,0.39,-0.53,-0.53,-0.51,-0.96,-0.95,0.36,0.36,0.35,0.34,0.34,-0.58,-0.58,-0.57,-1.01,-1,0.31,2.04,2.03,2.02,2.01,2,2.02,2.03,2.05,2.07,2.07,4.82,4.82,4.81,4.81,4.81,4.81,4.82,4.82,4.81,4.81,9.37,0,1,0,0,0,0,6.29,1,GradualMotor,aggregation
26,217.76,remora8,remora3,0.35,0.35,-0.89,-0.87,-0.86,-0.46,-0.83,-0.81,-0.81,-0.41,0.31,0.31,-0.93,-0.92,-0.9,-0.5,-0.87,-0.86,-0.86,-0.45,2.06,2.05,2.04,2.03,2.02,2.01,2,2.02,2.04,2.04,4.8,4.79,4.78,4.77,4.76,4.75,4.75,4.74,4.74,4.73,8.76,0,1,0,0,0,0,5.29,1,GradualMotor,aggregation
26,218.76,remora8,remora3,-0.4,-0.39,-0.39,-0.38,-0.37,-0.36,-0.36,-0.35,-0.34,-0.33,-0.45,-0.44,-0.43,-0.42,-0.41,-0.4,-0.39,-0.39,-0.38,-0.37,2.03,2.02,2.01,2.03,2.04,2.04,2.03,2.02,2.01,2.02,4.72,4.71,4.71,4.7,4.7,4.69,4.68,4.67,4.67,4.67,8.39,0,1,0,0,0,0,4.29,1,GradualMotor,aggregation
26,219.76,remora8,remora3,-0.33,0.56,0.57,0.56,-0.56,-0.55,0.11,0.11,0.48,0.46,-0.36,0.54,0.55,0.54,-0.59,-0.58,0.08,0.08,0.46,0.45,2.03,2.05,2.06,2.05,2.04,2.04,2.03,2.02,2.01,2.02,4.67,4.67,4.66,4.65,4.64,4.63,4.62,4.61,4.6,4.59,7.1,0,1,0,0,0,0,3.29,1,GradualMotor,aggregation
26,220.76,remora8,remora3,0.45,0.45,0.41,0.39,0.4,0.38,0.37,0.36,0.15,0.15,0.43,0.43,0.39,0.38,0.38,0.37,0.35,0.34,0.14,0.13,2.04,2.03,2.02,2.01,2,2.01,2.03,2.05,2.06,2.06,4.59,4.58,4.57,4.56,4.55,4.54,4.54,4.54,4.54,4.54,6.26,0,1,0,0,0,0,2.29,1,GradualMotor,aggregation
26,221.76,remora8,remora3,0.14,-0.31,-0.3,-0.3,-0.14,-0.13,-0.12,-0.12,-0.12,0.18,0.13,-0.33,-0.31,-0.31,-0.15,-0.15,-0.14,-0.13,-0.13,0.17,2.05,2.04,2.03,2.02,2.01,2.02,2.04,2.04,2.03,2.02,4.53,4.53,4.52,4.51,4.5,4.5,4.49,4.49,4.48,4.48,5.78,0,1,0,0,0,0,1.29,1,GradualMotor,aggregation
26,222.76,remora8,remora3,0.16,0.15,-0.08,-0.07,-0.06,0.02,0.08,0.08,0.03,0.02,0.16,0.14,-0.09,-0.08,-0.07,0.02,0.08,0.08,0.03,0.02,2.01,2,2,2.01,2.03,2.05,2.06,2.06,2.05,2.04,4.47,4.47,4.46,4.46,4.46,4.47,4.46,4.46,4.45,4.45,5.09,0,1,0,0,0,0,0.29,1,GradualMotor,aggregation
26,223.76,remora8,remora3,0.02,0.01,0,0,0,0,0,0,0,0,0.01,0.01,0,0,0,0,0,0,0,0,2.03,2.02,2.01,2.02,2.04,2.04,2.03,2.02,2.01,2,4.44,4.43,4.42,4.42,4.42,4.42,4.41,4.41,4.39,4.38,4.44,0,1,0,0,0,0,0,1,GradualMotor,aggregation
26,224.76,remora8,remora3,0,0,0,0,0,0,0,0,0,0,0,0,0,0,0,0,0,0,0,0,1.99,2,2.02,2.04,2.06,2.06,2.05,2.04,2.03,2.02,4.37,4.37,4.37,4.37,4.37,4.37,4.36,4.35,4.34,4.33,3.53,0,1,0,0,0,0,0,1,GradualMotor,aggregation
26,225.76,remora8,remora3,0,0,0,0,0,0,0,0,0,0,0,0,0,0,0,0,0,0,0,0,2.01,2.01,2.03,2.05,2.06,2.06,2.05,2.04,2.03,2.02,4.32,4.32,4.32,4.32,4.31,4.31,4.3,4.29,4.27,4.26,2.65,0,1,0,0,0,0,0,1,GradualMotor,aggregation
26,226.76,remora8,remora3,0,0,0,0,0,0,0,0,0,0,0,0,0,0,0,0,0,0,0,0,2.01,2.02,2.03,2.03,2.02,2.01,2,2,2.02,2.04,4.25,4.25,4.25,4.24,4.23,4.23,4.22,4.22,4.22,4.22,2.1,0,1,0,0,0,0,0,1,GradualMotor,aggregation
26,227.76,remora8,remora3,0,0,0,0,0,0,0,0,0,0,0,0,0,0,0,0,0,0,0,0,2.06,2.06,2.05,2.04,2.03,2.02,2.01,2.02,2.03,2.03,4.21,4.21,4.2,4.18,4.17,4.16,4.15,4.15,4.15,4.15,1.42,0,1,0,0,0,0,0,1,GradualMotor,aggregation
26,228.76,remora8,remora3,0,0,0,0,0,0,0,0,0,0,0,0,0,0,0,0,0,0,0,0,2.02,2.01,2,2.01,2.03,2.05,2.07,2.06,2.05,2.04,4.14,4.13,4.12,4.12,4.11,4.11,4.11,4.1,4.09,4.09,1.04,0,1,0,0,0,0,0,1,GradualMotor,aggregation
26,229.76,remora8,remora3,0,0,0,0,0,0,0,0,0,0,0,0,0,0,0,0,0,0,0,0,2.04,2.03,2.02,2.01,2,2.01,2.03,2.05,2.07,2.07,4.08,4.08,4.07,4.06,4.06,4.06,4.06,4.06,4.06,4.05,0.61,0,1,0,0,0,0,0,1,GradualMotor,aggregation
26,230.76,remora8,remora3,0,0,0,0,0,0,0,0,0,0,0,0,0,0,0,0,0,0,0,0,2.06,2.05,2.04,2.03,2.02,2.01,2,2.01,2.02,2.04,4.05,4.04,4.04,4.03,4.02,4.01,4,3.99,3.99,3.99,0.27,0,1,0,0,0,0,0,1,GradualMotor,aggregation
26,231.76,remora8,remora3,0,0,0,0,0,0,0,0,0,0,0,0,0,0,0,0,0,0,0,0,2.05,2.05,2.04,2.03,2.02,2.01,2,2.02,2.03,2.03,3.99,3.98,3.97,3.96,3.96,3.95,3.95,3.95,3.94,3.94,0.08,0,1,0,0,0,0,0,1,GradualMotor,aggregation
26,232.76,remora8,remora3,0,0,0,0,0,0,0,0,0,0,0,0,0,0,0,0,0,0,0,0,2.02,2.01,2,2.01,2.03,2.04,2.06,2.05,2.04,2.03,3.94,3.93,3.93,3.93,3.93,3.93,3.93,3.92,3.92,3.91,0,0,1,0,0,0,0,0,1,GradualMotor,aggregation
26,233.76,remora8,remora3,0,0,0,0,0,0,0,0,0,0,0,0,0,0,0,0,0,0,0,0,2.02,2.01,2,2.01,2.03,2.04,2.06,2.05,2.04,2.03,3.9,3.9,3.89,3.89,3.89,3.89,3.89,3.88,3.87,3.87,0,0,1,0,0,0,0,0,1,GradualMotor,aggregation
26,234.76,remora8,remora3,0,0,0,0,0,0,0,0,0,0,0,0,0,0,0,0,0,0,0,0,2.02,2.01,2,2.02,2.03,2.02,2.01,2,1.99,2.01,3.86,3.85,3.85,3.85,3.84,3.84,3.83,3.83,3.82,3.82,0,0,1,0,0,0,0,0,1,GradualMotor,aggregation
26,235.76,remora8,remora3,0,0,0,0,0,0,0,0,0,0,0,0,0,0,0,0,0,0,0,0,2.03,2.06,2.08,2.07,2.06,2.05,2.04,2.03,2.03,2.02,3.82,3.82,3.82,3.82,3.81,3.81,3.8,3.8,3.79,3.78,0,0,1,0,0,0,0,0,1,GradualMotor,aggregation
26,236.76,remora8,remora3,0,0,0,0,0,0,0,0,0,0,0,0,0,0,0,0,0,0,0,0,2.01,2.02,2.04,2.04,2.03,2.02,2.01,2,2,2.01,3.78,3.78,3.78,3.77,3.77,3.76,3.76,3.75,3.75,3.75,0,0,1,0,0,0,0,0,1,GradualMotor,aggregation
26,237.76,remora8,remora3,0,0,0,0,0,0,0,0,0,0,0,0,0,0,0,0,0,0,0,0,2.03,2.04,2.05,2.05,2.04,2.03,2.02,2.01,2.01,2.02,3.75,3.75,3.75,3.74,3.74,3.73,3.73,3.72,3.71,3.71,0,0,1,0,0,0,0,0,1,GradualMotor,aggregation
26,238.76,remora8,remora3,0,0,0,0,0,0,0,0,0,0,0,0,0,0,0,0,0,0,0,0,2.03,2.03,2.02,2.01,2,2.01,2.03,2.06,2.08,2.08,3.71,3.71,3.71,3.71,3.71,3.71,3.72,3.72,3.73,3.73,0,0,1,0,0,0,0,0,1,GradualMotor,aggregation
26,239.76,remora8,remora3,0,0,0,0,0,0,0,0,0,0,0,0,0,0,0,0,0,0,0,0,2.07,2.06,2.05,2.04,2.03,2.02,2.01,2,1.99,2,3.73,3.72,3.72,3.72,3.72,3.72,3.71,3.71,3.71,3.71,0,0,1,0,0,0,0,0,1,GradualMotor,aggregation
26,240.76,remora8,remora3,0,0,0,0,0,0,0,0,0,0,0,0,0,0,0,0,0,0,0,0,2.02,2.03,2.05,2.05,2.04,2.03,2.02,2.01,2.01,2.02,3.72,3.72,3.73,3.73,3.73,3.72,3.72,3.72,3.72,3.73,0,0,1,0,0,0,0,0,1,GradualMotor,aggregation
26,241.76,remora8,remora3,0,0,0,0,0,0,0,0,0,0,0,0,0,0,0,0,0,0,0,0,2.04,2.04,2.03,2.02,2.01,2,1.99,2,2.02,2.04,3.73,3.73,3.73,3.73,3.73,3.73,3.73,3.73,3.73,3.73,0,0,1,0,0,0,0,0,1,GradualMotor,aggregation
26,242.76,remora8,remora3,0,0,0,0,0,0,0,0,0,0,0,0,0,0,0,0,0,0,0,0,2.05,2.04,2.04,2.03,2.02,2,2,2,2.02,2.03,3.72,3.72,3.71,3.7,3.69,3.69,3.68,3.68,3.68,3.67,0,0,1,0,0,0,0,0,1,GradualMotor,aggregation
26,243.76,remora8,remora3,0,0,0,0,0,0,0,0,0,0,0,0,0,0,0,0,0,0,0,0,2.05,2.05,2.04,2.04,2.03,2.02,2.01,2,1.99,2,3.67,3.67,3.66,3.65,3.65,3.64,3.64,3.64,3.64,3.64,0,0,1,0,0,0,0,0,1,GradualMotor,aggregation
26,136.76,remora8,remora4,1.34,1.26,1.26,1.13,1.03,1.03,1.27,1.27,1.27,1.21,2.13,2.06,2.06,1.93,1.82,1.82,2.06,2.06,2.06,2.01,2.01,2.02,2.03,2.03,2.04,2.05,2.06,2.07,2.08,2.09,2.01,2.02,2.03,2.03,2.04,2.05,2.06,2.07,2.08,2.09,76.76,0,1,1,0,0,0,-1,0,None,aggregation
26,137.76,remora8,remora4,1.21,24.9,1.33,1.33,1.55,1.55,1.4,1.4,1.4,26.01,2.01,25.2,2.13,2.13,2.34,2.34,2.19,2.19,2.19,26.28,2.11,2.13,2.16,2.18,2.19,2.2,2.21,2.23,2.24,2.26,2.11,2.13,2.16,2.18,2.19,2.2,2.21,2.23,2.24,2.26,75.6,0,1,1,0,0,0,-1,0,None,aggregation
26,138.76,remora8,remora4,26.01,1.25,1.42,1.42,1.18,1.18,0.9,0.9,1.21,1.21,26.28,2.05,2.21,2.21,1.97,1.97,1.7,1.7,2,2,2.3,2.32,2.34,2.35,2.37,2.38,2.4,2.41,2.43,2.44,2.3,2.32,2.34,2.35,2.37,2.38,2.4,2.41,2.43,2.44,72.73,0,1,1,0,0,0,-1,0,None,aggregation
26,139.76,remora8,remora4,1.21,0.96,27.29,27.29,0.59,0.59,0.77,0.77,27.49,27.49,2,1.76,27.51,27.51,1.39,1.39,1.57,1.57,27.7,27.7,2.46,2.48,2.5,2.53,2.57,2.58,2.6,2.62,2.64,2.68,2.46,2.48,2.5,2.53,2.57,2.58,2.6,2.62,2.64,2.68,75.62,0,1,1,0,0,0,-1,0,None,aggregation
26,180.76,remora8,remora4,4.24,4.54,4.81,4.81,4.81,5.1,5.37,5.37,5.37,5.65,3.48,3.79,4.07,4.07,4.07,4.36,4.64,4.64,4.64,4.93,8.27,8.28,8.29,8.29,8.29,8.31,8.34,8.37,8.39,8.41,8.27,8.28,8.29,8.29,8.29,8.31,8.34,8.37,8.39,8.41,60.72,0,0,1,0,0,0,-1,0,None,aggregation
26,181.76,remora8,remora4,5.93,5.93,5.94,5.94,5.94,6.24,21.07,21.07,6.85,6.85,5.21,5.21,5.21,5.21,5.21,5.52,20.65,20.65,6.14,6.14,8.41,8.41,8.42,8.44,8.47,8.5,8.52,8.55,8.56,8.57,8.41,8.41,8.42,8.44,8.47,8.5,8.52,8.55,8.56,8.57,64.87,0,0,1,0,0,0,-1,0,None,aggregation
26,182.76,remora8,remora4,6.86,6.86,7.15,7.15,7.44,7.44,7.44,7.73,22.48,22.48,6.15,6.15,6.45,6.45,6.74,6.74,6.74,7.04,22.1,22.1,8.57,8.59,8.62,8.63,8.63,8.64,8.64,8.66,8.69,8.71,8.57,8.59,8.62,8.63,8.63,8.64,8.64,8.66,8.69,8.71,69.45,0,0,1,0,0,0,-1,0,None,aggregation
26,183.76,remora8,remora4,7.84,7.84,8.15,8.15,8.44,8.44,8.45,8.45,8.45,23.26,7.15,7.15,7.46,7.46,7.76,7.76,7.77,7.77,7.77,22.9,8.72,8.73,8.73,8.76,8.78,8.81,8.84,8.87,8.9,8.94,8.72,8.73,8.73,8.76,8.78,8.81,8.84,8.87,8.9,8.94,74.58,0,0,1,0,0,0,-1,0,None,aggregation
26,184.76,remora8,remora4,8.81,8.81,8.63,8.63,8.93,8.93,8.93,9.03,9.03,9.3,8.14,8.14,7.95,7.95,8.26,8.26,8.26,8.36,8.36,8.63,8.98,9.01,9.04,9.06,9.07,9.07,9.08,9.08,9.09,9.11,8.98,9.01,9.04,9.06,9.07,9.07,9.08,9.08,9.09,9.11,77.15,0,0,1,0,0,0,-1,0,None,aggregation
26,185.76,remora8,remora4,9.6,9.6,9.9,9.9,10.2,10.2,24.95,24.95,10.35,10.35,8.94,8.94,9.25,9.25,9.55,9.55,24.64,24.64,9.71,9.71,9.13,9.14,9.15,9.17,9.21,9.24,9.27,9.31,9.35,9.38,9.13,9.14,9.15,9.17,9.21,9.24,9.27,9.31,9.35,9.38,82.92,0,0,1,0,0,0,-1,0,None,aggregation
26,186.76,remora8,remora4,25.39,25.39,25.39,10.58,25.59,25.59,10.79,10.79,10.79,10.67,25.09,25.09,25.09,9.94,25.3,25.3,10.16,10.16,10.16,10.03,9.41,9.46,9.5,9.54,9.56,9.6,9.65,9.67,9.68,9.69,9.41,9.46,9.5,9.54,9.56,9.6,9.65,9.67,9.68,9.69,94.85,0,0,1,0,0,0,-1,0,None,aggregation
26,187.76,remora8,remora4,25.79,25.79,25.78,25.78,10.8,10.8,11.06,11.06,11.04,11.04,25.5,25.5,25.5,25.5,10.16,10.16,10.43,10.43,10.41,10.41,9.7,9.73,9.77,9.81,9.86,9.89,9.92,9.96,9.99,10,9.7,9.73,9.77,9.81,9.86,9.89,9.92,9.96,9.99,10,105.98,0,0,1,0,0,0,-1,0,None,aggregation
26,188.76,remora8,remora4,26.17,26.17,26.17,11.43,11.43,26.36,26.36,11.6,11.85,11.85,25.9,25.9,25.9,10.8,10.8,26.1,26.1,10.98,11.24,11.24,10,10,10,10,10,10,10,10,10,10,10,10,10,10,10,10,10,10,10,10,115.13,0,0,1,0,0,0,-1,0,None,aggregation
26,189.76,remora8,remora4,26.54,26.54,26.54,12.14,12.11,12.11,12.11,26.9,12.56,12.56,26.29,26.29,26.29,11.53,11.5,11.5,11.5,26.66,11.96,11.96,10,10,10,10,10,10,10,10,10,10,10,10,10,10,10,10,10,10,10,10,125.17,0,0,1,0,0,0,-1,0,None,aggregation
26,190.76,remora8,remora4,12.85,12.85,13.22,13.22,27.33,27.33,27.41,27.41,27.41,27.4,12.25,12.25,12.64,12.64,27.1,27.1,27.18,27.18,27.18,27.18,10,10,10,10,10,10,10,10,10,10,10,10,10,10,10,10,10,10,10,10,141.99,0,0,1,0,0,0,-1,0,None,aggregation
26,139.76,remora8,remora5,24.57,23.13,23.4,23.4,23.55,23.55,23.55,23.83,25.45,25.45,24.88,23.48,23.75,23.75,23.9,23.9,23.9,24.16,25.74,25.74,2.46,2.48,2.5,2.53,2.57,2.58,2.6,2.62,2.64,2.68,2.46,2.48,2.5,2.53,2.57,2.58,2.6,2.62,2.64,2.68,164.93,0,1,1,0,0,0,-1,0,None,aggregation
26,140.76,remora8,remora5,25.45,24.35,24.37,24.37,23.85,23.85,23.85,24.88,24.88,0,25.74,24.67,24.7,24.7,24.19,24.19,24.19,25.19,25.19,0,2.71,10,10,10,10,10,10,10,10,10,2.71,10,10,10,10,10,10,10,10,10,180.02,0,0,1,0,0,0,-1,0,None,aggregation
26,141.76,remora8,remora5,0,0,0,-13.85,-13.85,-9.98,-21.1,-21.1,-21.1,-20.82,0,0,0,-14.67,-14.67,-10.8,-21.92,-21.92,-21.92,-21.64,10,10,10,10,10,10,10,10,10,10,10,10,10,10,10,10,10,10,10,10,183.91,0,0,1,0,0,0,-1,0,None,aggregation
26,142.76,remora8,remora5,-12.27,-12.27,-12.27,-11.73,-11.73,-11.75,-19.78,-19.78,-19.78,-10.67,-13.09,-13.09,-13.09,-12.55,-12.55,-12.57,-20.6,-20.6,-20.6,-11.49,10,10,10,10,10,10,10,10,10,10,10,10,10,10,10,10,10,10,10,10,186.55,0,0,1,0,0,0,-1,0,None,aggregation
26,143.76,remora8,remora5,-10.12,-10.12,-10.13,-10.13,-9.58,-9.58,-9.58,-19.14,-8.46,-8.46,-10.94,-10.94,-10.95,-10.95,-10.41,-10.41,-10.41,-19.96,-9.28,-9.28,10,10,10,10,10,10,10,10,10,10,10,10,10,10,10,10,10,10,10,10,183.12,0,0,1,0,0,0,-1,0,None,aggregation
26,144.76,remora8,remora5,-13.85,-13.85,-7.31,-7.31,-17.24,-17.24,-6.77,-6.77,-6.21,-6.21,-14.67,-14.67,-8.13,-8.13,-18.06,-18.06,-7.59,-7.59,-7.03,-7.03,10,10,10,10,10,10,10,10,10,10,10,10,10,10,10,10,10,10,10,10,176.01,0,0,1,0,0,0,-1,0,None,aggregation
26,145.76,remora8,remora5,-5.63,-5.63,-5.64,-5.64,-5.07,-5.07,-15.71,-15.71,-15.71,-4.5,-6.45,-6.45,-6.46,-6.46,-5.89,-5.89,-16.53,-16.53,-16.53,-5.32,10,10,10,10,10,10,10,10,10,10,10,10,10,10,10,10,10,10,10,10,166.38,0,0,1,0,0,0,-1,0,None,aggregation
26,166.76,remora8,remora5,30,30,30,30,30,30,30,30,30,30,30,30,30,30,30,30,30,30,30,30,9.76,9.73,9.71,9.68,9.65,9.62,9.59,9.57,9.55,9.54,9.76,9.73,9.71,9.68,9.65,9.62,9.59,9.57,9.55,9.54,247.47,0,0,1,0,0,0,-1,0,None,aggregation
26,167.76,remora8,remora5,30,30,30,30,30,30,30,30,30,30,30,30,30,30,30,30,30,30,30,30,9.52,9.49,9.47,9.44,9.43,9.41,9.4,9.38,9.36,9.34,9.52,9.49,9.47,9.44,9.43,9.41,9.4,9.38,9.36,9.34,265.26,0,0,1,0,0,0,-1,0,None,aggregation
26,168.76,remora8,remora5,30,30,30,30,30,30,30,30,30,30,30,30,30,30,30,30,30,30,30,30,9.31,9.29,9.26,9.24,9.22,9.2,9.17,9.15,9.14,9.12,9.31,9.29,9.26,9.24,9.22,9.2,9.17,9.15,9.14,9.12,271.26,0,0,1,0,0,0,-1,0,None,aggregation
26,169.76,remora8,remora5,30,30,30,30,30,30,30,30,30,30,30,30,30,30,30,30,30,30,30,30,9.1,9.08,9.05,9.03,9,8.97,8.94,8.92,8.91,8.89,9.1,9.08,9.05,9.03,9,8.97,8.94,8.92,8.91,8.89,285,0,0,1,0,0,0,-1,0,None,aggregation
26,170.76,remora8,remora5,30,30,30,30,30,30,30,30,30,30,30,30,30,30,30,30,30,30,30,30,8.88,8.85,8.82,6.24,6.26,6.28,6.29,6.31,6.33,6.35,8.88,8.85,8.82,7.52,7.51,7.51,7.51,7.5,7.5,7.5,285,0,0,1,0,0,0,-1,0,None,aggregation
26,171.76,remora8,remora5,30,30,30,30,30,30,30,30,30,30,30,30,30,30,30,30,30,30,30,30,6.37,6.39,6.41,6.43,6.45,6.46,6.48,6.5,6.52,6.54,7.5,7.5,7.5,7.5,7.5,7.49,7.49,7.48,7.48,7.48,285,0,0,1,0,0,0,-1,0,None,aggregation
26,172.76,remora8,remora5,30,30,30,30,30,30,30,30,30,30,30,30,30,30,30,30,30,30,30,30,6.55,6.57,6.59,6.61,6.63,6.65,6.67,6.69,6.71,6.73,7.47,7.47,7.46,7.46,7.46,7.46,7.46,7.46,7.46,7.47,285,0,0,1,0,0,0,-1,0,None,aggregation
26,173.76,remora8,remora5,30,30,30,30,30,30,30,30,30,30,30,30,30,30,30,30,30,30,30,30,6.76,6.78,6.8,6.82,6.84,6.86,6.88,6.91,6.93,6.96,7.47,7.47,7.47,7.47,7.48,7.47,7.47,7.47,8.31,8.3,291,0,0,1,0,0,0,-1,0,None,aggregation
26,174.76,remora8,remora5,30,30,30,30,30,30,30,30,30,30,30,30,30,30,30,30,30,30,30,30,6.98,7,7.03,7.05,7.07,7.1,7.13,7.16,7.19,7.22,8.29,8.28,8.27,8.26,8.26,8.25,8.24,8.23,8.23,8.21,300,0,0,1,0,0,0,-1,0,None,aggregation
26,175.76,remora8,remora5,30,30,30,30,30,30,30,30,30,0,30,30,30,30,30,30,30,30,30,0,7.24,7.26,7.28,7.31,7.33,7.36,7.39,7.42,7.45,7.47,8.2,8.2,8.19,8.19,8.63,8.62,8.61,8.6,8.59,8.58,297,0,0,1,0,0,0,-1,0,None,aggregation
26,176.76,remora8,remora5,0,0,0,30,0,0,0,0,30,30,0,0,0,30,0,0,0,0,30,30,7.47,7.47,7.47,7.48,7.5,7.51,7.52,7.53,7.54,7.56,8.58,8.58,8.58,8.57,8.56,8.56,8.57,8.58,8.58,8.57,276,0,0,1,0,0,0,-1,0,None,aggregation
26,177.76,remora8,remora5,30,30,30,30,30,0,0,0,30,30,30,30,30,30,30,0,0,0,30,30,7.54,7.52,7.51,7.49,7.46,7.45,7.46,7.47,7.46,7.44,8.55,8.54,8.52,8.5,8.49,8.49,8.49,8.49,8.48,8.47,267,0,0,1,0,0,0,-1,0,None,aggregation
26,178.76,remora8,remora5,30,0,0,0,0,30,30,30,30,30,30,0,0,0,0,30,30,30,30,30,7.42,7.41,7.41,7.41,7.42,7.42,7.39,7.37,7.36,7.34,8.45,8.45,8.45,8.46,8.46,8.45,8.44,8.43,8.42,8.41,255,0,0,1,0,0,0,-1,0,None,aggregation
26,179.76,remora8,remora5,30,30,30,30,30,30,30,30,30,30,30,30,30,30,30,30,30,30,30,30,7.32,7.29,7.27,7.26,7.24,7.22,7.2,7.18,7.17,7.15,8.39,8.38,8.37,8.36,8.34,8.33,8.31,8.3,8.29,8.28,255,0,0,1,0,0,0,-1,0,None,aggregation
26,180.76,remora8,remora5,30,0,0,0,0,30,30,30,30,0,30,0,0,0,0,30,30,30,30,0,7.13,7.12,7.13,7.13,7.13,7.12,7.1,7.06,7.03,7.02,8.27,8.26,8.26,8.26,8.25,8.25,8.24,8.22,8.21,8.2,240,0,0,1,0,0,0,-1,0,None,aggregation
26,181.76,remora8,remora5,0,0,30,30,30,30,30,0,0,0,0,0,30,30,30,30,30,0,0,0,7.02,7.02,7.02,7,6.98,6.96,6.95,6.94,6.94,6.94,8.2,8.2,8.2,8.19,8.17,8.16,8.15,8.15,8.15,8.15,225,0,0,1,0,0,0,-1,0,None,aggregation
26,182.76,remora8,remora5,0,0,0,0,0,0,0,30,0,0,0,0,0,0,0,0,0,30,0,0,6.94,6.93,6.92,6.92,6.92,6.93,6.94,6.93,6.91,6.92,8.15,8.14,8.13,8.12,8.12,8.13,8.13,8.13,8.11,8.11,198,0,0,1,0,0,0,-1,0,None,aggregation
26,183.76,remora8,remora5,0,0,30,30,30,30,30,30,30,30,0,0,30,30,30,30,30,30,30,30,6.92,6.93,6.93,6.91,6.88,6.86,6.84,6.82,6.79,6.78,8.12,8.12,8.13,8.12,8.11,8.1,8.09,8.07,8.06,8.05,192,0,0,1,0,0,0,-1,0,None,aggregation
26,184.76,remora8,remora5,30,30,30,0,0,0,0,0,0,22.1,30,30,30,0,0,0,0,0,0,21.71,6.77,6.75,6.74,6.73,6.73,6.74,6.75,6.75,6.75,6.75,8.04,8.03,8.02,8.01,8.02,8.02,8.03,8.03,8.03,8.03,173.19,0,0,1,0,0,0,-1,0,None,aggregation
26,185.76,remora8,remora5,0,0,30,30,30,30,30,30,30,30,0,0,30,30,30,30,30,30,30,30,6.73,6.74,6.74,6.73,6.71,6.68,6.65,6.62,6.59,6.57,8.02,8.01,8.01,8,7.99,7.97,7.96,7.95,7.94,7.94,170.19,0,0,1,0,0,0,-1,0,None,aggregation
26,186.76,remora8,remora5,30,30,30,30,30,30,30,30,0,0,30,30,30,30,30,30,30,30,0,0,6.56,6.54,6.53,6.51,6.5,6.48,6.46,6.45,6.45,6.46,7.93,7.92,7.92,7.9,7.89,7.88,7.87,7.86,7.86,7.87,185.19,0,0,1,0,0,0,-1,0,None,aggregation
26,187.76,remora8,remora5,30,30,30,30,30,30,30,30,30,30,30,30,30,30,30,30,30,30,30,30,6.46,6.45,6.43,6.41,6.39,6.37,6.35,6.34,6.32,6.31,7.87,7.87,7.87,7.86,7.85,7.84,7.83,7.82,7.81,7.06,194.19,0,0,1,0,0,0,-1,0,None,aggregation
26,188.76,remora8,remora5,0,0,0,0,0,0,18.94,18.94,18.92,18.92,0,0,0,0,0,0,18.47,18.47,18.45,18.45,6.3,6.29,6.28,6.28,6.29,6.29,6.29,6.28,6.27,6.25,7.05,7.05,7.05,7.05,7.05,7.05,7.05,7.04,7.02,7,183.67,0,0,1,0,0,0,-1,0,None,aggregation
26,189.76,remora8,remora5,18.92,0,0,0,0,0,0,30,30,30,18.45,0,0,0,0,0,0,30,30,30,6.24,6.23,6.23,6.23,6.23,6.23,6.23,6.22,6.2,6.18,6.98,6.98,6.98,6.99,7,7,7,6.98,6.96,6.93,164.54,0,0,1,0,0,0,-1,0,None,aggregation
26,190.76,remora8,remora5,30,30,30,30,30,30,30,30,30,30,30,30,30,30,30,30,30,30,30,30,6.17,6.15,6.13,6.11,6.09,6.07,6.05,6.03,6.01,5.98,6.91,6.88,6.86,6.84,6.82,6.8,6.78,6.76,6.73,6.71,179.54,0,0,1,0,0,0,-1,0,None,aggregation
26,191.76,remora8,remora5,0,0,0,0,0,0,16.52,16.52,16.47,16.47,0,0,0,0,0,0,16,16,15.94,15.94,5.97,5.96,5.97,5.97,5.98,5.99,5.99,5.98,5.97,5.96,6.68,6.67,6.68,6.69,6.7,6.7,6.69,6.68,6.67,6.65,171.03,0,0,1,0,0,0,-1,0,None,aggregation
26,192.76,remora8,remora5,16.47,16.44,16.44,0,30,30,30,0,0,0,15.94,15.91,15.91,0,30,30,30,0,0,0,5.94,5.93,5.92,5.92,5.92,5.9,5.88,5.87,5.86,5.86,6.64,6.63,6.62,6.62,6.62,6.6,6.57,6.56,6.57,6.58,181.89,0,0,1,0,0,0,-1,0,None,aggregation
26,193.76,remora8,remora5,0,30,30,30,30,30,0,0,0,0,0,30,30,30,30,30,0,0,0,0,5.86,5.86,5.84,5.82,5.8,5.78,5.76,5.75,5.75,5.75,6.58,6.58,6.56,6.53,6.51,6.48,6.46,6.45,6.45,6.46,172.89,0,0,1,0,0,0,-1,0,None,aggregation
26,194.76,remora8,remora5,30,30,30,0,0,0,0,30,30,0,30,30,30,0,0,0,0,30,30,0,5.75,5.73,5.7,5.69,5.69,5.69,5.69,5.68,5.66,5.66,6.46,6.45,6.43,6.42,6.42,6.42,6.41,6.4,6.37,6.36,176.7,0,0,1,0,0,0,-1,0,None,aggregation
26,195.76,remora8,remora5,0,0,30,30,0,0,0,0,30,30,0,0,30,30,0,0,0,0,30,30,5.65,5.66,5.66,5.66,5.65,5.65,5.66,5.66,5.66,5.65,6.36,6.37,6.38,6.36,6.34,6.34,6.34,6.34,6.33,6.31,164.7,0,0,1,0,0,0,-1,0,None,aggregation
26,196.76,remora8,remora5,30,30,30,30,30,30,30,30,0,0,30,30,30,30,30,30,30,30,0,0,5.63,5.61,5.59,5.58,5.57,5.56,5.54,5.53,5.51,5.51,6.29,6.26,6.24,6.22,6.21,6.19,6.16,6.14,6.11,6.11,164.7,0,0,1,0,0,0,-1,0,None,aggregation
26,197.76,remora8,remora5,0,0,0,0,30,0,0,0,0,0,0,0,0,0,30,0,0,0,0,0,5.51,5.51,5.51,5.5,5.49,5.48,5.48,5.48,5.48,5.47,6.11,6.11,6.12,6.11,6.08,6.07,6.07,6.07,6.07,6.05,137.7,0,0,1,0,0,0,-1,0,None,aggregation
26,198.76,remora8,remora5,30,30,30,30,30,30,30,30,30,30,30,30,30,30,30,30,30,30,30,30,5.45,5.43,5.41,5.4,5.39,5.37,5.36,5.35,5.33,5.31,6.04,6.02,6,5.97,5.95,5.93,5.9,5.88,5.85,5.83,160.22,0,0,1,0,0,0,-1,0,None,aggregation
26,199.76,remora8,remora5,30,30,30,30,30,30,30,0,0,0,30,30,30,30,30,30,30,0,0,0,5.3,5.29,5.27,5.25,5.23,5.22,5.2,5.19,5.19,5.19,5.81,5.79,5.77,5.74,5.72,5.7,5.68,5.67,5.68,5.68,170.35,0,0,1,0,0,0,-1,0,None,aggregation
26,200.76,remora8,remora5,0,30,30,0,0,23.11,6.37,6.37,6.39,6.39,0,30,30,0,0,22.75,5.65,5.65,5.67,5.67,5.19,5.18,5.16,5.15,5.15,5.15,5.14,5.13,5.13,5.12,5.67,5.66,5.63,5.62,5.62,5.61,5.59,5.58,5.58,5.58,151.05,0,0,1,0,0,0,-1,0,None,aggregation
26,201.76,remora8,remora5,6.39,10.27,6.3,6.3,6.29,6.29,6.29,6.28,6.28,6.24,5.67,9.62,5.59,5.59,5.58,5.58,5.58,5.56,5.56,5.52,5.11,5.11,5.11,5.11,5.11,5.1,5.1,5.09,5.09,5.09,5.57,5.57,5.56,5.55,5.54,5.54,5.53,5.52,5.52,5.53,150.89,0,0,1,0,0,0,-1,0,None,aggregation
26,202.76,remora8,remora5,0,0,0,0,17.48,17.48,0,0,0,0,0,0,0,0,16.98,16.98,0,0,0,0,5.08,5.08,5.08,5.09,5.09,5.08,5.08,5.08,5.08,5.08,5.53,5.52,5.52,5.52,5.52,5.51,5.49,6.62,6.62,6.62,140.48,0,0,1,0,0,0,-1,0,None,aggregation
26,203.76,remora8,remora5,5.74,5.74,5.74,5.74,10.14,10.14,5.69,5.69,5.68,5.68,5.01,5.01,5.01,5.01,9.49,9.49,4.96,4.96,4.95,4.95,5.09,5.09,5.09,5.09,5.09,5.09,5.09,5.09,5.08,5.08,6.61,6.6,6.59,6.58,6.58,6.56,6.55,6.54,6.54,6.53,131.72,0,0,1,0,0,0,-1,0,None,aggregation
26,204.76,remora8,remora5,5.68,5.7,5.64,5.64,5.64,5.65,10.27,10.27,10.27,10.27,4.95,4.97,4.91,4.91,4.91,4.92,9.63,9.63,9.63,9.63,5.08,5.08,5.07,5.07,5.07,5.07,5.06,5.06,5.06,5.04,6.52,6.51,6.49,6.49,6.48,6.47,6.46,6.45,6.44,6.43,123.88,0,0,1,0,0,0,-1,0,None,aggregation
26,205.76,remora8,remora5,17.58,5.56,5.03,5.03,5.03,5.03,5.03,5,17.49,17.49,17.08,4.83,4.29,4.29,4.29,4.29,4.29,4.26,16.99,16.99,5.03,5.01,5.01,5,5,5,5,4.99,4.99,4.97,6.41,6.4,6.4,6.39,6.39,6.38,6.36,6.35,6.34,6.33,120.37,0,0,1,0,0,0,-1,0,None,aggregation
26,206.76,remora8,remora5,5,5,5,5,10.15,10.15,5.01,5.01,5.01,17.81,4.26,4.26,4.26,4.26,9.5,9.5,4.27,4.27,4.27,17.31,4.96,4.95,4.95,4.95,4.94,4.94,4.93,4.93,4.93,4.91,6.32,6.31,6.3,6.29,6.28,6.27,6.26,6.25,6.25,6.24,103.34,0,0,1,0,0,0,-1,0,None,aggregation
26,207.76,remora8,remora5,4.99,4.99,4.47,4.47,4.47,4.45,4.41,4.41,4.41,4.41,4.25,4.25,3.72,3.72,3.72,3.7,3.66,3.66,3.66,3.66,4.88,4.87,4.87,4.86,4.86,4.85,4.85,4.85,4.84,4.84,6.22,6.21,6.2,6.19,6.18,6.17,6.16,6.15,6.14,6.13,104.51,0,0,1,0,0,0,-1,0,None,aggregation
26,208.76,remora8,remora5,10.05,10.05,4.4,4.4,4.4,4.37,4.36,4.36,4.36,4.33,9.4,9.4,3.65,3.65,3.65,3.62,3.61,3.61,3.61,3.58,4.84,4.83,4.82,4.82,4.82,4.81,4.81,4.8,4.8,4.8,6.12,6.12,6.11,6.1,6.09,6.08,6.07,6.06,6.05,6.04,79.66,0,0,1,0,0,0,-1,0,None,aggregation
26,209.76,remora8,remora5,4.33,10.2,10.2,4.34,4.34,4.33,4.33,4.3,4.29,4.29,3.58,9.56,9.56,3.59,3.59,3.58,3.58,3.55,3.54,3.54,4.8,4.8,4.78,4.77,4.76,4.75,4.74,4.73,4.73,4.72,6.04,6.03,6.02,6.01,6,5.98,5.97,5.96,5.95,5.94,63.79,0,0,1,0,0,0,-1,0,None,aggregation
26,210.76,remora8,remora5,18.26,18.26,3.77,3.77,10.11,10.11,3.74,3.74,3.73,3.73,17.77,17.77,3,3,9.46,9.46,2.98,2.98,2.97,2.97,4.72,4.71,4.69,4.68,4.68,4.67,4.65,4.65,4.65,4.65,5.93,5.92,5.91,5.89,5.88,5.87,5.87,5.86,5.86,5.85,60.66,0,0,1,0,0,0,-1,0,None,aggregation
26,211.76,remora8,remora5,3.73,18.29,18.29,3.19,3.19,3.19,3.19,3.17,18.35,18.35,2.97,17.81,17.81,2.42,2.41,2.41,2.41,2.4,17.86,17.86,4.64,4.63,4.61,4.6,4.6,4.6,4.6,4.6,4.59,4.58,5.84,5.82,5.81,5.79,5.78,5.77,5.76,5.76,5.75,5.74,63.29,0,0,1,0,0,0,-1,0,None,aggregation
26,212.76,remora8,remora5,2.63,2.63,2.63,2.12,2.1,2.1,2.1,2.1,18.23,2.07,1.85,1.85,1.85,1.32,1.31,1.31,1.31,1.31,17.75,1.28,4.56,4.55,4.55,4.55,4.55,4.55,4.55,4.54,4.53,4.53,5.73,5.72,5.71,5.7,5.69,5.68,5.67,5.66,5.65,5.65,63.34,0,0,1,0,0,0,-1,0,None,aggregation
26,213.76,remora8,remora5,2.07,2.07,2.06,1.81,18.18,18.18,1.51,1.51,1.51,1.51,1.28,1.28,1.27,1.01,17.69,17.69,0.71,0.71,0.7,0.7,4.53,4.53,4.52,4.53,4.53,4.52,4.51,4.51,4.53,4.53,5.64,5.63,5.62,5.62,5.61,5.59,5.58,5.58,5.57,5.57,61.77,0,0,1,0,0,0,-1,0,None,aggregation
26,214.76,remora8,remora5,1.51,1.25,18.49,18.49,18.49,9.31,9.08,9.08,9.08,9.08,0.7,0.44,18.01,18.01,18.01,8.65,8.41,8.41,8.42,8.42,4.52,4.51,4.49,4.47,4.44,4.42,4.41,4.4,4.38,4.37,5.55,5.54,5.53,5.52,5.5,5.49,5.48,5.47,5.45,5.44,64.68,0,0,1,0,0,0,-1,0,None,aggregation
26,215.76,remora8,remora5,17.92,17.92,17.96,17.96,8.63,8.63,8.63,8.66,-1.17,-1.17,17.43,17.43,17.47,17.47,7.95,7.95,7.95,7.98,-1.99,-1.99,4.36,4.35,4.34,4.33,4.31,4.29,4.28,4.28,4.28,4.28,5.43,5.41,5.4,5.38,5.37,5.36,5.35,5.34,5.34,5.34,66.9,0,0,1,0,0,0,-1,0,None,aggregation
26,216.76,remora8,remora5,-1.17,-1.17,-1.18,-1.18,8.58,8.58,-1.19,-1.19,-1.19,18.18,-1.99,-1.99,-2,-2,7.9,7.9,-2.01,-2.01,-2.01,17.69,4.28,4.28,4.28,4.28,4.28,4.28,4.28,4.28,4.28,4.28,5.34,5.34,5.33,5.33,5.33,5.33,5.33,5.33,5.33,5.32,64.49,0,0,1,0,0,0,-1,0,None,aggregation
26,217.76,remora8,remora5,18.18,-0.64,-1.17,-1.17,-1.17,8.82,18.49,18.49,18.49,-1.16,17.69,-1.46,-1.99,-1.99,-1.99,8.15,18.01,18.01,18.01,-1.98,4.26,4.26,4.27,4.27,4.26,4.25,4.23,4.21,4.19,4.18,5.3,5.29,5.29,5.28,5.27,5.25,5.24,5.23,5.21,5.2,69.17,0,0,1,0,0,0,-1,0,None,aggregation
26,218.76,remora8,remora5,-1.16,-1.16,18.8,18.8,-0.61,-0.61,-0.61,15.36,9.41,9.41,-1.98,-1.98,18.33,18.33,-1.43,-1.43,-1.43,14.81,8.75,8.75,4.17,4.17,4.16,4.15,4.15,4.15,4.15,4.14,4.12,4.12,5.19,5.18,5.17,5.16,5.15,5.15,5.14,5.12,5.12,5.12,71.68,0,0,1,0,0,0,-1,0,None,aggregation
26,219.76,remora8,remora5,9.41,19.7,19.72,19.72,19.71,19.71,19.23,19.23,19.35,19.35,8.75,19.24,19.27,19.27,19.25,19.25,18.77,18.77,18.89,18.89,4.13,4.12,4.11,4.08,4.06,4.03,4.01,4,3.99,3.97,5.12,5.11,5.1,5.08,5.06,5.05,5.03,5.01,5,4.99,84.83,0,0,1,0,0,0,-1,0,None,aggregation
26,220.76,remora8,remora5,19.35,19.35,19.46,19.46,19.7,19.7,19.47,19.47,-2.5,-2.5,18.89,18.89,19.01,19.01,19.25,19.25,19.02,19.02,-3.32,-3.32,3.95,3.92,3.9,3.89,3.88,3.87,3.86,3.84,3.81,3.8,4.97,4.95,4.94,4.92,4.91,4.9,4.89,4.88,4.87,4.87,93.24,0,0,1,0,0,0,-1,0,None,aggregation
26,221.76,remora8,remora5,-2.5,-2.49,-2.49,20.1,20.1,12.62,9.09,9.09,9.09,20.43,-3.32,-3.31,-3.31,19.65,19.65,12.02,8.42,8.42,8.42,20,3.8,3.8,3.79,3.79,3.78,3.75,3.73,3.72,3.7,3.69,4.87,4.86,4.85,4.84,4.83,4.81,4.8,4.79,4.78,4.78,95,0,0,1,0,0,0,-1,0,None,aggregation
26,222.76,remora8,remora5,20.49,20.49,20.83,20.83,-1.24,-1.24,21.37,21.37,21.37,21.44,20.06,20.06,20.4,20.4,-2.06,-2.06,20.96,20.96,20.96,21.03,3.67,3.66,3.65,3.62,3.59,3.58,3.57,3.56,3.55,3.54,4.77,4.76,4.75,4.74,4.74,4.73,4.73,4.72,4.71,4.7,108.5,0,0,1,0,0,0,-1,0,None,aggregation
26,223.76,remora8,remora5,21.51,21.51,9.7,9.7,9.7,21.06,28.73,28.73,22.15,22.15,21.11,21.11,9.04,9.04,9.04,20.64,28.57,28.57,21.76,21.76,3.52,3.5,3.47,3.44,3.42,3.41,3.41,3.39,3.37,3.36,4.69,4.68,4.66,4.65,4.64,4.64,4.63,4.62,4.6,4.58,123.1,0,0,1,0,0,0,-1,0,None,aggregation
26,224.76,remora8,remora5,21.09,21.09,21.09,24.42,-0.4,-0.4,28.68,28.68,21.35,21.35,20.67,20.67,20.67,24.09,-1.22,-1.22,28.51,28.51,20.94,20.94,3.35,3.33,3.31,3.28,3.25,3.24,3.25,3.22,3.19,3.17,4.57,4.56,4.55,4.55,4.54,4.53,4.52,4.5,4.48,4.47,131.83,0,0,1,0,0,0,-1,0,None,aggregation
26,225.76,remora8,remora5,21.35,24.81,24.81,24.86,9.57,9.57,23.41,23.41,23.41,25.11,20.94,24.49,24.49,24.54,8.91,8.91,23.05,23.05,23.05,24.8,3.16,3.15,3.13,3.11,3.07,3.05,3.04,3.02,3,2.98,4.47,4.46,4.45,4.44,4.43,4.41,4.4,4.38,4.36,4.35,141.95,0,0,1,0,0,0,-1,0,None,aggregation
26,226.76,remora8,remora5,25.11,21.48,29.87,29.87,28.65,28.65,28.65,25.37,25.37,24.27,24.8,21.07,29.92,29.92,28.49,28.49,28.49,25.07,25.07,23.93,2.96,2.94,2.93,2.9,2.86,2.83,2.79,2.77,2.75,2.73,4.33,4.32,4.31,4.3,4.29,4.27,4.26,4.25,4.24,4.23,164.02,0,1,1,0,0,0,-1,0,None,aggregation
26,227.76,remora8,remora5,23.28,23.28,25.66,25.66,25.66,21.62,25.68,25.68,23.28,23.28,22.92,22.92,25.37,25.37,25.37,21.21,25.39,25.39,22.92,22.92,2.7,2.68,2.65,2.62,2.6,2.57,2.55,2.53,2.51,2.49,4.22,4.2,4.18,4.17,4.15,4.13,4.11,4.1,4.1,4.09,179.31,0,1,1,0,0,0,-1,0,None,aggregation
26,228.76,remora8,remora5,23.28,25.85,28.54,28.54,28.54,27.99,27.99,25.63,27.98,27.98,22.92,25.56,28.38,28.38,28.38,27.8,27.8,25.34,27.79,27.79,2.46,2.44,2.41,2.38,2.36,2.33,2.31,2.28,2.26,2.23,4.08,4.06,4.05,4.03,4.02,4,3.99,3.98,3.97,3.96,198.77,0,1,1,0,0,0,-1,0,None,aggregation
26,229.76,remora8,remora5,27.98,21.52,26.1,26.1,21.57,21.57,21.57,21.54,26.46,26.46,27.79,21.12,25.83,25.83,21.17,21.17,21.17,21.13,26.2,26.2,2.2,2.18,2.17,2.14,2.11,2.08,2.06,2.04,2.01,1.99,3.95,3.93,3.92,3.91,3.9,3.89,3.88,3.87,3.86,3.85,204.42,0,1,1,0,0,0,-1,0,None,aggregation
26,230.76,remora8,remora5,27.91,27.91,27.87,27.87,21.65,21.65,21.65,21.65,23.17,28.56,27.71,27.71,27.67,27.67,21.24,21.24,21.24,21.24,22.81,28.4,1.96,1.93,1.9,1.87,1.85,1.83,1.81,1.79,1.76,1.74,3.84,3.83,3.82,3.8,3.79,3.77,3.76,3.74,3.73,3.72,213.27,0,1,1,0,0,0,-1,0,None,aggregation
26,231.76,remora8,remora5,27.81,27.81,29.21,29.21,29.21,29.16,27.69,27.69,0,0,27.61,27.61,29.32,29.32,29.32,29.28,27.48,27.48,0,0,1.71,1.68,1.66,1.63,1.6,1.57,1.54,1.52,1.5,1.49,3.7,3.69,3.67,3.66,3.65,3.64,3.63,3.62,3.61,3.6,225.3,0,1,1,0,0,0,-1,0,None,aggregation
26,232.76,remora8,remora5,0,0,0,0,0,0,0,0,0,0,0,0,0,0,0,0,0,0,0,0,1.49,1.49,1.49,1.49,1.49,1.49,1.49,1.49,1.49,1.5,3.6,3.6,3.6,3.6,3.59,3.59,3.58,3.58,3.57,3.56,208.32,1,0,1,0,0,0,-1,0,None,aggregation
26,233.76,remora8,remora5,0,0,0,0,0,0,0,0,0,0,0,0,0,0,0,0,0,0,0,0,1.5,1.5,1.5,1.49,1.49,1.49,1.49,1.49,1.49,1.5,3.55,3.55,3.54,3.53,3.53,3.52,3.52,3.51,3.5,3.5,189.04,1,0,1,0,0,0,-1,0,None,aggregation
26,234.76,remora8,remora5,0,0,0,0,0,0,0,0,0,0,0,0,0,0,0,0,0,0,0,0,1.5,1.49,1.49,1.5,1.5,1.5,1.5,1.5,1.5,1.5,3.49,3.48,3.47,3.47,3.46,3.46,3.45,3.44,3.44,3.43,170.24,1,0,1,0,0,0,-1,0,None,aggregation
26,235.76,remora8,remora5,0,0,0,0,0,0,0,0,0,0,0,0,0,0,0,0,0,0,0,0,1.5,1.51,1.51,1.5,1.5,1.5,1.5,1.5,1.49,1.49,3.43,3.42,3.42,3.41,3.41,3.4,3.39,3.38,3.37,3.37,149.42,1,1,1,0,0,0,-1,0,None,aggregation
26,236.76,remora8,remora5,0,0,0,0,0,0,0,0,0,0,0,0,0,0,0,0,0,0,0,0,1.49,1.49,1.5,1.5,1.5,1.49,1.49,1.5,1.5,1.5,3.36,3.36,3.35,3.35,3.34,3.33,3.32,3.32,3.31,3.31,122.79,1,1,1,0,0,0,-1,0,None,aggregation
26,237.76,remora8,remora5,0,0,0,0,0,0,0,0,0,0,0,0,0,0,0,0,0,0,0,0,1.5,1.5,1.5,1.5,1.5,1.5,1.5,1.5,1.5,1.51,3.3,3.3,3.29,3.29,3.28,3.27,3.27,3.26,3.25,3.25,98.65,0,1,1,0,0,0,-1,0,None,aggregation
26,238.76,remora8,remora5,0,0,0,0,0,0,0,0,0,0,0,0,0,0,0,0,0,0,0,0,1.51,1.51,1.5,1.5,1.5,1.49,1.49,1.49,1.49,1.49,3.25,3.24,3.24,3.24,3.24,3.24,3.24,3.24,3.25,3.25,71.52,1,1,1,0,0,0,-1,0,None,aggregation
26,239.76,remora8,remora5,0,0,0,0,0,0,0,0,-20.81,-20.81,0,0,0,0,0,0,0,0,-19.99,-19.99,1.49,1.49,1.49,1.49,1.49,1.49,1.48,1.48,1.49,1.5,3.25,3.25,3.25,3.24,3.24,3.24,3.24,3.24,3.24,3.24,51.68,1,1,1,0,0,0,-1,0,None,aggregation
26,240.76,remora8,remora5,-20.81,-20.74,-20.74,-20.67,-26.23,-26.23,-26.23,-17.84,-20.73,-20.73,-19.99,-19.92,-19.92,-19.85,-25.4,-25.4,-25.4,-17.01,-19.91,-19.91,1.52,1.54,1.55,1.57,1.59,1.61,1.64,1.66,1.67,1.69,3.25,3.26,3.26,3.27,3.27,3.28,3.28,3.29,3.29,3.3,48.52,0,1,1,0,0,0,-1,0,None,aggregation
26,241.76,remora8,remora5,-20.73,-26.02,-26.02,-28.29,-20.7,-20.7,-25.94,-25.94,-25.94,-25.94,-19.91,-25.2,-25.2,-27.47,-19.87,-19.87,-25.12,-25.12,-25.12,-25.12,1.71,1.73,1.76,1.79,1.82,1.84,1.86,1.88,1.91,1.94,3.3,3.31,3.31,3.32,3.33,3.33,3.34,3.34,3.35,3.35,49.97,0,1,1,0,0,0,-1,0,None,aggregation
26,242.76,remora8,remora5,-28.45,-28.45,-14.73,-14.73,-25.95,-25.95,-24.45,-24.45,-25.87,-25.87,-29.27,-29.27,-13.91,-13.91,-25.13,-25.13,-23.63,-23.63,-25.04,-25.04,1.95,1.98,2,2.03,2.04,2.07,2.09,2.11,2.14,2.17,3.35,3.35,3.35,3.35,3.35,3.35,3.35,3.35,3.35,3.36,73.62,0,1,1,0,0,0,-1,0,None,aggregation
26,243.76,remora8,remora5,-25.87,-22.98,-22.98,-6.82,-6.82,-10.8,-10.8,-25.69,-25.69,-10.09,-25.04,-22.15,-22.15,-5.99,-5.99,-9.98,-9.98,-24.87,-24.87,-9.27,2.2,2.22,2.24,2.25,2.26,2.27,2.28,2.3,2.32,2.34,3.36,3.36,3.36,3.36,3.35,3.35,3.35,3.36,3.37,3.37,90.06,0,1,1,0,0,0,-1,0,None,aggregation
26,208.76,remora8,remora6,30,30,30,30,30,30,30,30,30,30,30,30,30,30,30,30,30,30,30,30,8.74,8.72,8.7,8.67,8.65,8.62,8.6,8.57,8.54,8.52,8.74,8.72,8.7,8.67,8.65,8.62,8.6,8.57,8.54,8.52,300,0,0,1,0,0,0,-1,0,None,aggregation
26,209.76,remora8,remora6,30,30,30,30,30,30,30,30,30,30,30,30,30,30,30,30,30,30,30,30,8.49,8.47,8.45,8.42,8.4,8.37,8.35,8.32,8.29,8.27,8.49,8.47,8.45,8.42,8.4,8.37,8.35,8.32,8.29,8.27,300,0,0,1,0,0,0,-1,0,None,aggregation
26,210.76,remora8,remora6,30,30,30,30,30,30,30,30,30,30,30,30,30,30,30,30,30,30,30,30,8.24,8.23,8.21,8.19,8.16,8.14,8.12,8.09,8.07,8.04,8.24,8.23,8.21,8.19,8.16,8.14,8.12,8.09,8.07,8.04,300,0,0,1,0,0,0,-1,0,None,aggregation
26,211.76,remora8,remora6,30,30,30,30,30,30,30,30,30,30,30,30,30,30,30,30,30,30,30,30,8.01,7.99,7.98,7.96,7.93,7.9,7.88,7.85,7.82,7.81,8.01,7.99,7.98,7.96,7.93,7.9,7.88,7.85,7.82,7.81,300,0,0,1,0,0,0,-1,0,None,aggregation
26,212.76,remora8,remora6,30,30,30,30,30,30,30,30,30,30,30,30,30,30,30,30,30,30,30,30,7.79,7.77,7.74,7.72,7.69,7.66,7.63,7.61,7.59,7.57,7.79,7.77,7.74,7.72,7.69,8.82,8.79,8.77,8.75,8.73,300,0,0,1,0,0,0,-1,0,None,aggregation
26,213.76,remora8,remora6,30,30,30,30,30,30,30,30,30,30,30,30,30,30,30,30,30,30,30,30,7.54,7.51,7.49,7.46,7.43,7.41,7.4,7.38,7.35,7.32,8.7,8.67,8.65,8.63,8.6,8.58,8.56,8.54,8.51,8.48,300,0,0,1,0,0,0,-1,0,None,aggregation
26,214.76,remora8,remora6,30,30,30,30,30,30,30,30,30,30,30,30,30,30,30,30,30,30,30,30,7.29,7.26,7.24,7.22,7.21,7.19,7.17,7.15,7.13,7.11,8.46,8.43,8.41,8.39,8.37,8.35,8.33,8.3,8.28,8.26,300,0,0,1,0,0,0,-1,0,None,aggregation
26,215.76,remora8,remora6,30,30,30,30,30,30,30,30,0,0,30,30,30,30,30,30,30,30,0,0,7.08,7.07,7.05,7.04,7.03,7.01,6.98,6.96,6.94,6.94,8.23,8.21,8.2,8.18,8.16,8.14,8.12,8.09,8.07,8.07,294,0,0,1,0,0,0,-1,0,None,aggregation
26,216.76,remora8,remora6,0,0,0,0,0,0,0,30,30,30,0,0,0,0,0,0,0,30,30,30,6.93,6.93,6.93,6.93,6.93,6.93,6.94,6.92,6.89,6.87,8.07,8.07,8.07,8.07,8.06,8.07,8.07,8.05,8.03,8.01,273,0,0,1,0,0,0,-1,0,None,aggregation
26,217.76,remora8,remora6,30,30,30,30,30,30,30,30,30,30,30,30,30,30,30,30,30,30,30,30,6.86,6.83,6.8,6.77,6.74,6.72,6.69,6.68,6.66,6.64,7.99,7.97,7.94,7.91,7.89,7.86,7.84,7.82,7.8,7.78,273,0,0,1,0,0,0,-1,0,None,aggregation
26,218.76,remora8,remora6,30,30,30,30,30,30,30,0,0,0,30,30,30,30,30,30,30,0,0,0,6.61,6.58,6.55,6.53,6.52,6.49,6.46,6.44,6.45,6.46,7.75,7.72,7.7,7.68,7.66,7.63,7.61,7.59,7.59,7.59,264,0,0,1,0,0,0,-1,0,None,aggregation
26,219.76,remora8,remora6,0,30,30,30,30,30,30,30,30,30,0,30,30,30,30,30,30,30,30,30,6.47,6.46,6.45,6.44,6.43,6.41,6.4,6.39,6.38,6.37,7.6,7.59,7.57,7.56,7.54,7.52,7.51,7.49,7.47,7.46,261,0,0,1,0,0,0,-1,0,None,aggregation
26,220.76,remora8,remora6,30,30,30,30,30,30,0,0,0,0,30,30,30,30,30,30,0,0,0,0,6.35,6.34,6.33,6.32,6.3,6.29,6.28,6.29,6.31,6.31,7.44,8.28,8.26,8.24,8.22,8.2,8.19,8.19,8.19,8.19,249,0,0,1,0,0,0,-1,0,None,aggregation
26,221.76,remora8,remora6,0,30,30,30,30,30,0,0,0,0,0,30,30,30,30,30,0,0,0,0,6.3,6.28,6.25,6.23,6.22,6.21,6.19,6.19,6.2,6.21,8.18,8.16,8.14,8.12,8.1,8.08,8.05,8.04,8.04,8.05,234,0,0,1,0,0,0,-1,0,None,aggregation
26,222.76,remora8,remora6,0,0,0,0,0,30,0,0,0,0,0,0,0,0,0,30,0,0,0,0,6.22,6.24,6.26,6.28,6.29,6.28,6.25,6.26,6.28,6.3,8.05,8.06,8.07,8.07,8.07,8.06,8.03,8.03,8.04,8.05,207,0,0,1,0,0,0,-1,0,None,aggregation
26,223.76,remora8,remora6,30,30,0,0,0,0,0,30,30,30,30,30,0,0,0,0,0,30,30,30,6.31,6.31,6.3,6.3,6.31,6.32,6.34,6.35,6.34,6.34,8.06,8.52,8.5,8.5,8.5,8.5,8.51,8.5,8.48,8.46,192,0,0,1,0,0,0,-1,0,None,aggregation
26,224.76,remora8,remora6,0,0,0,0,30,30,30,30,0,0,0,0,0,0,30,30,30,30,0,0,6.33,6.34,6.35,6.37,6.39,6.38,6.36,6.35,6.34,6.36,8.45,8.44,8.45,8.46,8.47,8.45,8.43,8.41,8.39,8.39,174,0,0,1,0,0,0,-1,0,None,aggregation
26,225.76,remora8,remora6,0,0,0,30,30,30,30,30,30,30,0,0,0,30,30,30,30,30,30,30,6.38,6.4,6.42,6.42,6.42,6.4,6.38,6.37,6.36,6.36,8.39,8.4,8.41,8.4,8.39,8.36,8.34,8.32,8.3,8.27,171,0,0,1,0,0,0,-1,0,None,aggregation
26,226.76,remora8,remora6,30,0,0,0,0,0,0,0,0,30,30,0,0,0,0,0,0,0,0,30,6.35,6.36,6.37,6.4,6.42,6.45,6.47,6.5,6.52,6.52,8.25,8.25,8.26,8.26,8.26,8.26,8.27,8.27,8.28,8.28,168,0,0,1,0,0,0,-1,0,None,aggregation
26,227.76,remora8,remora6,30,30,30,30,30,30,0,0,0,0,30,30,30,30,30,30,0,0,0,0,6.52,6.51,6.51,6.5,6.5,6.49,6.48,6.5,6.52,6.54,8.27,8.25,8.23,8.21,8.19,8.16,8.14,8.14,8.15,8.16,156,0,0,1,0,0,0,-1,0,None,aggregation
26,228.76,remora8,remora6,0,30,30,30,30,30,0,0,0,0,0,30,30,30,30,30,0,0,0,0,6.56,6.57,6.56,6.56,6.56,6.56,6.56,6.58,6.6,6.63,8.16,8.15,8.13,8.12,8.1,8.09,8.08,8.08,8.09,8.09,150,0,0,1,0,0,0,-1,0,None,aggregation
26,229.76,remora8,remora6,0,30,0,0,0,0,0,30,0,0,0,30,0,0,0,0,0,30,0,0,6.65,6.66,6.66,6.67,6.69,6.71,6.73,6.74,6.73,6.75,8.09,8.09,8.07,8.07,8.07,8.08,8.08,8.08,8.07,8.07,129,0,0,1,0,0,0,-1,0,None,aggregation
26,230.76,remora8,remora6,0,0,30,30,30,30,30,30,30,30,0,0,30,30,30,30,30,30,30,30,6.77,6.8,6.82,6.82,6.82,6.82,6.81,6.8,6.8,6.8,8.07,8.07,8.07,8.06,8.04,8.02,8,7.98,7.97,7.96,135,0,0,1,0,0,0,-1,0,None,aggregation
26,231.76,remora8,remora6,30,30,0,0,0,0,30,30,0,0,30,30,0,0,0,0,30,30,0,0,6.8,6.8,6.8,6.81,6.84,6.86,6.89,6.9,6.9,6.9,7.94,7.93,7.91,7.9,7.91,7.91,7.91,7.91,7.9,7.89,132,0,0,1,0,0,0,-1,0,None,aggregation
26,232.76,remora8,remora6,0,0,30,30,30,30,30,30,30,30,0,0,30,30,30,30,30,30,30,30,6.9,6.9,6.9,6.88,6.86,6.83,6.81,6.78,6.75,6.73,7.89,7.89,7.88,7.87,7.85,7.84,7.82,7.79,7.77,7.74,153,0,0,1,0,0,0,-1,0,None,aggregation
26,233.76,remora8,remora6,30,30,30,30,30,30,30,30,30,30,30,30,30,30,30,30,30,30,30,30,6.7,6.68,6.65,6.63,6.6,6.58,6.55,6.52,6.5,6.47,7.72,7.7,7.67,7.65,7.63,7.61,7.6,7.57,7.55,7.52,168,0,0,1,0,0,0,-1,0,None,aggregation
26,234.76,remora8,remora6,30,30,30,30,30,30,30,30,30,30,30,30,30,30,30,30,30,30,30,30,6.45,6.42,6.4,6.37,6.35,6.32,6.3,6.27,6.25,6.22,7.5,7.48,7.45,7.43,7.42,7.39,7.37,7.35,7.32,7.3,186,0,0,1,0,0,0,-1,0,None,aggregation
26,235.76,remora8,remora6,30,30,30,30,30,30,30,30,30,30,30,30,30,30,30,30,30,30,30,30,6.2,6.17,6.15,6.12,6.1,6.07,6.04,6.02,6,5.97,7.29,7.27,7.26,7.23,7.21,7.19,7.16,7.14,7.12,7.09,195,0,0,1,0,0,0,-1,0,None,aggregation
26,236.76,remora8,remora6,30,30,30,30,30,30,30,30,30,30,30,30,30,30,30,30,30,30,30,30,5.95,5.92,5.9,5.87,5.85,5.82,5.8,5.78,5.75,5.73,7.07,7.05,7.04,7.02,6.99,6.97,6.95,6.93,6.91,6.89,219,0,0,1,0,0,0,-1,0,None,aggregation
26,237.76,remora8,remora6,30,30,30,30,30,30,30,30,30,30,30,30,30,30,30,30,30,30,30,30,5.7,5.68,5.66,5.63,5.61,5.58,5.56,5.54,5.51,5.49,6.87,6.86,6.84,6.82,6.8,6.78,6.75,6.73,6.71,6.7,231,0,0,1,0,0,0,-1,0,None,aggregation
26,238.76,remora8,remora6,30,0.94,0.94,1.16,1.78,1.78,2.42,2.42,2.42,3.08,30,-9.53,-9.53,-9.31,-8.68,-8.68,-8.04,-8.04,-8.04,-7.38,5.47,5.46,5.46,5.46,5.46,5.47,5.47,5.47,5.47,5.47,6.68,6.67,6.67,6.67,6.67,6.67,6.68,6.68,6.69,6.69,222.01,0,0,1,0,0,0,-1,0,None,aggregation
26,239.76,remora8,remora6,3.76,3.76,4.44,4.44,4.44,5.12,5.62,5.62,6.06,6.06,-6.71,-6.71,-6.03,-6.03,-6.03,-5.34,-4.46,-4.46,-3.57,-3.57,5.48,5.48,5.48,5.48,5.48,5.48,5.48,5.48,5.48,5.46,6.69,6.69,6.69,6.69,6.69,6.68,6.68,6.68,6.68,6.67,216.92,0,0,1,0,0,0,-1,0,None,aggregation
26,240.76,remora8,remora6,6.06,6.49,6.89,6.89,7.27,7.27,7.27,7.61,7.93,7.93,-3.57,-2.71,-1.89,-1.89,-1.12,-1.12,-1.12,-0.39,0.29,0.29,5.44,5.42,5.4,5.37,5.35,5.33,5.3,5.27,5.25,5.23,6.67,6.67,6.66,6.65,6.64,6.63,6.62,6.61,6.6,6.6,195.84,0,0,1,0,0,0,-1,0,None,aggregation
26,241.76,remora8,remora6,7.93,8.23,8.23,8.51,0,0,30,30,30,30,0.29,0.94,0.94,1.55,0,0,30,30,30,30,5.21,5.18,5.15,5.12,5.09,5.06,5.04,5,4.95,4.9,6.59,6.58,6.57,6.56,6.55,6.54,6.53,6.51,6.48,6.44,197.67,0,0,1,0,0,0,-1,0,None,aggregation
26,242.76,remora8,remora6,30,30,30,30,30,30,30,30,30,30,30,30,30,30,30,30,30,30,30,30,4.85,4.79,4.75,4.7,4.66,4.6,4.56,4.5,4.45,4.4,6.42,6.38,6.34,6.31,6.27,6.24,6.2,6.17,6.14,6.11,203.67,0,0,1,0,0,0,-1,0,None,aggregation
26,243.76,remora8,remora6,30,30,30,30,30,0,0,0,0,30,30,30,30,30,30,0,0,0,0,30,4.35,4.3,4.25,4.21,4.18,4.16,4.15,4.13,4.1,4.07,6.08,6.05,6.01,5.98,5.94,5.92,5.92,5.91,5.9,5.89,191.67,0,0,1,0,0,0,-1,0,None,aggregation
26,124.76,remora7,remora5,5.36,-5.39,-5.39,-4.85,-4.85,-5.14,-4.84,-4.84,-4.56,-4.56,6.08,-4.57,-4.57,-4.03,-4.03,-4.31,-4.02,-4.02,-3.74,-3.74,1.57,1.57,1.57,1.57,1.58,1.58,1.59,1.59,1.6,1.61,2.68,2.68,2.67,2.67,2.67,2.67,2.68,2.69,2.7,2.7,18.75,0,1,0,0,0,0,-1,0,None,aggregation
26,125.76,remora7,remora5,6.68,6.68,6.79,6.79,-4.02,-4.02,-3.47,-3.47,-3.47,-3.18,7.38,7.38,7.48,7.48,-3.2,-3.2,-2.65,-2.65,-2.65,-2.36,1.61,1.61,1.6,1.6,1.6,1.61,1.61,1.62,1.62,1.62,2.7,2.69,2.69,2.69,2.69,2.69,2.69,2.69,2.69,2.69,23.5,0,1,0,0,0,0,-1,0,None,aggregation
26,126.76,remora7,remora5,-3.18,1.81,1.66,1.66,1.66,-2.93,-2.65,-2.65,2.01,2.01,-2.36,2.59,2.45,2.45,2.45,-2.11,-1.83,-1.83,2.79,2.79,1.62,1.61,1.61,1.61,1.61,1.61,1.6,1.6,1.59,1.59,2.69,2.7,2.7,2.7,2.7,2.7,2.69,2.69,2.68,2.68,25.8,0,1,0,0,0,0,-1,0,None,aggregation
26,127.76,remora7,remora5,2.01,2.01,-2.96,-2.96,7.85,7.85,7.85,2.53,-2.15,-2.15,2.79,2.79,-2.14,-2.14,8.52,8.52,8.52,3.3,-1.33,-1.33,1.58,1.58,1.59,1.59,1.58,1.59,1.59,1.58,1.58,1.57,2.67,2.67,2.67,2.67,2.68,2.68,2.68,2.67,2.67,2.67,29.89,0,1,0,0,0,0,-1,0,None,aggregation
26,128.76,remora7,remora5,8.28,8.28,8.94,8.94,8.73,8.73,8.73,-1.14,-1.15,-1.15,8.95,8.95,9.59,9.59,9.39,9.39,9.39,-0.32,-0.33,-0.33,1.57,1.57,1.57,1.56,1.55,1.54,1.54,1.53,1.52,1.52,2.68,2.68,2.68,2.68,2.68,2.67,2.67,2.66,2.66,2.66,36.4,0,1,0,0,0,0,-1,0,None,aggregation
26,129.76,remora7,remora5,-1.15,9.14,9.31,9.31,9.72,9.72,9.72,9.98,10.36,10.36,-0.33,9.8,9.96,9.96,10.36,10.36,10.36,10.62,11,11,1.52,1.51,1.5,1.49,1.49,1.49,1.49,1.5,1.52,1.52,2.66,2.67,2.68,2.68,2.68,2.68,2.68,2.69,2.7,2.7,45.53,0,1,1,0,0,0,-1,0,None,aggregation
26,130.76,remora7,remora5,10.36,1.46,1.97,1.97,1.97,2.5,11.62,11.62,11.62,11.91,11,2.24,2.75,2.75,2.75,3.27,12.23,12.23,12.23,12.51,1.51,1.52,1.53,1.53,1.54,1.54,1.54,1.53,1.53,1.53,2.7,2.7,2.7,2.7,2.7,2.71,2.72,2.72,2.73,2.74,52.58,0,1,1,0,0,0,-1,0,None,aggregation
26,131.76,remora7,remora5,12.44,12.44,4.53,4.53,4.53,5.27,5.53,5.53,13.78,13.78,13.03,13.03,5.26,5.26,5.26,6,6.24,6.24,14.35,14.35,1.54,1.55,1.56,1.56,1.56,1.56,1.57,1.58,1.59,1.6,2.75,2.75,2.76,2.76,2.76,2.76,2.77,2.77,2.78,2.78,55.57,0,1,1,0,0,0,-1,0,None,aggregation
26,132.76,remora7,remora5,14.15,14.15,14.15,14.15,9.98,7.95,11,11,11,9.14,14.7,14.7,14.7,14.7,10.62,8.63,11.62,11.62,11.62,9.79,1.59,1.59,1.59,1.6,1.61,1.62,1.63,1.63,1.63,1.64,2.78,2.79,2.8,2.82,2.83,2.85,2.85,2.85,2.86,2.86,63.04,0,1,1,0,0,0,-1,0,None,aggregation
26,133.76,remora7,remora5,9.14,15.74,15.74,16.42,12.74,12.74,12.74,11.67,17.04,17.04,9.79,16.26,16.26,16.94,13.33,13.33,13.33,12.27,17.54,17.54,1.66,1.68,1.71,1.72,1.72,1.72,1.72,1.72,1.73,1.73,2.87,2.89,2.9,2.91,2.92,2.92,2.92,2.93,2.94,2.95,73.39,0,1,1,0,0,0,-1,0,None,aggregation
26,134.76,remora7,remora5,17.04,17.94,17.94,14.37,18.51,18.51,18.51,18.93,18.93,14.8,17.54,18.43,18.43,14.92,18.98,18.98,18.98,19.39,19.39,15.34,1.73,1.73,1.74,1.74,1.74,1.75,1.75,1.77,1.79,1.81,2.97,2.98,2.98,2.99,2.99,3,3.01,3.02,3.04,3.05,86.53,0,1,1,0,0,0,-1,0,None,aggregation
26,135.76,remora7,remora5,14.8,19.62,19.62,20.05,16.42,16.42,20.1,20.1,17.58,17.58,15.34,20.06,20.06,20.48,16.93,16.93,20.53,20.53,18.07,18.07,1.81,1.83,1.86,1.88,1.91,1.94,1.97,1.98,1.99,2,3.07,3.1,3.13,3.15,3.17,3.19,3.21,3.22,3.23,3.24,100.25,0,1,1,0,0,0,-1,0,None,aggregation
26,136.76,remora7,remora5,17.58,18.13,18.13,18.31,18.67,18.67,19.18,19.18,19.18,22.4,18.07,18.61,18.61,18.78,19.13,19.13,19.63,19.63,19.63,22.78,2.01,2.02,2.03,2.03,2.04,2.05,2.06,2.07,2.08,2.09,3.25,3.26,3.27,3.27,3.29,3.31,3.33,3.34,3.35,3.36,117.12,0,1,1,0,0,0,-1,0,None,aggregation
26,137.76,remora7,remora5,20.03,20.03,20.36,20.36,20.36,20.7,21.02,21.02,21.02,20.89,20.46,20.46,20.79,20.79,20.79,21.12,21.43,21.43,21.43,21.3,2.11,2.13,2.16,2.18,2.19,2.2,2.21,2.23,2.24,2.26,3.37,3.39,3.41,3.44,3.46,3.48,3.49,3.51,3.52,3.54,133.83,0,1,1,0,0,0,-1,0,None,aggregation
26,138.76,remora7,remora5,20.89,21.65,21.97,21.97,22.27,22.27,21.96,21.96,24.57,24.57,21.3,22.05,22.36,22.36,22.65,22.65,22.35,22.35,24.88,24.88,2.3,2.32,2.34,2.35,2.37,2.38,2.4,2.41,2.43,2.44,3.56,3.59,3.61,3.63,3.64,3.66,3.67,3.69,3.72,3.74,149.91,0,1,1,0,0,0,-1,0,None,aggregation
26,139.76,remora7,remora5,24.57,23.13,23.4,23.4,23.55,23.55,23.55,23.83,25.45,25.45,24.88,23.48,23.75,23.75,23.9,23.9,23.9,24.16,25.74,25.74,2.46,2.48,2.5,2.53,2.57,2.58,2.6,2.62,2.64,2.68,3.75,3.77,3.78,3.81,3.84,3.87,3.89,3.91,3.93,3.96,164.93,0,1,1,0,0,0,-1,0,None,aggregation
26,140.76,remora7,remora5,25.45,24.35,24.37,24.37,23.85,23.85,23.85,24.88,24.88,0,25.74,24.67,24.7,24.7,24.19,24.19,24.19,25.19,25.19,0,2.71,2.74,2.75,2.79,2.83,2.85,2.87,2.89,2.91,2.93,3.99,4,4.02,4.05,4.07,4.11,4.14,4.16,4.18,4.19,180.02,0,1,1,0,0,0,-1,0,None,aggregation
26,141.76,remora7,remora5,0,0,0,-13.85,-13.85,-9.98,-21.1,-21.1,-21.1,-20.82,0,0,0,-14.67,-14.67,-10.8,-21.92,-21.92,-21.92,-21.64,2.96,2.96,2.96,2.96,2.95,2.94,2.94,2.93,2.91,2.9,4.2,4.2,4.2,4.19,4.18,4.17,4.17,4.17,4.16,4.14,183.91,0,1,1,0,0,0,-1,0,None,aggregation
26,142.76,remora7,remora5,-12.27,-12.27,-12.27,-11.73,-11.73,-11.75,-19.78,-19.78,-19.78,-10.67,-13.09,-13.09,-13.09,-12.55,-12.55,-12.57,-20.6,-20.6,-20.6,-11.49,2.89,2.88,2.87,2.87,2.86,2.86,2.85,2.84,2.83,2.83,4.12,4.11,4.1,4.08,4.07,4.06,4.05,4.04,4.04,4.03,186.55,0,1,1,0,0,0,-1,0,None,aggregation
26,143.76,remora7,remora5,-10.12,-10.12,-10.13,-10.13,-9.58,-9.58,-9.58,-19.14,-8.46,-8.46,-10.94,-10.94,-10.95,-10.95,-10.41,-10.41,-10.41,-19.96,-9.28,-9.28,2.82,2.82,2.82,2.82,2.81,2.81,2.81,2.82,2.83,2.83,4.02,4.01,4,3.99,3.98,3.98,3.99,3.99,3.98,3.97,183.12,0,1,1,0,0,0,-1,0,None,aggregation
26,144.76,remora7,remora5,-13.85,-13.85,-7.31,-7.31,-17.24,-17.24,-6.77,-6.77,-6.21,-6.21,-14.67,-14.67,-8.13,-8.13,-18.06,-18.06,-7.59,-7.59,-7.03,-7.03,2.83,2.83,2.83,2.83,2.83,2.83,2.82,2.82,2.83,2.83,3.97,3.96,3.95,3.94,3.93,3.93,3.93,3.94,3.95,3.95,176.01,0,1,1,0,0,0,-1,0,None,aggregation
26,145.76,remora7,remora5,-5.63,-5.63,-5.64,-5.64,-5.07,-5.07,-15.71,-15.71,-15.71,-4.5,-6.45,-6.45,-6.46,-6.46,-5.89,-5.89,-16.53,-16.53,-16.53,-5.32,2.83,2.84,2.84,2.84,2.85,2.85,2.86,2.86,2.86,2.86,3.95,3.94,3.94,3.93,3.93,3.92,3.92,3.91,3.9,3.9,166.38,0,1,1,0,0,0,-1,0,None,aggregation
26,146.76,remora7,remora5,-4.5,-10.89,-10.89,-3.38,-3.38,0,0,0,0,-2.77,-5.32,-11.71,-11.71,-4.2,-4.2,0,0,0,0,-3.6,2.87,2.87,2.87,2.88,2.89,2.89,2.9,2.91,2.92,2.93,3.89,3.9,3.9,3.9,3.9,3.9,3.9,3.9,3.9,3.91,151.04,0,1,1,0,0,0,-1,0,None,aggregation
26,147.76,remora7,remora5,-10.02,-10.02,-10.02,-2.18,-2.18,-1.64,-13.37,-13.37,-13.37,0,-10.85,-10.85,-10.85,-3,-3,-2.46,-14.19,-14.19,-14.19,0,2.94,2.94,2.95,2.94,2.94,2.93,2.93,2.93,2.93,2.94,3.92,3.93,3.93,3.93,3.93,3.92,3.91,3.91,3.9,3.9,138.24,0,1,1,0,0,0,-1,0,None,aggregation
26,148.76,remora7,remora5,0,0,-1.06,-1.06,-1.06,-0.5,-0.48,-0.48,0.09,0.09,0,0,-1.89,-1.89,-1.89,-1.33,-1.3,-1.3,-0.73,-0.73,2.95,2.96,2.97,2.98,2.99,3,3.01,3.02,3.04,3.05,3.9,3.9,3.9,3.91,3.93,3.93,3.93,3.94,3.94,3.94,116.42,0,0,1,0,0,0,-1,0,None,aggregation
26,149.76,remora7,remora5,0.09,0.12,0.69,0.69,0.72,0.72,0.72,1.29,-13.21,-13.21,-0.73,-0.7,-0.13,-0.13,-0.09,-0.09,-0.09,0.48,-14.03,-14.03,3.06,3.07,3.08,3.09,3.11,3.12,3.13,3.14,3.16,3.17,3.94,3.95,3.96,3.98,3.99,4,4.01,4.01,4.01,4.01,95.29,0,0,1,0,0,0,-1,0,None,aggregation
26,150.76,remora7,remora5,1.87,1.87,1.87,0,0,0,2.5,2.5,2.56,2.56,1.08,1.08,1.08,0,0,0,1.71,1.71,1.77,1.77,3.17,3.19,3.2,3.21,3.23,3.24,3.25,3.27,3.28,3.3,4.01,4.01,4.01,4.01,4.02,4.03,4.05,4.05,4.06,4.06,74.45,0,0,1,0,0,0,-1,0,None,aggregation
26,151.76,remora7,remora5,-5.85,-5.85,3.15,3.15,3.15,3.69,3.69,3.75,3.75,3.75,-6.67,-6.67,2.38,2.38,2.38,2.92,2.92,2.99,2.99,2.99,3.31,3.33,3.34,3.35,3.37,3.38,3.4,3.42,3.43,3.45,4.07,4.07,4.07,4.08,4.1,4.12,4.14,4.15,4.15,4.16,65.74,0,0,1,0,0,0,-1,0,None,aggregation
26,152.76,remora7,remora5,0,0,0,4.4,4.4,0,0,0,5.04,5.04,0,0,0,3.65,3.65,0,0,0,4.3,4.3,3.46,3.48,3.49,3.51,3.53,3.54,3.56,3.57,3.57,3.58,4.16,4.17,4.17,4.18,4.18,4.19,4.19,4.2,4.21,4.22,52.87,0,0,1,0,0,0,-1,0,None,aggregation
26,153.76,remora7,remora5,5.06,5.06,5.06,5.09,0,0,30,30,30,30,4.32,4.32,4.32,4.35,0,0,30,30,30,30,3.59,3.6,3.6,3.61,3.63,3.64,3.65,3.66,3.67,3.69,4.22,4.22,4.22,4.23,4.23,4.24,4.26,4.28,4.31,4.33,55.8,0,0,1,0,0,0,-1,0,None,aggregation
26,154.76,remora7,remora5,30,30,30,0,0,0,0,0,0,5.06,30,30,30,0,0,0,0,0,0,4.32,3.72,3.74,3.76,3.79,3.81,3.82,3.83,3.84,3.85,3.86,4.35,4.37,4.39,4.4,4.41,4.41,4.41,4.42,4.42,4.43,54.59,0,0,1,0,0,0,-1,0,None,aggregation
26,155.76,remora7,remora5,5.06,5.1,0,0,0,30,30,30,0,0,4.32,4.36,0,0,0,30,30,30,0,0,3.87,3.88,3.89,3.9,3.92,3.94,3.97,4,4.03,4.05,4.44,4.46,4.47,4.48,4.48,4.5,4.52,4.54,4.56,4.57,55.69,0,0,1,0,0,0,-1,0,None,aggregation
26,156.76,remora7,remora5,5.48,5.48,0,0,30,30,30,0,0,-1.7,4.75,4.75,0,0,30,30,30,0,0,-2.52,4.07,4.1,4.12,4.14,4.16,4.18,4.2,4.22,4.24,4.26,4.58,4.59,4.6,4.62,4.64,4.67,4.7,4.72,4.72,4.73,62.1,0,0,1,0,0,0,-1,0,None,aggregation
26,157.76,remora7,remora5,-1.7,0,0,0,0,0,30,30,30,30,-2.52,0,0,0,0,0,30,30,30,30,4.27,4.28,4.29,4.31,4.32,4.33,4.35,4.37,4.38,4.41,4.73,4.73,4.73,4.74,4.74,4.74,4.75,4.77,4.8,4.82,66.32,0,0,1,0,0,0,-1,0,None,aggregation
26,158.76,remora7,remora5,30,30,30,30,30,30,30,30,0,0,30,30,30,30,30,30,30,30,0,0,4.44,4.46,4.48,4.51,4.53,4.56,4.59,4.61,4.64,4.65,4.84,4.86,4.88,4.91,4.94,4.96,4.98,5.01,5.03,5.04,89.54,0,0,1,0,0,0,-1,0,None,aggregation
26,159.76,remora7,remora5,0,-12.19,0,0,0,30,30,30,30,30,0,-13.01,0,0,0,30,30,30,30,30,4.67,4.68,4.69,4.71,4.73,4.75,4.77,4.79,4.82,4.85,5.05,5.07,5.08,5.08,5.09,5.1,5.12,5.14,5.16,5.19,102.78,0,0,1,0,0,0,-1,0,None,aggregation
26,160.76,remora7,remora5,30,30,30,30,30,30,30,30,30,30,30,30,30,30,30,30,30,30,30,30,4.87,4.9,4.92,4.95,4.98,5.01,5.04,5.07,5.1,5.13,5.21,5.23,5.27,5.3,5.33,5.36,5.38,5.4,5.42,5.45,131.49,0,0,1,0,0,0,-1,0,None,aggregation
26,161.76,remora7,remora5,30,30,30,30,30,30,30,30,30,30,30,30,30,30,30,30,30,30,30,30,5.15,5.18,5.2,5.23,5.26,5.27,5.28,5.29,5.3,5.3,5.47,5.49,5.52,5.55,5.58,5.6,5.61,5.62,5.64,5.65,157.73,0,0,1,0,0,0,-1,0,None,aggregation
26,162.76,remora7,remora5,30,30,30,30,30,30,30,30,30,30,30,30,30,30,30,30,30,30,30,30,5.3,5.3,5.3,5.3,5.3,5.3,5.31,5.31,5.32,5.32,5.66,5.68,5.69,5.7,5.72,5.73,5.75,5.76,5.78,5.79,185.99,0,0,1,0,0,0,-1,0,None,aggregation
26,163.76,remora7,remora5,30,30,30,30,30,30,30,30,0,0,30,30,30,30,30,30,30,30,0,0,5.33,5.34,5.34,5.35,5.36,5.36,5.37,5.38,5.39,5.38,5.81,5.82,5.84,5.86,5.88,5.9,5.92,5.93,5.95,5.94,196.12,0,0,1,0,0,0,-1,0,None,aggregation
26,164.76,remora7,remora5,0,0,0,30,30,30,30,30,30,30,0,0,0,30,30,30,30,30,30,30,5.38,5.37,5.37,5.38,5.39,5.41,5.42,5.43,5.44,5.47,5.94,5.93,5.93,5.93,5.95,5.97,5.99,6.01,6.03,6.06,207.65,0,0,1,0,0,0,-1,0,None,aggregation
26,165.76,remora7,remora5,30,30,30,30,30,30,30,30,30,30,30,30,30,30,30,30,30,30,30,30,5.5,5.53,5.54,5.55,5.56,5.57,5.58,5.58,5.59,5.6,6.08,6.11,6.13,6.15,6.17,6.19,6.21,6.23,6.24,6.26,227.71,0,0,1,0,0,0,-1,0,None,aggregation
26,166.76,remora7,remora5,30,30,30,30,30,30,30,30,30,30,30,30,30,30,30,30,30,30,30,30,5.61,5.62,5.63,5.64,5.66,5.68,5.69,5.7,5.71,5.72,6.29,6.31,6.33,6.34,6.36,6.38,6.4,6.43,6.45,6.46,247.47,0,0,1,0,0,0,-1,0,None,aggregation
26,167.76,remora7,remora5,30,30,30,30,30,30,30,30,30,30,30,30,30,30,30,30,30,30,30,30,5.73,5.75,5.76,5.78,5.8,5.81,5.82,5.83,5.84,5.86,6.48,6.49,6.51,6.53,6.54,6.56,6.57,6.59,6.61,6.63,265.26,0,0,1,0,0,0,-1,0,None,aggregation
26,168.76,remora7,remora5,30,30,30,30,30,30,30,30,30,30,30,30,30,30,30,30,30,30,30,30,5.87,5.88,5.89,5.91,5.93,5.95,5.96,5.97,5.99,6,6.65,6.67,6.69,6.72,6.74,6.77,6.79,6.81,6.82,6.83,271.26,0,0,1,0,0,0,-1,0,None,aggregation
26,169.76,remora7,remora5,30,30,30,30,30,30,30,30,30,30,30,30,30,30,30,30,30,30,30,30,6.01,6.03,6.04,6.06,6.08,6.1,6.12,6.14,6.15,6.17,6.85,6.87,6.89,6.91,6.94,6.96,6.99,7.01,7.02,7.03,285,0,0,1,0,0,0,-1,0,None,aggregation
26,170.76,remora7,remora5,30,30,30,30,30,30,30,30,30,30,30,30,30,30,30,30,30,30,30,30,6.18,6.2,6.21,6.24,6.26,6.28,6.29,6.31,6.33,6.35,7.05,7.07,7.09,7.11,7.14,7.16,7.17,7.19,7.21,7.24,285,0,0,1,0,0,0,-1,0,None,aggregation
26,171.76,remora7,remora5,30,30,30,30,30,30,30,30,30,30,30,30,30,30,30,30,30,30,30,30,6.37,6.39,6.41,6.43,6.45,6.46,6.48,6.5,6.52,6.54,7.26,7.28,7.31,7.33,7.34,7.36,7.39,7.41,7.43,7.45,285,0,0,1,0,0,0,-1,0,None,aggregation
26,172.76,remora7,remora5,30,30,30,30,30,30,30,30,30,30,30,30,30,30,30,30,30,30,30,30,6.55,6.57,6.59,6.61,6.63,6.65,6.67,6.69,6.71,6.73,7.48,7.5,7.52,7.54,7.56,7.57,7.59,7.61,7.63,7.65,285,0,0,1,0,0,0,-1,0,None,aggregation
26,173.76,remora7,remora5,30,30,30,30,30,30,30,30,30,30,30,30,30,30,30,30,30,30,30,30,6.76,6.78,6.8,6.82,6.84,6.86,6.88,6.91,6.93,6.96,7.68,7.7,7.72,7.74,7.77,7.79,7.82,7.84,7.86,7.88,291,0,0,1,0,0,0,-1,0,None,aggregation
26,174.76,remora7,remora5,30,30,30,30,30,30,30,30,30,30,30,30,30,30,30,30,30,30,30,30,6.98,7,7.03,7.05,7.07,7.1,7.13,7.16,7.19,7.22,7.9,7.92,7.94,7.97,7.99,8.02,8.05,8.08,8.11,8.13,300,0,0,1,0,0,0,-1,0,None,aggregation
26,124.76,remora7,remora4,4.88,-10.01,-10.01,7.13,6.93,6.93,5,5,5,5.13,5.61,-9.19,-9.19,7.82,7.63,7.63,5.73,5.73,5.73,5.86,1.57,1.57,1.57,1.57,1.58,1.58,1.59,1.59,1.6,1.61,2.47,2.47,2.46,2.46,2.46,2.46,2.47,2.49,2.5,2.5,84.17,0,1,1,0,0,0,-1,0,None,aggregation
26,125.76,remora7,remora4,-9.57,-9.57,7.72,7.72,7.88,7.88,5.8,5.8,5.8,-9.11,-8.75,-8.75,8.4,8.4,8.56,8.56,6.51,6.51,6.51,-8.29,1.61,1.61,1.6,1.6,1.6,1.61,1.61,1.62,1.62,1.62,2.49,2.49,2.48,2.48,2.47,2.47,2.46,2.46,2.46,2.46,82.87,0,1,1,0,0,0,-1,0,None,aggregation
26,126.76,remora7,remora4,-9.16,-9.16,8.65,8.65,-8.66,-8.66,-8.56,-8.56,-8.56,-8.54,-8.34,-8.34,9.31,9.31,-7.84,-7.84,-7.74,-7.74,-7.74,-7.72,1.62,1.61,1.61,1.61,1.61,1.61,1.6,1.6,1.59,1.59,2.47,2.49,2.5,2.5,2.49,2.49,2.48,2.48,2.48,2.47,83.31,0,1,1,0,0,0,-1,0,None,aggregation
26,127.76,remora7,remora4,-8.54,8.65,-8.38,-8.38,6.37,6.37,-8.14,-8.14,-7.98,-7.98,-7.72,9.31,-7.56,-7.56,7.08,7.08,-7.32,-7.32,-7.16,-7.16,1.58,1.58,1.59,1.59,1.58,1.59,1.59,1.58,1.58,1.57,2.47,2.46,2.46,2.47,2.48,2.47,2.47,2.46,2.46,2.47,82.17,0,1,1,0,0,0,-1,0,None,aggregation
26,128.76,remora7,remora4,6.92,6.92,-7.48,-7.48,-7.34,-7.34,-7.34,-7.11,-6.9,-6.9,7.62,7.62,-6.66,-6.66,-6.52,-6.52,-6.52,-6.29,-6.08,-6.08,1.57,1.57,1.57,1.56,1.55,1.54,1.54,1.53,1.52,1.52,2.48,2.48,2.48,2.47,2.47,2.46,2.46,2.45,2.45,2.45,78.93,0,1,1,0,0,0,-1,0,None,aggregation
26,129.76,remora7,remora4,-6.85,-6.85,-6.85,-6.52,8.69,8.69,8.69,25.39,-5.6,-5.6,-6.02,-6.02,-6.02,-5.7,9.35,9.35,9.35,25.68,-4.78,-4.78,1.52,1.51,1.5,1.49,1.49,1.49,1.49,1.5,1.52,1.52,2.46,2.48,2.49,2.49,2.48,2.48,2.47,2.47,2.46,2.46,80.44,0,1,1,0,0,0,-1,0,None,aggregation
26,130.76,remora7,remora4,-5.6,12.33,10.74,10.74,10.74,-4.93,-4.9,-4.9,13.48,13.48,-4.78,12.93,11.36,11.36,11.36,-4.11,-4.08,-4.08,14.05,14.05,1.51,1.52,1.53,1.53,1.54,1.54,1.54,1.53,1.53,1.53,2.45,2.45,2.44,2.44,2.44,2.44,2.45,2.46,2.47,2.47,83.32,0,1,1,0,0,0,-1,0,None,aggregation
26,131.76,remora7,remora4,12.13,12.13,12.13,-3.75,-3.75,14.91,13.58,13.58,13.58,-2.91,12.72,12.72,12.72,-2.93,-2.93,15.45,14.15,14.15,14.15,-2.09,1.54,1.55,1.56,1.56,1.56,1.56,1.57,1.58,1.59,1.6,2.47,2.47,2.46,2.46,2.45,2.45,2.45,2.44,2.44,2.44,84.94,0,1,1,0,0,0,-1,0,None,aggregation
26,132.76,remora7,remora4,-2.81,-2.81,-2.81,14.97,14.97,16.64,-1.7,-1.7,-1.7,16.37,-1.99,-1.99,-1.99,15.51,15.51,17.15,-0.88,-0.88,-0.88,16.88,1.59,1.59,1.59,1.6,1.61,1.62,1.63,1.63,1.63,1.64,2.43,2.44,2.45,2.46,2.47,2.48,2.48,2.47,2.47,2.47,83.46,0,1,1,0,0,0,-1,0,None,aggregation
26,133.76,remora7,remora4,28.73,28.73,-1.3,-1.3,-1.05,-1.05,-0.81,-0.81,-0.67,-0.67,28.88,28.88,-0.48,-0.48,-0.23,-0.23,0.02,0.02,0.15,0.15,1.66,1.68,1.71,1.72,1.72,1.72,1.72,1.72,1.73,1.73,2.46,2.47,2.47,2.46,2.46,2.46,2.45,2.46,2.46,2.47,79.76,0,1,1,0,0,0,-1,0,None,aggregation
26,134.76,remora7,remora4,-0.67,-0.23,-0.23,-0.08,0.18,0.18,20.72,20.72,0.47,0.47,0.15,0.59,0.59,0.73,0.99,0.99,21.14,21.14,1.27,1.27,1.73,1.73,1.74,1.74,1.74,1.75,1.75,1.77,1.79,1.81,2.48,2.49,2.48,2.48,2.48,2.48,2.47,2.48,2.48,2.48,77.52,0,1,1,0,0,0,-1,0,None,aggregation
26,135.76,remora7,remora4,21.57,21.57,21.57,22.04,22.29,22.29,1.09,1.09,1.34,1.34,21.96,21.96,21.96,22.43,22.67,22.67,1.88,1.88,2.13,2.13,1.81,1.83,1.86,1.88,1.91,1.94,1.97,1.98,1.99,2,2.5,2.52,2.54,2.55,2.55,2.55,2.56,2.56,2.56,2.56,83.61,0,1,1,0,0,0,-1,0,None,aggregation
26,136.76,remora7,remora4,1.34,1.26,1.26,1.13,1.03,1.03,1.27,1.27,1.27,1.21,2.13,2.06,2.06,1.93,1.82,1.82,2.06,2.06,2.06,2.01,2.01,2.02,2.03,2.03,2.04,2.05,2.06,2.07,2.08,2.09,2.56,2.56,2.56,2.56,2.56,2.57,2.59,2.59,2.59,2.59,76.76,0,1,1,0,0,0,-1,0,None,aggregation
26,137.76,remora7,remora4,1.21,24.9,1.33,1.33,1.55,1.55,1.4,1.4,1.4,26.01,2.01,25.2,2.13,2.13,2.34,2.34,2.19,2.19,2.19,26.28,2.11,2.13,2.16,2.18,2.19,2.2,2.21,2.23,2.24,2.26,2.59,2.6,2.61,2.62,2.64,2.65,2.65,2.65,2.65,2.66,75.6,0,1,1,0,0,0,-1,0,None,aggregation
26,138.76,remora7,remora4,26.01,1.25,1.42,1.42,1.18,1.18,0.9,0.9,1.21,1.21,26.28,2.05,2.21,2.21,1.97,1.97,1.7,1.7,2,2,2.3,2.32,2.34,2.35,2.37,2.38,2.4,2.41,2.43,2.44,2.67,2.68,2.7,2.7,2.71,2.71,2.71,2.73,2.74,2.75,72.73,0,1,1,0,0,0,-1,0,None,aggregation
26,139.76,remora7,remora4,1.21,0.96,27.29,27.29,0.59,0.59,0.77,0.77,27.49,27.49,2,1.76,27.51,27.51,1.39,1.39,1.57,1.57,27.7,27.7,2.46,2.48,2.5,2.53,2.57,2.58,2.6,2.62,2.64,2.68,2.75,2.76,2.76,2.77,2.78,2.8,2.82,2.83,2.84,2.85,75.62,0,1,1,0,0,0,-1,0,None,aggregation
26,140.76,remora7,remora4,0.47,0.47,0.47,27.52,0.27,0.27,0.41,0.41,27.2,27.2,1.28,1.28,1.28,27.73,1.08,1.08,1.21,1.21,27.42,27.42,2.71,2.74,2.75,2.79,2.83,2.85,2.87,2.89,2.91,2.93,2.86,2.86,2.87,2.88,2.89,2.91,2.93,2.94,2.95,2.96,75.2,0,1,1,0,0,0,-1,0,None,aggregation
26,141.76,remora7,remora4,0.13,0.13,0.54,0.54,0.54,0.67,0.9,0.9,1.58,1.58,0.94,0.94,1.35,1.35,1.35,1.47,1.7,1.7,2.36,2.36,2.96,2.95,2.94,2.93,2.92,2.93,2.94,2.93,2.91,2.9,2.96,2.95,2.95,2.94,2.93,2.93,2.94,2.95,2.96,2.95,66.03,0,1,1,0,0,0,-1,0,None,aggregation
26,142.76,remora7,remora4,2.03,2.03,2.6,2.6,2.6,2.59,2.77,2.77,2.77,3.33,2.8,2.8,3.37,3.37,3.37,3.36,3.53,3.53,3.53,4.08,2.89,2.88,2.87,2.87,2.86,2.86,2.85,2.84,2.83,2.83,2.94,2.93,2.92,2.91,2.9,2.89,2.89,2.89,2.9,2.89,61.52,0,1,1,0,0,0,-1,0,None,aggregation
26,143.76,remora7,remora4,3.33,3.75,4.31,4.31,4.38,4.38,4.38,25.2,4.98,4.98,4.08,4.5,5.05,5.05,5.12,5.12,5.12,25.49,5.71,5.71,2.82,2.82,2.82,2.82,2.81,2.81,2.81,2.82,2.83,2.83,2.89,2.88,2.87,2.87,2.86,2.87,2.88,2.89,2.89,2.88,62.06,0,1,1,0,0,0,-1,0,None,aggregation
26,144.76,remora7,remora4,5.52,5.52,5.63,5.63,6.01,6.01,6.12,6.12,6.12,6.65,6.24,6.24,6.35,6.35,6.72,6.72,6.83,6.83,6.83,7.35,2.83,2.83,2.83,2.83,2.83,2.83,2.82,2.82,2.83,2.83,2.88,2.87,2.87,2.86,2.86,2.86,2.87,2.89,2.9,2.91,63.78,0,1,1,0,0,0,-1,0,None,aggregation
26,145.76,remora7,remora4,6.65,7.14,7.32,7.32,7.65,7.65,7.8,7.8,8.19,8.19,7.35,7.83,8,8,8.33,8.33,8.48,8.48,8.86,8.86,2.83,2.84,2.84,2.84,2.85,2.85,2.86,2.86,2.86,2.86,2.9,2.9,2.9,2.89,2.89,2.89,2.88,2.88,2.87,2.87,57.8,0,1,1,0,0,0,-1,0,None,aggregation
26,146.76,remora7,remora4,8.19,8.34,8.67,8.67,9.13,9.13,9.23,9.23,9.23,9.6,8.86,9.01,9.34,9.34,9.79,9.79,9.88,9.88,9.88,10.25,2.87,2.87,2.87,2.88,2.89,2.89,2.88,2.87,2.86,2.86,2.87,2.87,2.89,2.89,2.89,2.89,2.89,2.89,2.89,2.9,65.47,0,1,1,0,0,0,-1,0,None,aggregation
26,147.76,remora7,remora4,9.62,9.62,-6.28,-6.28,-6.28,-5.75,10.58,10.58,10.64,10.64,10.26,10.26,-5.45,-5.45,-5.45,-4.93,11.21,11.21,11.27,11.27,2.88,2.91,2.93,2.94,2.93,2.92,2.91,2.9,2.89,2.88,2.91,2.92,2.94,2.94,2.93,2.93,2.92,2.92,2.91,2.91,67.57,0,1,1,0,0,0,-1,0,None,aggregation
26,148.76,remora7,remora4,11.02,11.02,11.13,11.13,11.46,11.46,11.87,11.87,11.98,11.98,11.64,11.64,11.75,11.75,12.07,12.07,12.47,12.47,12.58,12.58,2.87,2.86,2.85,2.87,2.89,2.9,2.89,2.88,2.87,2.86,2.91,2.91,2.91,2.92,2.94,2.95,2.95,2.95,2.95,2.95,75.33,0,1,1,0,0,0,-1,0,None,aggregation
26,149.76,remora7,remora4,11.98,12.32,12.69,12.69,12.98,12.98,12.98,13.36,13.45,13.45,12.58,12.92,13.27,13.27,13.56,13.56,13.56,13.93,14.02,14.02,2.85,2.86,2.88,2.91,2.94,2.94,2.93,2.93,2.92,2.91,2.96,2.96,2.98,3,3.02,3.03,3.03,3.03,3.04,3.04,76.78,0,1,1,0,0,0,-1,0,None,aggregation
26,150.76,remora7,remora4,13.78,13.78,13.78,14.21,14.31,14.31,14.65,14.65,14.98,14.98,14.35,14.35,14.35,14.77,14.86,14.86,15.19,15.19,15.53,15.53,2.9,2.89,2.88,2.87,2.87,2.89,2.92,2.92,2.91,2.9,3.04,3.04,3.04,3.04,3.05,3.06,3.08,3.09,3.1,3.1,82.61,0,1,1,0,0,0,-1,0,None,aggregation
26,151.76,remora7,remora4,15.29,15.29,15.59,15.59,15.59,15.7,16.04,16.04,16.35,16.35,15.82,15.82,16.12,16.12,16.12,16.23,16.56,16.56,16.86,16.86,2.89,2.89,2.88,2.9,2.93,2.95,2.98,2.99,2.98,2.98,3.1,3.11,3.11,3.12,3.15,3.17,3.19,3.2,3.21,3.21,97.51,0,1,1,0,0,0,-1,0,None,aggregation
26,152.76,remora7,remora4,16.62,16.62,16.62,16.91,17.25,17.25,17.25,2.54,5.74,5.74,17.13,17.13,17.13,17.41,17.74,17.74,17.74,3.31,6.45,6.45,2.97,2.96,2.96,2.95,2.95,2.94,2.94,2.96,2.98,2.98,3.22,3.22,3.23,3.23,3.24,3.24,3.25,3.26,3.28,3.28,108.06,0,1,1,0,0,0,-1,0,None,aggregation
26,153.76,remora7,remora4,6.11,6.11,6.11,18.06,6.73,6.73,6.73,4.52,18.67,18.67,6.82,6.82,6.82,18.54,7.42,7.42,7.42,5.26,19.14,19.14,2.97,2.96,2.95,2.95,2.94,2.96,2.99,3.02,3.05,3.05,3.28,3.28,3.28,3.28,3.29,3.3,3.32,3.34,3.36,3.37,111.47,0,1,1,0,0,0,-1,0,None,aggregation
26,154.76,remora7,remora4,19.01,19.01,24.29,24.29,8.65,8.65,9.26,9.26,9.26,9.6,19.46,19.46,24.61,24.61,9.31,9.31,9.91,9.91,9.91,10.25,3.05,3.05,3.04,3.04,3.04,3.04,3.03,3.02,3.02,3.03,3.38,3.39,3.4,3.42,3.43,3.43,3.43,3.43,3.43,3.44,119.58,0,0,1,0,0,0,-1,0,None,aggregation
26,155.76,remora7,remora4,7.64,7.64,20.36,20.36,20.64,20.64,25.04,25.04,25.26,25.26,8.32,8.32,20.78,20.78,21.06,21.06,25.34,25.34,25.55,25.55,3.06,3.09,3.11,3.12,3.12,3.12,3.12,3.12,3.12,3.12,3.46,3.48,3.5,3.51,3.52,3.53,3.54,3.56,3.57,3.59,131.67,0,0,1,0,0,0,-1,0,None,aggregation
26,156.76,remora7,remora4,25.39,25.39,25.54,25.54,13.39,13.39,13.39,22.34,12.96,12.96,25.68,25.68,25.82,25.82,13.96,13.96,13.96,22.71,13.55,13.55,3.12,3.13,3.13,3.16,3.19,3.22,3.26,3.27,3.27,3.27,3.6,3.61,3.62,3.65,3.68,3.7,3.73,3.75,3.76,3.77,141.64,0,0,1,0,0,0,-1,0,None,aggregation
26,157.76,remora7,remora4,12.96,13.38,14.9,14.9,15.32,15.32,14.61,14.61,23.57,23.57,13.55,13.96,15.44,15.44,15.85,15.85,15.16,15.16,23.91,23.91,3.27,3.27,3.27,3.26,3.26,3.26,3.26,3.28,3.31,3.32,3.77,3.77,3.78,3.78,3.79,3.8,3.8,3.82,3.85,3.87,149.56,0,0,1,0,0,0,-1,0,None,aggregation
26,158.76,remora7,remora4,23.57,16.46,16.97,16.97,16.97,27,27,17.59,18.09,18.09,23.91,16.97,17.47,17.47,17.47,27.23,27.23,18.08,18.57,18.57,3.32,3.33,3.33,3.35,3.38,3.39,3.39,3.4,3.4,3.42,3.88,3.89,3.91,3.93,3.95,3.97,3.99,4,4.02,4.04,157.85,0,0,1,0,0,0,-1,0,None,aggregation
26,159.76,remora7,remora4,18.09,17.92,18.71,18.71,18.68,18.68,19.05,19.05,25.64,25.64,18.57,18.4,19.17,19.17,19.14,19.14,19.5,19.5,25.92,25.92,3.45,3.48,3.51,3.52,3.53,3.53,3.53,3.54,3.54,3.55,4.06,4.08,4.1,4.12,4.13,4.14,4.15,4.16,4.18,4.2,164.9,0,0,1,0,0,0,-1,0,None,aggregation
26,160.76,remora7,remora4,20.06,20.06,28.16,28.16,20.54,20.54,28.29,28.29,20.86,20.86,20.49,20.49,28.34,28.34,20.96,20.96,28.46,28.46,21.27,21.27,3.55,3.58,3.61,3.64,3.67,3.68,3.69,3.7,3.71,3.72,4.21,4.24,4.27,4.3,4.33,4.35,4.36,4.38,4.4,4.42,174.02,0,0,1,0,0,0,-1,0,None,aggregation
26,161.76,remora7,remora4,20.86,21.35,21.69,21.69,0,0,0,0,-15.13,-15.13,21.27,21.75,22.09,22.09,0,0,0,0,-15.95,-15.95,3.72,3.74,3.76,3.78,3.81,3.81,3.8,3.79,3.78,3.77,4.44,4.46,4.48,4.51,4.53,4.54,4.54,4.54,4.54,4.54,169.72,0,0,1,0,0,0,-1,0,None,aggregation
26,162.76,remora7,remora4,-14.87,-14.87,-14.38,-14.38,-4.63,-4.63,-4.63,-12.54,-3.95,-3.95,-15.69,-15.69,-15.2,-15.2,-5.46,-5.46,-5.46,-13.36,-4.77,-4.77,3.76,3.75,3.74,3.74,3.73,3.72,3.72,3.71,3.7,3.7,4.53,4.53,4.52,4.52,4.51,4.51,4.52,4.51,4.51,4.51,165.88,0,0,1,0,0,0,-1,0,None,aggregation
26,163.76,remora7,remora4,-3.95,-13.12,-2.73,-2.73,-11.48,-11.48,-11.48,-2.13,-11.83,-11.83,-4.77,-13.95,-3.55,-3.55,-12.3,-12.3,-12.3,-2.95,-12.65,-12.65,3.69,3.69,3.67,3.68,3.68,3.68,3.69,3.68,3.67,3.65,4.51,4.51,4.51,4.51,4.52,4.52,4.53,4.53,4.53,4.52,164.4,0,0,1,0,0,0,-1,0,None,aggregation
26,164.76,remora7,remora4,0,0,0,0,-0.78,-0.78,0,0,0,30,0,0,0,0,-1.6,-1.6,0,0,0,30,3.64,3.63,3.62,3.61,3.61,3.61,3.61,3.62,3.62,3.63,4.51,4.5,4.5,4.5,4.5,4.51,4.51,4.52,4.53,4.55,153.24,0,0,1,0,0,0,-1,0,None,aggregation
26,165.76,remora7,remora4,30,0,0,-10.96,-10.95,-10.95,-11.32,-11.32,-11.32,-0.22,30,0,0,-11.79,-11.77,-11.77,-12.14,-12.14,-12.14,-1.04,3.63,3.65,3.65,3.65,3.65,3.64,3.64,3.64,3.63,3.63,4.57,4.59,4.6,4.6,4.6,4.61,4.61,4.61,4.61,4.62,143.23,0,0,1,0,0,0,-1,0,None,aggregation
26,166.76,remora7,remora4,-10.53,-10.53,-10.53,0,0,0,-9.29,-9.29,-9.29,-10.02,-11.36,-11.36,-11.36,0,0,0,-10.11,-10.11,-10.11,-10.84,3.64,3.63,3.63,3.62,3.61,3.62,3.62,3.62,3.62,3.61,4.63,4.63,4.63,4.63,4.64,4.65,4.66,4.66,4.66,4.67,131.22,0,0,1,0,0,0,-1,0,None,aggregation
26,167.76,remora7,remora4,0,0,0,0,0,-9.53,-9.56,-9.56,-9.56,-9.31,0,0,0,0,0,-10.35,-10.38,-10.38,-10.38,-10.13,3.59,3.58,3.57,3.56,3.55,3.54,3.52,3.51,3.51,3.51,4.66,4.66,4.67,4.67,4.67,4.67,4.67,4.67,4.68,4.68,119.61,0,0,1,0,0,0,-1,0,None,aggregation
26,168.76,remora7,remora4,-8.38,-8.38,2.82,2.82,2.82,-7.98,-7.98,-7.97,-7.26,-7.26,-9.2,-9.2,2.04,2.04,2.04,-8.8,-8.8,-8.79,-8.08,-8.08,3.5,3.5,3.5,3.5,3.51,3.51,3.51,3.49,3.48,3.46,4.68,4.69,4.7,4.71,4.72,4.73,4.73,4.73,4.73,4.73,106.06,0,0,1,0,0,0,-1,0,None,aggregation
26,169.76,remora7,remora4,-7.48,-7.48,-7.48,0,0,0,0,-6.97,-6.97,-6.98,-8.31,-8.31,-8.31,0,0,0,0,-7.79,-7.79,-7.8,3.44,3.44,3.43,3.43,3.44,3.44,3.44,3.43,3.41,3.4,4.73,4.73,4.74,4.75,4.76,4.77,4.78,4.78,4.78,4.78,90.42,0,0,1,0,0,0,-1,0,None,aggregation
26,170.76,remora7,remora4,-6.89,-6.89,4.74,4.74,-6.38,-6.38,-6.23,-6.23,0,0,-7.71,-7.71,3.99,3.99,-7.2,-7.2,-7.05,-7.05,0,0,3.38,3.37,3.37,3.37,3.37,3.36,3.34,3.33,3.33,3.33,4.78,4.78,4.79,4.8,4.82,4.82,4.82,4.82,4.83,4.84,71.7,0,0,1,0,0,0,-1,0,None,aggregation
26,171.76,remora7,remora4,0,0,-5.72,-5.72,-5.73,-5.73,-5.48,-5.48,-4.95,-4.95,0,0,-6.54,-6.54,-6.56,-6.56,-6.3,-6.3,-5.77,-5.77,3.33,3.33,3.33,3.32,3.3,3.29,3.29,3.29,3.28,3.28,4.85,4.86,4.87,4.87,4.87,4.88,4.89,4.89,4.9,4.91,64.65,0,0,1,0,0,0,-1,0,None,aggregation
26,172.76,remora7,remora4,-5.43,-5.43,-5.43,-4.87,-4.92,-4.92,-3.64,-3.64,-3.64,8.76,-6.25,-6.25,-6.25,-5.69,-5.74,-5.74,-4.46,-4.46,-4.46,8.09,3.28,3.27,3.27,3.26,3.24,3.23,3.21,3.2,3.19,3.2,4.92,4.92,4.93,4.94,4.94,4.94,4.94,4.94,4.95,4.96,60.36,0,0,1,0,0,0,-1,0,None,aggregation
26,173.76,remora7,remora4,-2.86,-2.86,-2.59,-2.59,-2.33,-2.33,-2.33,10.44,10.44,-1.52,-3.68,-3.68,-3.41,-3.41,-3.15,-3.15,-3.15,9.8,9.8,-2.34,3.2,3.19,3.17,3.17,3.17,3.17,3.17,3.16,3.15,3.15,4.98,4.98,4.99,5,5,5.01,5.02,5.03,5.04,5.05,55.97,0,0,1,0,0,0,-1,0,None,aggregation
26,174.76,remora7,remora4,-1.52,0,0,0,11.65,11.65,11.64,11.64,11.64,-0.95,-2.34,0,0,0,11.04,11.04,11.02,11.02,11.02,-1.77,3.15,3.14,3.12,3.12,3.12,3.12,3.13,3.13,3.14,3.13,5.06,5.07,5.07,5.08,5.1,5.11,5.13,5.15,5.16,5.18,58.73,0,0,1,0,0,0,-1,0,None,aggregation
26,175.76,remora7,remora4,-0.95,-0.95,-0.68,-0.68,12.83,12.83,13.22,13.22,13.22,-0.16,-1.77,-1.77,-1.5,-1.5,12.23,12.23,12.63,12.63,12.63,-0.98,3.12,3.11,3.11,3.1,3.09,3.09,3.09,3.09,3.09,3.08,5.18,5.19,5.2,5.2,3.09,3.09,3.09,3.09,3.09,3.08,55.66,0,0,1,0,0,0,-1,0,None,aggregation
26,176.76,remora7,remora4,-0.16,0.12,0.12,0.4,14.36,14.36,14.73,14.73,1,1,-0.98,-0.7,-0.7,-0.42,13.79,13.79,14.18,14.18,0.19,0.19,3.08,3.08,3.08,3.08,3.08,3.09,3.1,3.1,3.11,3.11,3.08,3.08,3.08,3.08,3.08,3.09,3.1,3.1,3.11,3.11,54.37,0,0,1,0,0,0,-1,0,None,aggregation
26,177.76,remora7,remora4,1.3,1.3,15.46,15.46,15.46,1.83,1.83,1.85,2.14,2.14,0.49,0.49,14.92,14.92,14.92,1.03,1.03,1.05,1.35,1.35,3.11,3.11,3.09,3.09,3.1,3.1,3.1,3.1,3.11,3.11,3.11,3.11,3.09,3.09,3.1,3.1,3.1,3.1,3.11,3.11,54.92,0,0,1,0,0,0,-1,0,None,aggregation
26,178.76,remora7,remora4,2.14,16.54,2.94,2.94,16.88,16.88,17.23,17.23,3.04,3.04,1.35,16.01,2.17,2.17,16.37,16.37,16.72,16.72,2.27,2.27,3.11,3.11,3.12,3.12,3.12,3.13,3.13,3.14,3.15,3.15,3.11,3.11,3.12,3.12,3.12,3.13,3.13,3.14,3.15,3.15,57.95,0,0,1,0,0,0,-1,0,None,aggregation
26,179.76,remora7,remora4,3.34,3.34,3.63,3.63,3.63,18.24,18.24,18.24,4.24,4.24,2.57,2.57,2.87,2.87,2.87,17.76,17.76,17.76,3.48,3.48,3.15,3.15,3.16,3.16,3.16,3.16,3.17,3.18,3.18,3.19,3.15,3.15,3.16,3.16,3.16,3.16,3.17,3.18,3.18,3.19,61.11,0,0,1,0,0,0,-1,0,None,aggregation
26,180.76,remora7,remora4,4.24,4.54,4.81,4.81,4.81,5.1,5.37,5.37,5.37,5.65,3.48,3.79,4.07,4.07,4.07,4.36,4.64,4.64,4.64,4.93,3.19,3.18,3.17,3.17,3.17,3.17,3.18,3.18,3.18,3.18,3.19,3.18,3.17,3.17,3.17,3.17,3.18,3.18,3.18,3.18,60.72,0,0,1,0,0,0,-1,0,None,aggregation
26,181.76,remora7,remora4,5.93,5.93,5.94,5.94,5.94,6.24,21.07,21.07,6.85,6.85,5.21,5.21,5.21,5.21,5.21,5.52,20.65,20.65,6.14,6.14,3.18,3.18,3.19,3.19,3.2,3.21,3.21,3.21,3.21,3.21,3.18,3.18,3.19,3.19,3.2,3.21,3.21,3.21,3.21,3.21,64.87,0,0,1,0,0,0,-1,0,None,aggregation
26,182.76,remora7,remora4,6.86,6.86,7.15,7.15,7.44,7.44,7.44,7.73,22.48,22.48,6.15,6.15,6.45,6.45,6.74,6.74,6.74,7.04,22.1,22.1,3.22,3.22,3.22,3.22,3.22,3.23,3.23,3.23,3.23,3.24,3.22,3.22,3.22,3.22,3.22,3.23,3.23,3.23,3.23,3.24,69.45,0,0,1,0,0,0,-1,0,None,aggregation
26,183.76,remora7,remora4,7.84,7.84,8.15,8.15,8.44,8.44,8.45,8.45,8.45,23.26,7.15,7.15,7.46,7.46,7.76,7.76,7.77,7.77,7.77,22.9,3.25,3.26,3.26,3.27,3.27,3.27,3.27,3.27,3.26,3.26,3.25,3.26,3.26,3.27,3.27,3.27,3.27,3.27,3.26,3.26,74.58,0,0,1,0,0,0,-1,0,None,aggregation
26,184.76,remora7,remora4,8.81,8.81,8.63,8.63,8.93,8.93,8.93,9.03,9.03,9.3,8.14,8.14,7.95,7.95,8.26,8.26,8.26,8.36,8.36,8.63,3.26,3.26,3.26,3.26,3.26,3.26,3.26,3.26,3.26,3.27,3.26,3.26,3.26,3.26,3.26,3.26,3.26,3.26,3.26,3.27,77.15,0,0,1,0,0,0,-1,0,None,aggregation
26,185.76,remora7,remora4,9.6,9.6,9.9,9.9,10.2,10.2,24.95,24.95,10.35,10.35,8.94,8.94,9.25,9.25,9.55,9.55,24.64,24.64,9.71,9.71,3.27,3.28,3.28,3.29,3.29,3.29,3.29,3.3,3.31,3.32,3.27,3.28,3.28,3.29,3.29,3.29,3.29,3.3,3.31,3.32,82.92,0,0,1,0,0,0,-1,0,None,aggregation
26,186.76,remora7,remora4,25.39,25.39,25.39,10.58,25.59,25.59,10.79,10.79,10.79,10.67,25.09,25.09,25.09,9.94,25.3,25.3,10.16,10.16,10.16,10.03,3.33,3.34,3.35,3.36,3.36,3.37,3.37,3.38,3.38,3.38,3.33,3.34,3.35,3.36,3.36,3.37,3.37,3.38,3.38,3.38,94.85,0,0,1,0,0,0,-1,0,None,aggregation
26,187.76,remora7,remora4,25.79,25.79,25.78,25.78,10.8,10.8,11.06,11.06,11.04,11.04,25.5,25.5,25.5,25.5,10.16,10.16,10.43,10.43,10.41,10.41,3.38,3.39,3.4,3.42,3.43,3.44,3.44,3.44,3.44,3.45,3.38,3.39,3.4,3.42,3.43,3.44,3.44,3.44,3.44,3.45,105.98,0,0,1,0,0,0,-1,0,None,aggregation
26,188.76,remora7,remora4,26.17,26.17,26.17,11.43,11.43,26.36,26.36,11.6,11.85,11.85,25.9,25.9,25.9,10.8,10.8,26.1,26.1,10.98,11.24,11.24,3.45,3.47,3.49,3.49,3.5,3.51,3.52,3.53,3.54,3.54,3.45,3.47,3.49,3.49,3.5,3.51,3.52,3.53,3.54,3.54,115.13,0,0,1,0,0,0,-1,0,None,aggregation
26,189.76,remora7,remora4,26.54,26.54,26.54,12.14,12.11,12.11,12.11,26.9,12.56,12.56,26.29,26.29,26.29,11.53,11.5,11.5,11.5,26.66,11.96,11.96,3.54,3.55,3.57,3.58,3.58,3.59,3.59,3.61,3.63,3.64,3.54,3.55,3.57,3.58,3.58,3.59,3.59,3.61,3.63,3.64,125.17,0,0,1,0,0,0,-1,0,None,aggregation
26,190.76,remora7,remora4,12.85,12.85,13.22,13.22,27.33,27.33,27.41,27.41,27.41,27.4,12.25,12.25,12.64,12.64,27.1,27.1,27.18,27.18,27.18,27.18,3.65,3.66,3.66,3.67,3.68,3.7,3.72,3.73,3.75,3.77,3.65,3.66,3.66,3.67,3.68,3.7,3.72,3.73,3.75,3.77,141.99,0,0,1,0,0,0,-1,0,None,aggregation
26,191.76,remora7,remora4,27.4,13.94,13.94,27.56,27.63,27.63,14.76,14.76,14.88,14.88,27.18,13.36,13.36,27.34,27.42,27.42,14.21,14.21,14.33,14.33,3.79,3.81,3.82,3.84,3.86,3.88,3.9,3.91,3.92,3.93,3.79,3.81,3.82,3.84,3.86,3.88,3.9,3.91,3.92,3.93,152.67,0,0,1,0,0,0,-1,0,None,aggregation
26,192.76,remora7,remora4,27.86,27.86,27.86,28,15.77,15.77,16,16,16,28.14,27.65,27.65,27.65,27.8,15.24,15.24,15.47,15.47,15.47,27.95,3.95,3.96,3.98,4,4.02,4.03,4.04,4.05,4.07,4.08,3.95,3.96,3.98,4,4.02,4.03,4.04,4.05,4.07,4.08,164.43,0,0,1,0,0,0,-1,0,None,aggregation
26,193.76,remora7,remora4,28.14,28.27,16.86,16.86,28.4,28.4,17.47,17.47,17.97,17.97,27.95,28.09,16.35,16.35,28.22,28.22,16.97,16.97,17.47,17.47,4.1,4.13,4.15,4.16,4.18,4.2,4.22,4.24,4.25,4.27,4.1,4.13,4.15,4.16,4.18,4.2,4.22,4.24,4.25,4.27,176.6,0,0,1,0,0,0,-1,0,None,aggregation
26,194.76,remora7,remora4,17.97,18.25,18.25,28.64,28.76,28.76,28.76,28.76,28.81,28.81,17.47,17.77,17.77,28.48,28.6,28.6,28.6,28.6,28.66,28.66,4.28,4.3,4.31,4.33,4.36,4.38,4.41,4.43,4.45,4.48,4.28,4.3,4.31,4.33,4.36,4.38,4.41,4.43,4.45,4.48,193.48,0,0,1,0,0,0,-1,0,None,aggregation
26,195.76,remora7,remora4,28.81,28.81,28.92,28.92,28.97,28.97,28.97,29.02,29.07,29.07,28.66,28.66,28.77,28.77,28.83,28.83,28.83,28.88,28.93,28.93,4.5,4.53,4.54,4.57,4.6,4.62,4.65,4.68,4.71,4.74,4.5,4.53,4.54,4.57,4.6,4.62,4.65,4.68,4.71,4.74,209.66,0,0,1,0,0,0,-1,0,None,aggregation
26,196.76,remora7,remora4,29.12,29.12,29.16,29.16,29.21,29.21,29.21,29.3,29.3,29.3,28.98,28.98,29.03,29.03,29.08,29.08,29.08,29.18,29.18,29.18,4.77,4.8,4.83,4.86,4.9,4.93,4.96,4.99,5.03,5.06,4.77,4.8,4.83,4.86,4.9,4.93,4.96,4.99,5.03,5.06,220.94,0,0,1,0,0,0,-1,0,None,aggregation
26,197.76,remora7,remora4,29.38,29.38,29.38,29.38,29.46,29.46,29.49,29.49,29.49,29.53,29.27,29.27,29.27,29.27,29.35,29.35,29.39,29.39,29.39,29.43,5.09,5.13,5.16,5.2,5.23,5.27,5.3,5.34,5.36,5.39,5.09,5.13,5.16,5.2,5.23,5.27,5.3,5.34,5.36,5.39,233.68,0,0,1,0,0,0,-1,0,None,aggregation
26,198.76,remora7,remora4,29.6,29.6,29.6,29.6,29.66,29.66,29.69,29.69,29.69,29.72,29.5,29.5,29.5,29.5,29.57,29.57,29.61,29.61,29.61,29.64,5.42,5.45,5.48,5.52,5.56,5.6,5.63,5.67,5.71,5.75,5.42,5.45,5.48,5.52,5.56,5.6,5.63,5.67,5.71,5.75,244.57,0,0,1,0,0,0,-1,0,None,aggregation
26,199.76,remora7,remora4,29.72,29.77,29.77,29.77,29.81,29.81,29.81,29.86,29.88,29.88,29.64,29.7,29.7,29.7,29.75,29.75,29.75,29.8,29.82,29.82,5.79,5.83,5.87,5.91,5.94,5.98,6.02,6.06,6.11,6.15,5.79,5.83,5.87,5.91,5.94,5.98,6.02,6.06,6.11,6.15,256.57,0,0,1,0,0,0,-1,0,None,aggregation
26,200.76,remora7,remora4,29.89,29.89,29.92,29.92,29.95,29.95,29.95,29.96,29.97,29.97,29.84,29.84,29.88,29.88,29.92,29.92,29.92,29.93,29.94,29.94,6.19,6.23,6.27,6.31,6.35,6.39,6.44,6.48,6.52,6.56,6.19,6.23,6.27,6.31,6.35,6.39,6.44,6.48,6.52,6.56,265.03,0,0,1,0,0,0,-1,0,None,aggregation
26,201.76,remora7,remora4,29.97,29.99,30,30,30,30,30,30,30,30,29.94,29.97,29.98,29.98,29.99,29.99,29.99,30,30,30,6.61,6.65,6.69,6.73,6.78,6.83,6.86,6.91,6.95,7,6.61,6.65,6.69,6.73,6.78,6.83,6.86,6.91,6.95,7,275.49,0,0,1,0,0,0,-1,0,None,aggregation
26,202.76,remora7,remora4,30,30,29.98,29.98,29.97,29.97,29.97,29.97,29.97,29.94,30,30,30,30,29.99,29.99,29.99,29.99,29.99,29.97,7.04,7.09,7.13,7.17,7.22,7.26,7.31,7.35,7.4,7.44,7.04,7.09,7.13,7.17,7.22,7.26,7.31,7.35,7.4,7.44,283.73,0,0,1,0,0,0,-1,0,None,aggregation
26,203.76,remora7,remora4,29.91,29.91,29.88,29.88,29.86,29.86,29.82,29.82,29.8,29.8,29.95,29.95,29.92,29.92,29.91,29.91,29.87,29.87,29.85,29.85,7.49,7.53,7.58,7.63,7.67,7.72,7.76,7.81,7.85,7.9,7.49,7.53,7.58,7.63,7.67,7.72,7.76,7.81,7.85,7.9,292.02,0,0,1,0,0,0,-1,0,None,aggregation
26,204.76,remora7,remora4,29.75,29.75,29.69,29.69,29.63,29.63,29.6,29.6,29.6,29.53,29.81,29.81,29.76,29.76,29.71,29.71,29.68,29.68,29.68,29.62,7.95,7.99,8.04,8.09,8.13,8.18,8.22,8.27,8.32,8.37,7.95,7.99,8.04,8.09,8.13,8.18,8.22,8.27,8.32,8.37,296.25,0,0,1,0,0,0,-1,0,None,aggregation
26,205.76,remora7,remora4,29.5,29.5,29.5,29.42,29.34,29.34,29.34,29.3,29.21,29.21,29.59,29.59,29.59,29.52,29.44,29.44,29.44,29.4,29.32,29.32,8.41,8.46,8.5,10,10,10,10,10,10,10,8.41,8.46,8.5,10,10,10,10,10,10,10,296.79,0,0,1,0,0,0,-1,0,None,aggregation
26,206.76,remora7,remora4,29.16,29.16,29.06,29.06,28.96,28.96,28.9,28.9,28.85,28.85,29.28,29.28,29.19,29.19,29.09,29.09,29.04,29.04,28.99,28.99,10,10,10,10,10,10,10,10,10,10,10,10,10,10,10,10,10,10,10,10,296.69,0,0,1,0,0,0,-1,0,None,aggregation
26,207.76,remora7,remora4,28.73,28.73,28.68,28.68,28.68,28.62,28.49,28.49,28.49,28.36,28.88,28.88,28.83,28.83,28.83,28.77,28.65,28.65,28.65,28.53,10,10,10,10,10,10,10,10,10,10,10,10,10,10,10,10,10,10,10,10,295.98,0,0,1,0,0,0,-1,0,None,aggregation
26,208.76,remora7,remora4,28.36,28.36,28.23,28.23,28.16,28.16,28.09,28.09,28.09,27.95,28.53,28.53,28.4,28.4,28.34,28.34,28.27,28.27,28.27,28.14,10,10,10,10,10,10,10,10,10,10,10,10,10,10,10,10,10,10,10,10,294.63,0,0,1,0,0,0,-1,0,None,aggregation
26,209.76,remora7,remora4,27.95,27.87,27.87,27.8,27.64,27.64,27.64,27.64,27.48,27.48,28.14,28.07,28.07,27.99,27.85,27.85,27.85,27.85,27.69,27.69,10,10,10,10,10,10,10,10,10,10,10,10,10,10,10,10,10,10,10,10,292.66,0,0,1,0,0,0,-1,0,None,aggregation
26,210.76,remora7,remora4,27.48,27.48,27.32,27.32,27.32,27.32,27.15,27.15,27.15,27.15,27.7,27.7,27.54,27.54,27.54,27.54,27.38,27.38,27.38,27.38,10,10,10,10,10,10,10,10,10,10,10,10,10,10,10,10,10,10,10,10,290.14,0,0,1,0,0,0,-1,0,None,aggregation
26,211.76,remora7,remora4,27.15,26.98,26.98,26.98,26.8,26.8,26.8,26.81,26.81,26.81,27.38,27.21,27.21,27.21,27.04,27.04,27.04,27.04,27.04,27.05,10,10,10,10,10,10,10,10,10,10,10,10,10,10,10,10,10,10,10,10,287.16,0,0,1,0,0,0,-1,0,None,aggregation
26,212.76,remora7,remora4,26.62,26.62,26.63,26.63,26.53,26.53,26.44,26.44,26.44,26.44,26.87,26.87,26.87,26.87,26.78,26.78,26.69,26.69,26.7,26.7,10,10,10,10,10,10,10,10,10,10,10,10,10,10,10,10,10,10,10,10,283.83,0,0,1,0,0,0,-1,0,None,aggregation
26,213.76,remora7,remora4,26.25,26.25,26.25,26.25,26.25,26.26,26.06,26.06,26.06,26.06,26.51,26.51,26.51,26.51,26.51,26.52,26.33,26.33,26.33,26.33,10,10,10,10,10,10,10,10,10,10,10,10,10,10,10,10,10,10,10,10,280.26,0,0,1,0,0,0,-1,0,None,aggregation
26,214.76,remora7,remora4,26.06,26.07,25.97,25.97,25.97,25.87,25.87,25.87,25.77,25.77,26.33,26.33,26.24,26.24,26.24,26.14,26.15,26.15,26.05,26.05,10,10,10,10,10,10,10,10,10,10,10,10,10,10,10,10,10,10,10,10,276.63,0,0,1,0,0,0,-1,0,None,aggregation
26,215.76,remora7,remora4,25.77,25.77,25.67,25.67,25.68,25.68,25.68,25.57,25.58,25.58,26.05,26.05,25.95,25.95,25.96,25.96,25.96,25.86,25.86,25.86,10,10,10,10,10,10,10,10,10,10,10,10,10,10,10,10,10,10,10,10,273.02,0,0,1,0,0,0,-1,0,None,aggregation
26,216.76,remora7,remora4,25.58,25.48,25.48,25.48,25.37,25.37,25.37,25.38,25.38,25.38,25.86,25.76,25.77,25.77,25.66,25.66,25.66,25.67,25.67,25.67,10,10,10,10,10,10,10,10,10,10,10,10,10,10,10,10,10,10,10,10,269.54,0,0,1,0,0,0,-1,0,None,aggregation
26,217.76,remora7,remora4,25.38,25.28,25.29,25.29,25.18,25.18,25.18,25.18,25.18,25.19,25.67,25.57,25.58,25.58,25.47,25.47,25.48,25.48,25.48,25.48,10,10,10,10,10,10,10,10,10,10,10,10,10,10,10,10,10,10,10,10,266.25,0,0,1,0,0,0,-1,0,None,aggregation
26,218.76,remora7,remora4,25.19,25.19,25.09,25.09,25.09,25.09,24.98,24.98,24.99,24.99,25.49,25.49,25.39,25.39,25.39,25.39,25.28,25.28,25.29,25.29,10,10,10,10,10,10,10,10,10,10,10,10,10,10,10,10,10,10,10,10,263.2,0,0,1,0,0,0,-1,0,None,aggregation
26,219.76,remora7,remora4,24.99,24.99,25,25,25,25,24.9,24.9,24.79,24.79,25.29,25.29,25.3,25.3,25.3,25.3,25.2,25.2,25.09,25.09,10,10,10,10,10,10,10,10,10,10,10,10,10,10,10,10,10,10,10,10,260.49,0,0,1,0,0,0,-1,0,None,aggregation
26,220.76,remora7,remora4,24.79,24.79,24.79,24.79,24.8,24.8,24.81,24.81,24.81,24.81,25.1,25.1,25.1,25.1,25.11,25.11,25.11,25.11,25.12,25.12,10,10,10,10,10,10,10,10,10,10,10,10,10,10,10,10,10,10,10,10,258.05,0,0,1,0,0,0,-1,0,None,aggregation
26,221.76,remora7,remora4,24.81,24.82,24.82,24.82,24.82,24.72,24.6,24.6,24.6,24.61,25.12,25.12,25.12,25.13,25.13,25.03,24.92,24.92,24.92,24.92,10,10,10,10,10,10,10,10,10,10,10,10,10,10,10,10,10,10,10,10,255.91,0,0,1,0,0,0,-1,0,None,aggregation
26,222.76,remora7,remora4,24.61,24.61,24.62,24.62,24.63,24.63,24.63,24.63,24.63,24.63,24.93,24.93,24.93,24.93,24.94,24.94,24.94,24.94,24.94,24.94,10,10,10,10,10,10,10,10,10,10,10,10,10,10,10,10,10,10,10,10,254.04,0,0,1,0,0,0,-1,0,None,aggregation
26,223.76,remora7,remora4,24.37,24.37,24.11,24.11,24.11,23.85,23.58,23.58,23.43,23.43,24.69,24.69,24.44,24.44,24.44,24.18,23.92,23.92,23.78,23.78,10,10,10,10,10,10,10,10,10,10,10,10,10,10,10,10,10,10,10,10,251.79,0,0,1,0,0,0,-1,0,None,aggregation
26,224.76,remora7,remora4,23.3,23.3,23.3,23.04,22.89,22.89,22.73,22.73,22.44,22.44,23.65,23.65,23.65,23.4,23.26,23.26,23.1,23.1,22.81,22.81,10,10,10,10,10,10,10,10,10,10,10,10,10,10,10,10,10,10,10,10,248.82,0,0,1,0,0,0,-1,0,None,aggregation
26,225.76,remora7,remora4,22.44,22.14,22.14,21.85,21.57,21.57,21.43,21.43,21.43,21.26,22.81,22.52,22.52,22.24,21.97,21.97,21.83,21.83,21.83,21.67,10,10,10,10,10,10,10,10,10,10,10,10,10,10,10,10,10,10,10,10,244.94,0,0,1,0,0,0,-1,0,None,aggregation
26,226.76,remora7,remora4,21.26,20.94,20.62,20.62,20.62,20.46,20.28,20.28,19.95,19.95,21.67,21.36,21.04,21.04,21.04,20.88,20.71,20.71,20.39,20.39,10,10,10,10,10,10,10,10,10,10,10,10,10,10,10,10,10,10,10,10,240.08,0,0,1,0,0,0,-1,0,None,aggregation
26,227.76,remora7,remora4,19.79,19.79,19.44,19.44,19.44,19.1,18.92,18.92,18.57,18.57,20.23,20.23,19.89,19.89,19.89,19.56,19.38,19.38,19.04,19.04,10,10,10,10,10,10,10,10,10,10,10,10,10,10,10,10,10,10,10,10,234.13,0,0,1,0,0,0,-1,0,None,aggregation
26,228.76,remora7,remora4,18.57,18.4,18.05,18.05,17.69,17.69,17.33,17.33,16.96,16.96,19.04,18.87,18.52,18.52,18.17,18.17,17.82,17.82,17.47,17.47,10,10,10,10,10,10,10,10,10,10,10,10,10,10,10,10,10,10,10,10,226.86,0,0,1,0,0,0,-1,0,None,aggregation
26,229.76,remora7,remora4,16.77,16.77,16.4,16.4,16.03,16.03,16.03,15.48,14.73,14.73,17.28,17.28,16.91,16.91,16.55,16.55,16.55,16.01,15.27,15.27,10,10,10,10,10,10,10,10,10,10,10,10,10,10,10,10,10,10,10,10,217.97,0,0,1,0,0,0,-1,0,None,aggregation
26,230.76,remora7,remora4,14.35,14.35,13.77,13.77,13.19,13.19,13.19,12.6,12.21,12.21,14.91,14.91,14.34,14.34,13.77,13.77,13.77,13.19,12.81,12.81,10,10,10,10,10,10,10,10,10,10,10,10,10,10,10,10,10,10,10,10,206.59,0,0,1,0,0,0,-1,0,None,aggregation
26,231.76,remora7,remora4,11.83,11.83,11.44,11.44,11.44,11.06,10.67,10.67,10.28,10.28,12.43,12.43,12.05,12.05,12.05,11.67,11.29,11.29,10.91,10.91,10,10,10,10,10,10,10,10,10,10,10,10,10,10,10,10,10,10,10,10,193.11,0,0,1,0,0,0,-1,0,None,aggregation
26,232.76,remora7,remora4,9.89,9.89,9.5,9.5,9.11,9.11,9.17,9.17,8.78,8.78,10.53,10.53,10.15,10.15,9.77,9.77,9.82,9.82,9.44,9.44,10,10,10,10,10,10,10,10,10,10,10,10,10,10,10,10,10,10,10,10,177.95,0,0,1,0,0,0,-1,0,None,aggregation
26,233.76,remora7,remora4,8.4,8.4,8.46,8.46,8.07,8.07,8.15,8.15,8.15,7.76,9.06,9.06,9.12,9.12,8.75,8.75,8.82,8.82,8.82,8.44,10,10,10,10,10,10,10,10,10,10,10,10,10,10,10,10,10,10,10,10,162.42,0,0,1,0,0,0,-1,0,None,aggregation
26,234.76,remora7,remora4,-15.12,-15.12,-15.05,-15.05,10.63,10.63,11.51,11.51,-14.77,-14.77,-4.65,-4.65,-4.58,-4.58,11.26,11.26,12.12,12.12,-4.31,-4.31,10,10,10,10,10,10,10,10,10,10,10,10,10,10,10,10,10,10,10,10,149.74,0,0,1,0,0,0,-1,0,None,aggregation
26,235.76,remora7,remora4,-14.66,-14.66,0,0,0,0,0,14.81,14.81,0,-4.19,-4.19,0,0,0,0,0,15.35,15.35,0,10,10,10,10,10,10,10,10,10,10,10,10,10,10,10,10,10,10,10,10,132.71,0,0,1,0,0,0,-1,0,None,aggregation
26,236.76,remora7,remora4,-14.21,-14.21,0,0,0,0,0,0,0,17.13,-3.75,-3.75,0,0,0,0,0,0,0,17.63,10,10,10,10,10,10,10,10,10,10,10,10,10,10,10,10,10,10,10,10,115.54,0,0,1,0,0,0,-1,0,None,aggregation
26,237.76,remora7,remora4,17.12,17.12,-13.77,-13.77,-13.56,-13.56,-13.16,-13.16,20.95,20.95,17.62,17.62,-3.3,-3.3,-3.09,-3.09,-2.7,-2.7,21.36,21.36,10,10,10,10,10,10,10,10,10,10,10,10,10,10,10,10,10,10,10,10,108.77,0,0,1,0,0,0,-1,0,None,aggregation
26,238.76,remora7,remora4,-12.48,-12.48,-12.48,-12.23,-11.72,-11.72,24.36,24.36,24.36,25.04,-2.02,-2.02,-2.02,-1.77,-1.26,-1.26,24.68,24.68,24.68,25.34,10,10,10,10,10,10,10,10,10,10,10,10,10,10,10,10,10,10,10,10,104.88,0,0,1,0,0,0,-1,0,None,aggregation
26,239.76,remora7,remora4,25.04,-10.81,-10.62,-10.62,-10.03,-10.03,-9.42,-9.42,-8.79,-8.79,25.34,-0.35,-0.15,-0.15,0.43,0.43,1.04,1.04,1.68,1.68,10,10,10,10,10,10,10,10,10,10,10,10,10,10,10,10,10,10,10,10,95.34,0,0,1,0,0,0,-1,0,None,aggregation
26,240.76,remora7,remora4,-8.79,-8.13,-7.47,-7.47,-6.79,-6.79,-6.79,-6.1,-5.41,-5.41,1.68,2.33,3,3,3.68,3.68,3.68,4.37,5.06,5.06,10,10,10,10,10,10,10,10,10,10,10,10,10,10,10,10,10,10,10,10,83.45,0,0,1,0,0,0,-1,0,None,aggregation
26,241.76,remora7,remora4,-4.54,-4.54,-4.54,-3.63,-2.76,-2.76,-1.93,-1.93,-1.15,-1.15,5.58,5.58,5.58,6.03,6.46,6.46,6.87,6.87,7.25,7.25,10,10,10,10,10,10,10,10,10,10,10,10,10,10,10,10,10,10,10,10,73.8,0,0,1,0,0,0,-1,0,None,aggregation
26,242.76,remora7,remora4,-0.42,-0.42,0.27,0.27,0.92,0.92,1.53,1.53,27.24,27.24,7.6,7.6,7.92,7.92,8.22,8.22,8.5,8.5,27.01,27.01,10,10,10,10,10,10,10,10,10,10,10,10,10,10,10,10,10,10,10,10,73.06,0,0,1,0,0,0,-1,0,None,aggregation
26,243.76,remora7,remora4,27.24,26.88,26.88,26.69,26.69,26.49,26.49,26.28,26.28,26.28,27.01,26.64,26.64,26.43,26.43,26.23,26.23,26.02,26.01,26.01,10,10,10,10,10,10,10,10,10,10,10,10,10,10,10,10,10,10,10,10,91.01,0,0,1,0,0,0,-1,0,None,aggregation
26,124.76,remora7,remora6,10.02,10.03,10.03,10.03,10.03,-28.37,-28.31,-28.31,10.01,10.01,9.98,9.97,9.97,9.97,9.97,-29.19,-29.13,-29.13,9.99,9.99,3.37,3.36,3.36,3.35,3.34,3.34,3.36,3.38,3.39,3.39,3.58,3.57,3.57,3.56,3.55,3.55,3.56,3.58,3.59,3.59,146.9,0,0,1,0,0,0,-1,0,None,aggregation
26,125.76,remora7,remora6,10,10,10,10,10,10,10,10,10,-30.18,10,10,10,10,10,10,10,10,10,-29.35,3.38,3.37,3.37,3.36,3.34,3.33,3.32,3.3,3.29,3.3,3.58,3.58,3.57,3.57,3.56,3.55,3.54,3.53,3.52,3.53,144.06,0,0,1,0,0,0,-1,0,None,aggregation
26,126.76,remora7,remora6,-30.18,-30.2,10.02,10.02,10.02,10.03,10.03,10.03,10.03,10.03,-29.35,-29.38,9.98,9.98,9.98,9.97,9.97,9.97,9.97,9.97,3.33,3.36,3.39,3.38,3.37,3.37,3.36,3.36,3.36,3.36,3.55,3.57,3.59,3.59,3.58,3.58,3.57,3.57,3.56,3.56,144.28,0,0,1,0,0,0,-1,0,None,aggregation
26,127.76,remora7,remora6,10.03,10.02,-28.04,-28.04,10.02,10.02,10.02,10.01,-29.45,-29.45,9.97,9.97,-28.86,-28.86,9.98,9.98,9.98,9.99,-30.28,-30.28,3.35,3.35,3.33,3.35,3.37,3.36,3.35,3.35,3.35,3.37,3.56,3.55,3.54,3.55,3.57,3.57,3.56,3.56,3.56,3.57,151.95,0,0,1,0,0,0,-1,0,None,aggregation
26,128.76,remora7,remora6,10,10,9.99,9.99,9.99,9.99,9.99,9.99,-29.46,-29.46,10,10,10.01,10.01,10.01,10.01,10.01,10.01,-30.29,-30.29,3.4,3.4,3.39,3.38,3.38,3.38,3.37,3.37,3.37,3.39,3.59,3.6,3.59,3.59,3.59,3.59,3.59,3.58,3.58,3.59,150.14,0,0,1,0,0,0,-1,0,None,aggregation
26,129.76,remora7,remora6,-29.46,-29.44,9.96,9.96,9.95,9.95,9.95,9.95,9.96,9.96,-30.29,-30.26,10.03,10.03,10.04,10.04,10.04,10.04,10.04,10.04,3.41,3.44,3.47,3.48,3.48,3.46,3.45,3.43,3.4,3.39,3.61,3.64,3.66,3.67,3.67,3.67,3.66,3.65,3.64,3.63,146.63,0,0,1,0,0,0,-1,0,None,aggregation
26,130.76,remora7,remora6,9.96,9.96,9.96,9.96,9.96,-30.34,-30.34,-27.89,-27.89,9.98,10.04,10.04,10.04,10.04,10.04,-29.52,-29.52,-28.71,-28.71,10.02,3.39,3.38,3.36,3.35,3.33,3.34,3.36,3.39,3.41,3.42,3.63,3.63,3.62,3.61,3.6,3.61,3.63,3.65,3.68,3.68,146.58,0,0,1,0,0,0,-1,0,None,aggregation
26,131.76,remora7,remora6,9.96,9.96,9.96,9.96,9.97,9.97,9.97,9.97,9.97,9.97,10.04,10.04,10.03,10.03,10.03,10.03,10.03,10.03,10.03,10.03,3.4,3.39,3.37,3.36,3.35,3.34,3.32,3.3,3.29,3.28,3.68,3.67,3.67,3.66,3.66,3.65,3.64,3.63,3.62,3.62,146.58,0,0,1,0,0,0,-1,0,None,aggregation
26,132.76,remora7,remora6,-28.21,-28.21,-28.21,-28.21,-28.16,9.95,9.93,9.93,9.93,9.94,-29.03,-29.03,-29.03,-29.03,-28.98,10.05,10.06,10.06,10.06,10.06,3.27,3.28,3.31,3.33,3.34,3.34,3.32,3.31,3.3,3.29,3.62,3.64,3.66,3.68,3.7,3.7,3.7,3.69,3.69,3.69,148.1,0,0,1,0,0,0,-1,0,None,aggregation
26,133.76,remora7,remora6,9.94,9.94,9.94,9.94,9.94,9.94,9.94,-21.29,-21.29,-21.29,10.06,10.06,10.06,10.06,10.05,10.05,10.05,-20.47,-20.47,-20.47,3.27,3.25,3.22,3.21,3.2,3.19,3.18,3.19,3.2,3.22,3.68,3.67,3.66,3.66,3.66,3.65,3.65,3.66,3.68,3.7,147.38,0,0,1,0,0,0,-1,0,None,aggregation
26,134.76,remora7,remora6,-21.29,9.97,9.98,9.98,9.99,9.99,9.99,9.99,9.99,-30.27,-20.47,10.03,10.02,10.02,10.01,10.01,10.01,10.01,10.01,-29.45,3.24,3.24,3.23,3.22,3.22,3.21,3.2,3.18,3.16,3.16,3.72,3.73,3.73,3.73,3.73,3.73,3.73,3.73,3.72,3.73,144.83,0,0,1,0,0,0,-1,0,None,aggregation
26,135.76,remora7,remora6,-28.65,-28.65,-28.65,10,9.99,9.99,9.99,9.99,9.99,9.99,-29.47,-29.47,-29.47,10,10.01,10.01,10.01,10.01,10.01,10.01,3.19,3.2,3.22,3.21,3.19,3.17,3.15,3.14,3.13,3.12,3.76,3.78,3.81,3.81,3.81,3.8,3.8,3.8,3.8,3.8,148.57,0,0,1,0,0,0,-1,0,None,aggregation
26,136.76,remora7,remora6,9.99,9.99,9.99,9.99,-30.26,-30.26,10,10,10,10.01,10.01,10.01,10.01,10.01,-29.44,-29.44,10,10,10,9.99,3.11,3.1,3.09,3.08,3.07,3.09,3.12,3.11,3.1,3.09,3.8,3.8,3.8,3.8,3.8,3.83,3.85,3.86,3.86,3.86,148.59,0,0,1,0,0,0,-1,0,None,aggregation
26,137.76,remora7,remora6,10.01,10.01,-28.91,-28.91,-28.91,10,9.99,9.99,9.99,9.99,9.99,9.99,-29.73,-29.73,-29.73,10,10.01,10.01,10.01,10.01,3.08,3.07,3.05,3.07,3.09,3.1,3.09,3.08,3.07,3.06,3.86,3.86,3.86,3.88,3.91,3.93,3.93,3.93,3.93,3.93,146.72,0,0,1,0,0,0,-1,0,None,aggregation
26,138.76,remora7,remora6,9.99,-30.32,9.99,9.99,10,10,-30.31,-30.31,10.01,10.01,10.01,-29.5,10.01,10.01,10,10,-29.48,-29.48,9.99,9.99,3.04,3.04,3.06,3.05,3.04,3.03,3.02,3.04,3.06,3.06,3.93,3.94,3.97,3.97,3.98,3.98,3.98,4.01,4.03,4.04,148.72,0,0,1,0,0,0,-1,0,None,aggregation
26,139.76,remora7,remora6,10.01,10.02,10.02,10.02,-30.32,-30.32,10.03,10.03,10.04,10.04,9.99,9.98,9.98,9.98,-29.5,-29.5,9.97,9.97,9.96,9.96,3.05,3.04,3.03,3.01,3,3.02,3.05,3.05,3.04,3.02,4.05,4.05,4.05,4.05,4.05,4.08,4.12,4.13,4.13,4.13,148.72,0,0,1,0,0,0,-1,0,None,aggregation
26,140.76,remora7,remora6,10.04,10.03,10.03,10.03,-30.31,-30.31,-30.31,10.04,10.05,10.05,9.96,9.96,9.97,9.97,-29.48,-29.48,-29.48,9.96,9.95,9.95,3,2.99,2.98,2.97,2.95,2.97,2.99,3,2.99,2.98,4.13,4.13,4.13,4.14,4.14,4.16,4.2,4.22,4.22,4.21,147.05,0,1,1,0,0,0,-1,0,None,aggregation
26,141.76,remora7,remora6,10.05,10.05,10.05,10.05,10.05,-30.26,-30.24,-30.24,10.07,10.07,9.95,9.95,9.95,9.95,9.95,-29.44,-29.42,-29.42,9.93,9.93,2.96,2.95,2.94,2.93,2.92,2.93,2.95,2.98,3,2.99,4.2,4.19,4.19,4.17,4.16,4.16,4.18,4.19,4.2,4.19,153,0,1,1,0,0,0,-1,0,None,aggregation
26,142.76,remora7,remora6,10.07,10.07,10.07,10.07,10.06,10.06,-30.19,-30.19,10.07,10.07,9.92,9.92,9.93,9.93,9.93,9.93,-29.36,-29.36,9.93,9.93,2.98,2.97,2.96,2.95,2.94,2.93,2.92,2.94,2.96,2.96,4.17,4.15,4.14,4.12,4.11,4.1,4.08,4.09,4.1,4.09,147.65,0,1,1,0,0,0,-1,0,None,aggregation
26,143.76,remora7,remora6,10.08,10.08,10.07,10.07,-30.07,-30.07,-30.07,10.08,10.09,10.09,9.92,9.92,9.92,9.92,-29.25,-29.25,-29.25,9.92,9.91,9.91,2.95,2.94,2.93,2.92,2.91,2.93,2.96,2.96,2.95,2.94,4.08,4.07,4.05,4.04,4.03,4.04,4.06,4.06,4.04,4.03,150.28,0,1,1,0,0,0,-1,0,None,aggregation
26,144.76,remora7,remora6,10.08,10.08,10.08,10.08,-30,-30,-29.96,-29.96,-29.96,10.1,9.91,9.91,9.91,9.91,-29.18,-29.18,-29.13,-29.13,-29.13,9.89,2.93,2.92,2.91,2.89,2.88,2.9,2.92,2.95,2.97,2.98,4.01,4,3.99,3.97,3.96,3.97,3.98,4,4.02,4.03,156.98,0,1,1,0,0,0,-1,0,None,aggregation
26,145.76,remora7,remora6,10.1,10.11,10.1,10.1,10.1,10.1,10.1,10.1,10.1,10.09,9.89,9.88,9.89,9.89,9.89,9.89,9.9,9.9,9.9,9.9,2.97,2.96,2.95,2.94,2.93,2.92,2.91,2.9,2.89,2.88,4.02,4,3.99,3.98,3.97,3.96,3.95,3.93,3.92,3.9,151.26,0,1,1,0,0,0,-1,0,None,aggregation
26,146.76,remora7,remora6,10.09,-29.71,-29.71,-29.71,10.1,10.1,10.1,10.1,10.1,-21.06,9.9,-28.88,-28.88,-28.88,9.89,9.89,9.9,9.9,9.9,-20.23,2.87,2.88,2.9,2.91,2.9,2.89,2.88,2.87,2.86,2.86,3.89,3.9,3.92,3.92,3.91,3.9,3.89,3.88,3.87,3.88,154.14,0,1,1,0,0,0,-1,0,None,aggregation
26,147.76,remora7,remora6,-29.45,-29.45,-29.45,10.11,10.11,10.12,10.12,10.12,10.11,10.11,-28.63,-28.63,-28.63,9.88,9.88,9.87,9.87,9.87,9.88,9.88,2.88,2.91,2.93,2.94,2.93,2.92,2.91,2.9,2.89,2.88,3.89,3.91,3.93,3.93,3.92,3.91,3.9,3.89,3.88,3.87,154.05,0,1,1,0,0,0,-1,0,None,aggregation
26,148.76,remora7,remora6,10.11,10.11,-29.22,-29.22,-29.22,10.11,10.11,10.11,10.11,10.11,9.88,9.88,-28.4,-28.4,-28.4,9.88,9.87,9.87,9.88,9.88,2.87,2.86,2.85,2.87,2.89,2.9,2.89,2.88,2.87,2.86,3.86,3.85,3.84,3.85,3.88,3.88,3.87,3.86,3.86,3.85,153.72,0,1,1,0,0,0,-1,0,None,aggregation
26,149.76,remora7,remora6,10.11,-29.59,-28.81,-28.81,10.1,10.1,10.1,10.1,10.1,10.1,9.88,-30.41,-27.99,-27.99,9.9,9.9,9.9,9.89,9.89,9.89,2.85,2.86,2.88,2.91,2.94,2.94,2.93,2.93,2.92,2.91,3.84,3.84,3.86,3.89,3.91,3.91,3.91,3.9,3.89,3.88,155.42,0,1,1,0,0,0,-1,0,None,aggregation
26,150.76,remora7,remora6,10.1,10.1,10.09,10.09,-28.4,-28.4,10.09,10.09,10.09,10.1,9.9,9.9,9.9,9.9,-27.57,-27.57,9.9,9.9,9.9,9.89,2.9,2.89,2.88,2.87,2.87,2.89,2.92,2.92,2.91,2.9,3.87,3.86,3.85,3.84,3.84,3.86,3.88,3.88,3.87,3.87,153.04,0,1,1,0,0,0,-1,0,None,aggregation
26,151.76,remora7,remora6,10.1,10.1,-28.05,-28.05,-28.05,-27.94,10.11,10.11,10.12,10.12,9.89,9.89,-27.23,-27.23,-27.23,-27.12,9.88,9.88,9.87,9.87,2.89,2.89,2.88,2.9,2.93,2.95,2.98,2.99,2.98,2.98,3.86,3.85,3.84,3.85,3.88,3.9,3.93,3.93,3.93,3.92,154.13,0,1,1,0,0,0,-1,0,None,aggregation
26,152.76,remora7,remora6,10.11,10.11,10.11,10.11,10.1,10.1,-27.37,-27.37,10.11,10.11,9.87,9.87,9.88,9.88,9.88,9.88,-26.55,-26.55,9.88,9.88,2.97,2.96,2.96,2.95,2.95,2.94,2.94,2.96,2.98,2.98,3.91,3.91,3.9,3.9,3.89,3.89,3.88,3.9,3.92,3.91,153.57,0,1,1,0,0,0,-1,0,None,aggregation
26,153.76,remora7,remora6,10.11,10.11,10.11,10.11,-30.2,-30.2,-27.14,-27.14,10.12,10.12,9.88,9.88,9.88,9.88,-29.38,-29.38,-26.32,-26.32,9.86,9.86,2.97,2.96,2.95,2.95,2.94,2.96,2.99,3.02,3.05,3.05,3.91,3.9,3.9,3.89,3.89,3.9,3.93,3.96,4,4.01,154.97,0,1,1,0,0,0,-1,0,None,aggregation
26,154.76,remora7,remora6,10.13,10.13,10.12,10.12,10.12,10.12,10.11,10.11,10.11,-26.65,9.86,9.86,9.86,9.86,9.87,9.87,9.88,9.88,9.88,-25.83,3.05,3.05,3.04,3.04,3.04,3.04,3.03,3.02,3.02,3.03,4.02,4.02,4.03,4.03,4.03,4.02,4.01,4.01,4,4.01,146.81,0,0,1,0,0,0,-1,0,None,aggregation
26,155.76,remora7,remora6,-26.65,-26.65,10.13,10.13,10.13,10.13,10.13,10.13,10.12,10.12,-25.83,-25.83,9.86,9.86,9.85,9.85,9.86,9.86,9.87,9.87,3.06,3.09,3.11,3.12,3.12,3.12,3.12,3.12,3.12,3.12,4.04,4.06,4.08,4.09,4.08,4.08,4.09,4.1,4.11,4.11,150.05,0,0,1,0,0,0,-1,0,None,aggregation
26,156.76,remora7,remora6,10.11,10.11,-26.07,-26.07,-25.92,-25.92,-25.92,10.13,10.14,10.14,9.87,9.87,-25.25,-25.25,-25.1,-25.1,-25.1,9.85,9.84,9.84,3.12,3.13,3.13,3.16,3.19,3.22,3.26,3.27,3.27,3.27,4.11,4.11,4.11,4.13,4.15,4.19,4.22,4.24,4.24,4.23,150.98,0,0,1,0,0,0,-1,0,None,aggregation
26,157.76,remora7,remora6,10.14,10.13,10.13,10.13,10.12,10.12,-25.44,-25.44,10.12,10.12,9.84,9.85,9.86,9.86,9.86,9.86,-24.62,-24.62,9.86,9.86,3.27,3.27,3.27,3.26,3.26,3.26,3.26,3.28,3.31,3.32,4.23,4.22,4.22,4.21,4.21,4.21,4.2,4.23,4.26,4.27,148.27,0,0,1,0,0,0,-1,0,None,aggregation
26,158.76,remora7,remora6,10.12,10.13,-25.12,-25.12,10.12,10.12,10.13,10.13,-16.66,-16.66,9.86,9.86,-24.3,-24.3,9.86,9.86,9.85,9.85,-15.83,-15.83,3.32,3.33,3.33,3.35,3.38,3.39,3.39,3.4,3.4,3.42,4.28,4.29,4.3,4.33,4.36,4.38,4.39,4.4,4.41,4.42,146.82,0,0,1,0,0,0,-1,0,None,aggregation
26,159.76,remora7,remora6,-16.66,-24.03,10.14,10.14,10.14,10.15,10.14,10.14,10.14,10.14,-15.83,-23.21,9.83,9.83,9.83,9.83,9.83,9.83,9.84,9.84,3.45,3.48,3.51,3.52,3.53,3.53,3.53,3.54,3.54,3.55,4.44,4.46,4.48,4.49,4.49,4.49,4.5,4.51,4.52,4.54,143.12,0,0,1,0,0,0,-1,0,None,aggregation
26,160.76,remora7,remora6,10.14,-21.94,-21.94,-12.24,10.15,10.15,10.15,10.15,10.15,10.15,9.84,-21.12,-21.12,-11.41,9.83,9.83,9.82,9.82,9.83,9.83,3.55,3.58,3.61,3.64,3.67,3.68,3.69,3.7,3.71,3.72,4.55,4.57,4.61,4.64,4.67,4.69,4.7,4.71,4.73,4.74,142.01,0,0,1,0,0,0,-1,0,None,aggregation
26,161.76,remora7,remora6,-8.75,-8.75,-8.75,-7.68,10.16,10.16,10.17,10.17,10.17,-4.46,-7.93,-7.93,-7.93,-6.85,9.81,9.81,9.8,9.8,9.8,-3.64,3.72,3.74,3.76,3.78,3.81,3.81,3.8,3.79,3.78,3.77,4.75,4.77,4.8,4.83,4.85,4.86,4.87,4.87,4.88,4.88,133.59,0,0,1,0,0,0,-1,0,None,aggregation
26,162.76,remora7,remora6,-4.46,-4.46,-3.13,-1.8,-0.76,-0.76,-0.76,0.29,0.29,1.84,-3.64,-3.64,-2.31,-0.98,0.06,0.06,0.06,1.1,1.1,2.62,3.76,3.75,3.74,3.74,3.73,3.72,3.72,3.71,3.7,3.7,4.89,4.9,4.91,4.92,4.93,4.94,4.95,4.96,4.97,4.98,121.89,0,0,1,0,0,0,-1,0,None,aggregation
26,163.76,remora7,remora6,1.84,2.87,-11.08,-11.08,-10.4,-10.4,-10.4,10.27,10.28,10.28,2.62,3.63,-10.26,-10.26,-9.58,-9.58,-9.58,9.64,9.63,9.63,3.69,3.69,3.67,3.68,3.68,3.68,3.69,3.68,3.67,3.65,4.99,5,5,5.02,5.04,5.06,5.08,5.08,5.09,5.08,113.26,0,0,1,0,0,0,-1,0,None,aggregation
26,164.76,remora7,remora6,7.77,7.77,7.77,9.17,-6.58,-6.58,-5.48,-5.48,-5.48,12.51,8.45,8.45,8.45,9.83,-5.76,-5.76,-4.66,-4.66,-4.66,13.1,3.64,3.63,3.62,3.61,3.61,3.61,3.61,3.62,3.62,3.63,5.07,5.06,5.05,5.05,5.05,5.07,5.09,5.1,5.12,5.14,109.06,0,0,1,0,0,0,-1,0,None,aggregation
26,165.76,remora7,remora6,-4.91,-4.91,-4.91,-4.7,-5.07,-5.07,-5.45,-5.45,-5.45,-5.46,-4.09,-4.09,-4.09,-3.87,-4.24,-4.24,-4.62,-4.62,-4.62,-4.64,3.63,3.65,3.65,3.65,3.65,3.64,3.64,3.64,3.63,3.63,5.15,5.17,5.18,5.2,5.21,5.22,5.24,5.25,5.27,5.28,100.54,0,0,1,0,0,0,-1,0,None,aggregation
26,166.76,remora7,remora6,-5.11,-5.11,10.38,10.38,-4.95,-4.95,-4.95,-5.14,-5.14,10.39,-4.29,-4.29,9.41,9.41,-4.13,-4.13,-4.13,-4.32,-4.32,9.39,3.64,3.63,3.63,3.62,3.61,3.62,3.62,3.62,3.62,3.61,5.3,5.31,5.33,5.33,5.34,5.35,5.37,5.38,5.4,5.41,88.98,0,0,1,0,0,0,-1,0,None,aggregation
26,167.76,remora7,remora6,10.39,10.39,12.31,12.31,12.31,12.74,-4.21,-4.21,-4.21,-4.26,9.38,9.38,12.91,12.91,12.91,13.32,-3.39,-3.39,-3.39,-3.44,3.59,3.58,3.57,3.56,3.55,3.54,3.52,3.51,3.51,3.51,5.41,5.41,5.42,5.42,5.42,5.42,5.42,5.43,5.44,5.46,84.57,0,0,1,0,0,0,-1,0,None,aggregation
26,168.76,remora7,remora6,-4.28,-4.28,-3.96,-3.96,-3.96,-3.77,-3.77,13.82,14.02,14.02,-3.46,-3.46,-3.14,-3.14,-3.14,-2.95,-2.95,14.38,14.58,14.58,3.5,3.5,3.5,3.5,3.51,3.51,3.51,3.49,3.48,3.46,5.47,5.48,5.5,5.51,5.53,5.55,5.56,5.57,5.57,5.56,77.16,0,0,1,0,0,0,-1,0,None,aggregation
26,169.76,remora7,remora6,-3.15,-3.15,-3.15,-2.83,-2.83,-2.83,14.82,14.82,14.82,15.22,-2.33,-2.33,-2.33,-2.01,-2.01,-2.01,15.37,15.37,15.37,15.76,3.44,3.44,3.43,3.43,3.44,3.44,3.44,3.43,3.41,3.4,5.56,5.57,5.58,5.6,5.61,5.63,5.65,5.65,5.65,5.65,72.81,0,0,1,0,0,0,-1,0,None,aggregation
26,170.76,remora7,remora6,-2.03,-2.03,-1.72,-1.72,16.2,16.2,16.2,-1.21,-1.21,-0.93,-1.21,-1.21,-0.9,-0.9,16.71,16.71,16.71,-0.39,-0.39,-0.11,3.38,3.37,3.37,3.37,3.37,3.36,3.34,3.33,3.33,3.33,5.64,5.65,5.67,5.68,5.7,5.7,5.7,5.7,5.71,5.73,66.07,0,0,1,0,0,0,-1,0,None,aggregation
26,171.76,remora7,remora6,-0.93,-0.75,16.97,16.97,-0.46,-0.46,-0.34,-0.34,-0.37,-0.37,-0.11,0.07,17.47,17.47,0.36,0.36,0.48,0.48,0.45,0.45,3.33,3.33,3.33,3.32,3.3,3.29,3.29,3.29,3.28,3.28,5.74,5.75,5.77,5.77,5.77,5.78,5.79,5.8,5.81,5.83,61,0,0,1,0,0,0,-1,0,None,aggregation
26,172.76,remora7,remora6,-0.39,-0.39,-0.39,17.01,17.03,17.03,17.03,-0.83,-0.83,-0.93,0.43,0.43,0.43,17.52,17.53,17.53,17.53,-0.01,-0.01,-0.11,3.28,3.27,3.27,3.26,3.24,3.23,3.21,3.2,3.19,3.2,5.84,5.85,5.86,5.87,5.86,5.86,5.86,5.86,5.87,5.89,66.37,0,0,1,0,0,0,-1,0,None,aggregation
26,173.76,remora7,remora6,16.93,16.93,-1.22,-1.22,-1.09,-1.09,16.8,16.8,16.8,-1.36,17.43,17.43,-0.4,-0.4,-0.27,-0.27,17.3,17.3,17.3,-0.53,3.2,3.19,3.17,3.17,3.17,3.17,3.17,3.16,3.15,3.15,5.9,5.91,5.91,5.92,5.93,5.94,5.96,5.96,5.96,5.97,66.65,0,0,1,0,0,0,-1,0,None,aggregation
26,174.76,remora7,remora6,16.66,16.66,-1.3,-1.3,-1.3,-1,-1.19,-1.19,-1.19,16.73,17.17,17.17,-0.47,-0.47,-0.47,-0.18,-0.36,-0.36,-0.36,17.24,3.15,3.14,3.12,3.12,3.12,3.12,3.13,3.13,3.14,3.13,5.99,5.99,5.99,6,6.01,6.03,6.05,6.06,6.08,6.09,64.87,0,0,1,0,0,0,-1,0,None,aggregation
26,175.76,remora7,remora6,16.73,-1.03,16.77,16.77,-0.97,-0.97,16.83,16.83,-0.69,-0.69,17.24,-0.21,17.28,17.28,-0.15,-0.15,17.34,17.34,0.13,0.13,3.12,3.11,3.11,3.1,3.09,3.09,3.09,3.09,3.09,3.08,6.09,6.09,6.11,6.11,3.09,3.09,3.09,3.09,3.09,3.08,68.89,0,0,1,0,0,0,-1,0,None,aggregation
26,176.76,remora7,remora6,-0.69,-0.39,-0.39,-0.4,-0.39,-0.39,-0.59,-0.59,-0.57,-0.57,0.13,0.43,0.43,0.42,0.43,0.43,0.23,0.23,0.26,0.26,3.08,3.08,3.08,3.08,3.08,3.09,3.1,3.1,3.11,3.11,3.08,3.08,3.08,3.08,3.08,3.09,3.1,3.1,3.11,3.11,62.78,0,0,1,0,0,0,-1,0,None,aggregation
26,177.76,remora7,remora6,-0.57,16.81,16.81,-0.42,-0.42,-0.1,-0.1,-0.1,-0.08,-0.08,0.26,17.32,17.32,0.4,0.4,0.71,0.72,0.72,0.73,0.73,3.11,3.11,3.09,3.09,3.1,3.1,3.1,3.1,3.11,3.11,3.11,3.11,3.09,3.09,3.1,3.1,3.1,3.1,3.11,3.11,57.78,0,0,1,0,0,0,-1,0,None,aggregation
26,178.76,remora7,remora6,-0.08,-0.11,-0.11,0.1,0.1,0.08,0.08,0.08,0.27,0.49,0.73,0.71,0.71,0.91,0.91,0.9,0.9,0.9,1.08,1.3,3.11,3.11,3.12,3.12,3.12,3.13,3.13,3.14,3.15,3.15,3.11,3.11,3.12,3.12,3.12,3.13,3.13,3.14,3.15,3.15,51.5,0,0,1,0,0,0,-1,0,None,aggregation
26,179.76,remora7,remora6,0.5,0.5,0.67,0.67,0.67,0.65,0.85,0.85,1.07,1.07,1.31,1.31,1.47,1.47,1.47,1.45,1.65,1.65,1.86,1.86,3.15,3.15,3.16,3.16,3.16,3.16,3.17,3.18,3.18,3.19,3.15,3.15,3.16,3.16,3.16,3.16,3.17,3.18,3.18,3.19,45.02,0,0,1,0,0,0,-1,0,None,aggregation
26,180.76,remora7,remora6,16.81,16.81,1.22,1.22,1.22,1.4,1.37,1.37,1.37,1.37,17.32,17.32,2.01,2.01,2.01,2.19,2.16,2.16,2.16,2.16,3.19,3.18,3.17,3.17,3.17,3.17,3.18,3.18,3.18,3.18,3.19,3.18,3.17,3.17,3.17,3.17,3.18,3.18,3.18,3.18,44.07,0,0,0,0,0,0,-1,0,None,aggregation
26,181.76,remora7,remora6,1.54,1.54,-8.1,-8.1,-8.1,-8.09,17.5,17.5,1.95,1.95,2.33,2.33,-7.28,-7.28,-7.28,-7.27,17.99,17.99,2.73,2.73,3.18,3.18,3.19,3.19,3.2,3.21,3.21,3.21,3.21,3.21,3.18,3.18,3.19,3.19,3.2,3.21,3.21,3.21,3.21,3.21,47.98,0,0,1,0,0,0,-1,0,None,aggregation
26,182.76,remora7,remora6,1.95,1.95,2.67,2.67,2.64,2.64,2.64,2.85,0,0,2.73,2.73,3.44,3.44,3.41,3.41,3.41,3.61,0,0,3.22,3.22,3.22,3.22,3.22,3.23,3.23,3.23,3.23,3.24,3.22,3.22,3.22,3.22,3.22,3.23,3.23,3.23,3.23,3.24,43.24,0,0,0,0,0,0,-1,0,None,aggregation
26,183.76,remora7,remora6,0,0,1.21,1.21,8.7,8.7,8.7,21.32,21.31,21.31,0,0,0.41,0.41,8.03,8.03,8.03,20.9,20.9,20.9,3.25,3.26,3.26,3.27,3.27,3.27,3.27,3.27,3.26,3.26,3.25,3.26,3.26,3.27,3.27,3.27,3.27,3.27,3.26,3.26,43.3,0,0,0,0,0,0,-1,0,None,aggregation
26,184.76,remora7,remora6,8.65,8.65,8.45,8.45,20.72,20.72,20.72,0,0,0,7.97,7.97,7.77,7.77,20.29,20.29,20.29,0,0,0,3.26,3.26,3.26,3.26,3.26,3.26,3.26,3.26,3.26,3.27,3.26,3.26,3.26,3.26,3.26,3.26,3.26,3.26,3.26,3.27,47.1,0,0,1,0,0,0,-1,0,None,aggregation
26,185.76,remora7,remora6,0,0,0,0,20.13,20.13,0,0,0,0,0,0,0,0,19.69,19.69,0,0,0,0,3.27,3.28,3.28,3.29,3.29,3.29,3.29,3.3,3.31,3.32,3.27,3.28,3.28,3.29,3.29,3.29,3.29,3.3,3.31,3.32,42.33,0,0,0,0,0,0,-1,0,None,aggregation
26,186.76,remora7,remora6,0,0,8.13,8.13,8.18,19.25,19.26,19.26,18.94,18.94,0,0,7.44,7.44,7.5,18.78,18.79,18.79,18.47,18.47,3.33,3.34,3.35,3.36,3.36,3.37,3.37,3.38,3.38,3.38,3.33,3.34,3.35,3.36,3.36,3.37,3.37,3.38,3.38,3.38,54.02,0,0,1,0,0,0,-1,0,None,aggregation
26,187.76,remora7,remora6,7.59,7.59,3.62,3.62,18.31,18.31,18,18,0,0,6.89,6.89,2.86,2.86,17.83,17.83,17.51,17.51,0,0,3.38,3.39,3.4,3.42,3.43,3.44,3.44,3.44,3.44,3.45,3.38,3.39,3.4,3.42,3.43,3.44,3.44,3.44,3.44,3.45,59.69,0,0,1,0,0,0,-1,0,None,aggregation
26,188.76,remora7,remora6,0,0,17.69,17.69,17.69,17.37,17.37,17.37,30,30,0,0,17.2,17.2,17.2,16.86,16.86,16.86,30,30,3.45,3.47,3.49,3.49,3.5,3.51,3.52,3.53,3.54,3.54,3.45,3.47,3.49,3.49,3.5,3.51,3.52,3.53,3.54,3.54,75.56,0,0,1,0,0,0,-1,0,None,aggregation
26,189.76,remora7,remora6,30,0,16.37,16.37,16.05,16.05,16.05,0,0,0,30,0,15.85,15.85,15.51,15.51,15.51,0,0,0,3.54,3.55,3.57,3.58,3.58,3.59,3.59,3.61,3.63,3.64,3.54,3.55,3.57,3.58,3.58,3.59,3.59,3.61,3.63,3.64,85.37,0,0,1,0,0,0,-1,0,None,aggregation
26,190.76,remora7,remora6,0,0,0,0,15.42,15.42,15.42,0,0,0,0,0,0,0,14.88,14.88,14.88,0,0,0,3.65,3.66,3.66,3.67,3.68,3.7,3.72,3.73,3.75,3.77,3.65,3.66,3.66,3.67,3.68,3.7,3.72,3.73,3.75,3.77,85.13,0,0,1,0,0,0,-1,0,None,aggregation
26,191.76,remora7,remora6,0,0,0,0,0,0,0,0,0,0,0,0,0,0,0,0,0,0,0,0,3.79,3.81,3.82,3.84,3.86,3.88,3.9,3.91,3.92,3.93,3.79,3.81,3.82,3.84,3.86,3.88,3.9,3.91,3.92,3.93,77.65,0,0,1,0,0,0,-1,0,None,aggregation
26,192.76,remora7,remora6,0,30,30,30,30,30,0,0,0,0,0,30,30,30,30,30,0,0,0,0,3.95,3.96,3.98,4,4.02,4.03,4.04,4.05,4.07,4.08,3.95,3.96,3.98,4,4.02,4.03,4.04,4.05,4.07,4.08,90.34,0,0,1,0,0,0,-1,0,None,aggregation
26,193.76,remora7,remora6,0,0,0,0,30,30,30,30,30,30,0,0,0,0,30,30,30,30,30,30,4.1,4.13,4.15,4.16,4.18,4.2,4.22,4.24,4.25,4.27,4.1,4.13,4.15,4.16,4.18,4.2,4.22,4.24,4.25,4.27,99.34,0,0,1,0,0,0,-1,0,None,aggregation
26,194.76,remora7,remora6,30,30,30,30,0,0,0,0,0,0,30,30,30,30,0,0,0,0,0,0,4.28,4.3,4.31,4.33,4.36,4.38,4.41,4.43,4.45,4.48,4.28,4.3,4.31,4.33,4.36,4.38,4.41,4.43,4.45,4.48,101.9,0,0,1,0,0,0,-1,0,None,aggregation
26,195.76,remora7,remora6,0,0,30,30,30,30,30,30,30,30,0,0,30,30,30,30,30,30,30,30,4.5,4.53,4.54,4.57,4.6,4.62,4.65,4.68,4.71,4.74,4.5,4.53,4.54,4.57,4.6,4.62,4.65,4.68,4.71,4.74,121.92,0,0,1,0,0,0,-1,0,None,aggregation
26,196.76,remora7,remora6,30,30,30,30,30,30,30,30,30,30,30,30,30,30,30,30,30,30,30,30,4.77,4.8,4.83,4.86,4.9,4.93,4.96,4.99,5.03,5.06,4.77,4.8,4.83,4.86,4.9,4.93,4.96,4.99,5.03,5.06,140.13,0,0,1,0,0,0,-1,0,None,aggregation
26,197.76,remora7,remora6,30,30,30,30,30,30,0,0,0,0,30,30,30,30,30,30,0,0,0,0,5.09,5.13,5.16,5.2,5.23,5.27,5.3,5.34,5.36,5.39,5.09,5.13,5.16,5.2,5.23,5.27,5.3,5.34,5.36,5.39,148.87,0,0,1,0,0,0,-1,0,None,aggregation
26,198.76,remora7,remora6,0,30,30,30,30,30,30,30,30,30,0,30,30,30,30,30,30,30,30,30,5.42,5.45,5.48,5.52,5.56,5.6,5.63,5.67,5.71,5.75,5.42,5.45,5.48,5.52,5.56,5.6,5.63,5.67,5.71,5.75,159.5,0,0,1,0,0,0,-1,0,None,aggregation
26,199.76,remora7,remora6,30,30,30,30,30,30,30,30,30,30,30,30,30,30,30,30,30,30,30,30,5.79,5.83,5.87,5.91,5.94,5.98,6.02,6.06,6.11,6.15,5.79,5.83,5.87,5.91,5.94,5.98,6.02,6.06,6.11,6.15,178.54,0,0,1,0,0,0,-1,0,None,aggregation
26,200.76,remora7,remora6,30,30,30,30,30,30,30,30,30,30,30,30,30,30,30,30,30,30,30,30,6.19,6.23,6.27,6.31,6.35,6.39,6.44,6.48,6.52,6.56,6.19,6.23,6.27,6.31,6.35,6.39,6.44,6.48,6.52,6.56,204,0,0,1,0,0,0,-1,0,None,aggregation
26,201.76,remora7,remora6,30,30,30,30,30,30,30,30,30,30,30,30,30,30,30,30,30,30,30,30,6.61,6.65,6.69,6.73,6.78,6.83,6.86,6.91,6.95,7,6.61,6.65,6.69,6.73,6.78,6.83,6.86,6.91,6.95,7,234,0,0,1,0,0,0,-1,0,None,aggregation
26,202.76,remora7,remora6,30,30,30,30,30,30,30,30,30,30,30,30,30,30,30,30,30,30,30,30,7.04,7.09,7.13,7.17,7.22,7.26,7.31,7.35,7.4,7.44,7.04,7.09,7.13,7.17,7.22,7.26,7.31,7.35,7.4,7.44,249,0,0,1,0,0,0,-1,0,None,aggregation
26,203.76,remora7,remora6,30,30,30,30,30,30,30,30,30,30,30,30,30,30,30,30,30,30,30,30,7.49,7.53,7.58,7.63,7.67,7.72,7.76,7.81,7.85,7.9,7.49,7.53,7.58,7.63,7.67,7.72,7.76,7.81,7.85,7.9,261,0,0,1,0,0,0,-1,0,None,aggregation
26,204.76,remora7,remora6,30,30,30,30,30,30,30,30,30,30,30,30,30,30,30,30,30,30,30,30,7.95,7.99,8.04,8.09,8.13,8.18,8.22,8.27,8.32,8.37,7.95,7.99,8.04,8.09,8.13,8.18,8.22,8.27,8.32,8.37,279,0,0,1,0,0,0,-1,0,None,aggregation
26,124.76,remora6,remora5,5.36,-5.39,-5.39,-4.85,-4.85,-5.14,-4.84,-4.84,-4.56,-4.56,6.08,-4.57,-4.57,-4.03,-4.03,-4.31,-4.02,-4.02,-3.74,-3.74,1.57,1.57,1.57,1.57,1.58,1.58,1.59,1.59,1.6,1.61,3,2.99,2.98,2.98,2.97,2.97,2.97,2.97,2.98,2.97,18.75,0,1,0,0,0,0,-1,0,None,aggregation
26,125.76,remora6,remora5,6.68,6.68,6.79,6.79,-4.02,-4.02,-3.47,-3.47,-3.47,-3.18,7.38,7.38,7.48,7.48,-3.2,-3.2,-2.65,-2.65,-2.65,-2.36,1.61,1.61,1.6,1.6,1.6,1.61,1.61,1.62,1.62,1.62,2.97,2.96,2.96,2.96,2.96,2.96,2.96,2.95,2.95,2.95,23.5,0,1,0,0,0,0,-1,0,None,aggregation
26,126.76,remora6,remora5,-3.18,1.81,1.66,1.66,1.66,-2.93,-2.65,-2.65,2.01,2.01,-2.36,2.59,2.45,2.45,2.45,-2.11,-1.83,-1.83,2.79,2.79,1.62,1.61,1.61,1.61,1.61,1.61,1.6,1.6,1.59,1.59,2.94,2.94,2.93,2.93,2.94,2.94,2.94,2.93,2.93,2.92,25.8,0,1,0,0,0,0,-1,0,None,aggregation
26,127.76,remora6,remora5,2.01,2.01,-2.96,-2.96,7.85,7.85,7.85,2.53,-2.15,-2.15,2.79,2.79,-2.14,-2.14,8.52,8.52,8.52,3.3,-1.33,-1.33,1.58,1.58,1.59,1.59,1.58,1.59,1.59,1.58,1.58,1.57,2.92,2.92,2.92,2.91,2.91,2.91,2.91,2.9,2.9,2.9,29.89,0,1,0,0,0,0,-1,0,None,aggregation
26,128.76,remora6,remora5,8.28,8.28,8.94,8.94,8.73,8.73,8.73,-1.14,-1.15,-1.15,8.95,8.95,9.59,9.59,9.39,9.39,9.39,-0.32,-0.33,-0.33,1.57,1.57,1.57,1.56,1.55,1.54,1.54,1.53,1.52,1.52,2.9,2.9,2.9,2.89,2.89,2.89,2.89,2.89,2.88,2.88,36.4,0,1,0,0,0,0,-1,0,None,aggregation
26,129.76,remora6,remora5,-1.15,9.14,9.31,9.31,9.72,9.72,9.72,9.98,10.36,10.36,-0.33,9.8,9.96,9.96,10.36,10.36,10.36,10.62,11,11,1.52,1.51,1.5,1.49,1.49,1.49,1.49,1.5,1.52,1.52,2.88,2.87,2.87,2.87,2.86,2.86,2.87,2.88,2.89,2.89,45.53,0,1,1,0,0,0,-1,0,None,aggregation
26,130.76,remora6,remora5,10.36,1.46,1.97,1.97,1.97,2.5,11.62,11.62,11.62,11.91,11,2.24,2.75,2.75,2.75,3.27,12.23,12.23,12.23,12.51,1.51,1.52,1.53,1.53,1.54,1.54,1.54,1.53,1.53,1.53,2.89,2.89,2.9,2.9,2.9,2.9,2.9,2.9,2.9,2.9,52.58,0,1,1,0,0,0,-1,0,None,aggregation
26,131.76,remora6,remora5,12.44,12.44,4.53,4.53,4.53,5.27,5.53,5.53,13.78,13.78,13.03,13.03,5.26,5.26,5.26,6,6.24,6.24,14.35,14.35,1.54,1.55,1.56,1.56,1.56,1.56,1.57,1.58,1.59,1.6,2.91,2.92,2.92,2.93,2.93,2.94,2.96,2.97,2.98,2.98,55.57,0,1,1,0,0,0,-1,0,None,aggregation
26,132.76,remora6,remora5,14.15,14.15,14.15,14.15,9.98,7.95,11,11,11,9.14,14.7,14.7,14.7,14.7,10.62,8.63,11.62,11.62,11.62,9.79,1.59,1.59,1.59,1.6,1.61,1.62,1.63,1.63,1.63,1.64,2.98,2.98,2.98,2.98,2.99,2.99,3,3,3.01,3.02,63.04,0,1,1,0,0,0,-1,0,None,aggregation
26,133.76,remora6,remora5,9.14,15.74,15.74,16.42,12.74,12.74,12.74,11.67,17.04,17.04,9.79,16.26,16.26,16.94,13.33,13.33,13.33,12.27,17.54,17.54,1.66,1.68,1.71,1.72,1.72,1.72,1.72,1.72,1.73,1.73,3.03,3.05,3.06,3.07,3.08,3.08,3.08,3.08,3.09,3.09,73.39,0,1,1,0,0,0,-1,0,None,aggregation
26,134.76,remora6,remora5,17.04,17.94,17.94,14.37,18.51,18.51,18.51,18.93,18.93,14.8,17.54,18.43,18.43,14.92,18.98,18.98,18.98,19.39,19.39,15.34,1.73,1.73,1.74,1.74,1.74,1.75,1.75,1.77,1.79,1.81,3.1,3.1,3.11,3.11,3.12,3.13,3.13,3.15,3.16,3.17,86.53,0,1,1,0,0,0,-1,0,None,aggregation
26,135.76,remora6,remora5,14.8,19.62,19.62,20.05,16.42,16.42,20.1,20.1,17.58,17.58,15.34,20.06,20.06,20.48,16.93,16.93,20.53,20.53,18.07,18.07,1.81,1.83,1.86,1.88,1.91,1.94,1.97,1.98,1.99,2,3.18,3.19,3.21,3.23,3.26,3.27,3.29,3.3,3.31,3.32,100.25,0,1,1,0,0,0,-1,0,None,aggregation
26,136.76,remora6,remora5,17.58,18.13,18.13,18.31,18.67,18.67,19.18,19.18,19.18,22.4,18.07,18.61,18.61,18.78,19.13,19.13,19.63,19.63,19.63,22.78,2.01,2.02,2.03,2.03,2.04,2.05,2.06,2.07,2.08,2.09,3.33,3.33,3.34,3.35,3.35,3.36,3.37,3.38,3.39,3.4,117.12,0,1,1,0,0,0,-1,0,None,aggregation
26,137.76,remora6,remora5,20.03,20.03,20.36,20.36,20.36,20.7,21.02,21.02,21.02,20.89,20.46,20.46,20.79,20.79,20.79,21.12,21.43,21.43,21.43,21.3,2.11,2.13,2.16,2.18,2.19,2.2,2.21,2.23,2.24,2.26,3.42,3.43,3.45,3.47,3.48,3.49,3.5,3.51,3.52,3.54,133.83,0,1,1,0,0,0,-1,0,None,aggregation
26,138.76,remora6,remora5,20.89,21.65,21.97,21.97,22.27,22.27,21.96,21.96,24.57,24.57,21.3,22.05,22.36,22.36,22.65,22.65,22.35,22.35,24.88,24.88,2.3,2.32,2.34,2.35,2.37,2.38,2.4,2.41,2.43,2.44,3.57,3.59,3.6,3.61,3.63,3.64,3.65,3.66,3.68,3.69,149.91,0,1,1,0,0,0,-1,0,None,aggregation
26,139.76,remora6,remora5,24.57,23.13,23.4,23.4,23.55,23.55,23.55,23.83,25.45,25.45,24.88,23.48,23.75,23.75,23.9,23.9,23.9,24.16,25.74,25.74,2.46,2.48,2.5,2.53,2.57,2.58,2.6,2.62,2.64,2.68,3.71,3.72,3.74,3.76,3.79,3.8,3.82,3.83,3.85,3.88,164.93,0,1,1,0,0,0,-1,0,None,aggregation
26,140.76,remora6,remora5,25.45,24.35,24.37,24.37,23.85,23.85,23.85,24.88,24.88,0,25.74,24.67,24.7,24.7,24.19,24.19,24.19,25.19,25.19,0,2.71,2.74,2.75,2.79,2.83,2.85,2.87,2.89,2.91,2.93,3.9,3.92,3.94,3.96,3.99,4.01,4.02,4.04,4.06,4.07,180.02,0,1,1,0,0,0,-1,0,None,aggregation
26,141.76,remora6,remora5,0,0,0,-13.85,-13.85,-9.98,-21.1,-21.1,-21.1,-20.82,0,0,0,-14.67,-14.67,-10.8,-21.92,-21.92,-21.92,-21.64,2.96,2.96,2.96,2.96,2.95,2.94,2.94,2.93,2.91,2.9,4.08,4.09,4.09,4.09,4.08,4.07,4.07,4.05,4.04,4.03,183.91,0,1,1,0,0,0,-1,0,None,aggregation
26,142.76,remora6,remora5,-12.27,-12.27,-12.27,-11.73,-11.73,-11.75,-19.78,-19.78,-19.78,-10.67,-13.09,-13.09,-13.09,-12.55,-12.55,-12.57,-20.6,-20.6,-20.6,-11.49,2.89,2.88,2.87,2.87,2.86,2.86,2.85,2.84,2.83,2.83,4.02,4.01,4,3.99,3.99,3.98,3.98,3.97,3.96,3.95,186.55,0,1,1,0,0,0,-1,0,None,aggregation
26,143.76,remora6,remora5,-10.12,-10.12,-10.13,-10.13,-9.58,-9.58,-9.58,-19.14,-8.46,-8.46,-10.94,-10.94,-10.95,-10.95,-10.41,-10.41,-10.41,-19.96,-9.28,-9.28,2.82,2.82,2.82,2.82,2.81,2.81,2.81,2.82,2.83,2.83,3.95,3.94,3.94,3.94,3.93,3.93,3.92,3.92,3.92,3.92,183.12,0,1,1,0,0,0,-1,0,None,aggregation
26,144.76,remora6,remora5,-13.85,-13.85,-7.31,-7.31,-17.24,-17.24,-6.77,-6.77,-6.21,-6.21,-14.67,-14.67,-8.13,-8.13,-18.06,-18.06,-7.59,-7.59,-7.03,-7.03,2.83,2.83,2.83,2.83,2.83,2.83,2.82,2.82,2.83,2.83,3.92,3.91,3.91,3.91,3.9,3.9,3.89,3.89,3.89,3.89,176.01,0,1,1,0,0,0,-1,0,None,aggregation
26,145.76,remora6,remora5,-5.63,-5.63,-5.64,-5.64,-5.07,-5.07,-15.71,-15.71,-15.71,-4.5,-6.45,-6.45,-6.46,-6.46,-5.89,-5.89,-16.53,-16.53,-16.53,-5.32,2.83,2.84,2.84,2.84,2.85,2.85,2.86,2.86,2.86,2.86,3.89,3.9,3.9,3.9,3.9,3.9,3.91,3.9,3.9,3.9,166.38,0,1,1,0,0,0,-1,0,None,aggregation
26,146.76,remora6,remora5,-4.5,-10.89,-10.89,-3.38,-3.38,0,0,0,0,-2.77,-5.32,-11.71,-11.71,-4.2,-4.2,0,0,0,0,-3.6,2.87,2.87,2.87,2.88,2.89,2.89,2.9,2.91,2.92,2.93,3.9,3.9,3.9,3.91,3.91,3.91,3.92,3.92,3.93,3.93,151.04,0,1,1,0,0,0,-1,0,None,aggregation
26,147.76,remora6,remora5,-10.02,-10.02,-10.02,-2.18,-2.18,-1.64,-13.37,-13.37,-13.37,0,-10.85,-10.85,-10.85,-3,-3,-2.46,-14.19,-14.19,-14.19,0,2.94,2.94,2.95,2.94,2.94,2.93,2.93,2.93,2.93,2.94,3.94,3.94,3.94,3.94,3.93,3.93,3.93,3.93,3.93,3.93,138.24,0,1,1,0,0,0,-1,0,None,aggregation
26,148.76,remora6,remora5,0,0,-1.06,-1.06,-1.06,-0.5,-0.48,-0.48,0.09,0.09,0,0,-1.89,-1.89,-1.89,-1.33,-1.3,-1.3,-0.73,-0.73,2.95,2.96,2.97,2.98,2.99,3,3.01,3.02,3.04,3.05,3.94,3.95,3.95,3.96,3.97,3.97,3.98,3.99,3.99,4,116.42,0,0,1,0,0,0,-1,0,None,aggregation
26,149.76,remora6,remora5,0.09,0.12,0.69,0.69,0.72,0.72,0.72,1.29,-13.21,-13.21,-0.73,-0.7,-0.13,-0.13,-0.09,-0.09,-0.09,0.48,-14.03,-14.03,3.06,3.07,3.08,3.09,3.11,3.12,3.13,3.14,3.16,3.17,4.01,4.01,4.02,4.03,4.03,4.04,4.05,4.06,4.06,4.07,95.29,0,0,1,0,0,0,-1,0,None,aggregation
26,150.76,remora6,remora5,1.87,1.87,1.87,0,0,0,2.5,2.5,2.56,2.56,1.08,1.08,1.08,0,0,0,1.71,1.71,1.77,1.77,3.17,3.19,3.2,3.21,3.23,3.24,3.25,3.27,3.28,3.3,4.07,4.08,4.08,4.09,4.1,4.11,4.12,4.13,4.13,4.14,74.45,0,0,1,0,0,0,-1,0,None,aggregation
26,151.76,remora6,remora5,-5.85,-5.85,3.15,3.15,3.15,3.69,3.69,3.75,3.75,3.75,-6.67,-6.67,2.38,2.38,2.38,2.92,2.92,2.99,2.99,2.99,3.31,3.33,3.34,3.35,3.37,3.38,3.4,3.42,3.43,3.45,4.15,4.16,4.16,4.17,4.18,4.19,4.2,4.21,4.22,4.23,65.74,0,0,1,0,0,0,-1,0,None,aggregation
26,152.76,remora6,remora5,0,0,0,4.4,4.4,0,0,0,5.04,5.04,0,0,0,3.65,3.65,0,0,0,4.3,4.3,3.46,3.48,3.49,3.51,3.53,3.54,3.56,3.57,3.57,3.58,4.23,4.24,4.25,4.26,4.27,4.28,4.28,4.29,4.29,4.29,52.87,0,0,1,0,0,0,-1,0,None,aggregation
26,153.76,remora6,remora5,5.06,5.06,5.06,5.09,0,0,30,30,30,30,4.32,4.32,4.32,4.35,0,0,30,30,30,30,3.59,3.6,3.6,3.61,3.63,3.64,3.65,3.66,3.67,3.69,4.3,4.3,4.31,4.32,4.33,4.33,4.34,4.35,4.36,4.38,55.8,0,0,1,0,0,0,-1,0,None,aggregation
26,154.76,remora6,remora5,30,30,30,0,0,0,0,0,0,5.06,30,30,30,0,0,0,0,0,0,4.32,3.72,3.74,3.76,3.79,3.81,3.82,3.83,3.84,3.85,3.86,4.4,4.42,4.44,4.46,4.47,4.47,4.48,4.48,4.48,4.49,54.59,0,0,1,0,0,0,-1,0,None,aggregation
26,155.76,remora6,remora5,5.06,5.1,0,0,0,30,30,30,0,0,4.32,4.36,0,0,0,30,30,30,0,0,3.87,3.88,3.89,3.9,3.92,3.94,3.97,4,4.03,4.05,4.5,4.5,4.51,4.52,4.53,4.54,4.56,4.59,4.61,4.62,55.69,0,0,1,0,0,0,-1,0,None,aggregation
26,156.76,remora6,remora5,5.48,5.48,0,0,30,30,30,0,0,-1.7,4.75,4.75,0,0,30,30,30,0,0,-2.52,4.07,4.1,4.12,4.14,4.16,4.18,4.2,4.22,4.24,4.26,4.63,4.65,4.66,4.67,4.68,4.7,4.72,4.73,4.74,4.75,62.1,0,0,1,0,0,0,-1,0,None,aggregation
26,157.76,remora6,remora5,-1.7,0,0,0,0,0,30,30,30,30,-2.52,0,0,0,0,0,30,30,30,30,4.27,4.28,4.29,4.31,4.32,4.33,4.35,4.37,4.38,4.41,4.75,4.76,4.76,4.77,4.78,4.78,4.79,4.81,4.82,4.85,66.32,0,0,1,0,0,0,-1,0,None,aggregation
26,158.76,remora6,remora5,30,30,30,30,30,30,30,30,0,0,30,30,30,30,30,30,30,30,0,0,4.44,4.46,4.48,4.51,4.53,4.56,4.59,4.61,4.64,4.65,4.87,4.89,4.91,4.93,4.96,4.98,5.01,5.04,5.07,5.08,89.54,0,0,1,0,0,0,-1,0,None,aggregation
26,159.76,remora6,remora5,0,-12.19,0,0,0,30,30,30,30,30,0,-13.01,0,0,0,30,30,30,30,30,4.67,4.68,4.69,4.71,4.73,4.75,4.77,4.79,4.82,4.85,5.1,5.11,5.12,5.13,5.14,5.16,5.19,5.22,5.25,5.28,102.78,0,0,1,0,0,0,-1,0,None,aggregation
26,160.76,remora6,remora5,30,30,30,30,30,30,30,30,30,30,30,30,30,30,30,30,30,30,30,30,4.87,4.9,4.92,4.95,4.98,5.01,5.04,5.07,5.1,5.13,5.31,5.33,5.36,5.39,5.43,5.46,5.49,5.52,5.55,5.58,131.49,0,0,1,0,0,0,-1,0,None,aggregation
26,161.76,remora6,remora5,30,30,30,30,30,30,30,30,30,30,30,30,30,30,30,30,30,30,30,30,5.15,5.18,5.2,5.23,5.26,5.27,5.28,5.29,5.3,5.3,5.61,5.64,5.68,5.71,5.74,5.76,5.79,5.81,5.84,5.85,157.73,0,0,1,0,0,0,-1,0,None,aggregation
26,162.76,remora6,remora5,30,30,30,30,30,30,30,30,30,30,30,30,30,30,30,30,30,30,30,30,5.3,5.3,5.3,5.3,5.3,5.3,5.31,5.31,5.32,5.32,5.87,5.89,5.91,5.93,5.95,5.97,6,6.02,6.04,6.06,185.99,0,0,1,0,0,0,-1,0,None,aggregation
26,163.76,remora6,remora5,30,30,30,30,30,30,30,30,0,0,30,30,30,30,30,30,30,30,0,0,5.33,5.34,5.34,5.35,5.36,5.36,5.37,5.38,5.39,5.38,6.09,6.11,6.13,6.16,6.17,6.19,6.21,6.23,6.26,6.27,196.12,0,0,1,0,0,0,-1,0,None,aggregation
26,164.76,remora6,remora5,0,0,0,30,30,30,30,30,30,30,0,0,0,30,30,30,30,30,30,30,5.38,5.37,5.37,5.38,5.39,5.41,5.42,5.43,5.44,5.47,6.28,6.29,6.3,6.31,6.34,6.37,6.4,6.42,6.44,6.46,207.65,0,0,1,0,0,0,-1,0,None,aggregation
26,165.76,remora6,remora5,30,30,30,30,30,30,30,30,30,30,30,30,30,30,30,30,30,30,30,30,5.5,5.53,5.54,5.55,5.56,5.57,5.58,5.58,5.59,5.6,6.48,6.5,6.52,6.53,6.54,6.55,6.57,6.59,6.61,6.64,227.71,0,0,1,0,0,0,-1,0,None,aggregation
26,166.76,remora6,remora5,30,30,30,30,30,30,30,30,30,30,30,30,30,30,30,30,30,30,30,30,5.61,5.62,5.63,5.64,5.66,5.68,5.69,5.7,5.71,5.72,6.67,6.69,6.7,6.72,6.73,6.75,6.76,6.78,6.79,6.82,247.47,0,0,1,0,0,0,-1,0,None,aggregation
26,167.76,remora6,remora5,30,30,30,30,30,30,30,30,30,30,30,30,30,30,30,30,30,30,30,30,5.73,5.75,5.76,5.78,5.8,5.81,5.82,5.83,5.84,5.86,6.85,6.87,6.89,6.91,6.92,6.94,6.95,6.97,6.98,7.01,265.26,0,0,1,0,0,0,-1,0,None,aggregation
26,168.76,remora6,remora5,30,30,30,30,30,30,30,30,30,30,30,30,30,30,30,30,30,30,30,30,5.87,5.88,5.89,5.91,5.93,5.95,5.96,5.97,5.99,6,7.04,7.07,7.1,7.12,7.14,7.16,7.18,7.2,7.22,7.24,271.26,0,0,1,0,0,0,-1,0,None,aggregation
26,169.76,remora6,remora5,30,30,30,30,30,30,30,30,30,30,30,30,30,30,30,30,30,30,30,30,6.01,6.03,6.04,6.06,6.08,6.1,6.12,6.14,6.15,6.17,7.25,7.27,7.29,7.31,7.33,7.36,7.38,7.4,7.42,7.44,285,0,0,1,0,0,0,-1,0,None,aggregation
26,170.76,remora6,remora5,30,30,30,30,30,30,30,30,30,30,30,30,30,30,30,30,30,30,30,30,6.18,6.2,6.21,6.24,6.26,6.28,6.29,6.31,6.33,6.35,7.46,7.48,7.51,7.53,7.55,7.58,7.6,7.62,7.64,7.67,285,0,0,1,0,0,0,-1,0,None,aggregation
26,171.76,remora6,remora5,30,30,30,30,30,30,30,30,30,30,30,30,30,30,30,30,30,30,30,30,6.37,6.39,6.41,6.43,6.45,6.46,6.48,6.5,6.52,6.54,7.69,7.71,7.74,7.76,7.78,7.81,7.83,7.85,7.87,7.9,285,0,0,1,0,0,0,-1,0,None,aggregation
26,172.76,remora6,remora5,30,30,30,30,30,30,30,30,30,30,30,30,30,30,30,30,30,30,30,30,6.55,6.57,6.59,6.61,6.63,6.65,6.67,6.69,6.71,6.73,7.92,7.94,7.96,7.99,8.01,8.03,8.05,8.08,8.1,8.13,285,0,0,1,0,0,0,-1,0,None,aggregation
26,173.76,remora6,remora5,30,30,30,30,30,30,30,30,30,30,30,30,30,30,30,30,30,30,30,30,6.76,6.78,6.8,6.82,6.84,6.86,6.88,6.91,6.93,6.96,8.15,8.18,8.2,8.23,8.25,8.27,8.3,8.32,8.35,8.38,291,0,0,1,0,0,0,-1,0,None,aggregation
26,174.76,remora6,remora5,30,30,30,30,30,30,30,30,30,30,30,30,30,30,30,30,30,30,30,30,6.98,7,7.03,7.05,7.07,7.1,7.13,7.16,7.19,7.22,8.4,8.43,8.45,8.48,8.5,8.53,8.56,7.16,7.19,7.22,300,0,0,1,0,0,0,-1,0,None,aggregation
26,175.76,remora6,remora5,30,30,30,30,30,30,30,30,30,0,30,30,30,30,30,30,30,30,30,0,7.24,7.26,7.28,7.31,7.33,7.36,7.39,7.42,7.45,7.47,7.24,7.26,7.28,7.31,7.33,7.36,7.39,7.42,7.45,7.47,297,0,0,1,0,0,0,-1,0,None,aggregation
26,176.76,remora6,remora5,0,0,0,30,0,0,0,0,30,30,0,0,0,30,0,0,0,0,30,30,7.47,7.47,7.47,7.48,7.5,7.51,7.52,7.53,7.54,7.56,7.47,7.47,7.47,7.48,7.5,7.51,7.52,7.53,7.54,7.56,276,0,0,1,0,0,0,-1,0,None,aggregation
26,177.76,remora6,remora5,30,30,30,30,30,0,0,0,30,30,30,30,30,30,30,0,0,0,30,30,7.58,7.61,7.63,7.66,7.69,7.71,7.72,7.72,7.73,7.75,7.58,7.61,7.63,7.66,7.69,7.71,7.72,7.72,7.73,7.75,267,0,0,1,0,0,0,-1,0,None,aggregation
26,178.76,remora6,remora5,30,0,0,0,0,30,30,30,30,30,30,0,0,0,0,30,30,30,30,30,7.77,7.79,7.8,7.8,7.8,7.82,7.86,7.89,7.92,7.95,7.77,7.79,7.8,7.8,7.8,7.82,7.86,7.89,7.92,7.95,255,0,0,1,0,0,0,-1,0,None,aggregation
26,179.76,remora6,remora5,30,30,30,30,30,30,30,30,30,30,30,30,30,30,30,30,30,30,30,30,7.98,8,8.03,8.05,8.08,8.11,8.14,8.18,8.21,8.24,7.98,8,8.03,8.05,8.08,8.11,8.14,8.18,8.21,8.24,255,0,0,1,0,0,0,-1,0,None,aggregation
26,180.76,remora6,remora5,30,0,0,0,0,30,30,30,30,0,30,0,0,0,0,30,30,30,30,0,8.27,8.28,8.29,8.29,8.29,8.31,8.34,8.37,8.39,8.41,8.27,8.28,8.29,8.29,8.29,8.31,8.34,8.37,8.39,8.41,240,0,0,1,0,0,0,-1,0,None,aggregation
26,181.76,remora6,remora5,0,0,30,30,30,30,30,0,0,0,0,0,30,30,30,30,30,0,0,0,8.41,8.41,8.42,8.44,8.47,8.5,8.52,8.55,8.56,8.57,8.41,8.41,8.42,8.44,8.47,8.5,8.52,8.55,8.56,8.57,225,0,0,1,0,0,0,-1,0,None,aggregation
26,212.76,remora6,remora5,2.63,2.63,2.63,2.12,2.1,2.1,2.1,2.1,18.23,2.07,1.85,1.85,1.85,1.32,1.31,1.31,1.31,1.31,17.75,1.28,2.67,2.66,2.65,2.65,2.65,2.65,2.64,2.64,2.63,2.63,3.72,3.71,3.71,3.71,3.71,3.71,3.7,3.7,3.69,3.68,63.34,0,1,1,0,0,0,-1,0,None,aggregation
26,213.76,remora6,remora5,2.07,2.07,2.06,1.81,18.18,18.18,1.51,1.51,1.51,1.51,1.28,1.28,1.27,1.01,17.69,17.69,0.71,0.71,0.7,0.7,2.62,2.62,2.62,2.61,2.61,2.6,2.6,2.6,2.59,2.58,3.68,3.68,3.68,3.68,3.67,3.67,3.66,3.65,3.65,3.65,61.77,0,1,1,0,0,0,-1,0,None,aggregation
26,214.76,remora6,remora5,1.51,1.25,18.49,18.49,18.49,9.31,9.08,9.08,9.08,9.08,0.7,0.44,18.01,18.01,18.01,8.65,8.41,8.41,8.42,8.42,2.58,2.57,2.57,2.56,2.56,2.56,2.56,2.56,2.56,2.56,3.64,3.64,3.64,3.63,3.63,3.62,3.62,3.61,3.61,3.6,64.68,0,1,1,0,0,0,-1,0,None,aggregation
26,215.76,remora6,remora5,17.92,17.92,17.96,17.96,8.63,8.63,8.63,8.66,-1.17,-1.17,17.43,17.43,17.47,17.47,7.95,7.95,7.95,7.98,-1.99,-1.99,2.55,2.56,2.56,2.57,2.57,2.57,2.56,2.56,2.56,2.56,3.6,3.6,3.59,3.59,3.59,3.59,3.58,3.58,3.57,3.57,66.9,0,1,1,0,0,0,-1,0,None,aggregation
26,216.76,remora6,remora5,-1.17,-1.17,-1.18,-1.18,8.58,8.58,-1.19,-1.19,-1.19,18.18,-1.99,-1.99,-2,-2,7.9,7.9,-2.01,-2.01,-2.01,17.69,2.55,2.55,2.55,2.55,2.54,2.54,2.54,2.55,2.55,2.56,3.57,3.57,3.57,3.57,3.57,3.57,3.57,3.57,3.57,3.57,64.49,0,1,1,0,0,0,-1,0,None,aggregation
26,217.76,remora6,remora5,18.18,-0.64,-1.17,-1.17,-1.17,8.82,18.49,18.49,18.49,-1.16,17.69,-1.46,-1.99,-1.99,-1.99,8.15,18.01,18.01,18.01,-1.98,2.56,2.56,2.55,2.55,2.55,2.55,2.55,2.56,2.57,2.57,3.56,3.56,3.56,3.56,3.56,3.56,3.56,3.55,3.55,3.55,69.17,0,1,1,0,0,0,-1,0,None,aggregation
26,218.76,remora6,remora5,-1.16,-1.16,18.8,18.8,-0.61,-0.61,-0.61,15.36,9.41,9.41,-1.98,-1.98,18.33,18.33,-1.43,-1.43,-1.43,14.81,8.75,8.75,2.57,2.57,2.57,2.58,2.58,2.58,2.58,2.58,2.59,2.6,3.55,3.55,3.55,3.55,3.55,3.55,3.55,3.54,3.54,3.54,71.68,0,1,1,0,0,0,-1,0,None,aggregation
26,219.76,remora6,remora5,9.41,19.7,19.72,19.72,19.71,19.71,19.23,19.23,19.35,19.35,8.75,19.24,19.27,19.27,19.25,19.25,18.77,18.77,18.89,18.89,2.61,2.61,2.61,2.62,2.62,2.63,2.64,2.65,2.66,2.67,3.54,3.54,3.53,3.53,3.53,3.53,3.69,3.68,3.68,3.67,84.83,0,1,1,0,0,0,-1,0,None,aggregation
26,220.76,remora6,remora5,19.35,19.35,19.46,19.46,19.7,19.7,19.47,19.47,-2.5,-2.5,18.89,18.89,19.01,19.01,19.25,19.25,19.02,19.02,-3.32,-3.32,2.68,2.68,2.69,2.7,2.71,2.72,2.73,2.74,2.75,2.75,3.66,3.65,3.64,3.64,3.63,3.63,3.63,3.62,3.61,3.6,93.24,0,1,1,0,0,0,-1,0,None,aggregation
26,221.76,remora6,remora5,-2.5,-2.49,-2.49,20.1,20.1,12.62,9.09,9.09,9.09,20.43,-3.32,-3.31,-3.31,19.65,19.65,12.02,8.42,8.42,8.42,20,2.75,2.75,2.75,2.76,2.77,2.78,2.79,2.8,2.81,2.81,3.6,3.6,3.98,3.97,3.96,3.96,3.95,3.94,3.94,3.93,95,0,1,1,0,0,0,-1,0,None,aggregation
26,222.76,remora6,remora5,20.49,20.49,20.83,20.83,-1.24,-1.24,21.37,21.37,21.37,21.44,20.06,20.06,20.4,20.4,-2.06,-2.06,20.96,20.96,20.96,21.03,2.82,2.83,2.84,2.86,2.87,2.87,2.88,2.88,2.89,2.9,3.92,3.91,3.9,3.89,3.88,3.88,3.88,3.87,3.87,3.86,108.5,0,1,1,0,0,0,-1,0,None,aggregation
26,223.76,remora6,remora5,21.51,21.51,9.7,9.7,9.7,21.06,28.73,28.73,22.15,22.15,21.11,21.11,9.04,9.04,9.04,20.64,28.57,28.57,21.76,21.76,2.92,2.93,2.94,2.94,2.95,2.96,2.97,2.98,3,3.01,3.84,3.83,3.82,3.81,3.8,3.8,3.79,3.78,3.76,3.75,123.1,0,1,1,0,0,0,-1,0,None,aggregation
26,224.76,remora6,remora5,21.09,21.09,21.09,24.42,-0.4,-0.4,28.68,28.68,21.35,21.35,20.67,20.67,20.67,24.09,-1.22,-1.22,28.51,28.51,20.94,20.94,3.02,3.03,3.04,3.05,3.06,3.07,3.07,3.08,3.1,3.11,3.74,3.73,3.73,3.72,3.7,3.7,3.7,3.69,3.67,3.66,131.83,0,0,1,0,0,0,-1,0,None,aggregation
26,225.76,remora6,remora5,21.35,24.81,24.81,24.86,9.57,9.57,23.41,23.41,23.41,25.11,20.94,24.49,24.49,24.54,8.91,8.91,23.05,23.05,23.05,24.8,3.12,3.13,3.13,3.11,3.07,3.05,3.04,3.02,3,2.98,3.65,3.64,3.63,3.62,3.61,3.6,3.59,3.58,3.57,3.56,141.95,0,0,1,0,0,0,-1,0,None,aggregation
26,226.76,remora6,remora5,25.11,21.48,29.87,29.87,28.65,28.65,28.65,25.37,25.37,24.27,24.8,21.07,29.92,29.92,28.49,28.49,28.49,25.07,25.07,23.93,2.96,2.94,2.93,2.9,2.86,2.83,2.79,2.77,2.75,2.73,3.54,3.54,3.53,3.51,3.49,3.48,3.46,3.45,3.44,3.43,164.02,0,1,1,0,0,0,-1,0,None,aggregation
26,227.76,remora6,remora5,23.28,23.28,25.66,25.66,25.66,21.62,25.68,25.68,23.28,23.28,22.92,22.92,25.37,25.37,25.37,21.21,25.39,25.39,22.92,22.92,2.7,2.68,2.65,2.62,2.6,2.57,2.55,2.53,2.51,2.49,3.42,3.41,3.39,3.38,3.37,3.35,3.34,3.33,3.32,3.31,179.31,0,1,1,0,0,0,-1,0,None,aggregation
26,228.76,remora6,remora5,23.28,25.85,28.54,28.54,28.54,27.99,27.99,25.63,27.98,27.98,22.92,25.56,28.38,28.38,28.38,27.8,27.8,25.34,27.79,27.79,2.46,2.44,2.41,2.38,2.36,2.33,2.31,2.28,2.26,2.23,3.29,3.28,3.27,3.25,3.24,3.23,3.22,3.21,3.2,3.18,198.77,0,1,1,0,0,0,-1,0,None,aggregation
26,229.76,remora6,remora5,27.98,21.52,26.1,26.1,21.57,21.57,21.57,21.54,26.46,26.46,27.79,21.12,25.83,25.83,21.17,21.17,21.17,21.13,26.2,26.2,2.2,2.18,2.17,2.14,2.11,2.08,2.06,2.04,2.01,1.99,3.17,3.15,3.14,3.13,3.12,3.11,3.1,3.09,3.08,3.07,204.42,0,1,1,0,0,0,-1,0,None,aggregation
26,230.76,remora6,remora5,27.91,27.91,27.87,27.87,21.65,21.65,21.65,21.65,23.17,28.56,27.71,27.71,27.67,27.67,21.24,21.24,21.24,21.24,22.81,28.4,1.96,1.93,1.9,1.87,1.85,1.83,1.81,1.79,1.76,1.74,3.05,3.04,3.02,3.01,3,2.99,2.98,2.96,2.96,2.95,213.27,0,1,1,0,0,0,-1,0,None,aggregation
26,231.76,remora6,remora5,27.81,27.81,29.21,29.21,29.21,29.16,27.69,27.69,0,0,27.61,27.61,29.32,29.32,29.32,29.28,27.48,27.48,0,0,1.71,1.68,1.66,1.63,1.6,1.57,1.54,1.52,1.5,1.49,2.93,2.92,2.91,2.9,2.88,2.87,2.85,2.84,2.83,2.83,225.3,0,1,1,0,0,0,-1,0,None,aggregation
26,232.76,remora6,remora5,0,0,0,0,0,0,0,0,0,0,0,0,0,0,0,0,0,0,0,0,1.49,1.49,1.49,1.49,1.49,1.49,1.49,1.49,1.49,1.5,2.83,2.83,2.82,2.83,2.83,2.83,2.83,2.83,2.83,2.83,208.32,1,0,1,0,0,0,-1,0,None,aggregation
26,233.76,remora6,remora5,0,0,0,0,0,0,0,0,0,0,0,0,0,0,0,0,0,0,0,0,1.5,1.5,1.5,1.49,1.49,1.49,1.49,1.49,1.49,1.5,2.83,2.83,2.82,2.83,2.83,2.83,2.83,2.83,2.83,2.83,189.04,1,0,1,0,0,0,-1,0,None,aggregation
26,234.76,remora6,remora5,0,0,0,0,0,0,0,0,0,0,0,0,0,0,0,0,0,0,0,0,1.5,1.49,1.49,1.5,1.5,1.5,1.5,1.5,1.5,1.5,2.83,2.83,2.82,2.83,2.83,2.83,2.83,2.83,2.83,2.83,170.24,1,0,1,0,0,0,-1,0,None,aggregation
26,235.76,remora6,remora5,0,0,0,0,0,0,0,0,0,0,0,0,0,0,0,0,0,0,0,0,1.5,1.51,1.51,1.5,1.5,1.5,1.5,1.5,1.49,1.49,2.83,2.84,2.84,2.84,2.84,2.84,2.84,2.83,2.83,2.83,149.42,1,1,1,0,0,0,-1,0,None,aggregation
26,236.76,remora6,remora5,0,0,0,0,0,0,0,0,0,0,0,0,0,0,0,0,0,0,0,0,1.49,1.49,1.5,1.5,1.5,1.49,1.49,1.5,1.5,1.5,2.83,2.84,2.84,2.84,2.84,2.84,2.84,2.84,2.84,2.84,122.79,1,1,1,0,0,0,-1,0,None,aggregation
26,237.76,remora6,remora5,0,0,0,0,0,0,0,0,0,0,0,0,0,0,0,0,0,0,0,0,1.5,1.5,1.5,1.5,1.5,1.5,1.5,1.5,1.5,1.51,2.84,2.84,2.85,2.85,2.85,2.85,2.85,2.85,2.85,2.85,98.65,0,1,1,0,0,0,-1,0,None,aggregation
26,238.76,remora6,remora5,0,0,0,0,0,0,0,0,0,0,0,0,0,0,0,0,0,0,0,0,1.51,1.51,1.5,1.5,1.5,1.49,1.49,1.49,1.49,1.49,2.85,2.85,2.85,2.85,2.85,2.85,2.86,2.86,2.86,2.86,71.52,1,1,1,0,0,0,-1,0,None,aggregation
26,239.76,remora6,remora5,0,0,0,0,0,0,0,0,-20.81,-20.81,0,0,0,0,0,0,0,0,-19.99,-19.99,1.49,1.49,1.49,1.49,1.49,1.49,1.48,1.48,1.49,1.5,2.86,2.86,2.86,2.86,2.86,2.85,2.85,2.85,2.85,2.86,51.68,1,1,1,0,0,0,-1,0,None,aggregation
26,240.76,remora6,remora5,-20.81,-20.74,-20.74,-20.67,-26.23,-26.23,-26.23,-17.84,-20.73,-20.73,-19.99,-19.92,-19.92,-19.85,-25.4,-25.4,-25.4,-17.01,-19.91,-19.91,1.52,1.54,1.55,1.57,1.59,1.61,1.64,1.66,1.67,1.69,2.87,2.88,2.89,2.9,2.91,2.93,2.94,2.95,2.96,2.97,48.52,0,1,1,0,0,0,-1,0,None,aggregation
26,241.76,remora6,remora5,-20.73,-26.02,-26.02,-28.29,-20.7,-20.7,-25.94,-25.94,-25.94,-25.94,-19.91,-25.2,-25.2,-27.47,-19.87,-19.87,-25.12,-25.12,-25.12,-25.12,1.71,1.73,1.76,1.79,1.82,1.84,1.86,1.88,1.91,1.94,2.98,2.99,3.01,3.02,3.04,3.05,3.06,3.07,3.09,3.11,49.97,0,1,1,0,0,0,-1,0,None,aggregation
26,242.76,remora6,remora5,-28.45,-28.45,-14.73,-14.73,-25.95,-25.95,-24.45,-24.45,-25.87,-25.87,-29.27,-29.27,-13.91,-13.91,-25.13,-25.13,-23.63,-23.63,-25.04,-25.04,1.95,1.98,2,2.03,2.04,2.07,2.09,2.11,2.14,2.17,3.12,3.13,3.15,3.16,3.17,3.18,3.19,3.21,3.22,3.24,73.62,0,1,1,0,0,0,-1,0,None,aggregation
26,243.76,remora6,remora5,-25.87,-22.98,-22.98,-6.82,-6.82,-10.8,-10.8,-25.69,-25.69,-10.09,-25.04,-22.15,-22.15,-5.99,-5.99,-9.98,-9.98,-24.87,-24.87,-9.27,2.2,2.22,2.24,2.25,2.26,2.27,2.28,2.3,2.32,2.34,3.26,3.27,3.29,3.29,3.3,3.3,3.31,3.32,3.33,3.34,90.06,0,1,1,0,0,0,-1,0,None,aggregation
26,124.76,remora6,remora4,4.88,-10.01,-10.01,7.13,6.93,6.93,5,5,5,5.13,5.61,-9.19,-9.19,7.82,7.63,7.63,5.73,5.73,5.73,5.86,1.57,1.57,1.57,1.57,1.58,1.58,1.59,1.59,1.6,1.61,2.48,2.48,2.47,2.46,2.46,2.45,2.45,2.45,2.45,2.45,84.17,0,1,1,0,0,0,-1,0,None,aggregation
26,125.76,remora6,remora4,-9.57,-9.57,7.72,7.72,7.88,7.88,5.8,5.8,5.8,-9.11,-8.75,-8.75,8.4,8.4,8.56,8.56,6.51,6.51,6.51,-8.29,1.61,1.61,1.6,1.6,1.6,1.61,1.61,1.62,1.62,1.62,2.44,2.43,2.43,2.42,2.42,2.42,2.41,2.41,2.4,2.4,82.87,0,1,1,0,0,0,-1,0,None,aggregation
26,126.76,remora6,remora4,-9.16,-9.16,8.65,8.65,-8.66,-8.66,-8.56,-8.56,-8.56,-8.54,-8.34,-8.34,9.31,9.31,-7.84,-7.84,-7.74,-7.74,-7.74,-7.72,1.62,1.61,1.61,1.61,1.61,1.61,1.6,1.6,1.59,1.59,2.4,2.39,2.39,2.39,2.4,2.4,2.4,2.4,2.39,2.39,83.31,0,1,1,0,0,0,-1,0,None,aggregation
26,127.76,remora6,remora4,-8.54,8.65,-8.38,-8.38,6.37,6.37,-8.14,-8.14,-7.98,-7.98,-7.72,9.31,-7.56,-7.56,7.08,7.08,-7.32,-7.32,-7.16,-7.16,1.58,1.58,1.59,1.59,1.58,1.59,1.59,1.58,1.58,1.57,2.39,2.39,2.39,2.38,2.38,2.38,2.37,2.37,2.37,2.37,82.17,0,1,1,0,0,0,-1,0,None,aggregation
26,128.76,remora6,remora4,6.92,6.92,-7.48,-7.48,-7.34,-7.34,-7.34,-7.11,-6.9,-6.9,7.62,7.62,-6.66,-6.66,-6.52,-6.52,-6.52,-6.29,-6.08,-6.08,1.57,1.57,1.57,1.56,1.55,1.54,1.54,1.53,1.52,1.52,2.38,2.38,2.37,2.37,2.36,2.36,2.37,2.37,2.37,2.37,78.93,0,1,1,0,0,0,-1,0,None,aggregation
26,129.76,remora6,remora4,-6.85,-6.85,-6.85,-6.52,8.69,8.69,8.69,25.39,-5.6,-5.6,-6.02,-6.02,-6.02,-5.7,9.35,9.35,9.35,25.68,-4.78,-4.78,1.52,1.51,1.5,1.49,1.49,1.49,1.49,1.5,1.52,1.52,2.37,2.37,2.37,2.36,2.36,2.35,2.35,2.35,2.35,2.35,80.44,0,1,1,0,0,0,-1,0,None,aggregation
26,130.76,remora6,remora4,-5.6,12.33,10.74,10.74,10.74,-4.93,-4.9,-4.9,13.48,13.48,-4.78,12.93,11.36,11.36,11.36,-4.11,-4.08,-4.08,14.05,14.05,1.51,1.52,1.53,1.53,1.54,1.54,1.54,1.53,1.53,1.53,2.35,2.35,2.34,2.34,2.34,2.34,2.34,2.33,2.33,2.33,83.32,0,1,1,0,0,0,-1,0,None,aggregation
26,131.76,remora6,remora4,12.13,12.13,12.13,-3.75,-3.75,14.91,13.58,13.58,13.58,-2.91,12.72,12.72,12.72,-2.93,-2.93,15.45,14.15,14.15,14.15,-2.09,1.54,1.55,1.56,1.56,1.56,1.56,1.57,1.58,1.59,1.6,2.33,2.33,2.32,2.33,2.34,2.34,2.35,2.35,2.35,2.35,84.94,0,1,1,0,0,0,-1,0,None,aggregation
26,132.76,remora6,remora4,-2.81,-2.81,-2.81,14.97,14.97,16.64,-1.7,-1.7,-1.7,16.37,-1.99,-1.99,-1.99,15.51,15.51,17.15,-0.88,-0.88,-0.88,16.88,1.59,1.59,1.59,1.6,1.61,1.62,1.63,1.63,1.63,1.64,2.35,2.34,2.34,2.34,2.34,2.33,2.33,2.33,2.34,2.34,83.46,0,1,1,0,0,0,-1,0,None,aggregation
26,133.76,remora6,remora4,28.73,28.73,-1.3,-1.3,-1.05,-1.05,-0.81,-0.81,-0.67,-0.67,28.88,28.88,-0.48,-0.48,-0.23,-0.23,0.02,0.02,0.15,0.15,1.66,1.68,1.71,1.72,1.72,1.72,1.72,1.72,1.73,1.73,2.34,2.34,2.34,2.34,2.34,2.34,2.34,2.34,2.34,2.34,79.76,0,1,1,0,0,0,-1,0,None,aggregation
26,134.76,remora6,remora4,-0.67,-0.23,-0.23,-0.08,0.18,0.18,20.72,20.72,0.47,0.47,0.15,0.59,0.59,0.73,0.99,0.99,21.14,21.14,1.27,1.27,1.73,1.73,1.74,1.74,1.74,1.75,1.75,1.77,1.79,1.81,2.34,2.34,2.34,2.34,2.34,2.34,2.35,2.35,2.35,2.35,77.52,0,1,1,0,0,0,-1,0,None,aggregation
26,135.76,remora6,remora4,21.57,21.57,21.57,22.04,22.29,22.29,1.09,1.09,1.34,1.34,21.96,21.96,21.96,22.43,22.67,22.67,1.88,1.88,2.13,2.13,1.81,1.83,1.86,1.88,1.91,1.94,1.97,1.98,1.99,2,2.35,2.36,2.36,2.37,2.37,2.37,2.37,2.38,2.38,2.38,83.61,0,1,1,0,0,0,-1,0,None,aggregation
26,136.76,remora6,remora4,1.34,1.26,1.26,1.13,1.03,1.03,1.27,1.27,1.27,1.21,2.13,2.06,2.06,1.93,1.82,1.82,2.06,2.06,2.06,2.01,2.01,2.02,2.03,2.03,2.04,2.05,2.06,2.07,2.08,2.09,2.38,2.38,2.38,2.38,2.38,2.38,2.38,2.39,2.39,2.4,76.76,0,1,1,0,0,0,-1,0,None,aggregation
26,137.76,remora6,remora4,1.21,24.9,1.33,1.33,1.55,1.55,1.4,1.4,1.4,26.01,2.01,25.2,2.13,2.13,2.34,2.34,2.19,2.19,2.19,26.28,2.11,2.13,2.16,2.18,2.19,2.2,2.21,2.23,2.24,2.26,2.4,2.41,2.41,2.41,2.41,2.42,2.42,2.42,2.43,2.44,75.6,0,1,1,0,0,0,-1,0,None,aggregation
26,138.76,remora6,remora4,26.01,1.25,1.42,1.42,1.18,1.18,0.9,0.9,1.21,1.21,26.28,2.05,2.21,2.21,1.97,1.97,1.7,1.7,2,2,2.3,2.32,2.34,2.35,2.37,2.38,2.4,2.41,2.43,2.44,2.45,2.45,2.46,2.46,2.46,2.47,2.47,2.48,2.48,2.49,72.73,0,1,1,0,0,0,-1,0,None,aggregation
26,139.76,remora6,remora4,1.21,0.96,27.29,27.29,0.59,0.59,0.77,0.77,27.49,27.49,2,1.76,27.51,27.51,1.39,1.39,1.57,1.57,27.7,27.7,2.46,2.48,2.5,2.48,2.46,2.45,2.45,2.44,2.44,2.41,2.49,2.5,2.5,2.51,2.51,2.52,2.53,2.53,2.54,2.55,75.62,0,1,1,0,0,0,-1,0,None,aggregation
26,140.76,remora6,remora4,0.47,0.47,0.47,27.52,0.27,0.27,0.41,0.41,27.2,27.2,1.28,1.28,1.28,27.73,1.08,1.08,1.21,1.21,27.42,27.42,2.39,2.38,2.38,2.36,2.33,2.32,2.32,2.31,2.31,2.29,2.55,2.56,2.57,2.57,2.58,2.59,2.59,2.6,2.61,2.61,75.2,0,1,1,0,0,0,-1,0,None,aggregation
26,141.76,remora6,remora4,0.13,0.13,0.54,0.54,0.54,0.67,0.9,0.9,1.58,1.58,0.94,0.94,1.35,1.35,1.35,1.47,1.7,1.7,2.36,2.36,2.26,2.26,2.26,2.27,2.27,2.27,2.27,2.27,2.28,2.28,2.61,2.61,2.61,2.61,2.61,2.61,2.6,2.6,2.6,2.59,66.03,0,1,1,0,0,0,-1,0,None,aggregation
26,142.76,remora6,remora4,2.03,2.03,2.6,2.6,2.6,2.59,2.77,2.77,2.77,3.33,2.8,2.8,3.37,3.37,3.37,3.36,3.53,3.53,3.53,4.08,2.28,2.28,2.27,2.27,2.27,2.28,2.28,2.28,2.28,2.28,2.58,2.58,2.57,2.57,2.57,2.57,2.56,2.56,2.56,2.55,61.52,0,1,1,0,0,0,-1,0,None,aggregation
26,143.76,remora6,remora4,3.33,3.75,4.31,4.31,4.38,4.38,4.38,25.2,4.98,4.98,4.08,4.5,5.05,5.05,5.12,5.12,5.12,25.49,5.71,5.71,2.28,2.28,2.28,2.28,2.28,2.28,2.27,2.26,2.25,2.24,2.55,2.55,2.55,2.55,2.55,2.55,2.54,2.54,2.54,2.53,62.06,0,1,1,0,0,0,-1,0,None,aggregation
26,144.76,remora6,remora4,5.52,5.52,5.63,5.63,6.01,6.01,6.12,6.12,6.12,6.65,6.24,6.24,6.35,6.35,6.72,6.72,6.83,6.83,6.83,7.35,2.23,2.23,2.23,2.23,2.22,2.22,2.22,2.21,2.21,2.21,2.53,2.53,2.53,2.53,2.52,2.52,2.52,2.52,2.52,2.52,63.78,0,1,1,0,0,0,-1,0,None,aggregation
26,145.76,remora6,remora4,6.65,7.14,7.32,7.32,7.65,7.65,7.8,7.8,8.19,8.19,7.35,7.83,8,8,8.33,8.33,8.48,8.48,8.86,8.86,2.21,2.21,2.21,2.21,2.21,2.21,2.21,2.2,2.2,2.2,2.52,2.52,2.53,2.53,2.53,2.53,2.53,2.53,2.53,2.53,57.8,0,1,1,0,0,0,-1,0,None,aggregation
26,146.76,remora6,remora4,8.19,8.34,8.67,8.67,9.13,9.13,9.23,9.23,9.23,9.6,8.86,9.01,9.34,9.34,9.79,9.79,9.88,9.88,9.88,10.25,2.2,2.2,2.2,2.19,2.19,2.19,2.19,2.18,2.17,2.17,2.53,2.53,2.53,2.54,2.54,2.54,2.55,2.55,2.55,2.55,65.47,0,1,1,0,0,0,-1,0,None,aggregation
26,147.76,remora6,remora4,9.62,9.62,-6.28,-6.28,-6.28,-5.75,10.58,10.58,10.64,10.64,10.26,10.26,-5.45,-5.45,-5.45,-4.93,11.21,11.21,11.27,11.27,2.17,2.16,2.16,2.17,2.18,2.18,2.19,2.19,2.19,2.19,2.55,2.55,2.55,2.55,2.56,2.56,2.56,2.56,2.56,2.56,67.57,0,1,1,0,0,0,-1,0,None,aggregation
26,148.76,remora6,remora4,11.02,11.02,11.13,11.13,11.46,11.46,11.87,11.87,11.98,11.98,11.64,11.64,11.75,11.75,12.07,12.07,12.47,12.47,12.58,12.58,2.18,2.18,2.18,2.18,2.17,2.17,2.17,2.17,2.16,2.16,2.57,2.57,2.58,2.58,2.58,2.59,2.59,2.6,2.6,2.6,75.33,0,1,1,0,0,0,-1,0,None,aggregation
26,149.76,remora6,remora4,11.98,12.32,12.69,12.69,12.98,12.98,12.98,13.36,13.45,13.45,12.58,12.92,13.27,13.27,13.56,13.56,13.56,13.93,14.02,14.02,2.16,2.16,2.15,2.14,2.14,2.14,2.14,2.13,2.13,2.13,2.61,2.61,2.61,2.62,2.62,2.63,2.63,2.64,2.64,2.65,76.78,0,1,1,0,0,0,-1,0,None,aggregation
26,150.76,remora6,remora4,13.78,13.78,13.78,14.21,14.31,14.31,14.65,14.65,14.98,14.98,14.35,14.35,14.35,14.77,14.86,14.86,15.19,15.19,15.53,15.53,2.13,2.12,2.12,2.12,2.12,2.12,2.11,2.11,2.11,2.1,2.65,2.66,2.66,2.67,2.67,2.68,2.68,2.69,2.7,2.7,82.61,0,1,1,0,0,0,-1,0,None,aggregation
26,151.76,remora6,remora4,15.29,15.29,15.59,15.59,15.59,15.7,16.04,16.04,16.35,16.35,15.82,15.82,16.12,16.12,16.12,16.23,16.56,16.56,16.86,16.86,2.1,2.09,2.09,2.09,2.09,2.08,2.08,2.07,2.07,2.06,2.7,2.71,2.72,2.72,2.73,2.73,2.74,2.75,2.75,2.76,97.51,0,1,1,0,0,0,-1,0,None,aggregation
26,152.76,remora6,remora4,16.62,16.62,16.62,16.91,17.25,17.25,17.25,2.54,5.74,5.74,17.13,17.13,17.13,17.41,17.74,17.74,17.74,3.31,6.45,6.45,2.06,2.05,2.05,2.05,2.04,2.04,2.03,2.03,2.03,2.03,2.76,2.77,2.77,2.78,2.78,2.79,2.8,2.8,2.8,2.8,108.06,0,1,1,0,0,0,-1,0,None,aggregation
26,153.76,remora6,remora4,6.11,6.11,6.11,18.06,6.73,6.73,6.73,4.52,18.67,18.67,6.82,6.82,6.82,18.54,7.42,7.42,7.42,5.26,19.14,19.14,2.03,2.02,2.02,2.02,2.02,2.01,2.01,2.01,2.01,2.01,2.81,2.81,2.81,2.82,2.82,2.83,2.83,2.84,2.84,2.85,111.47,0,1,1,0,0,0,-1,0,None,aggregation
26,154.76,remora6,remora4,19.01,19.01,24.29,24.29,8.65,8.65,9.26,9.26,9.26,9.6,19.46,19.46,24.61,24.61,9.31,9.31,9.91,9.91,9.91,10.25,2.01,2,2,2,2,1.99,1.99,1.99,1.99,1.99,2.86,2.87,2.88,2.89,2.9,2.91,2.91,2.92,2.92,2.92,119.58,0,1,1,0,0,0,-1,0,None,aggregation
26,155.76,remora6,remora4,7.64,7.64,20.36,20.36,20.64,20.64,25.04,25.04,25.26,25.26,8.32,8.32,20.78,20.78,21.06,21.06,25.34,25.34,25.55,25.55,1.99,1.99,1.99,1.99,1.99,1.99,1.99,1.99,1.99,1.99,2.93,2.93,2.94,2.95,2.95,2.97,2.98,2.99,3.01,3.02,131.67,0,1,1,0,0,0,-1,0,None,aggregation
26,156.76,remora6,remora4,25.39,25.39,25.54,25.54,13.39,13.39,13.39,22.34,12.96,12.96,25.68,25.68,25.82,25.82,13.96,13.96,13.96,22.71,13.55,13.55,1.99,2,2,2,2,2,2.01,2.01,2.01,2.01,3.03,3.05,3.06,3.07,3.08,3.09,3.1,3.12,3.13,3.14,141.64,0,1,1,0,0,0,-1,0,None,aggregation
26,157.76,remora6,remora4,12.96,13.38,14.9,14.9,15.32,15.32,14.61,14.61,23.57,23.57,13.55,13.96,15.44,15.44,15.85,15.85,15.16,15.16,23.91,23.91,2.02,2.02,2.02,2.02,2.03,2.03,2.03,2.04,2.04,2.05,3.14,3.15,3.16,3.17,3.17,3.18,3.19,3.2,3.21,3.23,149.56,0,1,1,0,0,0,-1,0,None,aggregation
26,158.76,remora6,remora4,23.57,16.46,16.97,16.97,16.97,27,27,17.59,18.09,18.09,23.91,16.97,17.47,17.47,17.47,27.23,27.23,18.08,18.57,18.57,2.05,2.06,2.06,2.07,2.1,2.12,2.15,2.17,2.2,2.22,3.25,3.26,3.27,3.29,3.31,3.34,3.37,3.39,3.42,3.44,157.85,0,1,1,0,0,0,-1,0,None,aggregation
26,159.76,remora6,remora4,18.09,17.92,18.71,18.71,18.68,18.68,19.05,19.05,25.64,25.64,18.57,18.4,19.17,19.17,19.14,19.14,19.5,19.5,25.92,25.92,2.25,2.27,2.3,2.33,2.35,2.38,2.41,2.43,2.46,2.49,3.46,3.48,3.5,3.52,3.54,3.56,3.59,3.61,3.64,3.67,164.9,0,1,1,0,0,0,-1,0,None,aggregation
26,160.76,remora6,remora4,20.06,20.06,28.16,28.16,20.54,20.54,28.29,28.29,20.86,20.86,20.49,20.49,28.34,28.34,20.96,20.96,28.46,28.46,21.27,21.27,2.52,2.55,2.58,2.61,2.64,2.67,2.7,2.73,2.77,2.8,3.7,3.72,3.75,3.78,3.81,3.84,3.87,3.9,3.93,3.96,174.02,0,1,1,0,0,0,-1,0,None,aggregation
26,161.76,remora6,remora4,20.86,21.35,21.69,21.69,0,0,0,0,-15.13,-15.13,21.27,21.75,22.09,22.09,0,0,0,0,-15.95,-15.95,2.83,2.86,2.89,2.92,2.95,2.98,3,3.02,3.04,3.05,3.99,4.02,4.05,4.07,4.1,4.12,4.14,4.15,4.17,4.18,169.72,0,1,1,0,0,0,-1,0,None,aggregation
26,162.76,remora6,remora4,-14.87,-14.87,-14.38,-14.38,-4.63,-4.63,-4.63,-12.54,-3.95,-3.95,-15.69,-15.69,-15.2,-15.2,-5.46,-5.46,-5.46,-13.36,-4.77,-4.77,3.06,3.08,3.09,3.1,3.12,3.14,3.16,3.17,3.19,3.21,4.18,4.19,4.19,4.2,4.21,4.22,4.23,4.24,4.25,4.27,165.88,0,0,1,0,0,0,-1,0,None,aggregation
26,163.76,remora6,remora4,-3.95,-13.12,-2.73,-2.73,-11.48,-11.48,-11.48,-2.13,-11.83,-11.83,-4.77,-13.95,-3.55,-3.55,-12.3,-12.3,-12.3,-2.95,-12.65,-12.65,3.23,3.25,3.26,3.27,3.28,3.28,3.29,3.3,3.32,3.34,4.28,4.29,4.3,4.31,4.32,4.32,4.33,4.34,4.35,4.36,164.4,0,0,1,0,0,0,-1,0,None,aggregation
26,164.76,remora6,remora4,0,0,0,0,-0.78,-0.78,0,0,0,30,0,0,0,0,-1.6,-1.6,0,0,0,30,3.36,3.38,3.41,3.43,3.46,3.48,3.5,3.51,3.5,3.5,4.37,4.38,4.39,4.4,4.42,4.44,4.46,4.47,4.47,4.48,153.24,0,0,1,0,0,0,-1,0,None,aggregation
26,165.76,remora6,remora4,30,0,0,-10.96,-10.95,-10.95,-11.32,-11.32,-11.32,-0.22,30,0,0,-11.79,-11.77,-11.77,-12.14,-12.14,-12.14,-1.04,3.5,3.5,3.49,3.48,3.47,3.46,3.44,3.45,3.46,3.47,4.5,4.51,4.52,4.52,4.51,4.51,4.51,4.51,4.52,4.54,143.23,0,0,1,0,0,0,-1,0,None,aggregation
26,166.76,remora6,remora4,-10.53,-10.53,-10.53,0,0,0,-9.29,-9.29,-9.29,-10.02,-11.36,-11.36,-11.36,0,0,0,-10.11,-10.11,-10.11,-10.84,3.49,3.49,3.48,3.47,3.46,3.45,3.45,3.44,3.43,3.43,4.55,4.55,4.55,4.56,4.56,4.56,4.57,4.57,4.57,4.58,131.22,0,0,1,0,0,0,-1,0,None,aggregation
26,167.76,remora6,remora4,0,0,0,0,0,-9.53,-9.56,-9.56,-9.56,-9.31,0,0,0,0,0,-10.35,-10.38,-10.38,-10.38,-10.13,3.45,3.45,3.44,3.44,3.44,3.43,3.42,3.42,3.41,3.41,4.59,4.6,4.6,4.61,4.62,4.62,4.62,4.62,4.63,4.63,119.61,0,0,1,0,0,0,-1,0,None,aggregation
26,168.76,remora6,remora4,-8.38,-8.38,2.82,2.82,2.82,-7.98,-7.98,-7.97,-7.26,-7.26,-9.2,-9.2,2.04,2.04,2.04,-8.8,-8.8,-8.79,-8.08,-8.08,3.42,3.43,3.44,3.44,3.44,3.44,3.43,3.43,3.42,3.42,4.64,4.65,4.67,4.67,4.68,4.69,4.7,4.7,4.71,4.71,106.06,0,0,1,0,0,0,-1,0,None,aggregation
26,169.76,remora6,remora4,-7.48,-7.48,-7.48,0,0,0,0,-6.97,-6.97,-6.98,-8.31,-8.31,-8.31,0,0,0,0,-7.79,-7.79,-7.8,3.42,3.41,3.41,3.41,3.41,3.41,3.41,3.41,3.41,3.4,4.72,4.72,4.73,4.73,4.74,4.75,4.76,4.77,4.78,4.78,90.42,0,0,1,0,0,0,-1,0,None,aggregation
26,170.76,remora6,remora4,-6.89,-6.89,4.74,4.74,-6.38,-6.38,-6.23,-6.23,0,0,-7.71,-7.71,3.99,3.99,-7.2,-7.2,-7.05,-7.05,0,0,3.4,3.4,3.4,3.4,3.4,3.4,3.4,3.39,3.39,3.39,4.79,4.8,4.81,4.82,4.83,4.84,4.84,4.85,4.86,4.87,71.7,0,0,1,0,0,0,-1,0,None,aggregation
26,171.76,remora6,remora4,0,0,-5.72,-5.72,-5.73,-5.73,-5.48,-5.48,-4.95,-4.95,0,0,-6.54,-6.54,-6.56,-6.56,-6.3,-6.3,-5.77,-5.77,3.39,3.39,3.39,3.39,3.38,3.38,3.38,3.37,3.36,3.36,4.88,4.89,4.9,4.91,4.91,4.92,4.93,4.94,4.94,4.95,64.65,0,0,1,0,0,0,-1,0,None,aggregation
26,172.76,remora6,remora4,-5.43,-5.43,-5.43,-4.87,-4.92,-4.92,-3.64,-3.64,-3.64,8.76,-6.25,-6.25,-6.25,-5.69,-5.74,-5.74,-4.46,-4.46,-4.46,8.09,3.35,3.35,3.34,3.33,3.32,3.31,3.3,3.29,3.28,3.27,4.95,4.96,4.97,4.97,4.97,4.98,4.98,4.99,4.99,5,60.36,0,0,1,0,0,0,-1,0,None,aggregation
26,173.76,remora6,remora4,-2.86,-2.86,-2.59,-2.59,-2.33,-2.33,-2.33,10.44,10.44,-1.52,-3.68,-3.68,-3.41,-3.41,-3.15,-3.15,-3.15,9.8,9.8,-2.34,3.26,3.25,3.24,3.24,3.23,3.23,3.22,3.22,3.21,3.2,5.01,5.01,5.02,5.03,5.04,5.04,5.05,5.06,5.07,5.08,55.97,0,0,1,0,0,0,-1,0,None,aggregation
26,174.76,remora6,remora4,-1.52,0,0,0,11.65,11.65,11.64,11.64,11.64,-0.95,-2.34,0,0,0,11.04,11.04,11.02,11.02,11.02,-1.77,3.19,3.19,3.18,3.18,3.17,3.17,3.16,3.16,3.15,3.15,5.09,5.1,5.11,5.12,5.12,5.14,5.15,5.16,5.17,5.18,58.73,0,0,1,0,0,0,-1,0,None,aggregation
26,175.76,remora6,remora4,-0.95,-0.95,-0.68,-0.68,12.83,12.83,13.22,13.22,13.22,-0.16,-1.77,-1.77,-1.5,-1.5,12.23,12.23,12.63,12.63,12.63,-0.98,3.14,3.14,3.14,3.13,3.12,3.12,3.11,3.1,3.1,3.09,5.19,5.2,5.21,5.22,5.23,5.24,5.25,5.26,5.27,5.28,55.66,0,0,1,0,0,0,-1,0,None,aggregation
26,176.76,remora6,remora4,-0.16,0.12,0.12,0.4,14.36,14.36,14.73,14.73,1,1,-0.98,-0.7,-0.7,-0.42,13.79,13.79,14.18,14.18,0.19,0.19,3.09,3.09,3.08,3.08,3.07,3.06,3.06,3.05,3.04,3.04,5.28,5.28,5.28,5.28,5.29,5.29,5.29,5.29,5.29,5.3,54.37,0,0,1,0,0,0,-1,0,None,aggregation
26,177.76,remora6,remora4,1.3,1.3,15.46,15.46,15.46,1.83,1.83,1.85,2.14,2.14,0.49,0.49,14.92,14.92,14.92,1.03,1.03,1.05,1.35,1.35,3.04,3.03,3.03,3.02,3.02,3.01,3.01,3.01,3,3,5.31,5.32,5.33,5.34,5.36,5.36,5.36,5.36,5.36,5.37,54.92,0,0,1,0,0,0,-1,0,None,aggregation
26,178.76,remora6,remora4,2.14,16.54,2.94,2.94,16.88,16.88,17.23,17.23,3.04,3.04,1.35,16.01,2.17,2.17,16.37,16.37,16.72,16.72,2.27,2.27,3,2.99,2.99,2.98,2.98,2.98,2.97,2.96,2.95,2.95,5.39,5.39,5.39,5.39,5.39,5.4,5.41,5.43,5.44,5.45,57.95,0,1,1,0,0,0,-1,0,None,aggregation
26,179.76,remora6,remora4,3.34,3.34,3.63,3.63,3.63,18.24,18.24,18.24,4.24,4.24,2.57,2.57,2.87,2.87,2.87,17.76,17.76,17.76,3.48,3.48,2.95,2.95,2.94,2.94,2.94,2.94,2.93,2.92,2.91,2.91,5.46,5.47,5.49,5.5,5.51,5.52,5.54,5.55,5.56,5.58,61.11,0,1,1,0,0,0,-1,0,None,aggregation
26,180.76,remora6,remora4,4.24,4.54,4.81,4.81,4.81,5.1,5.37,5.37,5.37,5.65,3.48,3.79,4.07,4.07,4.07,4.36,4.64,4.64,4.64,4.93,2.91,2.91,2.9,2.9,2.9,2.9,2.9,2.9,2.89,2.89,5.59,5.59,5.6,5.6,5.6,5.6,5.62,5.63,5.64,5.65,60.72,0,1,1,0,0,0,-1,0,None,aggregation
26,181.76,remora6,remora4,5.93,5.93,5.94,5.94,5.94,6.24,21.07,21.07,6.85,6.85,5.21,5.21,5.21,5.21,5.21,5.52,20.65,20.65,6.14,6.14,2.89,2.89,2.89,2.89,2.89,2.89,2.88,2.88,2.87,2.87,5.65,5.65,5.65,5.66,5.68,5.69,5.7,5.71,5.72,5.72,64.87,0,1,1,0,0,0,-1,0,None,aggregation
26,182.76,remora6,remora4,6.86,6.86,7.15,7.15,7.44,7.44,7.44,7.73,22.48,22.48,6.15,6.15,6.45,6.45,6.74,6.74,6.74,7.04,22.1,22.1,2.87,2.87,2.86,2.86,2.86,2.86,2.86,2.86,2.86,2.85,5.72,5.73,5.74,5.75,5.75,5.75,5.75,5.76,2.86,2.85,69.45,0,1,1,0,0,0,-1,0,None,aggregation
26,183.76,remora6,remora4,7.84,7.84,8.15,8.15,8.44,8.44,8.45,8.45,8.45,23.26,7.15,7.15,7.46,7.46,7.76,7.76,7.77,7.77,7.77,22.9,2.84,2.84,2.84,2.84,2.84,2.84,2.84,2.83,2.83,2.83,2.84,2.84,2.84,2.84,2.84,2.84,2.84,2.83,2.83,2.83,74.58,0,1,1,0,0,0,-1,0,None,aggregation
26,184.76,remora6,remora4,8.81,8.81,8.63,8.63,8.93,8.93,8.93,9.03,9.03,9.3,8.14,8.14,7.95,7.95,8.26,8.26,8.26,8.36,8.36,8.63,2.82,2.82,2.82,2.82,2.82,2.82,2.82,2.82,2.82,2.82,2.82,2.82,2.82,2.82,2.82,2.82,2.82,2.82,2.82,2.82,77.15,0,1,1,0,0,0,-1,0,None,aggregation
26,185.76,remora6,remora4,9.6,9.6,9.9,9.9,10.2,10.2,24.95,24.95,10.35,10.35,8.94,8.94,9.25,9.25,9.55,9.55,24.64,24.64,9.71,9.71,2.82,2.82,2.82,2.82,2.82,2.82,2.82,2.81,2.8,2.8,2.82,2.82,2.82,2.82,2.82,2.82,2.82,2.81,2.8,2.8,82.92,0,1,1,0,0,0,-1,0,None,aggregation
26,186.76,remora6,remora4,25.39,25.39,25.39,10.58,25.59,25.59,10.79,10.79,10.79,10.67,25.09,25.09,25.09,9.94,25.3,25.3,10.16,10.16,10.16,10.03,2.8,2.79,2.78,2.78,2.77,2.76,2.75,2.75,2.75,2.74,2.8,2.79,2.78,2.78,2.77,2.76,2.75,2.75,2.75,2.74,94.85,0,1,1,0,0,0,-1,0,None,aggregation
26,187.76,remora6,remora4,25.79,25.79,25.78,25.78,10.8,10.8,11.06,11.06,11.04,11.04,25.5,25.5,25.5,25.5,10.16,10.16,10.43,10.43,10.41,10.41,2.74,2.73,2.72,2.71,2.7,2.69,2.69,2.69,2.69,2.69,2.74,2.73,2.72,2.71,2.7,2.69,2.69,2.69,2.69,2.69,105.98,0,1,1,0,0,0,-1,0,None,aggregation
26,188.76,remora6,remora4,26.17,26.17,26.17,11.43,11.43,26.36,26.36,11.6,11.85,11.85,25.9,25.9,25.9,10.8,10.8,26.1,26.1,10.98,11.24,11.24,2.69,2.68,2.66,2.66,2.66,2.65,2.64,2.63,2.63,2.63,2.69,2.68,2.66,2.66,2.66,2.65,2.64,2.63,2.63,2.63,115.13,0,1,1,0,0,0,-1,0,None,aggregation
26,189.76,remora6,remora4,26.54,26.54,26.54,12.14,12.11,12.11,12.11,26.9,12.56,12.56,26.29,26.29,26.29,11.53,11.5,11.5,11.5,26.66,11.96,11.96,2.63,2.62,2.61,2.6,2.6,2.6,2.6,2.59,2.58,2.58,2.63,2.62,2.61,2.6,2.6,2.6,2.6,2.59,2.58,2.58,125.17,0,1,1,0,0,0,-1,0,None,aggregation
26,190.76,remora6,remora4,12.85,12.85,13.22,13.22,27.33,27.33,27.41,27.41,27.41,27.4,12.25,12.25,12.64,12.64,27.1,27.1,27.18,27.18,27.18,27.18,2.57,2.58,2.58,2.58,2.58,2.57,2.56,2.54,2.53,2.52,2.57,2.58,2.58,2.58,2.58,2.57,2.56,2.54,2.53,2.52,141.99,0,1,1,0,0,0,-1,0,None,aggregation
26,191.76,remora6,remora4,27.4,13.94,13.94,27.56,27.63,27.63,14.76,14.76,14.88,14.88,27.18,13.36,13.36,27.34,27.42,27.42,14.21,14.21,14.33,14.33,2.51,2.5,2.5,2.49,2.48,2.47,2.46,2.46,2.45,2.45,2.51,2.5,2.5,2.49,2.48,2.47,2.46,2.46,2.45,2.45,152.67,0,1,1,0,0,0,-1,0,None,aggregation
26,192.76,remora6,remora4,27.86,27.86,27.86,28,15.77,15.77,16,16,16,28.14,27.65,27.65,27.65,27.8,15.24,15.24,15.47,15.47,15.47,27.95,2.46,2.45,2.44,2.43,2.41,2.41,2.41,2.41,2.41,2.4,2.46,2.45,2.44,2.43,2.41,2.41,2.41,2.41,2.41,2.4,164.43,0,1,1,0,0,0,-1,0,None,aggregation
26,193.76,remora6,remora4,28.14,28.27,16.86,16.86,28.4,28.4,17.47,17.47,17.97,17.97,27.95,28.09,16.35,16.35,28.22,28.22,16.97,16.97,17.47,17.47,2.39,2.38,2.37,2.36,2.36,2.35,2.34,2.34,2.33,2.33,2.39,2.38,2.37,2.36,2.36,2.35,2.34,2.34,2.33,2.33,176.6,0,1,1,0,0,0,-1,0,None,aggregation
26,194.76,remora6,remora4,17.97,18.25,18.25,28.64,28.76,28.76,28.76,28.76,28.81,28.81,17.47,17.77,17.77,28.48,28.6,28.6,28.6,28.6,28.66,28.66,2.33,2.33,2.33,2.32,2.31,2.3,2.29,2.28,2.27,2.26,2.33,2.33,2.33,2.32,2.31,2.3,2.29,2.28,2.27,2.26,193.48,0,1,1,0,0,0,-1,0,None,aggregation
26,195.76,remora6,remora4,28.81,28.81,28.92,28.92,28.97,28.97,28.97,29.02,29.07,29.07,28.66,28.66,28.77,28.77,28.83,28.83,28.83,28.88,28.93,28.93,2.25,2.24,2.23,2.23,2.22,2.21,2.19,2.18,2.17,2.16,2.25,2.24,2.23,2.23,2.22,2.21,2.19,2.18,2.17,2.16,209.66,0,1,1,0,0,0,-1,0,None,aggregation
26,196.76,remora6,remora4,29.12,29.12,29.16,29.16,29.21,29.21,29.21,29.3,29.3,29.3,28.98,28.98,29.03,29.03,29.08,29.08,29.08,29.18,29.18,29.18,2.15,2.14,2.13,2.12,2.11,2.1,2.09,2.08,2.07,2.07,2.15,2.14,2.13,2.12,2.11,2.1,2.09,2.08,2.07,2.07,220.94,0,1,1,0,0,0,-1,0,None,aggregation
26,197.76,remora6,remora4,29.38,29.38,29.38,29.38,29.46,29.46,29.49,29.49,29.49,29.53,29.27,29.27,29.27,29.27,29.35,29.35,29.39,29.39,29.39,29.43,2.06,2.05,2.04,2.03,2.02,2.01,2,1.99,1.98,1.97,2.06,2.05,2.04,2.03,2.02,2.01,2,1.99,1.98,1.97,233.68,0,1,1,0,0,0,-1,0,None,aggregation
26,198.76,remora6,remora4,29.6,29.6,29.6,29.6,29.66,29.66,29.69,29.69,29.69,29.72,29.5,29.5,29.5,29.5,29.57,29.57,29.61,29.61,29.61,29.64,1.97,1.96,1.95,1.94,1.93,1.92,1.92,1.91,1.9,1.89,1.97,1.96,1.95,1.94,1.93,1.92,1.92,1.91,1.9,1.89,244.57,0,1,1,0,0,0,-1,0,None,aggregation
26,199.76,remora6,remora4,29.72,29.77,29.77,29.77,29.81,29.81,29.81,29.86,29.88,29.88,29.64,29.7,29.7,29.7,29.75,29.75,29.75,29.8,29.82,29.82,1.88,1.88,1.87,1.86,1.85,1.85,1.84,1.83,1.83,1.82,1.88,1.88,1.87,1.86,1.85,1.85,1.84,1.83,1.83,1.82,256.57,0,1,1,0,0,0,-1,0,None,aggregation
26,200.76,remora6,remora4,29.89,29.89,29.92,29.92,29.95,29.95,29.95,29.96,29.97,29.97,29.84,29.84,29.88,29.88,29.92,29.92,29.92,29.93,29.94,29.94,1.81,1.81,1.8,1.8,1.79,1.78,1.78,1.77,1.77,1.76,1.81,1.81,1.8,1.8,1.79,1.78,1.78,1.77,1.77,1.76,265.03,0,1,1,0,0,0,-1,0,None,aggregation
26,201.76,remora6,remora4,29.97,29.99,30,30,30,30,30,30,30,30,29.94,29.97,29.98,29.98,29.99,29.99,29.99,30,30,30,1.76,1.75,1.75,1.74,1.74,1.73,1.73,1.72,1.72,1.72,1.76,1.75,1.75,1.74,1.74,1.73,1.73,1.72,1.72,1.72,275.49,0,1,1,0,0,0,-1,0,None,aggregation
26,202.76,remora6,remora4,30,30,29.98,29.98,29.97,29.97,29.97,29.97,29.97,29.94,30,30,30,30,29.99,29.99,29.99,29.99,29.99,29.97,1.71,1.71,1.7,1.7,1.7,1.69,1.69,1.69,1.69,1.68,1.71,1.71,1.7,1.7,1.7,1.69,1.69,1.69,1.69,1.68,283.73,0,1,1,0,0,0,-1,0,None,aggregation
26,203.76,remora6,remora4,29.91,29.91,29.88,29.88,29.86,29.86,29.82,29.82,29.8,29.8,29.95,29.95,29.92,29.92,29.91,29.91,29.87,29.87,29.85,29.85,1.68,1.68,1.68,1.67,1.67,1.67,1.67,1.67,1.67,1.67,1.68,1.68,1.68,1.67,1.67,1.67,1.67,1.67,1.67,1.67,292.02,0,1,1,0,0,0,-1,0,None,aggregation
26,204.76,remora6,remora4,29.75,29.75,29.69,29.69,29.63,29.63,29.6,29.6,29.6,29.53,29.81,29.81,29.76,29.76,29.71,29.71,29.68,29.68,29.68,29.62,1.67,1.67,1.66,1.66,1.66,1.66,1.66,1.66,1.66,1.67,1.67,1.67,1.66,1.66,1.66,1.66,1.66,1.66,1.66,1.67,296.25,0,1,1,0,0,0,-1,0,None,aggregation
26,205.76,remora6,remora4,29.5,29.5,29.5,29.42,29.34,29.34,29.34,29.3,29.21,29.21,29.59,29.59,29.59,29.52,29.44,29.44,29.44,29.4,29.32,29.32,1.67,1.67,1.67,1.67,1.67,10,10,10,10,10,1.67,1.67,1.67,1.67,1.67,10,10,10,10,10,296.79,0,0,1,0,0,0,-1,0,None,aggregation
26,206.76,remora6,remora4,29.16,29.16,29.06,29.06,28.96,28.96,28.9,28.9,28.85,28.85,29.28,29.28,29.19,29.19,29.09,29.09,29.04,29.04,28.99,28.99,10,10,10,10,10,10,10,10,10,10,10,10,10,10,10,10,10,10,10,10,296.69,0,0,1,0,0,0,-1,0,None,aggregation
26,207.76,remora6,remora4,28.73,28.73,28.68,28.68,28.68,28.62,28.49,28.49,28.49,28.36,28.88,28.88,28.83,28.83,28.83,28.77,28.65,28.65,28.65,28.53,10,10,10,10,10,10,10,10,10,10,10,10,10,10,10,10,10,10,10,10,295.98,0,0,1,0,0,0,-1,0,None,aggregation
26,124.76,remora6,remora7,-11.19,-16.27,-16.27,-10.38,-15.76,-15.76,10.04,10.04,-15.01,-15.01,-12.01,-17.09,-17.09,-11.2,-16.58,-16.58,9.39,9.39,-15.83,-15.83,3.39,3.38,3.37,3.36,3.34,3.32,3.3,3.3,3.3,3.28,3.91,3.9,3.88,3.87,3.86,3.84,3.82,3.82,3.83,3.81,110.33,0,0,1,0,0,0,-1,0,None,aggregation
26,125.76,remora6,remora7,-8.69,-8.69,-2.87,-2.87,-8.21,-8.21,-8.06,-8.06,-8.06,-7.76,-9.51,-9.51,-3.69,-3.69,-9.03,-9.03,-8.88,-8.88,-8.88,-8.58,3.27,3.26,3.26,3.25,3.24,3.23,3.21,3.2,3.18,3.18,3.8,3.79,3.79,3.78,3.78,3.77,3.75,3.74,3.73,3.73,99.98,0,0,1,0,0,0,-1,0,None,aggregation
26,126.76,remora6,remora7,-7.76,-7.46,13.3,13.3,13.3,-6.45,-6.58,-6.58,-6.58,-0.85,-8.58,-8.28,12.72,12.72,12.72,-7.27,-7.4,-7.4,-7.4,-1.68,3.18,3.18,3.18,3.18,3.18,3.19,3.19,3.19,3.19,3.2,3.72,3.72,3.72,3.72,3.73,3.73,3.73,3.73,3.73,3.73,93.38,0,0,1,0,0,0,-1,0,None,aggregation
26,127.76,remora6,remora7,-0.85,-6,-5.97,-5.97,-5.47,-5.47,-5.47,-5.17,14.49,14.49,-1.68,-6.82,-6.79,-6.79,-6.3,-6.3,-6.3,-5.99,13.93,13.93,3.2,3.2,3.19,3.18,3.18,3.17,3.16,3.16,3.16,3.18,3.73,3.72,3.72,3.71,3.71,3.7,3.7,3.69,3.69,3.71,90.66,0,0,1,0,0,0,-1,0,None,aggregation
26,128.76,remora6,remora7,-11.55,-11.55,-11.55,-11.44,15.3,15.3,15.3,-4.06,-4.34,-4.34,-12.37,-12.37,-12.37,-12.26,14.75,14.75,14.75,-4.88,-5.16,-5.16,3.2,3.19,3.18,3.17,3.17,3.18,3.2,3.21,3.21,3.22,3.72,3.72,3.71,3.7,3.7,3.71,3.72,3.73,3.73,3.73,88.42,0,0,1,0,0,0,-1,0,None,aggregation
26,129.76,remora6,remora7,-4.34,1.23,1.23,-10.46,-3.13,-3.13,-3.13,16.47,-2.82,-2.82,-5.16,0.43,0.43,-11.28,-3.95,-3.95,-3.95,15.94,-3.64,-3.64,3.22,3.22,3.23,3.23,3.23,3.22,3.21,3.2,3.19,3.18,3.73,3.73,3.73,3.74,3.73,3.73,3.72,3.72,3.72,3.73,86.12,0,0,1,0,0,0,-1,0,None,aggregation
26,130.76,remora6,remora7,-2.82,-2.99,-3.01,-3.01,-3.01,-3.05,-3.05,2.49,2.49,-2.09,-3.64,-3.81,-3.83,-3.83,-3.83,-3.87,-3.87,1.7,1.7,-2.91,3.19,3.18,3.16,3.15,3.14,3.13,3.13,3.14,3.14,3.13,3.73,3.72,3.72,3.71,3.7,3.7,3.7,3.7,3.71,3.7,84.05,0,0,1,0,0,0,-1,0,None,aggregation
26,131.76,remora6,remora7,-1.93,-1.93,17.21,17.21,17.21,17.19,17.19,17.19,2.96,-9.63,-2.75,-2.75,16.7,16.7,16.7,16.68,16.68,16.68,2.18,-10.46,3.12,3.11,3.09,3.1,3.12,3.12,3.13,3.12,3.11,3.1,3.7,3.69,3.69,3.7,3.71,3.73,3.73,3.74,3.73,3.73,86.63,0,0,1,0,0,0,-1,0,None,aggregation
26,132.76,remora6,remora7,-9.63,2.69,2.69,2.69,-9.41,-9.15,17.75,17.75,17.75,-1.26,-10.46,1.91,1.91,1.91,-10.24,-9.97,17.26,17.26,17.26,-2.08,3.1,3.1,3.1,3.09,3.07,3.04,3.02,3.03,3.05,3.04,3.73,3.73,3.73,3.73,3.72,3.7,3.69,3.7,3.72,3.72,85.88,0,0,1,0,0,0,-1,0,None,aggregation
26,133.76,remora6,remora7,-1.38,-1.38,-1.38,-1.47,-1.47,-1.54,-1.54,-1.52,-1.34,-1.34,-2.2,-2.2,-2.2,-2.29,-2.29,-2.36,-2.36,-2.34,-2.16,-2.16,3.03,3,2.97,2.96,2.96,2.96,2.96,2.95,2.95,2.95,3.72,3.7,3.69,3.69,3.69,3.7,3.7,3.7,3.7,3.7,78.6,0,1,1,0,0,0,-1,0,None,aggregation
26,134.76,remora6,remora7,-1.34,-0.88,-0.88,-0.72,-0.53,-0.53,-0.53,-0.53,-0.53,-0.39,-2.16,-1.7,-1.7,-1.54,-1.35,-1.35,-1.35,-1.35,-1.35,-1.21,2.95,2.95,2.95,2.95,2.94,2.94,2.94,2.93,2.91,2.9,3.71,3.71,3.71,3.72,3.72,3.72,3.73,3.73,3.72,3.72,65.86,0,1,1,0,0,0,-1,0,None,aggregation
26,135.76,remora6,remora7,-0.39,-0.25,5.6,5.6,-7.56,-7.56,-7.56,-7.56,0.17,-7.41,-1.21,-1.07,4.87,4.87,-8.38,-8.38,-8.38,-8.38,-0.65,-8.23,2.9,2.88,2.87,2.85,2.83,2.81,2.78,2.77,2.77,2.76,3.72,3.72,3.72,3.72,3.72,3.71,3.7,3.7,3.7,3.7,63.48,0,1,1,0,0,0,-1,0,None,aggregation
26,136.76,remora6,remora7,-7.41,-7.41,-7.4,-7.19,-7.01,-7.01,1.01,1.01,1.01,1.49,-8.23,-8.23,-8.22,-8.01,-7.83,-7.83,0.2,0.2,0.2,0.68,2.75,2.75,2.74,2.73,2.72,2.71,2.71,2.7,2.7,2.7,3.7,3.7,3.7,3.7,3.69,3.69,3.69,3.7,3.7,3.71,59.94,0,1,1,0,0,0,-1,0,None,aggregation
26,137.76,remora6,remora7,-6.44,-6.44,-6.44,-6.43,-6.43,-6.27,2.29,2.29,2.29,2.46,-7.26,-7.26,-7.26,-7.25,-7.25,-7.09,1.5,1.5,1.5,1.68,2.7,2.68,2.66,2.65,2.64,2.63,2.63,2.62,2.62,2.61,3.71,3.71,3.7,3.7,3.7,3.7,3.7,3.71,3.72,3.72,57.6,0,1,1,0,0,0,-1,0,None,aggregation
26,138.76,remora6,remora7,2.46,-5.78,-5.67,-5.67,-5.39,-5.39,-5.3,-5.3,-5,-5,1.68,-6.6,-6.5,-6.5,-6.21,-6.21,-6.12,-6.12,-5.82,-5.82,2.59,2.58,2.57,2.56,2.56,2.55,2.54,2.54,2.53,2.53,3.72,3.72,3.72,3.72,3.72,3.72,3.73,3.73,3.73,3.73,52.35,0,1,1,0,0,0,-1,0,None,aggregation
26,139.76,remora6,remora7,-5,-4.73,-4.7,-4.7,-4.5,-4.5,-4.5,-4.35,-4.35,-4.35,-5.82,-5.56,-5.52,-5.52,-5.32,-5.32,-5.32,-5.17,-5.17,-5.17,2.52,2.52,2.51,2.48,2.46,2.45,2.45,2.44,2.44,2.41,3.74,3.74,3.74,3.74,3.73,3.74,3.74,3.74,3.75,3.74,52.28,0,1,1,0,0,0,-1,0,None,aggregation
26,140.76,remora6,remora7,-4.18,-3.97,-3.95,-3.95,-3.82,-3.82,-3.82,-3.67,-3.67,-3.41,-5,-4.79,-4.78,-4.78,-4.64,-4.64,-4.64,-4.49,-4.49,-4.23,2.39,2.38,2.38,2.36,2.33,2.32,2.32,2.31,2.31,2.29,3.74,3.74,3.75,3.75,3.74,3.74,3.75,3.75,3.76,3.75,53.46,0,1,1,0,0,0,-1,0,None,aggregation
26,141.76,remora6,remora7,4.91,4.91,4.87,4.87,4.87,4.92,4.94,4.94,5.31,5.31,4.17,4.17,4.13,4.13,4.13,4.18,4.19,4.19,4.58,4.58,2.26,2.26,2.26,2.27,2.27,2.27,2.27,2.27,2.28,2.28,3.74,3.74,3.74,3.74,3.74,3.73,3.73,3.73,3.72,3.72,46.18,0,1,1,0,0,0,-1,0,None,aggregation
26,142.76,remora6,remora7,-2.92,-2.92,-2.92,-2.92,5.41,5.41,5.45,5.45,5.45,5.45,-3.74,-3.74,-3.74,-3.74,4.68,4.68,4.72,4.72,4.72,4.72,2.28,2.28,2.27,2.27,2.27,2.28,2.28,2.28,2.28,2.28,3.71,3.71,3.7,3.69,3.69,3.69,3.69,3.68,3.68,3.68,41.51,0,1,0,0,0,0,-1,0,None,aggregation
26,143.76,remora6,remora7,5.45,5.75,5.75,5.47,-2.41,-2.41,-2.41,5.62,-2.21,-2.21,4.72,5.03,5.03,4.74,-3.23,-3.23,-3.23,4.9,-3.04,-3.04,2.28,2.28,2.28,2.28,2.28,2.28,2.27,2.26,2.25,2.24,3.68,3.67,3.67,3.67,3.67,3.66,3.66,3.65,3.63,3.63,43.66,0,1,0,0,0,0,-1,0,None,aggregation
26,144.76,remora6,remora7,5.63,5.63,-2.18,-2.18,5.66,5.66,5.83,5.83,5.83,6.02,4.9,4.9,-3,-3,4.93,4.93,5.1,5.1,5.1,5.3,2.23,2.23,2.23,2.23,2.22,2.22,2.22,2.21,2.21,2.21,3.62,3.61,3.61,3.6,3.6,3.59,3.59,3.59,3.59,3.59,47.4,0,1,1,0,0,0,-1,0,None,aggregation
26,145.76,remora6,remora7,6.15,6.15,6.18,6.18,6.04,6.04,5.82,5.82,5.82,5.84,5.43,5.43,5.46,5.46,5.32,5.32,5.09,5.09,5.09,5.12,2.21,2.21,2.21,2.21,2.21,2.21,2.21,2.2,2.2,2.2,3.58,3.58,3.58,3.58,3.58,3.58,3.58,3.58,3.57,3.57,47.85,0,1,1,0,0,0,-1,0,None,aggregation
26,146.76,remora6,remora7,5.84,5.64,5.64,5.64,5.78,5.78,-1.71,-1.71,-1.71,5.52,5.12,4.91,4.91,4.91,5.05,5.05,-2.53,-2.53,-2.53,4.79,2.2,2.2,2.2,2.19,2.19,2.19,2.19,2.18,2.17,2.17,3.57,3.57,3.56,3.56,3.56,3.56,3.56,3.56,3.56,3.55,47.34,0,1,1,0,0,0,-1,0,None,aggregation
26,147.76,remora6,remora7,5.52,5.61,5.61,5.87,5.87,6,6,5.99,5.99,5.81,4.79,4.88,4.88,5.14,5.14,5.28,5.28,5.26,5.26,5.08,2.17,2.16,2.16,2.17,2.18,2.18,2.19,2.19,2.19,2.19,3.55,3.55,3.55,3.55,3.55,3.56,3.56,3.56,3.56,3.56,47.93,0,1,1,0,0,0,-1,0,None,aggregation
26,148.76,remora6,remora7,5.81,5.67,5.59,5.59,5.59,5.52,5.52,5.63,5.55,5.55,5.08,4.94,4.86,4.86,4.86,4.79,4.79,4.91,4.82,4.82,2.18,2.18,2.18,2.18,2.17,2.17,2.17,2.17,2.16,2.16,3.56,3.56,3.56,3.56,3.56,3.56,3.56,3.56,3.56,3.56,47.75,0,1,1,0,0,0,-1,0,None,aggregation
26,149.76,remora6,remora7,5.55,-1.58,5.26,5.26,5.61,5.61,5.61,5.74,5.48,5.48,4.82,-2.4,4.52,4.52,4.88,4.88,4.88,5.01,4.75,4.75,2.16,2.16,2.15,2.14,2.14,2.14,2.14,2.13,2.13,2.13,3.56,3.56,3.55,3.55,3.55,3.55,3.55,3.55,3.55,3.55,47.6,0,1,1,0,0,0,-1,0,None,aggregation
26,150.76,remora6,remora7,5.3,5.3,5.3,4.99,4.99,5.01,4.84,4.84,4.84,-1.85,4.56,4.56,4.56,4.25,4.25,4.27,4.1,4.1,4.1,-2.67,2.13,2.12,2.12,2.12,2.12,2.12,2.11,2.11,2.11,2.1,3.55,3.55,3.55,3.55,3.55,3.55,3.55,3.55,3.55,3.55,47.79,0,1,1,0,0,0,-1,0,None,aggregation
26,151.76,remora6,remora7,4.85,4.85,4.58,4.58,4.58,0,0,0,0,0,4.11,4.11,3.83,3.83,3.83,0,0,0,0,0,2.1,2.09,2.09,2.09,2.09,2.08,2.08,2.07,2.07,2.06,3.54,3.54,3.54,3.54,3.54,3.54,3.54,3.54,3.53,3.53,45.33,0,1,1,0,0,0,-1,0,None,aggregation
26,152.76,remora6,remora7,0,0,0,0,0,0,0,0,0,0,0,0,0,0,0,0,0,0,0,0,2.06,2.05,2.05,2.05,2.04,2.04,2.03,2.03,2.03,2.03,3.53,3.53,3.53,3.52,3.52,3.52,3.52,3.52,3.52,3.52,40.96,0,1,0,0,0,0,-1,0,None,aggregation
26,153.76,remora6,remora7,0,0,0,0,0,0,0,0,0,0,0,0,0,0,0,0,0,0,0,0,2.03,2.02,2.02,2.02,2.02,2.01,2.01,2.01,2.01,2.01,3.52,3.52,3.52,3.52,3.52,3.52,3.52,3.52,3.53,3.54,36.96,0,1,0,0,0,0,-1,0,None,aggregation
26,154.76,remora6,remora7,0,0,0,0,0,0,0,0,0,0,0,0,0,0,0,0,0,0,0,0,2.01,2,2,2,2,1.99,1.99,1.99,1.99,1.99,3.54,3.55,3.56,3.56,3.56,3.56,3.56,3.56,3.56,3.56,32.13,0,1,0,0,0,0,-1,0,None,aggregation
26,155.76,remora6,remora7,0,0,0,0,0,0,0,0,0,0,0,0,0,0,0,0,0,0,0,0,1.99,1.99,1.99,1.99,1.99,1.99,1.99,1.99,1.99,1.99,3.56,3.56,3.56,3.56,3.56,3.56,3.57,3.58,3.59,3.59,26.49,0,1,0,0,0,0,-1,0,None,aggregation
26,156.76,remora6,remora7,0,0,0,0,0,0,0,0,0,0,0,0,0,0,0,0,0,0,0,0,1.99,2,2,2,2,2,2.01,2.01,2.01,2.01,3.59,3.6,3.6,3.6,3.6,3.61,3.62,3.62,3.63,3.63,22.12,0,1,0,0,0,0,-1,0,None,aggregation
26,157.76,remora6,remora7,0,0,0,0,0,0,0,0,0,0,0,0,0,0,0,0,0,0,0,0,2.02,2.02,2.02,2.02,2.03,2.03,2.03,2.04,2.04,2.05,3.63,3.63,3.63,3.63,3.63,3.63,3.64,3.64,3.65,3.66,16.66,0,1,0,0,0,0,-1,0,None,aggregation
26,158.76,remora6,remora7,0,0,0,18.04,18.25,18.25,18.25,18.4,18.56,18.56,0,0,0,18.52,18.72,18.72,18.72,18.88,19.03,19.03,2.05,2.06,2.06,2.07,2.1,2.12,2.15,2.17,2.2,2.22,3.68,3.69,3.7,3.71,3.74,3.77,3.79,3.82,3.85,3.87,24.42,0,1,0,0,0,0,-1,0,None,aggregation
26,159.76,remora6,remora7,18.56,18.83,18.93,18.93,18.93,19.09,19.12,19.12,19.31,19.31,19.03,19.29,19.39,19.39,19.39,19.54,19.57,19.57,19.76,19.76,2.25,2.27,2.3,2.33,2.35,2.38,2.41,2.43,2.46,2.49,3.89,3.9,3.92,3.94,3.96,3.98,4.01,4.04,4.07,4.1,38.83,0,1,0,0,0,0,-1,0,None,aggregation
26,160.76,remora6,remora7,19.31,19.5,19.5,19.61,19.77,19.77,19.77,19.82,20.13,20.13,19.76,19.94,19.94,20.06,20.21,20.21,20.21,20.25,20.56,20.56,2.52,2.55,2.58,2.61,2.64,2.67,2.7,2.73,2.77,2.8,4.13,4.16,4.19,4.22,4.25,4.29,4.32,4.35,4.39,4.42,54.35,0,1,1,0,0,0,-1,0,None,aggregation
26,161.76,remora6,remora7,20.13,20.43,20.43,20.79,20.91,20.91,21.1,21.1,21.1,21.45,20.56,20.85,20.85,21.2,21.33,21.33,21.51,21.51,21.51,21.85,2.83,2.86,2.89,2.92,2.95,2.98,3,3.02,3.04,3.05,4.45,4.48,4.52,4.55,4.59,4.62,4.64,4.67,4.7,4.73,73.23,0,1,1,0,0,0,-1,0,None,aggregation
26,162.76,remora6,remora7,21.45,21.45,21.84,21.88,22.24,22.24,22.24,22.36,22.36,22.63,21.85,21.85,22.23,22.27,22.62,22.62,22.62,22.73,22.73,23,3.06,3.08,3.09,3.1,3.12,3.14,3.16,3.17,3.19,3.21,4.75,4.78,4.81,4.83,4.86,4.89,4.92,4.95,4.98,5.01,95.49,0,0,1,0,0,0,-1,0,None,aggregation
26,163.76,remora6,remora7,22.63,23.05,7.77,7.77,8.7,8.7,8.7,23.46,23.61,23.61,23,23.41,8.45,8.45,9.36,9.36,9.36,23.81,23.95,23.95,3.23,3.25,3.26,3.27,3.28,3.28,3.29,3.3,3.32,3.34,5.04,5.07,5.1,5.12,5.14,5.15,5.17,5.2,5.23,5.25,111.55,0,0,1,0,0,0,-1,0,None,aggregation
26,164.76,remora6,remora7,24.18,24.18,24.18,24.58,25.12,25.12,25.12,25.12,-14.97,-14.92,24.5,24.5,24.5,24.9,25.41,25.41,25.41,25.41,-4.51,-4.46,3.36,3.38,3.41,3.43,3.46,3.48,3.5,3.51,3.5,3.5,5.27,5.29,5.31,5.34,5.37,5.41,5.44,5.46,5.47,5.47,133.37,0,0,1,0,0,0,-1,0,None,aggregation
26,165.76,remora6,remora7,-14.72,-14.72,-14.49,-14.49,-14.21,-14.21,20.2,20.2,20.2,20.84,-4.26,-4.26,-4.02,-4.02,-3.74,-3.74,20.63,20.63,20.63,21.26,3.5,3.5,3.49,3.48,3.47,3.46,3.44,3.45,3.46,3.47,5.48,5.49,5.49,5.49,5.5,5.5,5.5,5.52,5.55,5.58,147.15,0,0,1,0,0,0,-1,0,None,aggregation
26,166.76,remora6,remora7,-13.64,-13.64,-13.48,-13.48,-13.07,-13.07,-13.07,-12.63,-12.63,29.8,-3.18,-3.18,-3.01,-3.01,-2.61,-2.61,-2.61,-2.16,-2.16,29.85,3.49,3.49,3.48,3.47,3.46,3.45,3.45,3.44,3.43,3.43,5.61,5.62,5.62,5.63,5.63,5.64,5.64,5.65,5.65,5.67,157.29,0,0,1,1,0,1,-1,0,None,aggregation
26,167.76,remora6,remora7,-11.81,-11.81,-11.57,-11.57,-11.03,-11.03,-10.45,-10.45,-10.45,28.32,-1.35,-1.35,-1.11,-1.11,-0.56,-0.56,0.01,0.01,0.01,28.49,3.45,3.45,3.44,3.44,3.44,3.43,3.42,3.42,3.41,3.41,5.7,5.72,5.73,5.73,5.74,5.75,5.75,5.76,5.77,5.79,165.44,0,0,1,1,0,1,-1,0,None,aggregation
26,168.76,remora6,remora7,28.64,28.64,-9.42,-9.42,-9.42,-9.06,-9.06,-8.42,-7.76,-7.76,28.79,28.79,1.04,1.04,1.04,1.4,1.4,2.05,2.71,2.71,3.42,3.43,3.44,3.44,3.44,3.44,3.43,3.43,3.42,3.42,5.82,5.85,5.87,5.89,5.9,5.91,5.92,5.93,5.94,5.95,161.03,0,0,1,0,0,0,-1,0,None,aggregation
26,169.76,remora6,remora7,-7.76,-7.08,-7.08,-6.4,-5.71,-5.71,-4.95,-4.95,-4.95,-4.03,2.71,3.38,3.38,4.06,4.76,4.76,5.38,5.38,5.38,5.83,3.42,3.41,3.41,3.41,3.41,3.41,3.41,3.41,3.41,3.4,5.96,5.97,5.98,5.99,6,6.01,6.02,6.04,6.05,6.06,142.78,0,0,1,0,0,0,-1,0,None,aggregation
26,170.76,remora6,remora7,-3.13,-3.13,-3.13,-2.29,-1.48,-1.48,-1.48,-0.73,-0.73,-0.02,6.28,6.28,6.28,6.7,7.09,7.09,7.09,7.45,7.45,7.79,3.4,3.4,3.4,3.4,3.4,3.4,3.4,3.39,3.39,3.39,6.07,6.08,6.1,6.11,6.12,6.14,6.15,6.16,6.17,6.19,125.42,0,0,1,0,0,0,-1,0,None,aggregation
26,171.76,remora6,remora7,-0.02,0.65,1.28,1.28,1.86,1.86,13.21,13.21,12.75,12.75,7.79,8.1,8.38,8.38,8.64,8.64,12.63,12.63,12.16,12.16,3.39,3.39,3.39,3.39,3.38,3.38,3.38,3.37,3.36,3.36,6.2,6.21,6.23,6.24,6.25,6.26,6.28,6.29,6.3,6.31,112.3,0,0,1,0,0,0,-1,0,None,aggregation
26,172.76,remora6,remora7,12.75,12.75,13.14,25.2,25.2,25.21,25.34,25.34,25.34,25.46,12.16,12.16,12.55,24.9,24.9,24.91,25.03,25.03,25.03,25.16,3.35,3.35,3.34,3.33,3.32,3.31,3.3,3.29,3.28,3.27,6.32,6.33,6.34,6.35,6.35,6.36,6.37,6.38,6.39,6.4,111.42,0,0,1,0,0,0,-1,0,None,aggregation
26,173.76,remora6,remora7,14.29,14.29,14.63,14.63,14.75,14.75,26.13,26.13,26.13,15.22,13.72,13.72,14.07,14.07,14.19,14.19,25.85,25.85,25.85,14.67,3.26,3.25,3.24,3.24,3.23,3.23,3.22,3.22,3.21,3.2,6.4,6.41,6.42,6.44,6.45,6.46,6.47,6.48,6.49,6.5,113.22,0,0,1,0,0,0,-1,0,None,aggregation
26,174.76,remora6,remora7,15.3,15.3,15.55,15.55,15.55,15.64,15.87,15.87,15.87,15.97,14.75,14.75,15.01,15.01,15.01,15.1,15.33,15.33,15.33,15.43,3.19,3.19,3.18,3.18,3.17,3.17,3.16,3.16,3.15,3.15,6.51,6.52,6.53,6.54,6.55,6.56,6.57,3.16,3.15,3.15,106.77,0,0,1,0,0,0,-1,0,None,aggregation
26,175.76,remora6,remora7,15.97,16.34,26.85,26.85,16.4,16.4,16.4,16.73,16.73,16.71,15.43,15.82,26.6,26.6,15.88,15.88,15.88,16.21,16.21,16.19,3.14,3.14,3.14,3.13,3.12,3.12,3.11,3.1,3.1,3.09,3.14,3.14,3.14,3.13,3.12,3.12,3.11,3.1,3.1,3.09,111.3,0,0,1,0,0,0,-1,0,None,aggregation
26,176.76,remora6,remora7,16.71,16.81,16.81,27.23,27.32,27.32,27.32,17.46,17.79,17.79,16.19,16.29,16.29,27,27.09,27.09,27.09,16.95,17.3,17.3,3.09,3.09,3.08,3.08,3.07,3.06,3.06,3.05,3.04,3.04,3.09,3.09,3.08,3.08,3.07,3.06,3.06,3.05,3.04,3.04,122.21,0,0,1,0,0,0,-1,0,None,aggregation
26,177.76,remora6,remora7,17.79,17.87,18.09,18.09,18.21,18.21,18.28,18.28,18.61,18.61,17.3,17.38,17.6,17.6,17.72,17.72,17.79,17.79,18.14,18.14,3.04,3.03,3.03,3.02,3.02,3.01,3.01,3.01,3,3,3.04,3.03,3.03,3.02,3.02,3.01,3.01,3.01,3,3,132.02,0,0,1,0,0,0,-1,0,None,aggregation
26,178.76,remora6,remora7,18.61,18.84,18.92,18.92,18.92,19.12,19.12,19.12,19.21,19.4,18.14,18.37,18.45,18.45,18.45,18.66,18.66,18.66,18.75,18.94,3,2.99,2.99,2.98,2.98,2.98,2.97,2.96,2.95,2.95,3,2.99,2.99,2.98,2.98,2.98,2.97,2.96,2.95,2.95,142.22,0,1,1,0,0,0,-1,0,None,aggregation
26,179.76,remora6,remora7,19.47,19.47,19.68,19.68,19.68,19.9,19.9,28.61,20.17,20.17,19.02,19.02,19.23,19.23,19.23,19.46,19.46,28.45,19.72,19.72,2.95,2.95,2.94,2.94,2.94,2.94,2.93,2.92,2.91,2.91,2.95,2.95,2.94,2.94,2.94,2.94,2.93,2.92,2.91,2.91,161.69,0,1,1,0,0,0,-1,0,None,aggregation
26,180.76,remora6,remora7,20.17,28.68,28.68,20.42,20.42,20.53,20.64,20.64,20.64,20.64,19.72,28.52,28.52,19.99,19.99,20.1,20.21,20.21,20.21,20.21,2.91,2.91,2.9,2.9,2.9,2.9,2.9,2.9,2.89,2.89,2.91,2.91,2.9,2.9,2.9,2.9,2.9,2.9,2.89,2.89,181.06,0,1,1,0,0,0,-1,0,None,aggregation
26,181.76,remora6,remora7,21.06,21.06,21.19,21.19,21.33,21.33,12.14,12.14,12.14,21.74,20.64,20.64,20.77,20.77,20.92,20.92,11.53,11.53,11.53,21.33,2.89,2.89,2.89,2.89,2.89,2.89,2.88,2.88,2.87,2.87,2.89,2.89,2.89,2.89,2.89,2.89,2.88,2.88,2.87,2.87,191.43,0,1,1,0,0,0,-1,0,None,aggregation
26,182.76,remora6,remora7,21.74,21.74,21.82,21.82,21.94,21.94,21.94,22.06,22.06,22.18,21.33,21.33,21.42,21.42,21.54,21.54,21.54,21.67,21.67,21.79,2.87,2.87,2.86,2.86,2.86,2.86,2.86,2.86,2.86,2.85,2.87,2.87,2.86,2.86,2.86,2.86,2.86,2.86,2.86,2.85,191.78,0,1,1,0,0,0,-1,0,None,aggregation
26,183.76,remora6,remora7,22.3,22.3,22.3,14.11,22.54,22.54,22.54,22.52,22.52,22.63,21.91,21.91,21.91,13.54,22.15,22.15,22.15,22.13,22.13,22.25,2.84,2.84,2.84,2.84,2.84,2.84,2.84,2.83,2.83,2.83,2.84,2.84,2.84,2.84,2.84,2.84,2.84,2.83,2.83,2.83,195.35,0,1,1,0,0,0,-1,0,None,aggregation
26,184.76,remora6,remora7,22.73,22.73,22.69,22.69,22.81,22.81,22.81,22.93,22.93,23.05,22.36,22.36,22.32,22.32,22.44,22.44,22.44,22.55,22.55,22.68,2.82,2.82,2.82,2.82,2.82,2.82,2.82,2.82,2.82,2.82,2.82,2.82,2.82,2.82,2.82,2.82,2.82,2.82,2.82,2.82,202.6,0,1,1,0,0,0,-1,0,None,aggregation
26,185.76,remora6,remora7,23.03,23.03,16.74,16.74,23.4,23.4,23.39,23.39,23.49,23.49,22.66,22.66,16.22,16.22,23.04,23.04,23.03,23.03,23.14,23.14,2.82,2.82,2.82,2.82,2.82,2.82,2.82,2.81,2.8,2.8,2.82,2.82,2.82,2.82,2.82,2.82,2.82,2.81,2.8,2.8,206.11,0,1,1,0,0,0,-1,0,None,aggregation
26,186.76,remora6,remora7,23.61,23.61,17.77,17.77,17.77,17.95,18.1,18.1,18.09,18.09,23.26,23.26,17.28,17.28,17.28,17.46,17.61,17.61,17.6,17.6,2.8,2.79,2.78,2.78,2.77,2.76,2.75,2.75,2.75,2.74,2.8,2.79,2.78,2.78,2.77,2.76,2.75,2.75,2.75,2.74,203.91,0,1,1,0,0,0,-1,0,None,aggregation
26,187.76,remora6,remora7,18.42,18.42,18.42,18.42,18.4,18.4,18.4,18.72,18.72,18.72,17.94,17.94,17.93,17.93,17.92,17.92,17.92,18.25,18.25,18.25,2.74,2.73,2.72,2.71,2.7,2.69,2.69,2.69,2.69,2.69,2.74,2.73,2.72,2.71,2.7,2.69,2.69,2.69,2.69,2.69,204.21,0,1,1,0,0,0,-1,0,None,aggregation
26,188.76,remora6,remora7,19.05,19.05,19.22,19.22,19.22,19.36,19.35,19.35,19.67,19.67,18.58,18.58,18.76,18.76,18.76,18.9,18.89,18.89,19.21,19.21,2.69,2.68,2.66,2.66,2.66,2.65,2.64,2.63,2.63,2.63,2.69,2.68,2.66,2.66,2.66,2.65,2.64,2.63,2.63,2.63,204.52,0,1,1,0,0,0,-1,0,None,aggregation
26,189.76,remora6,remora7,19.67,19.66,19.66,19.98,19.96,19.96,19.96,20.28,20.27,20.27,19.21,19.21,19.21,19.53,19.52,19.52,19.52,19.84,19.84,19.84,2.63,2.62,2.61,2.6,2.6,2.6,2.6,2.59,2.58,2.58,2.63,2.62,2.61,2.6,2.6,2.6,2.6,2.59,2.58,2.58,203.8,0,1,1,0,0,0,-1,0,None,aggregation
26,190.76,remora6,remora7,20.27,24.49,20.74,20.74,20.88,20.88,20.88,21.18,21.18,21.16,19.84,24.17,20.31,20.31,20.46,20.46,20.46,20.76,20.76,20.74,2.57,2.58,2.58,2.58,2.58,2.57,2.56,2.54,2.53,2.52,2.57,2.58,2.58,2.58,2.58,2.57,2.56,2.54,2.53,2.52,202.87,0,1,1,0,0,0,-1,0,None,aggregation
26,191.76,remora6,remora7,24.77,24.77,24.77,21.43,21.43,21.43,21.43,21.71,25.06,25.06,24.45,24.45,24.45,21.02,21.02,21.02,21.02,21.31,24.75,24.75,2.51,2.5,2.5,2.49,2.48,2.47,2.46,2.46,2.45,2.45,2.51,2.5,2.5,2.49,2.48,2.47,2.46,2.46,2.45,2.45,207.58,0,1,1,0,0,0,-1,0,None,aggregation
26,192.76,remora6,remora7,25.06,21.99,22.13,22.13,22.26,22.26,22.26,22.26,22.53,22.53,24.75,21.59,21.74,21.74,21.87,21.87,21.87,21.87,22.15,22.15,2.46,2.45,2.44,2.43,2.41,2.41,2.41,2.41,2.41,2.4,2.46,2.45,2.44,2.43,2.41,2.41,2.41,2.41,2.41,2.4,208.21,0,1,1,0,0,0,-1,0,None,aggregation
26,193.76,remora6,remora7,22.53,22.67,22.79,22.79,22.92,22.92,22.92,23.04,23.18,23.18,22.15,22.29,22.41,22.41,22.55,22.55,22.55,22.68,22.81,22.81,2.39,2.38,2.37,2.36,2.36,2.35,2.34,2.34,2.33,2.33,2.39,2.38,2.37,2.36,2.36,2.35,2.34,2.34,2.33,2.33,209.49,0,1,1,0,0,0,-1,0,None,aggregation
26,194.76,remora6,remora7,23.18,23.44,23.44,23.56,23.69,23.69,23.69,23.8,23.8,23.92,22.81,23.08,23.08,23.21,23.34,23.34,23.34,23.46,23.46,23.58,2.33,2.33,2.33,2.32,2.31,2.3,2.29,2.28,2.27,2.26,2.33,2.33,2.33,2.32,2.31,2.3,2.29,2.28,2.27,2.26,210.3,0,1,1,0,0,0,-1,0,None,aggregation
26,195.76,remora6,remora7,23.92,23.92,24.04,24.16,24.16,24.4,24.4,24.51,24.62,24.62,23.58,23.58,23.7,23.82,23.82,24.07,24.07,24.18,24.3,24.3,2.25,2.24,2.23,2.23,2.22,2.21,2.19,2.18,2.17,2.16,2.25,2.24,2.23,2.23,2.22,2.21,2.19,2.18,2.17,2.16,212.6,0,1,1,0,0,0,-1,0,None,aggregation
26,196.76,remora6,remora7,24.73,24.73,24.84,24.84,24.95,24.95,24.95,25.06,25.06,25.28,24.41,24.41,24.53,24.53,24.64,24.64,24.64,24.75,24.75,24.98,2.15,2.14,2.13,2.12,2.11,2.1,2.09,2.08,2.07,2.07,2.15,2.14,2.13,2.12,2.11,2.1,2.09,2.08,2.07,2.07,218.53,0,1,1,0,0,0,-1,0,None,aggregation
26,197.76,remora6,remora7,25.28,25.38,25.49,25.49,25.7,25.7,25.7,25.7,25.69,25.69,24.98,25.08,25.19,25.19,25.41,25.41,25.41,25.41,25.41,25.41,2.06,2.05,2.04,2.03,2.02,2.01,2,1.99,1.98,1.97,2.06,2.05,2.04,2.03,2.02,2.01,2,1.99,1.98,1.97,225.7,0,1,1,0,0,0,-1,0,None,aggregation
26,198.76,remora6,remora7,25.9,26.1,26.1,26.1,26.1,26.29,26.29,26.49,26.48,26.48,25.62,25.83,25.82,25.82,25.82,26.03,26.03,26.22,26.22,26.22,1.97,1.96,1.95,1.94,1.93,1.92,1.92,1.91,1.9,1.89,1.97,1.96,1.95,1.94,1.93,1.92,1.92,1.91,1.9,1.89,232.71,0,1,1,0,0,0,-1,0,None,aggregation
26,199.76,remora6,remora7,26.67,26.67,26.85,26.85,26.85,27.03,27.03,27.03,27.03,27.2,26.42,26.42,26.6,26.6,26.6,26.79,26.79,26.79,26.79,26.97,1.88,1.88,1.87,1.86,1.85,1.85,1.84,1.83,1.83,1.82,1.88,1.88,1.87,1.86,1.85,1.85,1.84,1.83,1.83,1.82,239.76,0,1,1,0,0,0,-1,0,None,aggregation
26,200.76,remora6,remora7,27.2,27.37,27.37,27.53,27.53,27.61,27.69,27.69,27.69,27.84,26.97,27.14,27.14,27.31,27.31,27.4,27.48,27.48,27.48,27.64,1.81,1.81,1.8,1.8,1.79,1.78,1.78,1.77,1.77,1.76,1.81,1.81,1.8,1.8,1.79,1.78,1.78,1.77,1.77,1.76,246.17,0,1,1,0,0,0,-1,0,None,aggregation
26,201.76,remora6,remora7,27.99,27.99,28.13,28.13,28.27,28.27,28.27,28.34,28.34,28.47,27.79,27.79,27.94,27.94,28.09,28.09,28.09,28.16,28.16,28.3,1.76,1.75,1.75,1.74,1.74,1.73,1.73,1.72,1.72,1.72,1.76,1.75,1.75,1.74,1.74,1.73,1.73,1.72,1.72,1.72,251.29,0,1,1,0,0,0,-1,0,None,aggregation
26,202.76,remora6,remora7,28.53,28.53,28.53,28.65,28.65,28.77,28.88,28.88,28.88,28.99,28.36,28.36,28.36,28.49,28.49,28.61,28.73,28.73,28.73,28.85,1.71,1.71,1.7,1.7,1.7,1.69,1.69,1.69,1.69,1.68,1.71,1.71,1.7,1.7,1.7,1.69,1.69,1.69,1.69,1.68,257.6,0,1,1,0,0,0,-1,0,None,aggregation
26,203.76,remora6,remora7,29.04,29.04,29.14,29.14,29.14,29.23,29.32,29.32,29.36,29.36,28.9,28.9,29.01,29.01,29.01,29.11,29.21,29.21,29.25,29.25,1.68,1.68,1.68,1.67,1.67,1.67,1.67,1.67,1.67,1.67,1.68,1.68,1.68,1.67,1.67,1.67,1.67,1.67,1.67,1.67,264.04,0,1,1,0,0,0,-1,0,None,aggregation
26,204.76,remora6,remora7,29.44,29.44,29.44,29.52,29.52,29.59,29.65,29.65,29.71,29.71,29.34,29.34,29.34,29.42,29.42,29.5,29.57,29.57,29.63,29.63,1.67,1.67,1.66,1.66,1.66,1.66,1.66,1.66,1.66,1.67,1.67,1.67,1.66,1.66,1.66,1.66,1.66,1.66,1.66,1.67,270.11,0,1,1,0,0,0,-1,0,None,aggregation
26,209.76,remora6,remora8,0.96,1.18,1.18,-20.77,-20.77,1.67,1.67,-19.78,-19.78,2.09,1.76,1.98,1.98,-19.95,-19.95,2.46,2.46,-18.96,-18.96,2.87,2.82,2.83,2.83,2.82,2.81,2.8,2.8,2.79,2.78,2.77,2.82,2.83,2.83,2.82,2.81,2.8,2.8,2.79,2.78,2.77,96.58,0,0,1,0,0,0,-1,0,None,aggregation
26,210.76,remora6,remora8,2.09,-19.29,2.69,2.69,-18.25,-18.25,3.32,3.32,-17.44,-17.44,2.87,-18.47,3.45,3.45,-17.43,-17.43,4.08,4.08,-16.62,-16.62,2.77,2.77,2.76,2.76,2.76,2.75,2.74,2.74,2.74,2.74,2.77,2.77,2.76,2.76,2.76,2.75,2.74,2.74,2.74,2.74,88.44,0,1,1,0,0,0,-1,0,None,aggregation
26,211.76,remora6,remora8,-17.44,-8.75,-8.75,-16.68,4.33,4.33,4.33,-15.61,-15.61,-15.61,-16.62,-7.93,-7.93,-15.86,5.07,5.07,5.07,-14.79,-14.79,-14.79,2.72,2.72,2.71,2.71,2.7,2.7,2.7,2.7,2.69,2.68,2.72,2.72,2.71,2.71,3.25,3.25,3.25,3.25,3.25,3.25,89.02,0,1,1,0,0,0,-1,0,None,aggregation
26,212.76,remora6,remora8,-15.08,-15.08,-15.08,5.54,5.54,-14.01,-13.44,-13.44,-13.44,-13.17,-14.25,-14.25,-14.25,6.26,6.26,-13.18,-12.62,-12.62,-12.62,-12.35,2.67,2.66,2.65,2.65,2.65,2.65,2.64,2.64,2.63,2.63,3.25,3.25,3.25,3.25,3.25,3.25,3.26,3.26,3.26,3.26,95.44,0,1,1,0,0,0,-1,0,None,aggregation
26,213.76,remora6,remora8,-13.17,-13.17,-12.38,-12.38,-12.38,-11.83,-11.83,-11.28,-11.28,-10.74,-12.35,-12.35,-11.56,-11.56,-11.56,-11.01,-11.01,-10.46,-10.46,-9.91,2.62,2.62,2.62,2.61,2.61,2.6,2.6,2.6,2.59,2.58,3.26,3.26,3.26,3.26,3.26,3.27,3.27,3.27,3.27,3.27,92.34,0,1,1,0,0,0,-1,0,None,aggregation
26,214.76,remora6,remora8,-10.74,-10.19,-9.91,-9.91,-9.91,-9.1,-8.55,-8.55,-8.55,-8,-9.91,-9.37,-9.09,-9.09,-9.09,-8.27,-7.72,-7.72,-7.72,-7.17,2.58,2.57,2.57,2.56,2.56,2.56,2.56,2.56,2.56,2.56,3.27,3.28,3.28,3.28,3.28,3.29,3.29,3.29,3.29,3.29,94.49,0,1,1,0,0,0,-1,0,None,aggregation
26,215.76,remora6,remora8,-8,-7.44,-7.44,-7.44,-25.03,-25.03,-25.03,-5.76,-5.23,-5.23,-7.17,-6.62,-6.62,-6.62,-24.21,-24.21,-24.21,-4.94,-4.41,-4.41,2.55,2.56,2.56,2.57,2.57,2.57,2.56,2.56,2.56,2.56,3.3,3.3,3.3,3.31,3.31,3.31,3.32,3.32,3.33,3.33,90.51,0,1,1,0,0,0,-1,0,None,aggregation
26,216.76,remora6,remora8,-5.23,-4.69,-4.69,-4.69,-4.16,-4.16,-4.16,11.42,11.42,-3.62,-4.41,-3.87,-3.87,-3.87,-3.34,-3.34,-3.34,12.03,12.03,-2.8,2.55,2.55,2.55,2.55,2.54,2.54,2.54,2.55,2.55,2.56,3.33,3.33,3.33,3.33,3.33,3.33,3.33,3.33,3.33,3.33,92.74,0,1,1,0,0,0,-1,0,None,aggregation
26,217.76,remora6,remora8,-3.62,-23.64,-23.64,11.96,11.96,-2.54,-2.53,-2.53,-2.53,-1.98,-2.8,-22.82,-22.82,12.56,12.56,-1.72,-1.71,-1.71,-1.71,-1.16,2.56,2.56,2.55,2.55,2.55,2.55,2.55,2.56,2.57,2.57,3.33,3.34,3.34,3.34,3.34,3.34,3.34,3.34,3.35,3.35,93.88,0,1,1,0,0,0,-1,0,None,aggregation
26,218.76,remora6,remora8,-1.98,12.76,-1.44,-1.44,-1.43,-1.43,-1.43,8.1,8.1,13.32,-1.16,13.35,-0.62,-0.62,-0.61,-0.61,-0.61,8.78,8.78,13.9,2.57,2.57,2.57,2.58,2.58,2.58,2.58,2.58,2.59,2.6,3.35,3.35,3.34,3.34,3.35,3.35,3.35,3.35,3.35,3.35,93.93,0,1,1,0,0,0,-1,0,None,aggregation
26,219.76,remora6,remora8,13.32,-23.08,-0.33,-0.33,9,9,1.28,1.28,1.58,1.58,13.9,-22.26,0.49,0.49,9.66,9.66,2.07,2.07,2.37,2.37,2.61,2.61,2.61,2.62,2.62,2.63,2.64,2.65,2.66,2.67,3.34,3.35,3.36,3.36,3.37,3.37,4.12,4.12,4.13,4.13,91.11,0,1,1,0,0,0,-1,0,None,aggregation
26,220.76,remora6,remora8,2.12,2.12,9.54,9.54,9.54,2.91,2.91,3.44,3.44,3.96,2.89,2.89,10.18,10.18,10.18,3.67,3.67,4.19,4.19,4.71,2.68,2.68,2.69,2.7,2.71,2.72,2.73,2.74,2.75,2.75,4.13,4.13,4.13,4.14,4.14,4.14,4.14,4.14,4.14,4.14,85.96,0,1,1,0,0,0,-1,0,None,aggregation
26,221.76,remora6,remora8,3.96,16.11,16.11,16.11,16.18,16.18,16.24,16.24,16.24,9.36,4.71,16.63,16.63,16.63,16.7,16.7,16.76,16.76,16.76,10.01,2.75,2.75,2.75,2.76,2.77,2.78,2.79,2.8,2.81,2.81,4.14,4.13,4.53,4.52,4.52,4.51,4.51,4.5,4.49,4.48,89.55,0,1,1,0,0,0,-1,0,None,aggregation
26,222.76,remora6,remora8,9.36,16.35,16.61,16.61,16.61,16.66,9.77,9.77,9.77,16.76,10.01,16.87,17.12,17.12,17.12,17.17,10.41,10.41,10.41,17.26,2.82,2.83,2.84,2.86,2.87,2.87,2.88,2.88,2.89,2.9,4.48,4.48,4.47,4.47,4.46,4.46,4.45,4.45,4.45,4.44,91.53,0,1,1,0,0,0,-1,0,None,aggregation
26,223.76,remora6,remora8,9.67,9.67,17.05,17.05,17.05,17.09,17.09,9.82,17.41,17.41,10.32,10.32,17.55,17.55,17.55,17.59,17.59,10.47,17.9,17.9,2.92,2.93,2.94,2.94,2.95,2.96,2.97,2.98,3,3.01,4.44,4.43,4.42,4.42,4.41,4.41,4.4,4.4,4.39,4.39,95.1,0,1,1,0,0,0,-1,0,None,aggregation
26,224.76,remora6,remora8,17.41,17.45,17.45,17.53,17.74,17.74,17.74,17.79,17.84,17.84,17.9,17.94,17.94,18.02,18.23,18.23,18.23,18.28,18.32,18.32,3.02,3.03,3.04,3.05,3.06,3.07,3.07,3.08,3.1,3.11,4.38,4.38,4.37,4.37,4.37,4.36,4.35,4.34,4.33,4.33,104.07,0,0,1,0,0,0,-1,0,None,aggregation
26,225.76,remora6,remora8,17.84,-18.77,-18.77,18.11,18.11,18.29,18.29,18.34,18.34,18.39,18.32,-17.95,-17.95,18.58,18.58,18.77,18.77,18.82,18.82,18.86,3.12,3.13,3.13,3.14,3.15,3.16,3.17,3.18,3.19,3.2,4.32,4.32,4.34,4.34,4.34,4.33,4.32,4.31,4.3,4.29,110.75,0,0,1,0,0,0,-1,0,None,aggregation
26,226.76,remora6,remora8,18.39,28.22,28.22,8,8,15.59,15.59,28.08,28.08,18.42,18.86,28.4,28.4,8.68,8.68,16.12,16.12,28.26,28.26,18.89,3.21,3.22,3.23,3.24,3.25,3.27,3.28,3.29,3.27,3.25,4.28,4.28,4.27,4.26,4.26,4.25,4.24,4.24,4.23,4.23,125.06,0,0,1,0,0,0,-1,0,None,aggregation
26,227.76,remora6,remora8,18.85,18.85,18.91,18.91,18.91,-23.24,9.96,9.96,-15.75,-15.75,19.31,19.31,19.37,19.37,19.37,-24.06,10.6,10.6,-14.93,-14.93,3.23,3.21,3.2,3.18,3.16,3.16,3.18,3.18,3.17,3.18,4.22,4.21,4.2,4.2,4.19,4.18,4.19,4.2,4.2,4.21,133.68,0,0,1,0,0,0,-1,0,None,aggregation
26,228.76,remora6,remora8,-15.75,19.48,19.48,19.66,19.66,26.59,26.59,19.89,11.09,11.09,-14.93,19.93,19.93,20.1,20.1,26.84,26.84,20.33,11.71,11.71,3.19,3.19,3.17,3.16,3.14,3.12,3.1,3.07,3.06,3.04,4.22,4.21,4.21,4.2,4.2,4.2,4.19,4.18,4.17,4.16,147.74,0,0,1,0,0,0,-1,0,None,aggregation
26,229.76,remora6,remora8,11.09,27.89,12.08,12.08,12.08,20.02,20.02,26.18,26.35,26.35,11.71,28.08,12.67,12.67,12.67,20.45,20.45,26.44,26.6,26.6,3.03,3.02,3,2.98,2.97,2.96,2.94,2.92,2.9,2.87,4.16,4.15,4.14,4.13,4.12,4.12,4.12,4.11,4.11,4.09,161.12,0,1,1,0,0,0,-1,0,None,aggregation
26,230.76,remora6,remora8,25.46,25.46,27.71,27.71,23.46,23.46,23.2,23.2,27.37,27.37,25.75,25.75,27.91,27.91,23.81,23.81,23.56,23.56,27.59,27.59,2.85,2.83,2.81,2.79,2.76,2.74,2.72,2.7,2.68,2.66,4.08,4.07,4.06,4.04,4.03,4.02,4.01,4,4,3.99,181.39,0,1,1,0,0,0,-1,0,None,aggregation
26,231.76,remora6,remora8,27.36,27.36,19.73,19.73,19.73,11.75,11.75,22.61,22.61,19.86,27.58,27.58,20.17,20.17,20.17,12.35,12.35,22.98,22.98,20.3,2.64,2.61,2.59,2.57,2.56,2.54,2.53,2.52,2.5,2.48,3.98,3.97,3.96,3.95,3.94,3.93,3.93,3.93,3.93,3.92,187.3,0,1,1,0,0,0,-1,0,None,aggregation
26,232.76,remora6,remora8,19.86,20.31,26.99,26.99,19.46,19.46,26.7,26.7,26.7,26.7,20.3,20.74,27.22,27.22,19.91,19.91,26.95,26.95,26.95,26.95,2.47,2.45,2.43,2.41,2.39,2.37,2.36,2.34,2.32,2.3,3.9,3.89,3.88,3.87,3.86,3.86,3.85,3.84,3.83,3.81,197.33,0,1,1,0,0,0,-1,0,None,aggregation
26,233.76,remora6,remora8,19.75,18.9,18.9,18.81,18.81,24.53,16.98,16.98,16.98,26.08,20.19,19.36,19.36,19.27,19.27,24.84,17.49,17.49,17.49,26.34,2.28,2.27,2.25,2.24,2.22,2.21,2.19,2.17,2.16,2.14,3.8,3.79,3.78,3.78,3.77,3.77,3.76,3.75,3.74,3.73,202.02,0,1,1,0,0,0,-1,0,None,aggregation
26,234.76,remora6,remora8,18.12,18.12,18.12,18.12,20.72,18.59,25.63,25.63,25.41,25.41,18.6,18.6,18.6,18.6,21.13,19.06,25.91,25.91,25.7,25.7,2.13,2.11,2.1,2.08,2.07,2.05,2.04,2.02,2,1.98,3.72,3.71,3.7,3.69,3.69,3.68,3.67,3.66,3.65,3.64,205.71,0,1,1,0,0,0,-1,0,None,aggregation
26,235.76,remora6,remora8,25.41,23.44,23.44,16.71,19.69,19.69,19.69,17.38,17.38,24.44,25.7,23.79,23.79,17.22,20.13,20.13,20.13,17.87,17.87,24.76,1.96,1.95,1.93,1.91,1.9,1.89,1.87,1.86,1.85,1.83,3.64,3.64,3.63,3.62,3.62,3.61,3.6,3.59,3.58,3.57,208.21,0,1,1,0,0,0,-1,0,None,aggregation
26,236.76,remora6,remora8,19.12,19.12,19.12,16.85,16.85,23.92,23.92,12.45,12.45,23.38,19.58,19.58,19.58,17.36,17.36,24.25,24.25,13.04,13.04,23.73,1.82,1.8,1.79,1.78,1.77,1.75,1.74,1.73,1.72,1.71,3.56,3.56,3.55,3.55,3.54,3.53,3.52,3.51,3.51,3.5,207.3,0,1,1,0,0,0,-1,0,None,aggregation
26,237.76,remora6,remora8,23.37,23.37,22.96,22.96,22.96,13.94,22.38,22.38,22.38,22.09,23.72,23.72,23.32,23.32,23.32,14.5,22.76,22.76,22.76,22.47,1.69,1.68,1.66,1.65,1.64,1.62,1.62,1.6,1.59,1.58,3.5,3.5,3.5,3.49,3.48,3.47,3.46,3.46,3.45,3.45,212.32,0,1,1,0,0,0,-1,0,None,aggregation
26,238.76,remora6,remora8,22.09,10.58,10.58,20.19,21.32,21.32,21.32,0,0,0,22.47,11.2,11.2,20.62,21.72,21.72,21.72,0,0,0,1.57,1.56,1.55,1.54,1.53,1.52,1.51,1.51,1.51,1.51,3.44,3.44,3.43,3.43,3.42,3.42,3.42,3.42,3.43,3.43,206.14,0,1,1,0,0,0,-1,0,None,aggregation
26,239.76,remora6,remora8,0,0,0,0,0,0,0,0,0,0,0,0,0,0,0,0,0,0,0,0,1.51,1.51,1.51,1.51,1.51,1.51,1.51,1.51,1.51,1.51,3.43,3.42,3.42,3.42,3.42,3.41,3.41,3.41,3.41,3.41,186.51,0,1,1,0,0,0,-1,0,None,aggregation
26,240.76,remora6,remora8,0,0,0,0,0,0,0,0,0,0,0,0,0,0,0,0,0,0,0,0,1.51,1.51,1.51,1.51,1.51,1.51,1.51,1.51,1.51,1.51,3.41,3.42,3.42,3.42,3.42,3.42,3.41,3.41,3.41,3.42,160.93,0,1,1,0,0,0,-1,0,None,aggregation
26,241.76,remora6,remora8,0,0,0,0,0,0,0,0,0,0,0,0,0,0,0,0,0,0,0,0,1.51,1.51,1.51,1.51,1.51,1.51,1.51,1.51,1.51,1.51,3.42,3.42,3.42,3.42,3.41,3.41,3.41,3.41,3.42,3.42,140.48,0,1,1,0,0,0,-1,0,None,aggregation
26,242.76,remora6,remora8,0,0,0,0,0,0,0,0,0,0,0,0,0,0,0,0,0,0,0,0,1.51,1.51,1.51,1.51,1.51,1.51,1.51,1.51,1.51,1.51,3.42,3.42,3.42,3.42,3.42,3.41,3.41,3.42,3.42,3.42,116.33,0,1,1,0,0,0,-1,0,None,aggregation
26,243.76,remora6,remora8,0,0,0,0,0,0,0,0,0,0,0,0,0,0,0,0,0,0,0,0,1.51,1.51,1.51,1.51,1.51,1.51,1.51,1.51,1.51,1.51,3.43,3.43,3.43,3.43,3.42,3.42,3.42,3.42,3.42,3.42,96.44,0,1,1,0,0,0,-1,0,None,aggregation
26,221.76,remora6,remora3,0.14,-0.31,-0.3,-0.3,-0.14,-0.13,-0.12,-0.12,-0.12,0.18,0.13,-0.33,-0.31,-0.31,-0.15,-0.15,-0.14,-0.13,-0.13,0.17,3.44,3.43,2.03,2.02,2.01,2.02,2.04,2.04,2.03,2.02,3.92,3.91,3.44,3.43,3.42,3.42,3.42,3.41,3.4,3.4,5.78,0,0,0,0,0,0,1.29,1,GradualMotor,aggregation
26,222.76,remora6,remora3,0.16,0.15,-0.08,-0.07,-0.06,0.02,0.08,0.08,0.03,0.02,0.16,0.14,-0.09,-0.08,-0.07,0.02,0.08,0.08,0.03,0.02,2.01,2,2,2.01,2.03,2.05,2.06,2.06,2.05,2.04,3.39,3.38,3.37,3.37,3.37,3.37,3.37,3.36,3.35,3.34,5.09,0,1,0,0,0,0,0.29,1,GradualMotor,aggregation
26,223.76,remora6,remora3,0.02,0.01,0,0,0,0,0,0,0,0,0.01,0.01,0,0,0,0,0,0,0,0,2.03,2.02,2.01,2.02,2.04,2.04,2.03,2.02,2.01,2,3.33,3.33,3.32,3.32,3.31,3.31,3.3,3.29,3.28,3.27,4.44,0,1,0,0,0,0,0,1,GradualMotor,aggregation
26,224.76,remora6,remora3,0,0,0,0,0,0,0,0,0,0,0,0,0,0,0,0,0,0,0,0,1.99,2,2.02,2.04,2.06,2.06,2.05,2.04,2.03,2.02,3.26,3.26,3.25,3.25,3.25,3.24,3.23,3.22,3.21,3.2,3.53,0,1,0,0,0,0,0,1,GradualMotor,aggregation
26,225.76,remora6,remora3,0,0,0,0,0,0,0,0,0,0,0,0,0,0,0,0,0,0,0,0,2.01,2.01,2.03,2.05,2.06,2.06,2.05,2.04,2.03,2.02,3.19,3.19,3.19,3.19,3.19,3.18,3.18,3.17,3.16,3.15,2.65,0,1,0,0,0,0,0,1,GradualMotor,aggregation
26,226.76,remora6,remora3,0,0,0,0,0,0,0,0,0,0,0,0,0,0,0,0,0,0,0,0,2.01,2.02,2.03,2.03,2.02,2.01,2,2,2.02,2.04,3.14,3.13,3.12,3.11,3.1,3.09,3.08,3.08,3.07,3.07,2.1,0,1,0,0,0,0,0,1,GradualMotor,aggregation
26,227.76,remora6,remora3,0,0,0,0,0,0,0,0,0,0,0,0,0,0,0,0,0,0,0,0,2.06,2.06,2.05,2.04,2.03,2.02,2.01,2.02,2.03,2.03,3.06,3.06,3.05,3.04,3.03,3.02,3.02,3.02,3.02,3.01,1.42,0,1,0,0,0,0,0,1,GradualMotor,aggregation
26,228.76,remora6,remora3,0,0,0,0,0,0,0,0,0,0,0,0,0,0,0,0,0,0,0,0,2.02,2.01,2,2.01,2.03,2.05,2.07,2.06,2.05,2.04,3.01,3.01,3,2.99,2.99,2.99,2.98,2.97,2.96,2.95,1.04,0,1,0,0,0,0,0,1,GradualMotor,aggregation
26,229.76,remora6,remora3,0,0,0,0,0,0,0,0,0,0,0,0,0,0,0,0,0,0,0,0,2.04,2.03,2.02,2.01,2,2.01,2.03,2.05,2.07,2.07,2.94,2.93,2.92,2.91,2.91,2.9,2.9,2.9,2.9,2.89,0.61,0,1,0,0,0,0,0,1,GradualMotor,aggregation
26,230.76,remora6,remora3,0,0,0,0,0,0,0,0,0,0,0,0,0,0,0,0,0,0,0,0,2.06,2.05,2.04,2.03,2.02,2.01,2,2.01,2.02,2.04,2.88,2.87,2.86,2.85,2.84,2.82,2.81,2.81,2.81,2.8,0.27,0,1,0,0,0,0,0,1,GradualMotor,aggregation
26,231.76,remora6,remora3,0,0,0,0,0,0,0,0,0,0,0,0,0,0,0,0,0,0,0,0,2.05,2.05,2.04,2.03,2.02,2.01,2,2.02,2.03,2.03,2.8,2.79,2.78,2.77,2.76,2.75,2.75,2.74,2.74,2.73,0.08,0,1,0,0,0,0,0,1,GradualMotor,aggregation
26,232.76,remora6,remora3,0,0,0,0,0,0,0,0,0,0,0,0,0,0,0,0,0,0,0,0,2.02,2.01,2,2.01,2.03,2.04,2.06,2.05,2.04,2.03,2.73,2.72,2.71,2.71,2.71,2.71,2.71,2.7,2.69,2.69,0,0,1,0,0,0,0,0,1,GradualMotor,aggregation
26,233.76,remora6,remora3,0,0,0,0,0,0,0,0,0,0,0,0,0,0,0,0,0,0,0,0,2.02,2.01,2,2.01,2.03,2.04,2.06,2.05,2.04,2.03,2.68,2.67,2.67,2.67,2.67,2.67,2.66,2.66,2.65,2.65,0,0,1,0,0,0,0,0,1,GradualMotor,aggregation
26,234.76,remora6,remora3,0,0,0,0,0,0,0,0,0,0,0,0,0,0,0,0,0,0,0,0,2.02,2.01,2,2.02,2.03,2.02,2.01,2,1.99,1.98,2.64,2.63,2.63,2.63,2.63,2.62,2.61,2.61,2.6,2.6,0,0,1,0,0,0,0,0,1,GradualMotor,aggregation
26,235.76,remora6,remora3,0,0,0,0,0,0,0,0,0,0,0,0,0,0,0,0,0,0,0,0,1.96,1.95,1.93,1.91,1.9,1.89,1.87,1.86,1.85,1.83,2.6,2.6,2.6,2.6,2.59,2.59,2.58,2.58,2.57,2.56,0,0,1,0,0,0,0,0,1,GradualMotor,aggregation
26,236.76,remora6,remora3,0,0,0,0,0,0,0,0,0,0,0,0,0,0,0,0,0,0,0,0,1.82,1.8,1.79,1.78,1.77,1.75,1.74,1.73,1.72,1.71,2.56,2.56,2.56,2.56,2.55,2.54,2.54,2.53,2.53,2.53,0,0,1,0,0,0,0,0,1,GradualMotor,aggregation
26,237.76,remora6,remora3,0,0,0,0,0,0,0,0,0,0,0,0,0,0,0,0,0,0,0,0,1.69,1.68,1.66,1.65,1.64,1.62,1.62,1.6,1.59,1.58,2.53,2.53,2.53,2.52,2.52,2.51,2.51,2.5,2.5,2.5,0,0,1,0,0,0,0,0,1,GradualMotor,aggregation
26,238.76,remora6,remora3,0,0,0,0,0,0,0,0,0,0,0,0,0,0,0,0,0,0,0,0,1.57,1.56,1.55,1.54,1.53,1.52,1.51,1.51,1.51,1.51,2.5,2.5,2.49,2.49,2.48,2.48,2.49,2.49,2.5,2.5,0,0,1,0,0,0,0,0,1,GradualMotor,aggregation
26,239.76,remora6,remora3,0,0,0,0,0,0,0,0,0,0,0,0,0,0,0,0,0,0,0,0,1.51,1.51,1.51,1.51,1.51,1.51,1.51,1.51,1.51,1.51,2.49,2.49,2.49,2.49,2.49,2.48,2.48,2.48,2.48,2.48,0,0,1,0,0,0,0,0,1,GradualMotor,aggregation
26,240.76,remora6,remora3,0,0,0,0,0,0,0,0,0,0,0,0,0,0,0,0,0,0,0,0,1.51,1.51,1.51,1.51,1.51,1.51,1.51,1.51,1.51,1.51,2.49,2.49,2.5,2.5,2.5,2.5,2.5,2.49,2.5,2.5,0,0,1,0,0,0,0,0,1,GradualMotor,aggregation
26,241.76,remora6,remora3,0,0,0,0,0,0,0,0,0,0,0,0,0,0,0,0,0,0,0,0,1.51,1.51,1.51,1.51,1.51,1.51,1.51,1.51,1.51,1.51,2.51,2.51,2.51,2.51,2.51,2.51,2.51,2.51,2.52,2.53,0,0,1,0,0,0,0,0,1,GradualMotor,aggregation
26,242.76,remora6,remora3,0,0,0,0,0,0,0,0,0,0,0,0,0,0,0,0,0,0,0,0,1.51,1.51,1.51,1.51,1.51,1.51,1.51,1.51,1.51,1.51,2.53,2.53,2.53,2.53,2.53,2.53,2.53,2.54,2.54,2.55,0,0,1,0,0,0,0,0,1,GradualMotor,aggregation
26,243.76,remora6,remora3,0,0,0,0,0,0,0,0,0,0,0,0,0,0,0,0,0,0,0,0,1.51,1.51,1.51,1.51,1.51,1.51,1.51,1.51,1.51,1.51,2.56,2.56,2.56,2.56,2.56,2.56,2.55,2.55,2.55,2.56,0,0,1,0,0,0,0,0,1,GradualMotor,aggregation
26,229.76,remora6,remora2,-0.75,6.18,-0.57,-0.57,-0.37,-0.37,-3.05,-3.05,-4.25,-4.25,0.07,6.89,-11.03,-11.03,-10.83,-10.83,-2.23,-2.23,-3.43,-3.43,2.2,2.18,2.17,2.14,2.11,2.08,2.06,2.04,2.01,1.99,3.3,3.29,3.28,3.27,3.27,3.26,3.25,3.25,3.24,3.23,68.44,0,1,1,0,0,0,-1,0,None,aggregation
26,230.76,remora6,remora2,-4.33,-4.33,2.59,2.59,2.85,2.85,-3.56,-3.56,-3.5,-3.5,-3.51,-3.51,3.36,3.36,3.61,3.61,-2.74,-2.74,-2.68,-2.68,1.96,1.93,1.9,1.87,1.85,1.83,1.81,1.79,1.76,1.74,3.22,3.21,3.21,3.2,3.19,3.18,3.17,3.16,3.16,3.15,63.02,0,1,1,0,0,0,-1,0,None,aggregation
26,231.76,remora6,remora2,2.98,2.98,-2.14,-2.14,-3.19,-3.19,3.09,3.09,3,3,3.74,3.74,-1.32,-1.32,-2.37,-2.37,3.85,3.85,3.76,3.76,1.71,1.68,1.66,1.63,1.6,1.57,1.54,1.52,1.5,1.49,3.14,3.13,3.12,3.12,3.11,3.1,3.09,3.09,3.08,3.07,58.83,0,1,1,0,0,0,-1,0,None,aggregation
26,232.76,remora6,remora2,-2.97,-2.97,3.35,3.35,3.35,3.35,-1.49,-1.49,3.67,3.67,-2.15,-2.15,4.11,4.11,4.1,4.1,-0.67,-0.67,4.42,4.42,1.49,1.49,1.49,1.49,1.49,1.49,1.49,1.49,1.49,1.5,3.07,3.07,3.07,3.07,3.06,3.06,3.06,3.06,3.06,3.05,52.51,1,1,1,0,0,0,-1,0,None,aggregation
26,233.76,remora6,remora2,-1.94,-1.94,-1.77,-1.77,-1.71,-1.71,3.12,3.12,3.12,-1.47,-1.12,-1.12,-0.95,-0.95,-0.88,-0.88,3.89,3.89,3.89,-0.64,1.5,1.5,1.5,1.49,1.49,1.49,1.49,1.49,1.49,1.5,3.05,3.05,3.05,3.05,3.05,3.05,3.05,3.05,3.04,3.04,43.91,1,1,0,0,0,0,-1,0,None,aggregation
26,234.76,remora6,remora2,-1.32,-1.32,4.83,4.83,-0.9,-0.9,-0.73,-0.73,5.31,5.31,-0.5,-0.5,5.56,5.56,-0.07,-0.07,0.09,0.09,6.03,6.03,1.5,1.49,1.49,1.5,1.5,1.5,1.5,1.5,1.5,1.5,3.04,3.04,3.04,3.04,3.04,3.04,3.04,3.03,3.03,3.03,36.36,1,1,0,0,0,0,-1,0,None,aggregation
26,235.76,remora6,remora2,-0.3,-0.3,-0.65,-0.65,-1.49,-1.49,-1.49,-2.01,-2.01,-1.86,0.52,0.52,-11.12,-11.12,-0.66,-0.66,-0.66,-1.19,-1.19,-1.03,1.5,1.51,1.51,1.5,1.5,1.5,1.5,1.5,1.49,1.49,3.03,3.03,3.03,3.03,3.03,3.03,3.03,3.02,3.02,3.02,31.21,1,1,0,0,0,0,-1,0,None,aggregation
26,236.76,remora6,remora2,2.19,2.19,-1.52,-1.52,-1.33,-1.33,4.83,4.83,-0.92,-0.92,2.97,2.97,-0.7,-0.7,-0.51,-0.51,5.56,5.56,-0.1,-0.1,1.49,1.49,1.5,1.5,1.5,1.49,1.49,1.5,1.5,1.5,3.02,3.02,3.02,3.02,3.02,3.02,3.02,3.02,3.02,3.02,26.77,1,1,0,0,0,0,-1,0,None,aggregation
26,237.76,remora6,remora2,-0.73,-0.73,2.56,2.56,-0.52,-0.52,-0.3,-0.3,5.79,5.79,0.09,0.09,3.33,3.33,0.3,0.3,0.52,0.52,6.5,6.5,1.5,1.5,1.5,1.5,1.5,1.5,1.5,1.5,1.5,1.51,3.01,3.01,3.01,3.01,3.01,3.01,3.01,3.01,3.01,3.01,25.72,0,1,0,0,0,0,-1,0,None,aggregation
26,238.76,remora6,remora2,-0.71,-0.71,-0.45,-0.45,-2.93,-2.93,-3.88,-3.88,-3.88,2.16,-11.18,-11.18,-10.92,-10.92,-2.11,-2.11,-3.06,-3.06,-3.06,2.93,1.51,1.51,1.5,1.5,1.5,1.49,1.49,1.49,1.49,1.49,3.01,3.01,3.01,3.01,3.01,3.01,3.01,3.01,3.01,3.01,28.12,1,1,0,0,0,0,-1,0,None,aggregation
26,239.76,remora6,remora2,2.16,2.12,-4.57,-4.57,-3.42,-3.42,2.86,2.86,-2.98,-2.98,2.93,2.9,-3.75,-3.75,-2.6,-2.6,3.62,3.62,-2.16,-2.16,1.49,1.49,1.49,1.49,1.49,1.49,1.48,1.48,1.49,1.5,3.01,3.01,3.01,3.01,3.01,3.01,3.01,3.01,3.01,3.01,26.96,1,1,0,0,0,0,-1,0,None,aggregation
26,240.76,remora6,remora2,-2.98,-3.87,-2.93,-2.93,3.46,3.46,-2.39,-2.39,-2.12,-2.12,-2.16,-3.05,-2.11,-2.11,4.22,4.22,-1.57,-1.57,-1.29,-1.29,1.52,1.54,1.55,1.57,1.59,1.61,1.64,1.66,1.67,1.69,3.02,3.02,3.03,3.04,3.04,3.05,3.05,3.06,3.06,3.07,26.3,0,1,0,0,0,0,-1,0,None,aggregation
26,241.76,remora6,remora2,4.24,4.24,4.24,4.36,-2.68,-2.68,5.06,5.06,-1.14,-1.14,4.98,4.98,4.98,5.1,-1.86,-1.86,5.79,5.79,-0.32,-0.32,1.71,1.73,1.76,1.79,1.82,1.84,1.86,1.88,1.91,1.94,3.07,3.08,3.08,3.09,3.09,3.1,3.1,3.11,3.11,3.12,26.89,0,1,0,0,0,0,-1,0,None,aggregation
26,242.76,remora6,remora2,-1.14,-1.14,5.5,5.5,-0.72,-0.72,-1.67,-1.67,6.24,6.24,-0.32,-0.32,6.22,6.22,0.1,0.1,-0.85,-0.85,6.95,6.95,1.95,1.98,2,2.03,2.04,2.07,2.09,2.11,2.14,2.17,3.13,3.13,3.14,3.14,3.15,3.15,3.16,3.17,3.17,3.18,26.82,0,1,0,0,0,0,-1,0,None,aggregation
26,243.76,remora6,remora2,6.24,-0.28,-0.57,-0.57,5.62,5.62,-2.21,-2.21,4.87,4.87,6.95,0.53,-11.03,-11.03,6.34,6.34,-1.39,-1.39,5.6,5.6,2.2,2.22,2.24,2.25,2.26,2.27,2.28,2.3,2.32,2.34,3.18,3.19,3.19,3.2,3.2,3.2,3.2,3.21,3.21,3.22,29.26,0,1,0,0,0,0,-1,0,None,aggregation
26,231.76,remora6,remora1,10.2,10.2,10.2,10.2,10.19,10.19,-25.14,-25.14,10.19,10.19,9.76,9.76,9.75,9.75,9.77,9.77,-24.32,-24.32,9.77,9.77,2.05,2.05,2.04,2.03,2.02,2.01,2,2.02,2.03,2.03,3.07,3.06,3.04,3.03,3.01,3,2.99,2.99,2.99,2.98,132.46,0,1,1,0,0,0,-1,0,None,aggregation
26,232.76,remora6,remora1,10.19,10.19,-16.42,-16.42,-16.37,-16.37,10.2,10.2,10.2,10.2,9.77,9.77,-15.59,-15.59,-15.55,-15.55,9.75,9.75,9.75,9.75,2.02,2.01,2,2.01,2.03,2.04,2.06,2.05,2.04,2.03,2.97,2.96,2.95,2.95,2.96,2.96,2.96,2.96,2.95,2.93,131.46,0,1,1,0,0,0,-1,0,None,aggregation
26,233.76,remora6,remora1,10.2,10.2,-16.36,-16.36,-18.4,-18.4,10.2,10.2,10.2,10.21,9.76,9.76,-15.54,-15.54,-17.58,-17.58,9.75,9.75,9.75,9.75,2.02,2.01,2,2.01,2.03,2.04,2.06,2.05,2.04,2.03,2.93,2.92,2.91,2.91,2.92,2.92,2.93,2.92,2.91,2.9,131.77,0,1,1,0,0,0,-1,0,None,aggregation
26,234.76,remora6,remora1,10.2,10.2,-18.4,-18.4,10.19,10.19,10.2,10.2,-22.44,-22.44,9.76,9.76,-17.58,-17.58,9.76,9.76,9.76,9.76,-21.62,-21.62,2.02,2.01,2,2.02,2.03,2.02,2.01,2,1.99,2.01,2.89,2.88,2.87,2.88,2.88,2.87,2.86,2.86,2.85,2.85,132.46,0,1,1,0,0,0,-1,0,None,aggregation
26,235.76,remora6,remora1,-26.11,-26.11,10.2,10.2,10.21,10.21,10.21,10.2,10.2,10.19,-25.29,-25.29,9.75,9.75,9.75,9.75,9.75,9.76,9.76,9.77,2.03,2.06,2.08,2.07,2.06,2.05,2.04,2.03,2.03,2.02,2.86,2.87,2.88,2.87,2.87,2.86,2.85,2.84,2.83,2.82,133.15,0,1,1,0,0,0,-1,0,None,aggregation
26,236.76,remora6,remora1,-16.36,-16.36,10.19,10.19,10.2,10.2,10.19,10.19,-18.43,-18.43,-15.54,-15.54,9.77,9.77,9.76,9.76,9.77,9.77,-17.61,-17.61,2.01,2.02,2.04,2.04,2.03,2.02,2.01,2,2,2.01,2.82,2.82,2.83,2.82,2.81,2.81,2.8,2.79,2.78,2.79,130.37,0,1,1,0,0,0,-1,0,None,aggregation
26,237.76,remora6,remora1,-16.36,-16.36,10.2,10.2,10.2,10.2,10.2,10.2,-16.29,-16.29,-15.54,-15.54,9.75,9.75,9.75,9.75,9.76,9.76,-15.47,-15.47,2.03,2.04,2.05,2.05,2.04,2.03,2.02,2.01,2.01,2.02,2.79,2.8,2.8,2.8,2.79,2.78,2.77,2.76,2.75,2.76,131.18,0,1,1,0,0,0,-1,0,None,aggregation
26,238.76,remora6,remora1,10.19,10.19,10.2,10.2,-18.28,-18.28,-27.26,-27.26,10.21,10.21,9.77,9.77,9.76,9.76,-17.46,-17.46,-26.44,-26.44,9.74,9.74,2.03,2.03,2.02,2.01,2,2.01,2.03,2.06,2.08,2.08,2.76,2.76,2.75,2.74,2.74,2.74,2.75,2.77,2.78,2.78,131.81,0,1,1,0,0,0,-1,0,None,aggregation
26,239.76,remora6,remora1,10.21,10.21,10.2,10.2,10.2,10.2,10.19,10.19,-16.4,-16.4,9.74,9.74,9.75,9.75,9.76,9.76,9.77,9.77,-15.57,-15.57,2.07,2.06,2.05,2.04,2.03,2.02,2.01,2,1.99,2,2.77,2.77,2.76,2.76,2.75,2.75,2.74,2.74,2.73,2.74,129.09,0,1,1,0,0,0,-1,0,None,aggregation
26,240.76,remora6,remora1,-16.4,-16.32,10.2,10.2,10.2,10.2,10.2,10.2,-18.33,-18.33,-15.57,-15.5,9.76,9.76,9.75,9.75,9.76,9.76,-17.51,-17.51,2.02,2.03,2.05,2.05,2.04,2.03,2.02,2.01,2.01,2.02,2.75,2.77,2.78,2.78,2.78,2.78,2.78,2.78,2.78,2.8,129.2,0,1,1,0,0,0,-1,0,None,aggregation
26,241.76,remora6,remora1,10.19,10.19,10.19,10.2,10.19,10.19,-16.97,-16.97,-18.32,-18.32,9.76,9.76,9.76,9.76,9.77,9.77,-16.15,-16.15,-17.5,-17.5,2.04,2.04,2.03,2.02,2.01,2,1.99,2,2.02,2.04,2.81,2.82,2.82,2.81,2.81,2.81,2.81,2.82,2.84,2.86,129.15,0,1,1,0,0,0,-1,0,None,aggregation
26,242.76,remora6,remora1,10.2,10.2,10.2,10.2,10.2,10.2,10.2,-17.36,-18.32,-18.32,9.75,9.75,9.75,9.75,9.76,9.76,9.76,-16.54,-17.5,-17.5,2.05,2.04,2.04,2.03,2.02,2,2,2,2.02,2.03,2.87,2.87,2.87,2.87,2.86,2.86,2.86,2.87,2.89,2.9,129.04,0,1,1,0,0,0,-1,0,None,aggregation
26,243.76,remora6,remora1,-18.32,10.2,10.21,10.21,10.2,10.2,10.19,10.19,-17.67,-17.67,-17.5,9.75,9.74,9.74,9.75,9.75,9.77,9.77,-16.85,-16.85,2.05,2.05,2.04,2.04,2.03,2.02,2.01,2,1.99,2,2.92,2.92,2.92,2.92,2.92,2.91,2.91,2.9,2.91,2.92,128.49,0,1,1,0,0,0,-1,0,None,aggregation
26,124.76,remora5,remora6,10.02,10.03,10.03,10.03,10.03,-28.37,-28.31,-28.31,10.01,10.01,9.98,9.97,9.97,9.97,9.97,-29.19,-29.13,-29.13,9.99,9.99,1.68,1.67,1.66,1.66,1.65,1.66,1.68,1.7,1.72,1.72,2.53,2.52,2.51,2.51,2.5,2.5,2.52,2.54,2.56,2.55,146.9,0,1,1,0,0,0,-1,0,None,aggregation
26,125.76,remora5,remora6,10,10,10,10,10,10,10,10,10,-30.18,10,10,10,10,10,10,10,10,10,-29.35,1.71,1.71,1.7,1.69,1.69,1.68,1.67,1.66,1.66,1.67,2.55,2.54,2.54,2.53,2.52,2.5,2.49,2.48,2.47,2.49,144.06,0,1,1,0,0,0,-1,0,None,aggregation
26,126.76,remora5,remora6,-30.18,-30.2,10.02,10.02,10.02,10.03,10.03,10.03,10.03,10.03,-29.35,-29.38,9.98,9.98,9.98,9.97,9.97,9.97,9.97,9.97,1.69,1.72,1.74,1.74,1.73,1.72,1.71,1.71,1.7,1.69,2.51,2.54,2.56,2.56,2.55,2.54,2.54,2.53,2.53,2.52,144.28,0,1,1,0,0,0,-1,0,None,aggregation
26,127.76,remora5,remora6,10.03,10.02,-28.04,-28.04,10.02,10.02,10.02,10.01,-29.45,-29.45,9.97,9.97,-28.86,-28.86,9.98,9.98,9.98,9.99,-30.28,-30.28,1.68,1.68,1.67,1.68,1.7,1.7,1.69,1.69,1.68,1.7,2.52,2.51,2.5,2.51,2.54,2.53,2.52,2.52,2.51,2.53,151.95,0,1,1,0,0,0,-1,0,None,aggregation
26,128.76,remora5,remora6,10,10,9.99,9.99,9.99,9.99,9.99,9.99,-29.46,-29.46,10,10,10.01,10.01,10.01,10.01,10.01,10.01,-30.29,-30.29,1.72,1.72,1.72,1.71,1.71,1.7,1.69,1.68,1.67,1.68,2.56,2.56,2.55,2.55,2.54,2.54,2.53,2.52,2.52,2.53,150.14,0,1,1,0,0,0,-1,0,None,aggregation
26,129.76,remora5,remora6,-29.46,-29.44,9.96,9.96,9.95,9.95,9.95,9.95,9.96,9.96,-30.29,-30.26,10.03,10.03,10.04,10.04,10.04,10.04,10.04,10.04,1.71,1.73,1.76,1.76,1.76,1.75,1.74,1.73,1.72,1.71,2.56,2.59,2.61,2.62,2.62,2.61,2.6,2.58,2.56,2.55,146.63,0,1,1,0,0,0,-1,0,None,aggregation
26,130.76,remora5,remora6,9.96,9.96,9.96,9.96,9.96,-30.34,-30.34,-27.89,-27.89,9.98,10.04,10.04,10.04,10.04,10.04,-29.52,-29.52,-28.71,-28.71,10.02,1.7,1.7,1.69,1.68,1.67,1.68,1.71,1.73,1.76,1.77,2.54,2.54,2.52,2.51,2.5,2.51,2.54,2.56,2.59,2.59,146.58,0,1,1,0,0,0,-1,0,None,aggregation
26,131.76,remora5,remora6,9.96,9.96,9.96,9.96,9.97,9.97,9.97,9.97,9.97,9.97,10.04,10.04,10.03,10.03,10.03,10.03,10.03,10.03,10.03,10.03,1.76,1.75,1.74,1.73,1.72,1.7,1.69,1.68,1.67,1.66,2.58,2.57,2.56,2.55,2.54,2.52,2.51,2.49,2.48,2.47,146.58,0,1,1,0,0,0,-1,0,None,aggregation
26,132.76,remora5,remora6,-28.21,-28.21,-28.21,-28.21,-28.16,9.95,9.93,9.93,9.93,9.94,-29.03,-29.03,-29.03,-29.03,-28.98,10.05,10.06,10.06,10.06,10.06,1.66,1.67,1.69,1.72,1.74,1.75,1.75,1.74,1.72,1.71,2.46,2.48,2.5,2.52,2.54,2.54,2.54,2.53,2.51,2.5,148.1,0,1,1,0,0,0,-1,0,None,aggregation
26,133.76,remora5,remora6,9.94,9.94,9.94,9.94,9.94,9.94,9.94,-21.29,-21.29,-21.29,10.06,10.06,10.06,10.06,10.05,10.05,10.05,-20.47,-20.47,-20.47,1.71,1.7,1.69,1.68,1.68,1.67,1.66,1.66,1.68,1.7,2.49,2.47,2.46,2.45,2.44,2.43,2.42,2.43,2.44,2.46,147.38,0,1,1,0,0,0,-1,0,None,aggregation
26,134.76,remora5,remora6,-21.29,9.97,9.98,9.98,9.99,9.99,9.99,9.99,9.99,-30.27,-20.47,10.03,10.02,10.02,10.01,10.01,10.01,10.01,10.01,-29.45,1.72,1.72,1.71,1.71,1.7,1.69,1.68,1.67,1.67,1.67,2.48,2.48,2.47,2.46,2.46,2.45,2.44,2.43,2.41,2.42,144.83,0,1,1,0,0,0,-1,0,None,aggregation
26,135.76,remora5,remora6,-28.65,-28.65,-28.65,10,9.99,9.99,9.99,9.99,9.99,9.99,-29.47,-29.47,-29.47,10,10.01,10.01,10.01,10.01,10.01,10.01,1.7,1.72,1.75,1.75,1.74,1.74,1.73,1.72,1.72,1.71,2.44,2.46,2.48,2.48,2.47,2.45,2.44,2.43,2.42,2.41,148.57,0,1,1,0,0,0,-1,0,None,aggregation
26,136.76,remora5,remora6,9.99,9.99,9.99,9.99,-30.26,-30.26,10,10,10,10.01,10.01,10.01,10.01,10.01,-29.44,-29.44,10,10,10,9.99,1.7,1.7,1.69,1.69,1.69,1.71,1.74,1.74,1.73,1.72,2.41,2.4,2.39,2.38,2.38,2.4,2.43,2.42,2.42,2.41,148.59,0,1,1,0,0,0,-1,0,None,aggregation
26,137.76,remora5,remora6,10.01,10.01,-28.91,-28.91,-28.91,10,9.99,9.99,9.99,9.99,9.99,9.99,-29.73,-29.73,-29.73,10,10.01,10.01,10.01,10.01,1.71,1.71,1.7,1.72,1.75,1.76,1.76,1.75,1.74,1.73,2.4,2.39,2.38,2.39,2.42,2.43,2.42,2.42,2.41,2.39,146.72,0,1,1,0,0,0,-1,0,None,aggregation
26,138.76,remora5,remora6,9.99,-30.32,9.99,9.99,10,10,-30.31,-30.31,10.01,10.01,10.01,-29.5,10.01,10.01,10,10,-29.48,-29.48,9.99,9.99,1.72,1.73,1.76,1.76,1.75,1.75,1.74,1.76,1.78,1.79,2.38,2.38,2.41,2.4,2.4,2.39,2.38,2.4,2.42,2.42,148.72,0,1,1,0,0,0,-1,0,None,aggregation
26,139.76,remora5,remora6,10.01,10.02,10.02,10.02,-30.32,-30.32,10.03,10.03,10.04,10.04,9.99,9.98,9.98,9.98,-29.5,-29.5,9.97,9.97,9.96,9.96,1.78,1.78,1.77,1.76,1.77,1.79,1.82,1.82,1.82,1.81,2.41,2.41,2.4,2.39,2.38,2.41,2.43,2.43,2.43,2.42,148.72,0,1,1,0,0,0,-1,0,None,aggregation
26,140.76,remora5,remora6,10.04,10.03,10.03,10.03,-30.31,-30.31,-30.31,10.04,10.05,10.05,9.96,9.96,9.97,9.97,-29.48,-29.48,-29.48,9.96,9.95,9.95,1.81,1.8,1.8,1.79,1.79,1.81,1.84,1.85,1.84,1.84,2.4,2.4,2.39,2.38,2.37,2.39,2.42,2.42,2.42,2.41,147.05,0,1,1,0,0,0,-1,0,None,aggregation
26,141.76,remora5,remora6,10.05,10.05,10.05,10.05,10.05,-30.26,-30.24,-30.24,10.07,10.07,9.95,9.95,9.95,9.95,9.95,-29.44,-29.42,-29.42,9.93,9.93,1.83,1.82,1.81,1.8,1.79,1.79,1.81,1.84,1.85,1.85,2.39,2.38,2.37,2.36,2.35,2.36,2.38,2.41,2.42,2.42,153,0,1,1,0,0,0,-1,0,None,aggregation
26,142.76,remora5,remora6,10.07,10.07,10.07,10.07,10.06,10.06,-30.19,-30.19,10.07,10.07,9.92,9.92,9.93,9.93,9.93,9.93,-29.36,-29.36,9.93,9.93,1.83,1.83,1.82,1.81,1.8,1.79,1.78,1.79,1.81,1.8,2.41,2.4,2.39,2.38,2.37,2.36,2.35,2.36,2.38,2.38,147.65,0,1,1,0,0,0,-1,0,None,aggregation
26,143.76,remora5,remora6,10.08,10.08,10.07,10.07,-30.07,-30.07,-30.07,10.08,10.09,10.09,9.92,9.92,9.92,9.92,-29.25,-29.25,-29.25,9.92,9.91,9.91,1.79,1.78,1.77,1.76,1.75,1.77,1.79,1.8,1.79,1.78,2.37,2.36,2.35,2.34,2.33,2.35,2.38,2.38,2.37,2.36,150.28,0,1,1,0,0,0,-1,0,None,aggregation
26,144.76,remora5,remora6,10.08,10.08,10.08,10.08,-30,-30,-29.96,-29.96,-29.96,10.1,9.91,9.91,9.91,9.91,-29.18,-29.18,-29.13,-29.13,-29.13,9.89,1.77,1.76,1.75,1.74,1.74,1.75,1.77,1.79,1.81,1.82,2.35,2.34,2.33,2.32,2.31,2.32,2.35,2.37,2.39,2.4,156.98,0,1,1,0,0,0,-1,0,None,aggregation
26,145.76,remora5,remora6,10.1,10.11,10.1,10.1,10.1,10.1,10.1,10.1,10.1,10.09,9.89,9.88,9.89,9.89,9.89,9.89,9.9,9.9,9.9,9.9,1.81,1.8,1.78,1.77,1.76,1.75,1.73,1.72,1.71,1.7,2.39,2.38,2.37,2.36,2.35,2.33,2.32,2.31,2.3,2.29,151.26,0,1,1,0,0,0,-1,0,None,aggregation
26,146.76,remora5,remora6,10.09,-29.71,-29.71,-29.71,10.1,10.1,10.1,10.1,10.1,-21.06,9.9,-28.88,-28.88,-28.88,9.89,9.89,9.9,9.9,9.9,-20.23,1.69,1.69,1.71,1.71,1.7,1.69,1.68,1.67,1.67,1.67,2.28,2.29,2.31,2.31,2.3,2.29,2.28,2.27,2.26,2.27,154.14,0,1,1,0,0,0,-1,0,None,aggregation
26,147.76,remora5,remora6,-29.45,-29.45,-29.45,10.11,10.11,10.12,10.12,10.12,10.11,10.11,-28.63,-28.63,-28.63,9.88,9.88,9.87,9.87,9.87,9.88,9.88,1.68,1.7,1.72,1.72,1.71,1.7,1.69,1.68,1.67,1.65,2.28,2.3,2.33,2.33,2.32,2.31,2.3,2.29,2.28,2.27,154.05,0,1,1,0,0,0,-1,0,None,aggregation
26,148.76,remora5,remora6,10.11,10.11,-29.22,-29.22,-29.22,10.11,10.11,10.11,10.11,10.11,9.88,9.88,-28.4,-28.4,-28.4,9.88,9.87,9.87,9.88,9.88,1.64,1.63,1.62,1.63,1.65,1.65,1.64,1.63,1.62,1.6,2.26,2.25,2.24,2.25,2.27,2.27,2.26,2.25,2.24,2.23,153.72,0,1,1,0,0,0,-1,0,None,aggregation
26,149.76,remora5,remora6,10.11,-29.59,-28.81,-28.81,10.1,10.1,10.1,10.1,10.1,10.1,9.88,-30.41,-27.99,-27.99,9.9,9.9,9.9,9.89,9.89,9.89,1.59,1.59,1.61,1.63,1.65,1.65,1.64,1.63,1.62,1.61,2.22,2.22,2.25,2.27,2.3,2.3,2.29,2.28,2.27,2.26,155.42,0,1,1,0,0,0,-1,0,None,aggregation
26,150.76,remora5,remora6,10.1,10.1,10.09,10.09,-28.4,-28.4,10.09,10.09,10.09,10.1,9.9,9.9,9.9,9.9,-27.57,-27.57,9.9,9.9,9.9,9.89,1.6,1.59,1.58,1.56,1.55,1.57,1.58,1.58,1.57,1.56,2.25,2.24,2.23,2.22,2.21,2.23,2.25,2.25,2.24,2.23,153.04,0,1,1,0,0,0,-1,0,None,aggregation
26,151.76,remora5,remora6,10.1,10.1,-28.05,-28.05,-28.05,-27.94,10.11,10.11,10.12,10.12,9.89,9.89,-27.23,-27.23,-27.23,-27.12,9.88,9.88,9.87,9.87,1.55,1.54,1.53,1.54,1.56,1.58,1.6,1.6,1.59,1.58,2.22,2.21,2.21,2.22,2.24,2.27,2.29,2.29,2.29,2.28,154.13,0,1,1,0,0,0,-1,0,None,aggregation
26,152.76,remora5,remora6,10.11,10.11,10.11,10.11,10.1,10.1,-27.37,-27.37,10.11,10.11,9.87,9.87,9.88,9.88,9.88,9.88,-26.55,-26.55,9.88,9.88,1.58,1.57,1.56,1.55,1.55,1.54,1.53,1.54,1.56,1.56,2.27,2.27,2.26,2.25,2.25,2.24,2.23,2.25,2.27,2.27,153.57,0,1,1,0,0,0,-1,0,None,aggregation
26,153.76,remora5,remora6,10.11,10.11,10.11,10.11,-30.2,-30.2,-27.14,-27.14,10.12,10.12,9.88,9.88,9.88,9.88,-29.38,-29.38,-26.32,-26.32,9.86,9.86,1.55,1.54,1.54,1.53,1.52,1.53,1.56,1.58,1.6,1.6,2.26,2.25,2.24,2.24,2.23,2.25,2.27,2.3,2.32,2.32,154.97,0,1,1,0,0,0,-1,0,None,aggregation
26,154.76,remora5,remora6,10.13,10.13,10.12,10.12,10.12,10.12,10.11,10.11,10.11,-26.65,9.86,9.86,9.86,9.86,9.87,9.87,9.88,9.88,9.88,-25.83,1.59,1.58,1.58,1.57,1.56,1.55,1.55,1.54,1.53,1.54,2.32,2.31,2.31,2.3,2.3,2.29,2.29,2.28,2.27,2.28,146.81,0,1,1,0,0,0,-1,0,None,aggregation
26,155.76,remora5,remora6,-26.65,-26.65,10.13,10.13,10.13,10.13,10.13,10.13,10.12,10.12,-25.83,-25.83,9.86,9.86,9.85,9.85,9.86,9.86,9.87,9.87,1.56,1.58,1.59,1.59,1.58,1.58,1.57,1.56,1.55,1.55,2.31,2.33,2.35,2.35,2.35,2.35,2.34,2.34,2.34,2.33,150.05,0,1,1,0,0,0,-1,0,None,aggregation
26,156.76,remora5,remora6,10.11,10.11,-26.07,-26.07,-25.92,-25.92,-25.92,10.13,10.14,10.14,9.87,9.87,-25.25,-25.25,-25.1,-25.1,-25.1,9.85,9.84,9.84,1.54,1.53,1.52,1.54,1.56,1.57,1.59,1.6,1.59,1.59,2.33,2.33,2.33,2.35,2.37,2.4,2.43,2.43,2.43,2.43,150.98,0,1,1,0,0,0,-1,0,None,aggregation
26,157.76,remora5,remora6,10.14,10.13,10.13,10.13,10.12,10.12,-25.44,-25.44,10.12,10.12,9.84,9.85,9.86,9.86,9.86,9.86,-24.62,-24.62,9.86,9.86,1.58,1.57,1.56,1.56,1.55,1.54,1.53,1.54,1.56,1.56,2.42,2.42,2.41,2.41,2.4,2.4,2.4,2.41,2.43,2.44,148.27,0,1,1,0,0,0,-1,0,None,aggregation
26,158.76,remora5,remora6,10.12,10.13,-25.12,-25.12,10.12,10.12,10.13,10.13,-16.66,-16.66,9.86,9.86,-24.3,-24.3,9.86,9.86,9.85,9.85,-15.83,-15.83,1.55,1.54,1.54,1.54,1.54,1.53,1.51,1.49,1.47,1.46,2.44,2.44,2.43,2.44,2.46,2.46,2.45,2.44,2.43,2.44,146.82,0,1,1,0,0,0,-1,0,None,aggregation
26,159.76,remora5,remora6,-16.66,-24.03,10.14,10.14,10.14,10.15,10.14,10.14,10.14,10.14,-15.83,-23.21,9.83,9.83,9.83,9.83,9.83,9.83,9.84,9.84,1.46,1.46,1.47,1.46,1.44,1.42,1.4,1.39,1.37,1.35,2.45,2.47,2.49,2.49,2.48,2.48,2.47,2.46,2.45,2.45,143.12,1,0,1,0,0,0,-1,0,None,aggregation
26,160.76,remora5,remora6,10.14,-21.94,-21.94,-12.24,10.15,10.15,10.15,10.15,10.15,10.15,9.84,-21.12,-21.12,-11.41,9.83,9.83,9.82,9.82,9.83,9.83,1.33,1.33,1.33,1.33,1.32,1.31,1.3,1.28,1.27,1.25,2.44,2.45,2.47,2.49,2.5,2.5,2.49,2.49,2.49,2.48,142.01,1,0,1,0,0,0,-1,0,None,aggregation
26,161.76,remora5,remora6,-8.75,-8.75,-8.75,-7.68,10.16,10.16,10.17,10.17,10.17,-4.46,-7.93,-7.93,-7.93,-6.85,9.81,9.81,9.8,9.8,9.8,-3.64,1.24,1.23,1.23,1.22,1.22,1.21,1.2,1.19,1.18,1.17,2.48,2.48,2.49,2.5,2.51,2.51,2.5,2.49,2.48,2.47,133.59,1,0,1,0,0,0,-1,0,None,aggregation
26,162.76,remora5,remora6,-4.46,-4.46,-3.13,-1.8,-0.76,-0.76,-0.76,0.29,0.29,1.84,-3.64,-3.64,-2.31,-0.98,0.06,0.06,0.06,1.1,1.1,2.62,1.17,1.16,1.16,1.15,1.15,1.15,1.14,1.14,1.14,1.14,2.46,2.46,2.45,2.44,2.44,2.43,2.43,2.43,2.42,2.42,121.89,1,0,1,0,0,0,-1,0,None,aggregation
26,163.76,remora5,remora6,1.84,2.87,-11.08,-11.08,-10.4,-10.4,-10.4,10.27,10.28,10.28,2.62,3.63,-10.26,-10.26,-9.58,-9.58,-9.58,9.64,9.63,9.63,1.13,1.13,1.13,1.13,1.13,1.13,1.13,1.13,1.14,1.14,2.41,2.41,2.4,2.4,2.41,2.41,2.41,2.41,2.4,2.4,113.26,1,0,1,0,0,0,-1,0,None,aggregation
26,164.76,remora5,remora6,7.77,7.77,7.77,9.17,-6.58,-6.58,-5.48,-5.48,-5.48,12.51,8.45,8.45,8.45,9.83,-5.76,-5.76,-4.66,-4.66,-4.66,13.1,1.14,1.14,1.15,1.15,1.16,1.17,1.17,1.17,1.17,1.17,2.39,2.39,2.39,2.38,2.38,2.39,2.39,2.39,2.39,2.4,109.06,1,0,1,0,0,0,-1,0,None,aggregation
26,165.76,remora5,remora6,-4.91,-4.91,-4.91,-4.7,-5.07,-5.07,-5.45,-5.45,-5.45,-5.46,-4.09,-4.09,-4.09,-3.87,-4.24,-4.24,-4.62,-4.62,-4.62,-4.64,1.16,1.16,1.16,1.15,1.15,1.14,1.14,1.15,1.16,1.17,2.4,2.4,2.4,2.4,2.4,2.39,2.39,2.39,2.4,2.4,100.54,1,0,1,0,0,0,-1,0,None,aggregation
26,166.76,remora5,remora6,-5.11,-5.11,10.38,10.38,-4.95,-4.95,-4.95,-5.14,-5.14,10.39,-4.29,-4.29,9.41,9.41,-4.13,-4.13,-4.13,-4.32,-4.32,9.39,1.18,1.18,1.18,1.17,1.17,1.17,1.16,1.16,1.15,1.16,2.41,2.41,2.4,2.4,2.39,2.39,2.39,2.39,2.38,2.39,88.98,1,0,1,0,0,0,-1,0,None,aggregation
26,167.76,remora5,remora6,10.39,10.39,12.31,12.31,12.31,12.74,-4.21,-4.21,-4.21,-4.26,9.38,9.38,12.91,12.91,12.91,13.32,-3.39,-3.39,-3.39,-3.44,1.19,1.19,1.19,1.19,1.18,1.18,1.18,1.18,1.17,1.18,2.39,2.39,2.38,2.37,2.37,2.36,2.35,2.34,2.34,2.34,84.57,1,0,1,0,0,0,-1,0,None,aggregation
26,168.76,remora5,remora6,-4.28,-4.28,-3.96,-3.96,-3.96,-3.77,-3.77,13.82,14.02,14.02,-3.46,-3.46,-3.14,-3.14,-3.14,-2.95,-2.95,14.38,14.58,14.58,1.21,1.23,1.25,1.26,1.25,1.25,1.24,1.24,1.24,1.24,2.35,2.37,2.38,2.38,2.38,2.38,2.37,2.37,2.36,2.35,77.16,1,0,1,0,0,0,-1,0,None,aggregation
26,169.76,remora5,remora6,-3.15,-3.15,-3.15,-2.83,-2.83,-2.83,14.82,14.82,14.82,15.22,-2.33,-2.33,-2.33,-2.01,-2.01,-2.01,15.37,15.37,15.37,15.76,1.24,1.24,1.24,1.24,1.24,1.23,1.23,1.24,1.24,1.24,2.34,2.34,2.34,2.34,2.34,2.34,2.34,2.33,2.33,2.32,72.81,1,0,1,0,0,0,-1,0,None,aggregation
26,170.76,remora5,remora6,-2.03,-2.03,-1.72,-1.72,16.2,16.2,16.2,-1.21,-1.21,-0.93,-1.21,-1.21,-0.9,-0.9,16.71,16.71,16.71,-0.39,-0.39,-0.11,1.25,1.25,1.25,1.25,1.26,1.26,1.27,1.28,1.28,1.28,2.31,2.31,2.31,2.31,2.31,2.31,2.31,2.3,2.3,2.31,66.07,1,0,1,0,0,0,-1,0,None,aggregation
26,171.76,remora5,remora6,-0.93,-0.75,16.97,16.97,-0.46,-0.46,-0.34,-0.34,-0.37,-0.37,-0.11,0.07,17.47,17.47,0.36,0.36,0.48,0.48,0.45,0.45,1.28,1.29,1.29,1.3,1.31,1.31,1.32,1.33,1.34,1.35,2.31,2.31,2.31,2.31,2.3,2.3,2.3,2.31,2.31,2.31,61,1,0,1,0,0,0,-1,0,None,aggregation
26,172.76,remora5,remora6,-0.39,-0.39,-0.39,17.01,17.03,17.03,17.03,-0.83,-0.83,-0.93,0.43,0.43,0.43,17.52,17.53,17.53,17.53,-0.01,-0.01,-0.11,1.35,1.36,1.37,1.39,1.42,1.44,1.47,1.49,1.51,1.53,2.32,2.32,2.32,2.33,2.33,2.33,2.34,2.34,2.35,2.36,66.37,1,0,1,0,0,0,-1,0,None,aggregation
26,173.76,remora5,remora6,16.93,16.93,-1.22,-1.22,-1.09,-1.09,16.8,16.8,16.8,-1.36,17.43,17.43,-0.4,-0.4,-0.27,-0.27,17.3,17.3,17.3,-0.53,1.54,1.56,1.58,1.59,1.6,1.61,1.63,1.65,1.67,1.69,2.37,2.38,2.38,2.38,2.39,2.39,2.4,2.4,2.41,2.42,66.65,0,1,1,0,0,0,-1,0,None,aggregation
26,174.76,remora5,remora6,16.66,16.66,-1.3,-1.3,-1.3,-1,-1.19,-1.19,-1.19,16.73,17.17,17.17,-0.47,-0.47,-0.47,-0.18,-0.36,-0.36,-0.36,17.24,1.7,1.72,1.74,1.75,1.76,1.77,1.79,1.8,1.81,1.83,2.42,2.43,2.43,2.43,2.44,2.45,2.46,2.47,2.48,2.48,64.87,0,1,1,0,0,0,-1,0,None,aggregation
26,175.76,remora5,remora6,16.73,-1.03,16.77,16.77,-0.97,-0.97,16.83,16.83,-0.69,-0.69,17.24,-0.21,17.28,17.28,-0.15,-0.15,17.34,17.34,0.13,0.13,1.85,1.86,3.11,3.1,3.09,3.09,3.09,3.09,3.09,3.08,2.48,2.49,3.11,3.1,3.09,3.09,3.09,3.09,3.09,3.08,68.89,0,0,1,0,0,0,-1,0,None,aggregation
26,176.76,remora5,remora6,-0.69,-0.39,-0.39,-0.4,-0.39,-0.39,-0.59,-0.59,-0.57,-0.57,0.13,0.43,0.43,0.42,0.43,0.43,0.23,0.23,0.26,0.26,3.08,3.08,3.08,3.08,3.08,3.09,3.1,3.1,3.11,3.11,3.08,3.08,3.08,3.08,3.08,3.09,3.1,3.1,3.11,3.11,62.78,0,0,1,0,0,0,-1,0,None,aggregation
26,177.76,remora5,remora6,-0.57,16.81,16.81,-0.42,-0.42,-0.1,-0.1,-0.1,-0.08,-0.08,0.26,17.32,17.32,0.4,0.4,0.71,0.72,0.72,0.73,0.73,3.11,3.11,3.09,3.09,3.1,3.1,3.1,3.1,3.11,3.11,3.11,3.11,3.09,3.09,3.1,3.1,3.1,3.1,3.11,3.11,57.78,0,0,1,0,0,0,-1,0,None,aggregation
26,178.76,remora5,remora6,-0.08,-0.11,-0.11,0.1,0.1,0.08,0.08,0.08,0.27,0.49,0.73,0.71,0.71,0.91,0.91,0.9,0.9,0.9,1.08,1.3,3.11,3.11,3.12,3.12,3.12,3.13,3.13,3.14,3.15,3.15,3.11,3.11,3.12,3.12,3.12,3.13,3.13,3.14,3.15,3.15,51.5,0,0,1,0,0,0,-1,0,None,aggregation
26,179.76,remora5,remora6,0.5,0.5,0.67,0.67,0.67,0.65,0.85,0.85,1.07,1.07,1.31,1.31,1.47,1.47,1.47,1.45,1.65,1.65,1.86,1.86,3.15,3.15,3.16,3.16,3.16,3.16,3.17,3.18,3.18,3.19,3.15,3.15,3.16,3.16,3.16,3.16,3.17,3.18,3.18,3.19,45.02,0,0,1,0,0,0,-1,0,None,aggregation
26,180.76,remora5,remora6,16.81,16.81,1.22,1.22,1.22,1.4,1.37,1.37,1.37,1.37,17.32,17.32,2.01,2.01,2.01,2.19,2.16,2.16,2.16,2.16,3.19,3.18,3.17,3.17,3.17,3.17,3.18,3.18,3.18,3.18,3.19,3.18,3.17,3.17,3.17,3.17,3.18,3.18,3.18,3.18,44.07,0,0,0,0,0,0,-1,0,None,aggregation
26,181.76,remora5,remora6,1.54,1.54,-8.1,-8.1,-8.1,-8.09,17.5,17.5,1.95,1.95,2.33,2.33,-7.28,-7.28,-7.28,-7.27,17.99,17.99,2.73,2.73,3.18,3.18,3.19,3.19,3.2,3.21,3.21,3.21,3.21,3.21,3.18,3.18,3.19,3.19,3.2,3.21,3.21,3.21,3.21,3.21,47.98,0,0,1,0,0,0,-1,0,None,aggregation
26,182.76,remora5,remora6,1.95,1.95,2.67,2.67,2.64,2.64,2.64,2.85,0,0,2.73,2.73,3.44,3.44,3.41,3.41,3.41,3.61,0,0,3.22,3.22,3.22,3.22,3.22,3.23,3.23,3.23,3.23,3.24,3.22,3.22,3.22,3.22,3.22,3.23,3.23,3.23,3.23,3.24,43.24,0,0,0,0,0,0,-1,0,None,aggregation
26,212.76,remora5,remora6,30,30,30,30,30,30,30,30,30,30,30,30,30,30,30,30,30,30,30,30,6.46,6.42,6.39,6.36,6.34,6.31,6.28,6.24,6.22,6.18,6.46,6.42,6.39,6.36,6.34,8.15,8.12,8.09,8.06,8.03,300,0,0,1,0,0,0,-1,0,None,aggregation
26,213.76,remora5,remora6,30,30,30,30,30,30,30,30,30,30,30,30,30,30,30,30,30,30,30,30,6.15,6.12,6.1,6.07,6.04,6.01,5.98,5.94,5.91,5.88,8.01,7.98,7.96,7.93,7.9,7.87,7.85,7.82,7.79,7.76,300,0,0,1,0,0,0,-1,0,None,aggregation
26,214.76,remora5,remora6,30,30,30,30,30,30,30,30,30,30,30,30,30,30,30,30,30,30,30,30,5.85,5.82,5.79,5.76,5.73,5.7,5.67,5.64,5.61,5.58,7.74,7.71,7.68,7.66,7.63,7.6,7.57,7.55,7.52,7.49,300,0,0,1,0,0,0,-1,0,None,aggregation
26,215.76,remora5,remora6,30,30,30,30,30,30,30,30,0,0,30,30,30,30,30,30,30,30,0,0,5.55,5.52,5.49,5.46,5.44,5.41,5.37,5.34,5.31,5.3,7.46,7.44,7.41,7.39,7.37,7.34,7.31,7.28,7.26,7.25,294,0,0,1,0,0,0,-1,0,None,aggregation
26,216.76,remora5,remora6,0,0,0,0,0,0,0,30,30,30,0,0,0,0,0,0,0,30,30,30,5.3,5.3,5.29,5.29,5.29,5.28,5.28,5.27,5.25,5.23,7.25,7.25,7.25,7.25,7.24,7.24,7.24,7.23,7.21,7.19,273,0,0,1,0,0,0,-1,0,None,aggregation
26,217.76,remora5,remora6,30,30,30,30,30,30,30,30,30,30,30,30,30,30,30,30,30,30,30,30,5.2,5.17,5.13,5.1,5.08,5.06,5.03,5.01,4.98,4.95,7.16,7.13,7.1,7.08,7.06,7.03,7.01,6.98,6.95,6.93,273,0,0,1,0,0,0,-1,0,None,aggregation
26,218.76,remora5,remora6,30,30,30,30,30,30,30,0,0,0,30,30,30,30,30,30,30,0,0,0,4.93,4.9,4.89,4.86,4.84,4.81,4.79,4.77,4.77,4.77,6.91,6.89,6.87,6.84,6.82,6.79,6.77,6.75,6.75,6.75,264,0,0,1,0,0,0,-1,0,None,aggregation
26,219.76,remora5,remora6,0,30,30,30,30,30,30,30,30,30,0,30,30,30,30,30,30,30,30,30,4.78,4.76,4.73,4.7,4.67,4.65,4.63,4.61,4.59,4.56,6.76,6.74,6.71,6.69,6.66,6.64,6.62,6.6,6.58,6.55,261,0,0,1,0,0,0,-1,0,None,aggregation
26,220.76,remora5,remora6,30,30,30,30,30,30,0,0,0,0,30,30,30,30,30,30,0,0,0,0,4.54,4.51,4.49,4.47,4.46,4.44,4.42,4.41,4.41,4.42,6.53,7.67,7.65,7.63,7.61,7.59,7.57,7.56,7.56,7.56,249,0,0,1,0,0,0,-1,0,None,aggregation
26,221.76,remora5,remora6,0,30,30,30,30,30,0,0,0,0,0,30,30,30,30,30,0,0,0,0,4.42,4.41,4.4,4.39,4.38,4.37,4.36,4.36,4.37,4.38,7.55,7.54,7.52,7.5,7.48,7.46,7.44,7.43,7.43,7.44,234,0,0,1,0,0,0,-1,0,None,aggregation
26,222.76,remora5,remora6,0,0,0,0,0,30,0,0,0,0,0,0,0,0,0,30,0,0,0,0,4.39,4.4,4.41,4.42,4.43,4.43,4.43,4.43,4.44,4.45,7.44,7.45,7.45,7.45,7.45,7.44,7.42,7.42,7.43,7.43,207,0,0,1,0,0,0,-1,0,None,aggregation
26,223.76,remora5,remora6,30,30,0,0,0,0,0,30,30,30,30,30,0,0,0,0,0,30,30,30,4.46,4.45,4.44,4.44,4.45,4.47,4.48,4.48,4.47,4.46,7.44,8.06,8.04,8.03,8.04,8.04,8.04,8.04,8.02,7.99,192,0,0,1,0,0,0,-1,0,None,aggregation
26,224.76,remora5,remora6,0,0,0,0,30,30,30,30,0,0,0,0,0,0,30,30,30,30,0,0,4.46,4.46,4.48,4.49,4.5,4.51,4.5,4.49,4.49,4.5,7.98,7.98,7.98,7.99,7.99,7.98,7.97,7.94,7.92,7.92,174,0,0,1,0,0,0,-1,0,None,aggregation
26,225.76,remora5,remora6,0,0,0,30,30,30,30,30,30,30,0,0,0,30,30,30,30,30,30,30,4.52,4.52,4.51,4.5,4.49,4.49,4.48,4.48,4.48,4.47,7.92,7.93,7.93,7.92,7.91,7.88,7.86,7.84,7.82,7.8,171,0,0,1,0,0,0,-1,0,None,aggregation
26,226.76,remora5,remora6,30,0,0,0,0,0,0,0,0,30,30,0,0,0,0,0,0,0,0,30,4.47,4.48,4.5,4.52,4.53,4.54,4.55,4.57,4.59,4.61,7.78,7.78,7.79,7.79,7.79,7.79,7.79,7.79,7.8,7.8,168,0,0,1,0,0,0,-1,0,None,aggregation
26,227.76,remora5,remora6,30,30,30,30,30,30,0,0,0,0,30,30,30,30,30,30,0,0,0,0,4.61,4.6,4.6,4.6,4.6,4.59,4.55,4.55,4.55,4.54,7.79,7.77,7.75,7.73,7.71,7.69,7.66,7.66,7.66,7.66,156,0,0,1,0,0,0,-1,0,None,aggregation
26,228.76,remora5,remora6,0,30,30,30,30,30,0,0,0,0,0,30,30,30,30,30,0,0,0,0,4.53,4.52,4.52,4.52,4.52,4.53,4.54,4.56,4.57,4.59,7.65,7.64,7.62,7.61,7.59,7.58,7.58,7.58,7.58,7.58,150,0,0,1,0,0,0,-1,0,None,aggregation
26,229.76,remora5,remora6,0,30,0,0,0,0,0,30,0,0,0,30,0,0,0,0,0,30,0,0,4.6,4.61,4.62,4.63,4.64,4.66,4.67,4.69,4.7,4.72,7.58,7.57,7.56,7.56,7.56,7.56,7.57,7.57,7.56,7.56,129,0,0,1,0,0,0,-1,0,None,aggregation
26,230.76,remora5,remora6,0,0,30,30,30,30,30,30,30,30,0,0,30,30,30,30,30,30,30,30,4.74,4.77,4.79,4.8,4.81,4.82,4.83,4.84,4.85,4.86,7.56,7.56,7.57,7.55,7.54,7.52,7.51,7.49,7.48,7.47,135,0,0,1,0,0,0,-1,0,None,aggregation
26,231.76,remora5,remora6,30,30,0,0,0,0,30,30,0,0,30,30,0,0,0,0,30,30,0,0,4.87,4.88,4.89,4.91,4.93,4.94,4.95,4.96,4.97,4.99,7.46,7.45,7.43,7.43,7.43,7.43,7.43,7.43,7.42,7.41,132,0,0,1,0,0,0,-1,0,None,aggregation
26,232.76,remora5,remora6,0,0,30,30,30,30,30,30,30,30,0,0,30,30,30,30,30,30,30,30,5.01,5.03,5.04,5.06,5.07,5.08,5.09,5.1,5.11,5.12,7.42,7.42,7.42,7.42,7.41,7.4,7.39,7.37,7.36,7.34,153,0,0,1,0,0,0,-1,0,None,aggregation
26,233.76,remora5,remora6,30,30,30,30,30,30,30,30,30,30,30,30,30,30,30,30,30,30,30,30,5.13,5.14,5.14,5.15,5.16,5.17,5.18,5.18,5.19,5.2,7.33,7.31,7.29,7.28,7.27,7.26,7.25,7.24,7.22,7.21,168,0,0,1,0,0,0,-1,0,None,aggregation
26,234.76,remora5,remora6,30,30,30,30,30,30,30,30,30,30,30,30,30,30,30,30,30,30,30,30,5.21,5.22,5.23,5.24,5.25,5.26,5.26,5.28,5.29,5.31,7.19,7.18,7.16,7.15,7.14,7.13,7.11,7.1,7.08,7.08,186,0,0,1,0,0,0,-1,0,None,aggregation
26,235.76,remora5,remora6,30,30,30,30,30,30,30,30,30,30,30,30,30,30,30,30,30,30,30,30,5.32,5.34,5.35,5.36,5.37,5.38,5.39,5.4,5.41,5.42,7.07,7.07,7.06,7.04,7.03,7.01,7,6.99,6.97,6.96,195,0,0,1,0,0,0,-1,0,None,aggregation
26,236.76,remora5,remora6,30,30,30,30,30,30,30,30,30,30,30,30,30,30,30,30,30,30,30,30,5.44,5.45,5.46,5.47,5.48,5.49,5.51,5.52,5.53,5.54,6.95,6.94,6.93,6.92,6.9,6.89,6.88,6.86,6.85,6.84,219,0,0,1,0,0,0,-1,0,None,aggregation
26,237.76,remora5,remora6,30,30,30,30,30,30,30,30,30,30,30,30,30,30,30,30,30,30,30,30,5.55,5.57,5.59,5.6,5.62,5.63,5.64,5.65,5.67,5.68,6.84,6.83,6.82,6.81,6.8,6.79,6.77,6.76,6.75,6.75,231,0,0,1,0,0,0,-1,0,None,aggregation
26,238.76,remora5,remora6,30,0.94,0.94,1.16,1.78,1.78,2.42,2.42,2.42,3.08,30,-9.53,-9.53,-9.31,-8.68,-8.68,-8.04,-8.04,-8.04,-7.38,5.7,5.71,5.72,5.74,5.76,5.78,5.8,5.81,5.82,5.82,6.74,6.74,6.74,6.74,6.74,6.75,6.76,6.77,6.78,6.78,222.01,0,0,1,0,0,0,-1,0,None,aggregation
26,239.76,remora5,remora6,3.76,3.76,4.44,4.44,4.44,5.12,5.62,5.62,6.06,6.06,-6.71,-6.71,-6.03,-6.03,-6.03,-5.34,-4.46,-4.46,-3.57,-3.57,5.82,5.82,5.82,5.82,5.82,5.82,5.82,5.82,5.82,5.82,6.78,6.78,6.78,6.77,6.77,6.77,6.77,6.76,6.76,6.76,216.92,0,0,1,0,0,0,-1,0,None,aggregation
26,240.76,remora5,remora6,6.06,6.49,6.89,6.89,7.27,7.27,7.27,7.61,7.93,7.93,-3.57,-2.71,-1.89,-1.89,-1.12,-1.12,-1.12,-0.39,0.29,0.29,5.82,5.82,5.82,5.81,5.81,5.81,5.81,5.8,5.8,5.8,6.76,6.77,6.77,6.76,6.76,6.75,6.75,6.74,6.74,6.74,195.84,0,0,1,0,0,0,-1,0,None,aggregation
26,241.76,remora5,remora6,7.93,8.23,8.23,8.51,0,0,30,30,30,30,0.29,0.94,0.94,1.55,0,0,30,30,30,30,5.8,5.79,5.79,5.78,5.78,5.78,5.78,5.76,5.73,5.7,6.74,6.74,6.73,6.72,6.72,6.71,6.71,6.7,6.67,6.65,197.67,0,0,1,0,0,0,-1,0,None,aggregation
26,242.76,remora5,remora6,30,30,30,30,30,30,30,30,30,30,30,30,30,30,30,30,30,30,30,30,5.68,5.65,5.62,5.6,5.57,5.54,5.51,5.48,5.46,5.43,6.62,6.59,6.56,6.53,6.5,6.47,6.44,6.41,6.39,6.36,203.67,0,0,1,0,0,0,-1,0,None,aggregation
26,243.76,remora5,remora6,30,30,30,30,30,0,0,0,0,30,30,30,30,30,30,0,0,0,0,30,5.4,5.37,5.34,5.32,5.29,5.27,5.27,5.27,5.27,5.26,6.34,6.31,6.28,6.25,6.22,6.2,6.2,6.2,6.2,6.18,191.67,0,0,1,0,0,0,-1,0,None,aggregation
26,124.76,remora5,remora4,4.88,-10.01,-10.01,7.13,6.93,6.93,5,5,5,5.13,5.61,-9.19,-9.19,7.82,7.63,7.63,5.73,5.73,5.73,5.86,3.37,3.36,3.36,3.35,3.34,3.32,3.3,3.3,3.3,3.28,3.38,3.37,3.37,3.36,3.34,3.33,3.33,3.34,3.35,3.34,84.17,0,0,1,0,0,0,-1,0,None,aggregation
26,125.76,remora5,remora4,-9.57,-9.57,7.72,7.72,7.88,7.88,5.8,5.8,5.8,-9.11,-8.75,-8.75,8.4,8.4,8.56,8.56,6.51,6.51,6.51,-8.29,3.27,3.26,3.26,3.25,3.24,3.23,3.21,3.2,3.18,3.18,3.32,3.32,3.32,3.3,3.29,3.28,3.26,3.25,3.24,3.24,82.87,0,0,1,0,0,0,-1,0,None,aggregation
26,126.76,remora5,remora4,-9.16,-9.16,8.65,8.65,-8.66,-8.66,-8.56,-8.56,-8.56,-8.54,-8.34,-8.34,9.31,9.31,-7.84,-7.84,-7.74,-7.74,-7.74,-7.72,3.18,3.18,3.18,3.18,3.18,3.19,3.19,3.19,3.19,3.2,3.25,3.27,3.28,3.28,3.28,3.28,3.28,3.28,3.28,3.28,83.31,0,0,1,0,0,0,-1,0,None,aggregation
26,127.76,remora5,remora4,-8.54,8.65,-8.38,-8.38,6.37,6.37,-8.14,-8.14,-7.98,-7.98,-7.72,9.31,-7.56,-7.56,7.08,7.08,-7.32,-7.32,-7.16,-7.16,3.2,3.2,3.19,3.18,3.18,3.17,3.16,3.16,3.16,3.18,3.28,3.27,3.26,3.26,3.27,3.27,3.26,3.25,3.25,3.27,82.17,0,0,1,0,0,0,-1,0,None,aggregation
26,128.76,remora5,remora4,6.92,6.92,-7.48,-7.48,-7.34,-7.34,-7.34,-7.11,-6.9,-6.9,7.62,7.62,-6.66,-6.66,-6.52,-6.52,-6.52,-6.29,-6.08,-6.08,3.2,3.19,3.18,3.17,3.17,3.18,3.2,3.21,3.21,3.22,3.3,3.3,3.28,3.28,3.27,3.28,3.29,3.29,3.29,3.3,78.93,0,0,1,0,0,0,-1,0,None,aggregation
26,129.76,remora5,remora4,-6.85,-6.85,-6.85,-6.52,8.69,8.69,8.69,25.39,-5.6,-5.6,-6.02,-6.02,-6.02,-5.7,9.35,9.35,9.35,25.68,-4.78,-4.78,3.22,3.22,3.23,3.23,3.23,3.22,3.21,3.2,3.19,3.18,3.32,3.33,3.35,5.35,5.34,5.32,5.31,5.29,5.27,5.26,80.44,0,0,1,0,0,0,-1,0,None,aggregation
26,130.76,remora5,remora4,-5.6,12.33,10.74,10.74,10.74,-4.93,-4.9,-4.9,13.48,13.48,-4.78,12.93,11.36,11.36,11.36,-4.11,-4.08,-4.08,14.05,14.05,3.19,3.18,3.16,3.15,3.14,3.13,3.13,3.14,3.14,3.13,5.25,5.23,5.21,5.2,5.18,5.17,5.17,5.17,5.17,5.16,83.32,0,0,1,0,0,0,-1,0,None,aggregation
26,131.76,remora5,remora4,12.13,12.13,12.13,-3.75,-3.75,14.91,13.58,13.58,13.58,-2.91,12.72,12.72,12.72,-2.93,-2.93,15.45,14.15,14.15,14.15,-2.09,3.12,3.11,3.09,3.1,3.12,3.12,3.13,3.12,3.11,3.1,5.14,5.13,5.11,5.1,5.09,5.09,5.08,5.07,5.07,5.06,84.94,0,0,1,0,0,0,-1,0,None,aggregation
26,132.76,remora5,remora4,-2.81,-2.81,-2.81,14.97,14.97,16.64,-1.7,-1.7,-1.7,16.37,-1.99,-1.99,-1.99,15.51,15.51,17.15,-0.88,-0.88,-0.88,16.88,3.1,3.1,3.1,3.09,3.07,3.04,3.02,3.03,3.05,3.04,5.05,5.06,5.07,5.07,5.08,5.08,5.07,5.08,5.09,5.09,83.46,0,0,1,0,0,0,-1,0,None,aggregation
26,133.76,remora5,remora4,28.73,28.73,-1.3,-1.3,-1.05,-1.05,-0.81,-0.81,-0.67,-0.67,28.88,28.88,-0.48,-0.48,-0.23,-0.23,0.02,0.02,0.15,0.15,3.03,3,2.97,2.96,2.96,2.96,2.96,2.95,2.95,2.95,5.09,5.07,5.06,5.05,5.04,5.05,5.05,5.06,5.07,5.08,79.76,0,1,1,0,0,0,-1,0,None,aggregation
26,134.76,remora5,remora4,-0.67,-0.23,-0.23,-0.08,0.18,0.18,20.72,20.72,0.47,0.47,0.15,0.59,0.59,0.73,0.99,0.99,21.14,21.14,1.27,1.27,2.95,2.95,2.95,2.95,2.94,2.94,2.94,2.93,2.91,2.9,5.09,5.1,5.1,5.11,5.11,5.11,5.12,5.11,5.11,5.11,77.52,0,1,1,0,0,0,-1,0,None,aggregation
26,135.76,remora5,remora4,21.57,21.57,21.57,22.04,22.29,22.29,1.09,1.09,1.34,1.34,21.96,21.96,21.96,22.43,22.67,22.67,1.88,1.88,2.13,2.13,2.9,2.88,2.87,2.85,2.83,2.81,2.78,2.77,2.77,2.76,5.13,5.13,5.14,5.14,5.13,5.12,5.12,5.11,5.12,5.12,83.61,0,1,1,0,0,0,-1,0,None,aggregation
26,136.76,remora5,remora4,1.34,1.26,1.26,1.13,1.03,1.03,1.27,1.27,1.27,1.21,2.13,2.06,2.06,1.93,1.82,1.82,2.06,2.06,2.06,2.01,2.75,2.75,2.74,2.73,2.72,2.71,2.71,2.7,2.7,2.7,5.12,5.12,5.12,5.12,5.12,5.13,5.14,5.14,5.14,5.15,76.76,0,1,1,0,0,0,-1,0,None,aggregation
26,137.76,remora5,remora4,1.21,24.9,1.33,1.33,1.55,1.55,1.4,1.4,1.4,26.01,2.01,25.2,2.13,2.13,2.34,2.34,2.19,2.19,2.19,26.28,2.7,2.68,2.66,2.65,2.64,2.63,2.63,2.62,2.62,2.61,5.15,5.14,5.14,5.15,5.16,5.16,5.16,5.16,5.16,5.16,75.6,0,1,1,0,0,0,-1,0,None,aggregation
26,138.76,remora5,remora4,26.01,1.25,1.42,1.42,1.18,1.18,0.9,0.9,1.21,1.21,26.28,2.05,2.21,2.21,1.97,1.97,1.7,1.7,2,2,2.59,2.58,2.57,2.56,2.56,2.55,2.54,2.54,2.53,2.53,5.15,5.15,5.16,5.16,5.17,5.17,5.17,5.17,5.18,5.19,72.73,0,1,1,0,0,0,-1,0,None,aggregation
26,139.76,remora5,remora4,1.21,0.96,27.29,27.29,0.59,0.59,0.77,0.77,27.49,27.49,2,1.76,27.51,27.51,1.39,1.39,1.57,1.57,27.7,27.7,2.52,2.52,2.51,2.48,2.46,2.45,2.45,2.44,2.44,2.41,5.19,2.78,2.77,2.75,2.73,2.74,2.75,2.75,2.74,2.72,75.62,0,1,1,0,0,0,-1,0,None,aggregation
26,140.76,remora5,remora4,0.47,0.47,0.47,27.52,0.27,0.27,0.41,0.41,27.2,27.2,1.28,1.28,1.28,27.73,1.08,1.08,1.21,1.21,27.42,27.42,2.39,2.38,2.38,2.36,2.33,2.32,2.32,2.31,2.31,2.29,2.7,2.69,2.68,2.66,2.64,2.65,2.66,2.66,2.65,2.63,75.2,0,1,1,0,0,0,-1,0,None,aggregation
26,141.76,remora5,remora4,0.13,0.13,0.54,0.54,0.54,0.67,0.9,0.9,1.58,1.58,0.94,0.94,1.35,1.35,1.35,1.47,1.7,1.7,2.36,2.36,2.26,2.26,2.26,2.27,2.27,2.27,2.27,2.27,2.28,2.28,2.61,2.6,2.6,2.6,2.59,2.6,2.61,2.63,2.64,2.64,66.03,0,1,1,0,0,0,-1,0,None,aggregation
26,142.76,remora5,remora4,2.03,2.03,2.6,2.6,2.6,2.59,2.77,2.77,2.77,3.33,2.8,2.8,3.37,3.37,3.37,3.36,3.53,3.53,3.53,4.08,2.28,2.28,2.27,2.27,2.27,2.28,2.28,2.28,2.28,2.28,2.63,2.63,2.62,2.61,2.61,2.6,2.6,2.61,2.62,2.62,61.52,0,1,1,0,0,0,-1,0,None,aggregation
26,143.76,remora5,remora4,3.33,3.75,4.31,4.31,4.38,4.38,4.38,25.2,4.98,4.98,4.08,4.5,5.05,5.05,5.12,5.12,5.12,25.49,5.71,5.71,2.28,2.28,2.28,2.28,2.28,2.28,2.27,2.26,2.25,2.24,2.62,2.61,2.61,2.6,2.6,2.61,2.62,2.61,2.6,2.59,62.06,0,1,1,0,0,0,-1,0,None,aggregation
26,144.76,remora5,remora4,5.52,5.52,5.63,5.63,6.01,6.01,6.12,6.12,6.12,6.65,6.24,6.24,6.35,6.35,6.72,6.72,6.83,6.83,6.83,7.35,2.23,2.23,2.23,2.23,2.22,2.22,2.22,2.21,2.21,2.21,2.58,2.57,2.57,2.56,2.55,2.56,2.57,2.58,2.59,2.6,63.78,0,1,1,0,0,0,-1,0,None,aggregation
26,145.76,remora5,remora4,6.65,7.14,7.32,7.32,7.65,7.65,7.8,7.8,8.19,8.19,7.35,7.83,8,8,8.33,8.33,8.48,8.48,8.86,8.86,2.21,2.21,2.21,2.21,2.21,2.21,2.21,2.2,2.2,2.2,2.59,2.59,2.58,2.58,2.57,2.56,2.56,2.55,2.55,2.54,57.8,0,1,1,0,0,0,-1,0,None,aggregation
26,146.76,remora5,remora4,8.19,8.34,8.67,8.67,9.13,9.13,9.23,9.23,9.23,9.6,8.86,9.01,9.34,9.34,9.79,9.79,9.88,9.88,9.88,10.25,2.2,2.2,2.2,2.19,2.19,2.19,2.19,2.18,2.17,2.17,2.53,2.54,2.55,2.55,2.55,2.54,2.53,2.53,2.52,2.52,65.47,0,1,1,0,0,0,-1,0,None,aggregation
26,147.76,remora5,remora4,9.62,9.62,-6.28,-6.28,-6.28,-5.75,10.58,10.58,10.64,10.64,10.26,10.26,-5.45,-5.45,-5.45,-4.93,11.21,11.21,11.27,11.27,2.17,2.16,2.16,2.17,2.18,2.18,2.19,2.19,2.19,2.19,2.52,2.53,2.55,2.55,2.55,2.55,2.55,2.55,2.54,2.53,67.57,0,1,1,0,0,0,-1,0,None,aggregation
26,148.76,remora5,remora4,11.02,11.02,11.13,11.13,11.46,11.46,11.87,11.87,11.98,11.98,11.64,11.64,11.75,11.75,12.07,12.07,12.47,12.47,12.58,12.58,2.18,2.18,2.18,2.18,2.17,2.17,2.17,2.17,2.16,2.16,2.53,2.52,2.52,2.52,2.53,2.54,2.53,2.52,2.52,2.51,75.33,0,1,1,0,0,0,-1,0,None,aggregation
26,149.76,remora5,remora4,11.98,12.32,12.69,12.69,12.98,12.98,12.98,13.36,13.45,13.45,12.58,12.92,13.27,13.27,13.56,13.56,13.56,13.93,14.02,14.02,2.16,2.16,2.15,2.14,2.14,2.14,2.14,2.13,2.13,2.13,2.51,2.51,2.51,2.53,2.54,2.54,2.53,2.53,2.52,2.52,76.78,0,1,1,0,0,0,-1,0,None,aggregation
26,150.76,remora5,remora4,13.78,13.78,13.78,14.21,14.31,14.31,14.65,14.65,14.98,14.98,14.35,14.35,14.35,14.77,14.86,14.86,15.19,15.19,15.53,15.53,2.13,2.12,2.12,2.12,2.12,2.12,2.11,2.11,2.11,2.1,2.51,2.51,2.5,2.5,2.49,2.5,2.51,2.51,2.51,2.5,82.61,0,1,1,0,0,0,-1,0,None,aggregation
26,151.76,remora5,remora4,15.29,15.29,15.59,15.59,15.59,15.7,16.04,16.04,16.35,16.35,15.82,15.82,16.12,16.12,16.12,16.23,16.56,16.56,16.86,16.86,2.1,2.09,2.09,2.09,2.09,2.08,2.08,2.07,2.07,2.06,2.5,2.49,2.49,2.49,2.51,2.52,2.53,2.53,2.53,2.52,97.51,0,1,1,0,0,0,-1,0,None,aggregation
26,152.76,remora5,remora4,16.62,16.62,16.62,16.91,17.25,17.25,17.25,2.54,5.74,5.74,17.13,17.13,17.13,17.41,17.74,17.74,17.74,3.31,6.45,6.45,2.06,2.05,2.05,2.05,2.04,2.04,2.03,2.03,2.03,2.03,2.51,2.51,2.5,2.5,2.49,2.49,2.48,2.49,2.5,2.5,108.06,0,1,1,0,0,0,-1,0,None,aggregation
26,153.76,remora5,remora4,6.11,6.11,6.11,18.06,6.73,6.73,6.73,4.52,18.67,18.67,6.82,6.82,6.82,18.54,7.42,7.42,7.42,5.26,19.14,19.14,2.03,2.02,2.02,2.02,2.02,2.01,2.01,2.01,2.01,2.01,2.5,2.49,2.49,2.48,2.48,2.49,2.5,2.52,2.53,2.53,111.47,0,1,1,0,0,0,-1,0,None,aggregation
26,154.76,remora5,remora4,19.01,19.01,24.29,24.29,8.65,8.65,9.26,9.26,9.26,9.6,19.46,19.46,24.61,24.61,9.31,9.31,9.91,9.91,9.91,10.25,2.01,2,2,2,2,1.99,1.99,1.99,1.99,1.99,2.53,2.52,2.52,2.52,2.52,2.52,2.51,2.51,2.5,2.51,119.58,0,1,1,0,0,0,-1,0,None,aggregation
26,155.76,remora5,remora4,7.64,7.64,20.36,20.36,20.64,20.64,25.04,25.04,25.26,25.26,8.32,8.32,20.78,20.78,21.06,21.06,25.34,25.34,25.55,25.55,1.99,1.99,1.99,1.99,1.99,1.99,1.99,1.99,1.99,1.99,2.52,2.54,2.55,2.55,2.55,2.55,2.55,2.55,2.55,2.56,131.67,0,1,1,0,0,0,-1,0,None,aggregation
26,156.76,remora5,remora4,25.39,25.39,25.54,25.54,13.39,13.39,13.39,22.34,12.96,12.96,25.68,25.68,25.82,25.82,13.96,13.96,13.96,22.71,13.55,13.55,1.99,2,2,2,2,2,2.01,2.01,2.01,2.01,2.56,2.56,2.56,2.58,2.6,2.61,2.63,2.64,2.64,2.64,141.64,0,1,1,0,0,0,-1,0,None,aggregation
26,157.76,remora5,remora4,12.96,13.38,14.9,14.9,15.32,15.32,14.61,14.61,23.57,23.57,13.55,13.96,15.44,15.44,15.85,15.85,15.16,15.16,23.91,23.91,2.02,2.02,2.02,2.02,2.03,2.03,2.03,2.04,2.04,2.05,2.64,2.64,2.64,2.64,2.64,2.65,2.65,2.66,2.68,2.68,149.56,0,1,1,0,0,0,-1,0,None,aggregation
26,158.76,remora5,remora4,23.57,16.46,16.97,16.97,16.97,27,27,17.59,18.09,18.09,23.91,16.97,17.47,17.47,17.47,27.23,27.23,18.08,18.57,18.57,2.05,2.06,2.06,2.07,2.1,2.12,2.15,2.17,2.2,2.22,2.69,2.69,2.7,2.71,2.74,2.75,2.77,2.79,2.8,2.82,157.85,0,1,1,0,0,0,-1,0,None,aggregation
26,159.76,remora5,remora4,18.09,17.92,18.71,18.71,18.68,18.68,19.05,19.05,25.64,25.64,18.57,18.4,19.17,19.17,19.14,19.14,19.5,19.5,25.92,25.92,2.25,2.27,2.3,2.33,2.35,2.38,2.41,2.43,2.46,2.49,2.85,2.88,2.91,2.92,2.94,2.95,2.97,2.98,3,3.02,164.9,0,1,1,0,0,0,-1,0,None,aggregation
26,160.76,remora5,remora4,20.06,20.06,28.16,28.16,20.54,20.54,28.29,28.29,20.86,20.86,20.49,20.49,28.34,28.34,20.96,20.96,28.46,28.46,21.27,21.27,2.52,2.55,2.58,2.61,2.64,2.67,2.7,2.73,2.77,2.8,3.04,3.06,3.09,3.12,3.16,3.18,3.19,3.22,3.24,3.26,174.02,0,1,1,0,0,0,-1,0,None,aggregation
26,161.76,remora5,remora4,20.86,21.35,21.69,21.69,0,0,0,0,-15.13,-15.13,21.27,21.75,22.09,22.09,0,0,0,0,-15.95,-15.95,2.83,2.86,2.89,2.92,2.95,2.98,3,3.02,3.04,3.05,3.27,3.3,3.32,3.35,3.38,3.39,3.4,3.4,3.41,3.41,169.72,0,1,1,0,0,0,-1,0,None,aggregation
26,162.76,remora5,remora4,-14.87,-14.87,-14.38,-14.38,-4.63,-4.63,-4.63,-12.54,-3.95,-3.95,-15.69,-15.69,-15.2,-15.2,-5.46,-5.46,-5.46,-13.36,-4.77,-4.77,3.06,3.08,3.09,3.1,3.12,3.14,3.16,3.17,3.19,3.21,3.41,3.41,3.42,3.42,3.42,3.43,3.44,3.44,3.45,3.45,165.88,0,0,1,0,0,0,-1,0,None,aggregation
26,163.76,remora5,remora4,-3.95,-13.12,-2.73,-2.73,-11.48,-11.48,-11.48,-2.13,-11.83,-11.83,-4.77,-13.95,-3.55,-3.55,-12.3,-12.3,-12.3,-2.95,-12.65,-12.65,3.23,3.25,3.26,3.27,3.28,3.28,3.29,3.3,3.32,3.34,3.46,3.47,3.47,3.47,3.48,3.48,3.49,3.49,3.5,3.5,164.4,0,0,1,0,0,0,-1,0,None,aggregation
26,164.76,remora5,remora4,0,0,0,0,-0.78,-0.78,0,0,0,30,0,0,0,0,-1.6,-1.6,0,0,0,30,3.36,3.38,3.41,3.43,3.46,3.48,3.5,3.51,3.5,3.5,3.5,3.51,3.51,3.52,3.53,3.54,3.56,3.56,3.56,3.56,153.24,0,0,1,0,0,0,-1,0,None,aggregation
26,165.76,remora5,remora4,30,0,0,-10.96,-10.95,-10.95,-11.32,-11.32,-11.32,-0.22,30,0,0,-11.79,-11.77,-11.77,-12.14,-12.14,-12.14,-1.04,3.5,3.5,3.49,3.48,3.47,3.46,3.44,3.45,3.46,3.47,3.57,3.57,3.57,3.57,3.56,3.55,3.54,3.54,3.55,3.55,143.23,0,0,1,0,0,0,-1,0,None,aggregation
26,166.76,remora5,remora4,-10.53,-10.53,-10.53,0,0,0,-9.29,-9.29,-9.29,-10.02,-11.36,-11.36,-11.36,0,0,0,-10.11,-10.11,-10.11,-10.84,3.49,3.49,3.48,3.47,3.46,3.45,3.45,3.44,3.43,3.43,3.56,3.56,3.55,3.54,3.54,3.54,3.53,3.53,3.52,3.52,131.22,0,0,1,0,0,0,-1,0,None,aggregation
26,167.76,remora5,remora4,0,0,0,0,0,-9.53,-9.56,-9.56,-9.56,-9.31,0,0,0,0,0,-10.35,-10.38,-10.38,-10.38,-10.13,3.45,3.45,3.44,3.44,3.44,3.43,3.42,3.42,3.41,3.41,3.52,3.52,3.51,3.5,3.49,3.48,3.47,3.46,3.46,3.46,119.61,0,0,1,0,0,0,-1,0,None,aggregation
26,168.76,remora5,remora4,-8.38,-8.38,2.82,2.82,2.82,-7.98,-7.98,-7.97,-7.26,-7.26,-9.2,-9.2,2.04,2.04,2.04,-8.8,-8.8,-8.79,-8.08,-8.08,3.42,3.43,3.44,3.44,3.44,3.44,3.43,3.43,3.42,3.42,3.46,3.46,3.47,3.47,3.47,3.47,3.47,3.46,3.45,3.44,106.06,0,0,1,0,0,0,-1,0,None,aggregation
26,169.76,remora5,remora4,-7.48,-7.48,-7.48,0,0,0,0,-6.97,-6.97,-6.98,-8.31,-8.31,-8.31,0,0,0,0,-7.79,-7.79,-7.8,3.42,3.41,3.41,3.41,3.41,3.41,3.41,3.41,3.41,3.4,3.43,3.43,3.42,3.42,3.42,3.42,3.42,3.42,3.41,3.4,90.42,0,0,1,0,0,0,-1,0,None,aggregation
26,170.76,remora5,remora4,-6.89,-6.89,4.74,4.74,-6.38,-6.38,-6.23,-6.23,0,0,-7.71,-7.71,3.99,3.99,-7.2,-7.2,-7.05,-7.05,0,0,3.38,3.37,3.37,3.37,3.37,3.36,3.34,3.33,3.33,3.33,3.39,3.38,3.38,3.38,3.39,3.38,3.37,3.36,3.36,3.36,71.7,0,0,1,0,0,0,-1,0,None,aggregation
26,171.76,remora5,remora4,0,0,-5.72,-5.72,-5.73,-5.73,-5.48,-5.48,-4.95,-4.95,0,0,-6.54,-6.54,-6.56,-6.56,-6.3,-6.3,-5.77,-5.77,3.33,3.33,3.33,3.32,3.3,3.29,3.29,3.29,3.28,3.28,3.36,3.36,3.36,3.35,3.34,3.34,3.33,3.33,3.32,3.32,64.65,0,0,1,0,0,0,-1,0,None,aggregation
26,172.76,remora5,remora4,-5.43,-5.43,-5.43,-4.87,-4.92,-4.92,-3.64,-3.64,-3.64,8.76,-6.25,-6.25,-6.25,-5.69,-5.74,-5.74,-4.46,-4.46,-4.46,8.09,3.28,3.27,3.27,3.26,3.24,3.23,3.21,3.2,3.19,3.2,3.31,3.31,3.31,3.3,3.28,3.27,3.25,3.24,5.49,5.48,60.36,0,0,1,0,0,0,-1,0,None,aggregation
26,173.76,remora5,remora4,-2.86,-2.86,-2.59,-2.59,-2.33,-2.33,-2.33,10.44,10.44,-1.52,-3.68,-3.68,-3.41,-3.41,-3.15,-3.15,-3.15,9.8,9.8,-2.34,3.2,3.19,3.17,3.17,3.17,3.17,3.17,3.16,3.15,3.15,5.48,5.47,5.47,5.46,5.46,5.45,5.45,5.44,5.43,5.43,55.97,0,0,1,0,0,0,-1,0,None,aggregation
26,174.76,remora5,remora4,-1.52,0,0,0,11.65,11.65,11.64,11.64,11.64,-0.95,-2.34,0,0,0,11.04,11.04,11.02,11.02,11.02,-1.77,3.15,3.14,3.12,3.12,3.12,3.12,3.13,3.13,3.14,3.13,5.43,5.42,5.41,5.41,5.4,5.4,5.4,5.4,5.4,5.39,58.73,0,0,1,0,0,0,-1,0,None,aggregation
26,175.76,remora5,remora4,-0.95,-0.95,-0.68,-0.68,12.83,12.83,13.22,13.22,13.22,-0.16,-1.77,-1.77,-1.5,-1.5,12.23,12.23,12.63,12.63,12.63,-0.98,3.12,3.11,3.11,3.1,3.09,3.09,3.09,3.09,3.09,3.08,5.39,5.38,6.5,6.49,6.48,6.48,6.48,6.48,6.47,6.47,55.66,0,0,1,0,0,0,-1,0,None,aggregation
26,176.76,remora5,remora4,-0.16,0.12,0.12,0.4,14.36,14.36,14.73,14.73,1,1,-0.98,-0.7,-0.7,-0.42,13.79,13.79,14.18,14.18,0.19,0.19,3.08,3.08,3.08,3.08,3.08,3.09,3.1,3.1,3.11,3.11,6.47,6.46,6.46,6.46,6.46,6.46,6.46,6.47,6.47,6.47,54.37,0,0,1,0,0,0,-1,0,None,aggregation
26,177.76,remora5,remora4,1.3,1.3,15.46,15.46,15.46,1.83,1.83,1.85,2.14,2.14,0.49,0.49,14.92,14.92,14.92,1.03,1.03,1.05,1.35,1.35,3.11,3.11,3.09,3.09,3.1,3.1,3.1,3.1,3.11,3.11,6.47,6.46,6.46,6.45,6.46,6.46,6.45,6.45,6.45,6.45,54.92,0,0,1,0,0,0,-1,0,None,aggregation
26,178.76,remora5,remora4,2.14,16.54,2.94,2.94,16.88,16.88,17.23,17.23,3.04,3.04,1.35,16.01,2.17,2.17,16.37,16.37,16.72,16.72,2.27,2.27,3.11,3.11,3.12,3.12,3.12,3.13,3.13,3.14,3.15,3.15,6.45,6.45,6.46,6.46,6.46,6.46,6.46,6.46,6.47,6.47,57.95,0,0,1,0,0,0,-1,0,None,aggregation
26,179.76,remora5,remora4,3.34,3.34,3.63,3.63,3.63,18.24,18.24,18.24,4.24,4.24,2.57,2.57,2.87,2.87,2.87,17.76,17.76,17.76,3.48,3.48,3.15,3.15,3.16,3.16,3.16,3.16,3.17,3.18,3.18,3.19,6.46,6.46,6.46,6.46,6.46,6.46,6.47,6.48,6.48,6.48,61.11,0,0,1,0,0,0,-1,0,None,aggregation
26,180.76,remora5,remora4,4.24,4.54,4.81,4.81,4.81,5.1,5.37,5.37,5.37,5.65,3.48,3.79,4.07,4.07,4.07,4.36,4.64,4.64,4.64,4.93,3.19,3.18,3.17,3.17,3.17,3.17,3.18,3.18,3.18,3.18,6.48,6.48,6.48,6.47,6.47,6.47,6.47,6.47,6.47,6.47,60.72,0,0,1,0,0,0,-1,0,None,aggregation
26,181.76,remora5,remora4,5.93,5.93,5.94,5.94,5.94,6.24,21.07,21.07,6.85,6.85,5.21,5.21,5.21,5.21,5.21,5.52,20.65,20.65,6.14,6.14,3.18,3.18,3.19,3.19,3.2,3.21,3.21,3.21,3.21,3.21,6.47,6.46,6.46,6.47,6.47,6.47,6.47,6.48,6.48,6.47,64.87,0,0,1,0,0,0,-1,0,None,aggregation
26,182.76,remora5,remora4,6.86,6.86,7.15,7.15,7.44,7.44,7.44,7.73,22.48,22.48,6.15,6.15,6.45,6.45,6.74,6.74,6.74,7.04,22.1,22.1,3.22,3.22,3.22,3.22,3.22,3.23,3.23,3.23,3.23,3.24,6.47,6.47,6.47,6.47,6.47,6.47,6.48,6.48,6.48,6.49,69.45,0,0,1,0,0,0,-1,0,None,aggregation
26,183.76,remora5,remora4,7.84,7.84,8.15,8.15,8.44,8.44,8.45,8.45,8.45,23.26,7.15,7.15,7.46,7.46,7.76,7.76,7.77,7.77,7.77,22.9,3.25,3.26,3.26,3.27,3.27,9.73,9.73,9.73,9.73,9.73,6.5,6.5,6.5,6.5,6.5,9.73,9.73,9.73,9.73,9.73,74.58,0,0,1,0,0,0,-1,0,None,aggregation
26,184.76,remora5,remora4,8.81,8.81,8.63,8.63,8.93,8.93,8.93,9.03,9.03,9.3,8.14,8.14,7.95,7.95,8.26,8.26,8.26,8.36,8.36,8.63,9.73,9.73,9.73,9.73,9.73,9.73,9.72,9.73,9.74,9.74,9.73,9.73,9.73,9.73,9.73,9.73,9.72,9.73,9.74,9.74,77.15,0,0,1,0,0,0,-1,0,None,aggregation
26,185.76,remora5,remora4,9.6,9.6,9.9,9.9,10.2,10.2,24.95,24.95,10.35,10.35,8.94,8.94,9.25,9.25,9.55,9.55,24.64,24.64,9.71,9.71,9.74,9.74,9.74,9.74,9.74,9.74,9.75,9.77,9.78,9.78,9.74,9.74,9.74,9.74,9.74,9.74,9.75,9.77,9.78,9.78,82.92,0,0,1,0,0,0,-1,0,None,aggregation
26,186.76,remora5,remora4,25.39,25.39,25.39,10.58,25.59,25.59,10.79,10.79,10.79,10.67,25.09,25.09,25.09,9.94,25.3,25.3,10.16,10.16,10.16,10.03,9.78,9.79,9.79,9.79,9.79,9.8,9.82,9.83,9.84,9.84,9.78,9.79,9.79,9.79,9.79,9.8,9.82,9.83,9.84,9.84,94.85,0,0,1,0,0,0,-1,0,None,aggregation
26,187.76,remora5,remora4,25.79,25.79,25.78,25.78,10.8,10.8,11.06,11.06,11.04,11.04,25.5,25.5,25.5,25.5,10.16,10.16,10.43,10.43,10.41,10.41,9.84,9.85,9.86,9.86,9.86,9.86,9.86,9.87,9.87,9.88,9.84,9.85,9.86,9.86,9.86,9.86,9.86,9.87,9.87,9.88,105.98,0,0,1,0,0,0,-1,0,None,aggregation
26,124.76,remora5,remora7,-11.19,-16.27,-16.27,-10.38,-15.76,-15.76,10.04,10.04,-15.01,-15.01,-12.01,-17.09,-17.09,-11.2,-16.58,-16.58,9.39,9.39,-15.83,-15.83,1.68,1.67,1.66,1.66,1.65,1.66,1.68,1.7,1.72,1.72,2.54,2.53,2.52,2.51,2.5,2.49,2.49,2.5,2.51,2.5,110.33,0,1,1,0,0,0,-1,0,None,aggregation
26,125.76,remora5,remora7,-8.69,-8.69,-2.87,-2.87,-8.21,-8.21,-8.06,-8.06,-8.06,-7.76,-9.51,-9.51,-3.69,-3.69,-9.03,-9.03,-8.88,-8.88,-8.88,-8.58,1.71,1.71,1.7,1.69,1.69,1.68,1.67,1.66,1.66,1.67,2.49,2.48,2.48,2.47,2.46,2.45,2.44,2.43,2.42,2.42,99.98,0,1,1,0,0,0,-1,0,None,aggregation
26,126.76,remora5,remora7,-7.76,-7.46,13.3,13.3,13.3,-6.45,-6.58,-6.58,-6.58,-0.85,-8.58,-8.28,12.72,12.72,12.72,-7.27,-7.4,-7.4,-7.4,-1.68,1.69,1.72,1.74,1.74,1.73,1.72,1.71,1.71,1.7,1.69,2.43,2.45,2.46,2.46,2.46,2.45,2.45,2.45,2.45,2.44,93.38,0,1,1,0,0,0,-1,0,None,aggregation
26,127.76,remora5,remora7,-0.85,-6,-5.97,-5.97,-5.47,-5.47,-5.47,-5.17,14.49,14.49,-1.68,-6.82,-6.79,-6.79,-6.3,-6.3,-6.3,-5.99,13.93,13.93,1.68,1.68,1.67,1.68,1.7,1.7,1.69,1.69,1.68,1.7,2.44,2.44,2.43,2.43,2.44,2.44,2.43,2.42,2.42,2.44,90.66,0,1,1,0,0,0,-1,0,None,aggregation
26,128.76,remora5,remora7,-11.55,-11.55,-11.55,-11.44,15.3,15.3,15.3,-4.06,-4.34,-4.34,-12.37,-12.37,-12.37,-12.26,14.75,14.75,14.75,-4.88,-5.16,-5.16,1.72,1.72,1.72,1.71,1.71,1.7,1.69,1.68,1.67,1.68,2.46,2.46,2.45,2.44,2.44,2.44,2.44,2.44,2.44,2.45,88.42,0,1,1,0,0,0,-1,0,None,aggregation
26,129.76,remora5,remora7,-4.34,1.23,1.23,-10.46,-3.13,-3.13,-3.13,16.47,-2.82,-2.82,-5.16,0.43,0.43,-11.28,-3.95,-3.95,-3.95,15.94,-3.64,-3.64,1.71,1.73,1.76,1.76,1.76,1.75,1.74,1.73,1.72,1.71,2.46,2.48,2.49,2.5,2.49,2.48,2.47,2.46,2.45,2.45,86.12,0,1,1,0,0,0,-1,0,None,aggregation
26,130.76,remora5,remora7,-2.82,-2.99,-3.01,-3.01,-3.01,-3.05,-3.05,2.49,2.49,-2.09,-3.64,-3.81,-3.83,-3.83,-3.83,-3.87,-3.87,1.7,1.7,-2.91,1.7,1.7,1.69,1.68,1.67,1.68,1.71,1.73,1.76,1.77,2.44,2.44,2.43,2.42,2.4,2.41,2.42,2.43,2.45,2.45,84.05,0,1,1,0,0,0,-1,0,None,aggregation
26,131.76,remora5,remora7,-1.93,-1.93,17.21,17.21,17.21,17.19,17.19,17.19,2.96,-9.63,-2.75,-2.75,16.7,16.7,16.7,16.68,16.68,16.68,2.18,-10.46,1.76,1.75,1.74,1.73,1.72,1.7,1.69,1.68,1.67,1.66,2.44,2.43,2.42,2.42,2.42,2.41,2.41,2.4,2.39,2.38,86.63,0,1,1,0,0,0,-1,0,None,aggregation
26,132.76,remora5,remora7,-9.63,2.69,2.69,2.69,-9.41,-9.15,17.75,17.75,17.75,-1.26,-10.46,1.91,1.91,1.91,-10.24,-9.97,17.26,17.26,17.26,-2.08,1.66,1.67,1.69,1.72,1.74,1.75,1.75,1.74,1.72,1.71,2.38,2.38,2.4,2.4,2.41,2.4,2.39,2.38,2.38,2.38,85.88,0,1,1,0,0,0,-1,0,None,aggregation
26,133.76,remora5,remora7,-1.38,-1.38,-1.38,-1.47,-1.47,-1.54,-1.54,-1.52,-1.34,-1.34,-2.2,-2.2,-2.2,-2.29,-2.29,-2.36,-2.36,-2.34,-2.16,-2.16,1.71,1.7,1.69,1.68,1.68,1.67,1.66,1.66,1.68,1.7,2.37,2.35,2.33,2.32,2.32,2.31,2.31,2.31,2.32,2.32,78.6,0,1,1,0,0,0,-1,0,None,aggregation
26,134.76,remora5,remora7,-1.34,-0.88,-0.88,-0.72,-0.53,-0.53,-0.53,-0.53,-0.53,-0.39,-2.16,-1.7,-1.7,-1.54,-1.35,-1.35,-1.35,-1.35,-1.35,-1.21,1.72,1.72,1.71,1.71,1.7,1.69,1.68,1.67,1.67,1.67,2.33,2.33,2.33,2.33,2.32,2.32,2.31,2.3,2.29,2.29,65.86,0,1,1,0,0,0,-1,0,None,aggregation
26,135.76,remora5,remora7,-0.39,-0.25,5.6,5.6,-7.56,-7.56,-7.56,-7.56,0.17,-7.41,-1.21,-1.07,4.87,4.87,-8.38,-8.38,-8.38,-8.38,-0.65,-8.23,1.7,1.72,1.75,1.75,1.74,1.74,1.73,1.72,1.72,1.71,2.3,2.3,2.31,2.3,2.29,2.27,2.26,2.25,2.24,2.24,63.48,0,1,1,0,0,0,-1,0,None,aggregation
26,136.76,remora5,remora7,-7.41,-7.41,-7.4,-7.19,-7.01,-7.01,1.01,1.01,1.01,1.49,-8.23,-8.23,-8.22,-8.01,-7.83,-7.83,0.2,0.2,0.2,0.68,1.7,1.7,1.69,1.69,1.69,1.71,1.74,1.74,1.73,1.72,2.23,2.22,2.22,2.21,2.21,2.21,2.22,2.22,2.22,2.21,59.94,0,1,1,0,0,0,-1,0,None,aggregation
26,137.76,remora5,remora7,-6.44,-6.44,-6.44,-6.43,-6.43,-6.27,2.29,2.29,2.29,2.46,-7.26,-7.26,-7.26,-7.25,-7.25,-7.09,1.5,1.5,1.5,1.68,1.71,1.71,1.7,1.72,1.75,1.76,1.76,1.75,1.74,1.73,2.21,2.2,2.18,2.19,2.2,2.2,2.19,2.19,2.18,2.17,57.6,0,1,1,0,0,0,-1,0,None,aggregation
26,138.76,remora5,remora7,2.46,-5.78,-5.67,-5.67,-5.39,-5.39,-5.3,-5.3,-5,-5,1.68,-6.6,-6.5,-6.5,-6.21,-6.21,-6.12,-6.12,-5.82,-5.82,1.72,1.73,1.76,1.76,1.75,1.75,1.74,1.76,1.78,1.79,2.16,2.16,2.16,2.16,2.15,2.15,2.14,2.15,2.16,2.16,52.35,0,1,1,0,0,0,-1,0,None,aggregation
26,139.76,remora5,remora7,-5,-4.73,-4.7,-4.7,-4.5,-4.5,-4.5,-4.35,-4.35,-4.35,-5.82,-5.56,-5.52,-5.52,-5.32,-5.32,-5.32,-5.17,-5.17,-5.17,1.78,1.78,1.77,1.76,1.77,1.79,1.82,1.82,1.82,1.81,2.15,2.15,2.14,2.12,2.11,2.12,2.13,2.13,2.13,2.11,52.28,0,1,1,0,0,0,-1,0,None,aggregation
26,140.76,remora5,remora7,-4.18,-3.97,-3.95,-3.95,-3.82,-3.82,-3.82,-3.67,-3.67,-3.41,-5,-4.79,-4.78,-4.78,-4.64,-4.64,-4.64,-4.49,-4.49,-4.23,1.81,1.8,1.8,1.79,1.79,1.81,1.84,1.85,1.84,1.84,2.1,2.09,2.09,2.07,2.06,2.07,2.08,2.08,2.08,2.06,53.46,0,1,1,0,0,0,-1,0,None,aggregation
26,141.76,remora5,remora7,4.91,4.91,4.87,4.87,4.87,4.92,4.94,4.94,5.31,5.31,4.17,4.17,4.13,4.13,4.13,4.18,4.19,4.19,4.58,4.58,1.83,1.82,1.81,1.8,1.79,1.79,1.81,1.84,1.85,1.85,2.05,2.04,2.04,2.03,2.03,2.03,2.04,2.06,2.06,2.06,46.18,0,1,1,0,0,0,-1,0,None,aggregation
26,142.76,remora5,remora7,-2.92,-2.92,-2.92,-2.92,5.41,5.41,5.45,5.45,5.45,5.45,-3.74,-3.74,-3.74,-3.74,4.68,4.68,4.72,4.72,4.72,4.72,1.83,1.83,1.82,1.81,1.8,1.79,1.78,1.79,1.81,1.8,2.06,2.05,2.05,2.04,2.04,2.03,2.03,2.03,2.04,2.04,41.51,0,1,0,0,0,0,-1,0,None,aggregation
26,143.76,remora5,remora7,5.45,5.75,5.75,5.47,-2.41,-2.41,-2.41,5.62,-2.21,-2.21,4.72,5.03,5.03,4.74,-3.23,-3.23,-3.23,4.9,-3.04,-3.04,1.79,1.78,1.77,1.76,1.75,1.77,1.79,1.8,1.79,1.78,2.04,2.03,2.03,2.02,2.02,2.02,2.03,2.03,2.02,2.01,43.66,0,1,0,0,0,0,-1,0,None,aggregation
26,144.76,remora5,remora7,5.63,5.63,-2.18,-2.18,5.66,5.66,5.83,5.83,5.83,6.02,4.9,4.9,-3,-3,4.93,4.93,5.1,5.1,5.1,5.3,1.77,1.76,1.75,1.74,1.74,1.75,1.77,1.79,1.81,1.82,2,2,1.99,1.99,1.98,1.98,1.99,2,2.01,2.02,47.4,0,1,1,0,0,0,-1,0,None,aggregation
26,145.76,remora5,remora7,6.15,6.15,6.18,6.18,6.04,6.04,5.82,5.82,5.82,5.84,5.43,5.43,5.46,5.46,5.32,5.32,5.09,5.09,5.09,5.12,1.81,1.8,1.78,1.77,1.76,1.75,1.73,1.72,1.71,1.7,2.01,2,2,1.99,1.98,1.98,1.97,1.96,1.96,1.95,47.85,0,1,1,0,0,0,-1,0,None,aggregation
26,146.76,remora5,remora7,5.84,5.64,5.64,5.64,5.78,5.78,-1.71,-1.71,-1.71,5.52,5.12,4.91,4.91,4.91,5.05,5.05,-2.53,-2.53,-2.53,4.79,1.69,1.69,1.71,1.71,1.7,1.69,1.68,1.67,1.67,1.67,1.94,1.95,1.95,1.95,1.95,1.94,1.93,1.93,1.92,1.92,47.34,0,1,1,0,0,0,-1,0,None,aggregation
26,147.76,remora5,remora7,5.52,5.61,5.61,5.87,5.87,6,6,5.99,5.99,5.81,4.79,4.88,4.88,5.14,5.14,5.28,5.28,5.26,5.26,5.08,1.68,1.7,1.72,1.72,1.71,1.7,1.69,1.68,1.67,1.65,1.92,1.93,1.94,1.95,1.94,1.94,1.94,1.93,1.93,1.92,47.93,0,1,1,0,0,0,-1,0,None,aggregation
26,148.76,remora5,remora7,5.81,5.67,5.59,5.59,5.59,5.52,5.52,5.63,5.55,5.55,5.08,4.94,4.86,4.86,4.86,4.79,4.79,4.91,4.82,4.82,1.64,1.63,1.62,1.63,1.65,1.65,1.64,1.63,1.62,1.6,1.91,1.91,1.9,1.9,1.91,1.91,1.9,1.9,1.89,1.88,47.75,0,1,1,0,0,0,-1,0,None,aggregation
26,149.76,remora5,remora7,5.55,-1.58,5.26,5.26,5.61,5.61,5.61,5.74,5.48,5.48,4.82,-2.4,4.52,4.52,4.88,4.88,4.88,5.01,4.75,4.75,1.59,1.59,1.61,1.63,1.65,1.65,1.64,1.63,1.62,1.61,1.88,1.87,1.88,1.89,1.9,1.9,1.89,1.88,1.88,1.87,47.6,0,1,1,0,0,0,-1,0,None,aggregation
26,150.76,remora5,remora7,5.3,5.3,5.3,4.99,4.99,5.01,4.84,4.84,4.84,-1.85,4.56,4.56,4.56,4.25,4.25,4.27,4.1,4.1,4.1,-2.67,1.6,1.59,1.58,1.56,1.55,1.57,1.58,1.58,1.57,1.56,1.86,1.86,1.85,1.84,1.84,1.84,1.85,1.84,1.84,1.83,47.79,0,1,1,0,0,0,-1,0,None,aggregation
26,151.76,remora5,remora7,4.85,4.85,4.58,4.58,4.58,0,0,0,0,0,4.11,4.11,3.83,3.83,3.83,0,0,0,0,0,1.55,1.54,1.53,1.54,1.56,1.58,1.6,1.6,1.59,1.58,1.83,1.82,1.81,1.82,1.82,1.83,1.84,1.84,1.83,1.82,45.33,0,1,1,0,0,0,-1,0,None,aggregation
26,152.76,remora5,remora7,0,0,0,0,0,0,0,0,0,0,0,0,0,0,0,0,0,0,0,0,1.58,1.57,1.56,1.55,1.55,1.54,1.53,1.54,1.56,1.56,1.82,1.81,1.81,1.8,1.79,1.79,1.78,1.79,1.79,1.79,40.96,0,1,0,0,0,0,-1,0,None,aggregation
26,153.76,remora5,remora7,0,0,0,0,0,0,0,0,0,0,0,0,0,0,0,0,0,0,0,0,1.55,1.54,1.54,1.53,1.52,1.53,1.56,1.58,1.6,1.6,1.79,1.78,1.78,1.77,1.77,1.77,1.78,1.79,1.8,1.8,36.96,0,1,0,0,0,0,-1,0,None,aggregation
26,154.76,remora5,remora7,0,0,0,0,0,0,0,0,0,0,0,0,0,0,0,0,0,0,0,0,1.59,1.58,1.58,1.57,1.56,1.55,1.55,1.54,1.53,1.54,1.8,1.79,1.79,1.78,1.78,1.77,1.77,1.77,1.76,1.76,32.13,0,1,0,0,0,0,-1,0,None,aggregation
26,155.76,remora5,remora7,0,0,0,0,0,0,0,0,0,0,0,0,0,0,0,0,0,0,0,0,1.56,1.58,1.59,1.59,1.58,1.58,1.57,1.56,1.55,1.55,1.77,1.78,1.79,1.79,1.79,1.78,1.78,1.78,1.77,1.77,26.49,0,1,0,0,0,0,-1,0,None,aggregation
26,156.76,remora5,remora7,0,0,0,0,0,0,0,0,0,0,0,0,0,0,0,0,0,0,0,0,1.54,1.53,1.52,1.54,1.56,1.57,1.59,1.6,1.59,1.59,1.77,1.76,1.76,1.77,1.78,1.79,1.8,1.8,1.8,1.8,22.12,0,1,0,0,0,0,-1,0,None,aggregation
26,157.76,remora5,remora7,0,0,0,0,0,0,0,0,0,0,0,0,0,0,0,0,0,0,0,0,1.58,1.57,1.56,1.56,1.55,1.54,1.53,1.54,1.56,1.56,1.8,1.79,1.79,1.79,1.79,1.79,1.78,1.79,1.8,1.8,16.66,0,1,0,0,0,0,-1,0,None,aggregation
26,158.76,remora5,remora7,0,0,0,18.04,18.25,18.25,18.25,18.4,18.56,18.56,0,0,0,18.52,18.72,18.72,18.72,18.88,19.03,19.03,1.55,1.54,1.54,1.54,1.54,1.53,1.51,1.49,1.47,1.46,1.8,1.8,1.8,1.81,1.82,1.82,1.83,1.83,1.83,1.84,24.42,0,1,0,0,0,0,-1,0,None,aggregation
26,159.76,remora5,remora7,18.56,18.83,18.93,18.93,18.93,19.09,19.12,19.12,19.31,19.31,19.03,19.29,19.39,19.39,19.39,19.54,19.57,19.57,19.76,19.76,1.46,1.46,1.47,1.46,1.44,1.42,1.4,1.39,1.37,1.35,1.86,1.87,1.88,1.89,1.9,1.9,1.9,1.91,1.91,1.92,38.83,1,1,0,0,0,0,-1,0,None,aggregation
26,160.76,remora5,remora7,19.31,19.5,19.5,19.61,19.77,19.77,19.77,19.82,20.13,20.13,19.76,19.94,19.94,20.06,20.21,20.21,20.21,20.25,20.56,20.56,1.33,1.33,1.33,1.33,1.32,1.31,1.3,1.28,1.27,1.25,1.93,1.94,1.95,1.97,1.98,1.99,2,2.01,2.02,2.02,54.35,1,1,1,0,0,0,-1,0,None,aggregation
26,161.76,remora5,remora7,20.13,20.43,20.43,20.79,20.91,20.91,21.1,21.1,21.1,21.45,20.56,20.85,20.85,21.2,21.33,21.33,21.51,21.51,21.51,21.85,1.24,1.23,1.23,1.22,1.22,1.21,1.2,1.19,1.18,1.17,2.03,2.04,2.06,2.07,2.08,2.09,2.1,2.1,2.11,2.11,73.23,1,1,1,0,0,0,-1,0,None,aggregation
26,162.76,remora5,remora7,21.45,21.45,21.84,21.88,22.24,22.24,22.24,22.36,22.36,22.63,21.85,21.85,22.23,22.27,22.62,22.62,22.62,22.73,22.73,23,1.17,1.16,1.16,1.15,1.15,1.15,1.14,1.14,1.14,1.14,2.11,2.12,2.12,2.13,2.13,2.14,2.15,2.16,2.16,2.17,95.49,1,0,1,0,0,0,-1,0,None,aggregation
26,163.76,remora5,remora7,22.63,23.05,7.77,7.77,8.7,8.7,8.7,23.46,23.61,23.61,23,23.41,8.45,8.45,9.36,9.36,9.36,23.81,23.95,23.95,1.13,1.13,1.13,1.13,1.13,1.13,1.13,1.13,1.14,1.14,2.18,2.19,2.2,2.2,2.21,2.21,2.21,2.22,2.23,2.24,111.55,1,0,1,0,0,0,-1,0,None,aggregation
26,164.76,remora5,remora7,24.18,24.18,24.18,24.58,25.12,25.12,25.12,25.12,-14.97,-14.92,24.5,24.5,24.5,24.9,25.41,25.41,25.41,25.41,-4.51,-4.46,1.14,1.14,1.15,1.15,1.16,1.17,1.17,1.17,1.17,1.17,2.25,2.26,2.28,2.29,2.31,2.32,2.34,2.34,2.33,2.33,133.37,1,0,1,0,0,0,-1,0,None,aggregation
26,165.76,remora5,remora7,-14.72,-14.72,-14.49,-14.49,-14.21,-14.21,20.2,20.2,20.2,20.84,-4.26,-4.26,-4.02,-4.02,-3.74,-3.74,20.63,20.63,20.63,21.26,1.16,1.16,1.16,1.15,1.15,1.14,1.14,1.15,1.16,1.17,2.33,2.33,2.32,2.32,2.31,2.3,2.29,2.3,2.31,2.32,147.15,1,0,1,0,0,0,-1,0,None,aggregation
26,166.76,remora5,remora7,-13.64,-13.64,-13.48,-13.48,-13.07,-13.07,-13.07,-12.63,-12.63,29.8,-3.18,-3.18,-3.01,-3.01,-2.61,-2.61,-2.61,-2.16,-2.16,29.85,1.18,1.18,1.18,1.17,1.17,1.17,1.16,1.16,1.15,1.16,2.33,2.33,2.33,2.32,2.32,2.31,2.3,2.3,2.29,2.3,157.29,1,0,1,1,1,0,-1,0,None,aggregation
26,167.76,remora5,remora7,-11.81,-11.81,-11.57,-11.57,-11.03,-11.03,-10.45,-10.45,-10.45,28.32,-1.35,-1.35,-1.11,-1.11,-0.56,-0.56,0.01,0.01,0.01,28.49,1.19,1.19,1.19,1.19,1.18,1.18,1.18,1.18,1.17,1.18,2.32,2.32,2.32,2.31,2.31,2.31,2.3,2.3,2.29,2.3,165.44,1,0,1,1,1,0,-1,0,None,aggregation
26,168.76,remora5,remora7,28.64,28.64,-9.42,-9.42,-9.42,-9.06,-9.06,-8.42,-7.76,-7.76,28.79,28.79,1.04,1.04,1.04,1.4,1.4,2.05,2.71,2.71,1.21,1.23,1.25,1.26,1.25,1.25,1.24,1.24,1.24,1.24,2.31,2.33,2.35,2.35,2.34,2.34,2.34,2.33,2.33,2.33,161.03,1,0,1,0,0,0,-1,0,None,aggregation
26,169.76,remora5,remora7,-7.76,-7.08,-7.08,-6.4,-5.71,-5.71,-4.95,-4.95,-4.95,-4.03,2.71,3.38,3.38,4.06,4.76,4.76,5.38,5.38,5.38,5.83,1.24,1.24,1.24,1.24,1.24,1.23,1.23,1.24,1.24,1.24,2.33,2.33,2.33,2.32,2.32,2.32,2.32,2.32,2.32,2.32,142.78,1,0,1,0,0,0,-1,0,None,aggregation
26,170.76,remora5,remora7,-3.13,-3.13,-3.13,-2.29,-1.48,-1.48,-1.48,-0.73,-0.73,-0.02,6.28,6.28,6.28,6.7,7.09,7.09,7.09,7.45,7.45,7.79,1.25,1.25,1.25,1.25,1.26,1.26,1.27,1.28,1.28,1.28,2.33,2.33,2.33,2.33,2.33,2.33,2.33,2.33,2.34,2.34,125.42,1,0,1,0,0,0,-1,0,None,aggregation
26,171.76,remora5,remora7,-0.02,0.65,1.28,1.28,1.86,1.86,13.21,13.21,12.75,12.75,7.79,8.1,8.38,8.38,8.64,8.64,12.63,12.63,12.16,12.16,1.28,1.29,1.29,1.3,1.31,1.31,1.32,1.33,1.34,1.35,2.34,2.34,2.34,2.34,2.35,2.35,2.35,2.35,2.35,2.35,112.3,1,0,1,0,0,0,-1,0,None,aggregation
26,172.76,remora5,remora7,12.75,12.75,13.14,25.2,25.2,25.21,25.34,25.34,25.34,25.46,12.16,12.16,12.55,24.9,24.9,24.91,25.03,25.03,25.03,25.16,1.35,1.36,1.37,1.39,1.42,1.44,1.47,1.49,1.51,1.53,2.35,2.36,2.36,2.36,2.37,2.37,2.38,2.39,2.39,2.4,111.42,1,0,1,0,0,0,-1,0,None,aggregation
26,173.76,remora5,remora7,14.29,14.29,14.63,14.63,14.75,14.75,26.13,26.13,26.13,15.22,13.72,13.72,14.07,14.07,14.19,14.19,25.85,25.85,25.85,14.67,1.54,1.56,1.58,1.59,1.6,1.61,1.63,1.65,1.67,1.69,2.4,2.41,2.41,2.42,2.42,2.42,2.42,2.43,2.44,2.45,113.22,0,1,1,0,0,0,-1,0,None,aggregation
26,174.76,remora5,remora7,15.3,15.3,15.55,15.55,15.55,15.64,15.87,15.87,15.87,15.97,14.75,14.75,15.01,15.01,15.01,15.1,15.33,15.33,15.33,15.43,1.7,1.72,1.74,1.75,1.76,1.77,1.79,1.8,1.81,1.83,2.45,2.45,2.46,2.47,2.47,2.47,2.48,2.48,2.48,2.49,106.77,0,1,1,0,0,0,-1,0,None,aggregation
26,139.76,remora5,remora8,-19.19,-24.58,-24.58,-24.39,-10.92,-10.92,-10.92,-10.4,-10.4,-10.4,-18.37,-23.76,-23.76,-23.57,-10.1,-10.1,-10.1,-9.58,-9.58,-9.58,9.99,10,10,10,10,10,10,10,10,10,9.99,10,10,10,10,10,10,10,10,10,167.53,0,0,1,0,0,0,-1,0,None,aggregation
26,140.76,remora5,remora8,-23.75,-23.66,-23.66,-9.08,-8.28,-8.28,-8.28,-7.74,-7.74,-22.51,-22.93,-22.84,-22.84,-8.26,-7.46,-7.46,-7.46,-6.92,-6.92,-21.69,10,10,10,10,10,10,10,10,10,10,10,10,10,10,10,10,10,10,10,10,154.5,0,0,1,0,0,0,-1,0,None,aggregation
26,141.76,remora5,remora8,-22.28,-22.28,-6.7,-6.7,-6.7,-6.16,-14.21,-14.21,-14.21,-21.48,-21.46,-21.46,-5.87,-5.87,-5.87,-5.34,-13.39,-13.39,-13.39,-20.66,10,10,10,10,10,10,10,10,10,10,10,10,10,10,10,10,10,10,10,10,153.83,0,0,1,0,0,0,-1,0,None,aggregation
26,142.76,remora5,remora8,-21.48,-5.07,-5.07,-5.07,-20.82,-20.59,-3.5,-3.5,-3.5,-12.13,-20.66,-4.25,-4.25,-4.25,-20,-19.76,-2.67,-2.67,-2.67,-11.31,10,10,10,10,10,10,10,10,10,10,10,10,10,10,10,10,10,10,10,10,150.24,0,0,1,0,0,0,-1,0,None,aggregation
26,143.76,remora5,remora8,-19.94,-19.94,-19.94,-1.93,-1.42,-1.42,-1.42,-18.98,-18.98,-0.89,-19.12,-19.12,-19.12,-1.11,-0.6,-0.6,-0.6,-18.16,-18.16,-0.07,10,10,10,10,10,10,10,10,10,10,10,10,10,10,10,10,10,10,10,10,149.85,0,0,1,0,0,0,-1,0,None,aggregation
26,144.76,remora5,remora8,-18.23,-18.23,-17.93,-17.93,1.15,1.15,1.15,-18.67,-18.67,-16.76,-17.41,-17.41,-17.11,-17.11,1.94,1.94,1.94,-17.85,-17.85,-15.94,10,10,10,10,10,10,10,10,10,10,10,10,10,10,10,10,10,10,10,10,142.98,0,0,1,0,0,0,-1,0,None,aggregation
26,166.76,remora5,remora8,9.18,9.19,9.19,8.96,8.74,8.74,8.74,8.73,8.73,8.75,9.84,9.84,9.84,9.61,9.4,9.4,9.4,9.39,9.39,9.41,2.15,2.15,2.15,2.15,2.15,2.15,2.15,2.16,2.17,2.18,2.15,2.15,2.15,2.15,2.15,2.15,2.15,2.16,2.17,2.18,80.58,0,0,1,0,0,0,-1,0,None,aggregation
26,167.76,remora5,remora8,8.75,8.53,8.32,8.32,8.32,8.33,8.11,8.11,8.11,8.11,9.41,9.19,8.98,8.98,8.98,8.99,8.78,8.78,8.78,8.78,2.19,2.19,2.19,2.2,2.2,2.22,2.23,2.24,2.25,2.25,2.19,2.19,2.19,2.2,2.2,2.22,2.23,2.24,2.25,2.25,79.61,0,1,1,0,0,0,-1,0,None,aggregation
26,168.76,remora5,remora8,-3.98,-3.98,8.15,8.15,8.15,8.16,8.16,8.17,8.17,7.96,-3.16,-3.16,8.82,8.82,8.82,8.83,8.83,8.84,8.84,8.64,2.25,2.25,2.25,2.26,2.27,2.27,2.27,2.28,2.29,2.3,2.25,2.25,2.25,2.26,2.27,2.27,2.27,2.28,2.29,2.3,80.87,0,1,1,0,0,0,-1,0,None,aggregation
26,169.76,remora5,remora8,7.96,1.32,1.32,7.76,7.76,8,7.76,7.76,7.76,7.77,8.64,2.11,2.11,8.44,8.44,8.68,8.44,8.44,8.44,8.45,2.32,2.32,2.32,2.32,2.32,2.32,2.32,2.33,2.34,2.35,2.32,2.32,2.32,2.32,2.32,2.32,2.32,2.33,2.34,2.35,80.49,0,1,1,0,0,0,-1,0,None,aggregation
26,170.76,remora5,remora8,7.77,7.79,7.79,7.59,7.59,7.59,7.59,7.59,7.59,1.23,8.45,8.47,8.47,8.27,8.27,8.27,8.27,8.27,8.27,2.02,2.36,2.36,2.36,2.36,2.36,2.36,2.36,2.37,2.37,2.37,2.36,2.36,2.36,2.36,2.36,2.36,2.36,2.37,2.37,2.37,78.33,0,1,1,0,0,0,-1,0,None,aggregation
26,171.76,remora5,remora8,1.23,1.1,1.1,7.63,7.64,7.64,7.64,7.64,7.4,7.4,2.02,1.89,1.89,8.31,8.32,8.32,8.32,8.33,8.09,8.09,2.39,2.4,2.41,2.41,2.41,2.41,2.41,2.41,2.41,2.41,2.39,2.4,2.41,2.41,2.41,2.41,2.41,2.41,2.41,2.41,78.01,0,1,1,0,0,0,-1,0,None,aggregation
26,172.76,remora5,remora8,7.4,7.4,7.4,7.4,7.4,7.4,7.4,7.42,7.42,7.45,8.09,8.09,8.09,8.09,8.09,8.09,8.09,8.1,8.1,8.13,2.41,2.42,2.42,2.42,2.42,2.43,2.44,2.45,2.46,2.47,2.41,2.42,2.42,2.42,2.42,2.43,2.44,2.45,6.23,6.23,76.88,0,1,1,0,0,0,-1,0,None,aggregation
26,173.76,remora5,remora8,7.48,7.48,7.27,7.27,7.28,7.28,7.3,7.3,7.3,7.06,8.16,8.16,7.96,7.96,7.97,7.97,7.99,7.99,7.99,7.75,2.49,2.49,2.49,2.5,2.51,2.51,2.52,2.52,2.52,2.52,6.24,6.23,6.23,5.92,5.93,5.93,5.93,5.93,5.93,5.93,76.21,0,1,1,0,0,0,-1,0,None,aggregation
26,174.76,remora5,remora8,7.06,7.06,7.07,7.07,7.07,7.09,7.09,7.09,7.09,7.09,7.75,7.75,7.76,7.76,7.76,7.78,7.78,7.78,7.78,7.78,2.52,2.53,2.54,2.54,2.54,2.55,2.55,2.55,2.55,2.55,5.93,5.93,5.94,5.94,5.94,5.94,5.94,5.94,5.94,5.94,74.32,0,1,1,0,0,0,-1,0,None,aggregation
26,175.76,remora5,remora8,7.09,7.09,7.11,7.11,9.7,9.7,9.7,7.16,7.16,7.17,7.78,7.78,7.8,7.8,10.34,10.34,10.34,7.85,7.85,7.86,2.55,2.56,2.57,2.59,2.6,2.6,2.6,2.61,2.61,2.62,5.94,5.74,5.75,5.75,5.75,5.75,5.76,5.76,5.77,5.77,76.63,0,1,1,0,0,0,-1,0,None,aggregation
26,176.76,remora5,remora8,7.17,6.96,6.96,6.98,7,7,7,-3.1,7.26,7.26,7.86,7.65,7.65,7.68,7.69,7.69,7.69,-2.28,7.95,7.95,2.63,2.63,2.64,2.64,2.65,2.67,2.68,2.68,2.68,2.68,5.77,5.77,5.76,5.76,5.77,5.77,5.78,5.79,5.79,5.79,74.34,0,1,1,0,0,0,-1,0,None,aggregation
26,177.76,remora5,remora8,7.26,5.42,5.42,7.27,7.27,7.29,1.78,1.78,2.2,2.2,7.95,6.14,6.14,7.96,7.96,7.98,2.57,2.57,2.97,2.97,2.68,2.69,2.7,2.71,2.71,2.72,2.73,2.73,2.73,2.73,5.79,5.79,5.78,5.78,5.78,5.79,5.79,5.79,5.79,5.79,70.86,0,1,1,0,0,0,-1,0,None,aggregation
26,178.76,remora5,remora8,2.2,7.33,7.33,7.34,7.34,7.35,7.37,7.37,7.37,7.38,2.97,8.02,8.02,8.02,8.02,8.04,8.05,8.05,8.05,8.07,2.74,2.74,2.74,2.75,2.76,2.76,2.76,2.77,2.78,2.79,5.79,5.79,5.79,5.8,5.8,5.8,5.8,5.8,5.8,5.81,70.56,0,1,1,0,0,0,-1,0,None,aggregation
26,179.76,remora5,remora8,2.03,2.03,2.03,7.41,7.41,-3.43,-3.43,-4.66,-4.66,2.56,2.81,2.81,2.81,8.09,8.09,-2.61,-2.61,-3.84,-3.84,3.33,2.79,2.79,2.79,2.8,2.81,2.82,2.82,2.82,2.83,2.84,5.81,5.82,5.82,5.82,5.82,5.82,5.82,5.81,5.81,5.82,67.71,0,1,1,0,0,0,-1,0,None,aggregation
26,180.76,remora5,remora8,2.56,8.4,8.4,8.4,8.4,8.42,8.42,8.42,8.43,8.43,3.33,9.06,9.06,9.07,9.07,9.09,9.09,9.09,9.09,9.09,2.84,2.85,2.86,2.86,2.86,2.86,2.86,2.86,2.85,2.85,5.82,5.82,5.82,5.82,5.82,5.82,5.82,5.83,5.83,5.83,68.52,0,1,1,0,0,0,-1,0,None,aggregation
26,181.76,remora5,remora8,7.94,7.94,7.95,7.95,7.95,2.79,2.79,7.96,7.98,7.98,8.62,8.62,8.62,8.62,8.62,3.55,3.55,8.64,8.66,8.66,2.85,2.85,2.85,2.85,2.86,2.86,2.87,2.87,2.88,2.88,5.83,5.82,5.82,5.82,5.82,5.82,5.83,5.84,5.84,5.84,69.79,0,1,1,0,0,0,-1,0,None,aggregation
26,182.76,remora5,remora8,7.98,7.98,7.99,8,8,-1.95,-1.95,0,0,0,8.66,8.66,8.66,8.67,8.67,-1.13,-1.13,0,0,0,2.88,2.89,2.9,2.9,2.91,2.92,2.92,2.93,2.93,2.94,5.84,5.84,5.84,5.84,5.84,5.84,5.85,5.85,5.85,5.85,66.51,0,1,1,0,0,0,-1,0,None,aggregation
26,183.76,remora5,remora8,8.52,8.52,8.52,3.36,8.54,8.54,8.53,8.53,8.54,8.54,9.19,9.19,9.19,4.12,9.2,9.2,9.2,9.2,9.2,9.2,2.95,2.96,2.96,2.95,2.95,2.95,2.95,2.96,2.96,2.97,5.85,5.85,5.86,5.86,5.87,5.87,5.87,5.87,5.87,5.87,67.22,0,1,1,0,0,0,-1,0,None,aggregation
26,184.76,remora5,remora8,8.55,8.55,8.58,8.58,8.6,8.6,8.6,-16.11,-16.11,8.63,9.22,9.22,9.24,9.24,9.26,9.26,9.26,-15.29,-15.29,9.29,2.97,2.98,2.99,3,3,3.01,3.02,3.02,3.03,3.03,5.87,5.87,5.87,5.88,5.88,5.89,5.9,5.9,5.9,5.9,70.07,0,0,1,0,0,0,-1,0,None,aggregation
26,185.76,remora5,remora8,8.63,9.09,9.1,9.1,-15.98,-15.98,-16.32,-16.32,9.54,9.54,9.29,9.74,9.76,9.76,-15.15,-15.15,-15.5,-15.5,10.18,10.18,3.03,3.04,3.05,3.05,3.05,3.05,3.04,3.03,3.03,3.03,5.9,5.9,5.9,5.9,5.9,5.89,5.89,5.89,5.89,5.9,73.82,0,0,1,0,0,0,-1,0,None,aggregation
26,186.76,remora5,remora8,9.54,9.54,9.55,9.55,9.57,-16.79,-16.79,-16.79,10.04,10.04,10.18,10.18,10.2,10.2,10.22,-15.96,-15.96,-15.96,10.68,10.68,3.04,3.05,3.05,3.06,3.06,3.06,3.07,3.07,3.08,3.08,5.91,5.91,5.91,5.91,5.91,5.91,5.91,5.91,5.91,5.91,78.8,0,0,1,0,0,0,-1,0,None,aggregation
26,187.76,remora5,remora8,0,0,30,30,0,0,0,-10.37,10.08,10.08,0,0,30,30,0,0,0,-9.55,10.72,10.72,3.09,3.09,3.09,3.09,3.09,3.09,3.1,3.1,3.11,3.12,5.92,5.93,5.94,5.94,5.94,5.94,5.94,5.94,5.94,5.95,82.73,0,0,1,0,0,0,-1,0,None,aggregation
26,188.76,remora5,remora8,10.09,10.09,10.09,10.1,10.1,-17.15,-17.15,-17.15,0,0,10.73,10.73,10.73,10.74,10.74,-16.33,-16.33,-16.33,0,0,3.13,3.13,3.12,3.12,3.13,3.13,3.13,3.13,3.13,3.13,5.96,5.97,5.97,5.98,5.98,5.98,5.98,5.98,5.98,4.66,85.77,0,0,1,0,0,0,-1,0,None,aggregation
26,189.76,remora5,remora8,30,30,30,0,9.68,9.68,9.68,9.68,9.68,9.68,30,30,30,0,10.32,10.32,10.32,10.32,10.32,10.32,3.13,3.13,3.13,3.13,3.13,3.13,3.14,3.14,3.14,3.14,4.66,4.67,4.68,4.69,4.7,4.7,4.7,4.71,4.71,4.71,96.75,0,0,1,0,0,0,-1,0,None,aggregation
26,190.76,remora5,remora8,9.68,9.68,9.68,9.69,9.69,9.69,9.69,-17,-17,-16.99,10.32,10.33,10.33,10.33,10.34,10.34,10.34,-16.18,-16.18,-16.17,3.14,3.15,3.15,3.15,3.15,3.15,3.16,3.15,3.15,3.15,4.71,4.71,4.71,4.72,4.73,4.73,4.74,4.74,4.74,4.73,100.57,0,0,1,0,0,0,-1,0,None,aggregation
26,191.76,remora5,remora8,-16.63,-16.63,-16.63,10.58,-24.51,-24.51,-24.51,-15.95,-15.95,0,-15.8,-15.8,-15.8,11.2,-25.34,-25.34,-25.34,-15.13,-15.13,0,3.15,3.16,3.16,3.17,3.18,3.18,3.18,3.18,3.19,3.19,4.73,4.72,4.72,4.73,4.75,4.75,4.74,4.73,4.73,4.73,109.83,0,0,1,0,0,0,-1,0,None,aggregation
26,192.76,remora5,remora8,0,0,0,11.46,-15.76,-15.76,-15.69,-15.69,11.88,11.88,0,0,0,12.07,-14.94,-14.94,-14.87,-14.87,12.48,12.48,3.18,3.18,3.18,3.18,3.19,3.18,3.18,3.18,3.18,3.17,4.72,4.73,4.74,4.74,4.74,4.73,4.73,4.73,4.73,4.74,115.1,0,0,1,0,0,0,-1,0,None,aggregation
26,193.76,remora5,remora8,11.88,-25.9,-25.9,-23.5,12.31,12.31,12.31,12.31,12.7,12.7,12.48,-26.72,-26.72,-22.68,12.9,12.9,12.9,12.9,13.29,13.29,3.17,3.18,3.18,3.18,3.19,3.18,3.18,3.18,3.18,3.18,4.75,4.75,4.75,4.75,4.74,4.74,4.74,4.74,4.74,4.74,123.18,0,0,1,0,0,0,-1,0,None,aggregation
26,194.76,remora5,remora8,12.7,-14.5,12.7,12.7,13.1,13.1,13.1,0,0,0,13.29,-13.68,13.29,13.29,13.68,13.68,13.68,0,0,0,3.17,3.17,3.16,3.16,3.16,3.16,3.16,3.16,3.16,3.16,4.75,4.76,4.76,4.76,4.76,4.76,4.76,4.75,4.74,4.75,122.23,0,0,1,0,0,0,-1,0,None,aggregation
26,195.76,remora5,remora8,-13.96,-13.96,-21.71,-21.71,0,0,0,0,0,-28.24,-13.13,-13.13,-20.89,-20.89,0,0,0,0,0,-29.06,3.16,3.17,3.17,3.18,3.19,3.2,3.2,3.21,3.21,3.21,4.75,4.76,4.77,4.77,4.77,4.77,4.77,4.76,4.76,4.76,120.07,0,0,1,0,0,0,-1,0,None,aggregation
26,196.76,remora5,remora8,-28.24,13.95,-13.14,-13.14,-13.14,-13.02,-13.02,14.36,14.36,0,-29.06,14.52,-12.32,-12.32,-12.32,-12.2,-12.2,14.92,14.92,0,3.22,3.22,3.22,3.22,3.23,3.24,3.24,3.25,3.24,3.24,4.75,4.75,4.76,4.77,4.77,4.77,4.77,4.77,4.76,4.76,121.71,0,0,1,0,0,0,-1,0,None,aggregation
26,197.76,remora5,remora8,0,0,-29.22,-29.22,-29.22,-12.02,-12.02,-12.02,-29.34,-29.34,0,0,-30.04,-30.04,-30.04,-11.2,-11.2,-11.2,-30.17,-30.17,3.24,3.24,3.25,3.25,3.26,3.26,3.26,3.26,3.27,3.28,4.76,4.77,4.77,4.77,4.77,4.76,4.76,4.76,4.76,4.76,130.96,0,0,1,0,0,0,-1,0,None,aggregation
26,198.76,remora5,remora8,-11.85,-11.67,-11.67,-29.44,-29.44,15.93,15.93,-29.56,-10.65,-10.65,-11.03,-10.85,-10.85,-30.27,-30.27,16.46,16.46,-30.38,-9.83,-9.83,3.28,3.28,3.28,3.29,3.3,3.3,3.31,3.31,3.32,3.32,4.76,4.77,4.77,4.77,4.77,4.77,4.77,4.76,4.76,4.77,138.38,0,0,1,0,0,0,-1,0,None,aggregation
26,199.76,remora5,remora8,-10.65,-10.65,-10.65,-10.65,-30.27,-30.27,-30.27,-9.33,-9.33,-8.94,-9.83,-9.83,-9.83,-9.83,-29.45,-29.45,-29.45,-8.5,-8.5,-8.12,3.33,3.33,3.33,3.33,3.33,3.33,3.34,3.35,3.35,3.35,4.77,4.77,4.77,4.76,4.76,4.76,4.77,4.78,4.78,4.78,139.07,0,0,1,0,0,0,-1,0,None,aggregation
26,200.76,remora5,remora8,-8.94,-29.93,-29.93,-8.59,-8.59,18.13,18.13,-29.6,-29.6,-7.45,-8.12,-29.11,-29.11,-7.77,-7.77,18.61,18.61,-28.78,-28.78,-6.63,3.35,3.36,3.36,3.37,3.37,3.37,3.37,3.37,3.38,3.38,4.78,4.78,4.78,4.77,4.77,4.77,4.77,4.77,4.77,4.78,145.7,0,0,1,0,0,0,-1,0,None,aggregation
26,201.76,remora5,remora8,-7.45,-7.24,-7.14,-7.14,-6.61,-6.61,-6.61,-28.96,-28.96,-1.2,-6.63,-6.42,-6.32,-6.32,-5.79,-5.79,-5.79,-28.13,-28.13,-0.38,3.38,3.38,3.39,3.39,3.4,3.4,3.4,3.41,3.42,3.42,4.78,4.78,4.78,4.78,4.78,4.77,4.77,4.77,4.78,4.79,139.54,0,0,1,0,0,0,-1,0,None,aggregation
26,202.76,remora5,remora8,-1.2,19.8,19.8,-5.83,-5.83,-5.75,0,0,0,0,-0.38,20.24,20.24,-5.01,-5.01,-4.92,0,0,0,0,3.42,3.42,3.41,3.41,3.42,3.42,3.42,3.43,3.43,3.43,4.79,5.92,5.91,5.9,5.89,5.88,5.88,5.87,5.87,5.87,135.51,0,0,1,0,0,0,-1,0,None,aggregation
26,203.76,remora5,remora8,-5.29,-5.29,-5.29,-5.29,-5.29,-27.84,20.45,20.45,-27.52,-27.52,-4.47,-4.47,-4.47,-4.47,-4.47,-27.02,20.88,20.88,-26.7,-26.7,3.44,3.44,3.45,3.45,3.46,3.47,3.49,3.48,3.47,3.48,5.87,5.86,5.85,5.85,5.84,5.83,5.83,5.82,5.81,5.81,133.81,0,0,1,0,0,0,-1,0,None,aggregation
26,204.76,remora5,remora8,-27.52,0,0,0,0,-27.19,-3.86,-3.86,-3.86,-3.86,-26.7,0,0,0,0,-26.37,-3.04,-3.04,-3.04,-3.04,3.49,3.5,3.49,3.5,3.5,3.5,3.52,3.52,3.53,3.54,5.8,5.79,5.79,5.78,5.78,5.77,5.77,5.76,5.75,5.75,131.26,0,0,1,0,0,0,-1,0,None,aggregation
26,205.76,remora5,remora8,-26.85,-3.57,-3.18,-3.18,-25.74,-25.74,-25.74,21.97,21.97,-2.36,-26.03,-2.75,-2.36,-2.36,-24.92,-24.92,-24.92,22.36,22.36,-1.54,3.55,3.56,3.57,3.57,3.57,3.58,3.59,3.59,3.58,3.58,5.74,5.74,5.74,5.74,5.73,5.73,5.72,5.71,5.7,5.69,137.16,0,0,1,0,0,0,-1,0,None,aggregation
26,206.76,remora5,remora8,-2.36,0,0,0,-1.97,-1.97,-1.79,-1.79,-1.79,-24.47,-1.54,0,0,0,-1.15,-1.15,-0.97,-0.97,-0.97,-23.65,3.58,3.58,3.58,3.58,3.58,3.58,3.57,3.57,3.57,3.58,5.68,5.68,5.68,5.67,5.66,5.65,5.64,5.64,5.64,5.64,126.93,0,0,1,0,0,0,-1,0,None,aggregation
26,207.76,remora5,remora8,-24.47,-1.31,-1.31,-23.61,-23.61,-0.78,-0.35,-0.35,-0.35,-0.37,-23.65,-0.49,-0.49,-22.78,-22.78,0.04,0.47,0.47,0.47,0.45,3.59,3.6,3.6,3.61,3.62,3.63,3.63,3.63,3.62,3.62,5.63,5.63,5.62,5.61,5.61,5.6,5.59,5.58,5.57,5.56,115.89,0,0,1,0,0,0,-1,0,None,aggregation
26,208.76,remora5,remora8,-0.37,-22.22,0.16,0.16,0.16,-21.76,0.75,0.75,0.75,0.96,0.45,-21.39,0.97,0.97,0.97,-20.94,1.55,1.55,1.55,1.76,3.62,3.63,3.64,3.64,3.64,3.65,3.66,3.67,3.67,3.67,5.56,5.56,5.56,5.55,5.55,5.54,5.53,5.53,5.52,5.51,103.21,0,0,1,0,0,0,-1,0,None,aggregation
26,209.76,remora5,remora8,0.96,1.18,1.18,-20.77,-20.77,1.67,1.67,-19.78,-19.78,2.09,1.76,1.98,1.98,-19.95,-19.95,2.46,2.46,-18.96,-18.96,2.87,3.67,3.66,3.66,3.67,3.68,3.69,3.68,3.69,3.7,3.7,5.51,5.51,5.51,5.5,5.49,5.48,5.47,5.46,5.46,5.46,96.58,0,0,1,0,0,0,-1,0,None,aggregation
26,210.76,remora5,remora8,2.09,-19.29,2.69,2.69,-18.25,-18.25,3.32,3.32,-17.44,-17.44,2.87,-18.47,3.45,3.45,-17.43,-17.43,4.08,4.08,-16.62,-16.62,3.7,3.71,3.72,3.73,3.73,3.73,3.74,3.74,3.74,3.75,5.45,5.45,5.44,5.43,5.42,5.42,5.42,5.42,5.42,5.41,88.44,0,0,1,0,0,0,-1,0,None,aggregation
26,211.76,remora5,remora8,-17.44,-8.75,-8.75,-16.68,4.33,4.33,4.33,-15.61,-15.61,-15.61,-16.62,-7.93,-7.93,-15.86,5.07,5.07,5.07,-14.79,-14.79,-14.79,3.76,3.77,3.78,3.78,3.8,3.8,3.8,3.8,3.81,3.82,5.41,5.4,5.39,5.39,5.38,5.37,5.37,5.36,5.36,5.37,89.02,0,0,1,0,0,0,-1,0,None,aggregation
26,212.76,remora5,remora8,-15.08,-15.08,-15.08,5.54,5.54,-14.01,-13.44,-13.44,-13.44,-13.17,-14.25,-14.25,-14.25,6.26,6.26,-13.18,-12.62,-12.62,-12.62,-12.35,3.83,3.84,3.85,3.86,3.85,3.86,3.87,3.88,3.89,3.9,5.36,5.36,5.36,5.35,5.34,5.33,5.32,5.33,5.33,5.33,95.44,0,0,1,0,0,0,-1,0,None,aggregation
26,213.76,remora5,remora8,-13.17,-13.17,-12.38,-12.38,-12.38,-11.83,-11.83,-11.28,-11.28,-10.74,-12.35,-12.35,-11.56,-11.56,-11.56,-11.01,-11.01,-10.46,-10.46,-9.91,3.91,3.91,3.91,3.91,3.92,3.93,3.94,3.95,3.95,3.96,5.33,5.32,5.31,5.31,5.3,5.3,5.29,5.3,5.3,5.3,92.34,0,0,1,0,0,0,-1,0,None,aggregation
26,214.76,remora5,remora8,-10.74,-10.19,-9.91,-9.91,-9.91,-9.1,-8.55,-8.55,-8.55,-8,-9.91,-9.37,-9.09,-9.09,-9.09,-8.27,-7.72,-7.72,-7.72,-7.17,3.97,3.98,3.99,4,4,4.01,4.02,4.02,4.03,4.03,5.29,5.28,5.27,5.27,5.27,5.27,5.26,5.26,5.25,5.24,94.49,0,0,1,0,0,0,-1,0,None,aggregation
26,215.76,remora5,remora8,-8,-7.44,-7.44,-7.44,-25.03,-25.03,-25.03,-5.76,-5.23,-5.23,-7.17,-6.62,-6.62,-6.62,-24.21,-24.21,-24.21,-4.94,-4.41,-4.41,4.04,4.04,4.05,4.05,4.04,4.05,4.07,4.09,4.09,4.1,5.24,5.23,5.23,5.22,5.2,5.2,5.21,5.21,5.21,5.21,90.51,0,0,1,0,0,0,-1,0,None,aggregation
26,216.76,remora5,remora8,-5.23,-4.69,-4.69,-4.69,-4.16,-4.16,-4.16,11.42,11.42,-3.62,-4.41,-3.87,-3.87,-3.87,-3.34,-3.34,-3.34,12.03,12.03,-2.8,4.1,4.11,4.11,4.11,4.12,4.12,4.12,4.12,4.11,4.1,5.21,5.21,5.21,5.21,5.21,5.21,5.22,5.22,5.21,5.2,92.74,0,0,1,0,0,0,-1,0,None,aggregation
26,217.76,remora5,remora8,-3.62,-23.64,-23.64,11.96,11.96,-2.54,-2.53,-2.53,-2.53,-1.98,-2.8,-22.82,-22.82,12.56,12.56,-1.72,-1.71,-1.71,-1.71,-1.16,4.11,4.12,4.14,4.14,4.13,4.12,4.12,4.13,4.13,4.13,5.2,5.19,5.19,5.19,5.17,5.16,5.15,5.15,5.14,5.14,93.88,0,0,1,0,0,0,-1,0,None,aggregation
26,218.76,remora5,remora8,-1.98,12.76,-1.44,-1.44,-1.43,-1.43,-1.43,8.1,8.1,13.32,-1.16,13.35,-0.62,-0.62,-0.61,-0.61,-0.61,8.78,8.78,13.9,4.13,4.12,4.11,4.11,4.11,4.11,4.11,4.11,4.1,4.09,5.13,5.12,5.1,5.1,5.1,5.09,5.08,5.07,5.07,5.07,93.93,0,0,1,0,0,0,-1,0,None,aggregation
26,219.76,remora5,remora8,13.32,-23.08,-0.33,-0.33,9,9,1.28,1.28,1.58,1.58,13.9,-22.26,0.49,0.49,9.66,9.66,2.07,2.07,2.37,2.37,4.08,4.09,4.11,4.11,4.11,4.11,4.1,4.1,4.1,4.1,5.07,5.07,5.08,5.07,5.06,5.05,5.04,5.03,5.02,5.02,91.11,0,0,1,0,0,0,-1,0,None,aggregation
26,220.76,remora5,remora8,2.12,2.12,9.54,9.54,9.54,2.91,2.91,3.44,3.44,3.96,2.89,2.89,10.18,10.18,10.18,3.67,3.67,4.19,4.19,4.71,4.09,4.09,4.09,4.08,4.08,4.07,4.07,4.07,4.06,4.06,5.02,5.01,5,4.99,4.98,4.98,4.98,4.98,4.98,4.97,85.96,0,0,1,0,0,0,-1,0,None,aggregation
26,221.76,remora5,remora8,3.96,16.11,16.11,16.11,16.18,16.18,16.24,16.24,16.24,9.36,4.71,16.63,16.63,16.63,16.7,16.7,16.76,16.76,16.76,10.01,4.06,4.05,4.03,4.02,4,3.99,3.98,3.96,3.94,3.93,4.97,4.96,4.94,4.93,4.92,4.91,4.9,4.89,4.88,4.88,89.55,0,0,1,0,0,0,-1,0,None,aggregation
26,222.76,remora5,remora8,9.36,16.35,16.61,16.61,16.61,16.66,9.77,9.77,9.77,16.76,10.01,16.87,17.12,17.12,17.12,17.17,10.41,10.41,10.41,17.26,3.93,3.91,3.9,3.89,3.87,3.86,3.84,3.83,3.82,3.81,4.87,4.87,4.86,4.86,4.85,4.85,4.84,4.84,4.83,4.83,91.53,0,0,1,0,0,0,-1,0,None,aggregation
26,223.76,remora5,remora8,9.67,9.67,17.05,17.05,17.05,17.09,17.09,9.82,17.41,17.41,10.32,10.32,17.55,17.55,17.55,17.59,17.59,10.47,17.9,17.9,3.8,3.79,3.78,3.76,3.75,3.73,3.72,3.7,3.69,3.68,4.82,4.81,4.8,4.79,4.79,4.78,4.78,4.77,4.76,4.75,95.1,0,0,1,0,0,0,-1,0,None,aggregation
26,224.76,remora5,remora8,17.41,17.45,17.45,17.53,17.74,17.74,17.74,17.79,17.84,17.84,17.9,17.94,17.94,18.02,18.23,18.23,18.23,18.28,18.32,18.32,3.66,3.65,3.63,3.62,3.6,3.59,3.57,3.56,3.54,3.52,4.74,4.74,4.73,4.73,4.73,4.72,4.71,4.7,4.68,4.67,104.07,0,0,1,0,0,0,-1,0,None,aggregation
26,225.76,remora5,remora8,17.84,-18.77,-18.77,18.11,18.11,18.29,18.29,18.34,18.34,18.39,18.32,-17.95,-17.95,18.58,18.58,18.77,18.77,18.82,18.82,18.86,3.51,3.5,3.52,3.52,3.5,3.49,3.47,3.45,3.44,3.42,4.67,4.67,4.68,4.68,4.67,4.66,4.65,4.63,4.62,4.61,110.75,0,0,1,0,0,0,-1,0,None,aggregation
26,226.76,remora5,remora8,18.39,28.22,28.22,8,8,15.59,15.59,28.08,28.08,18.42,18.86,28.4,28.4,8.68,8.68,16.12,16.12,28.26,28.26,18.89,3.4,3.38,3.36,3.34,3.33,3.32,3.31,3.29,3.27,3.25,4.6,4.59,4.59,4.58,4.57,4.57,4.56,4.56,4.55,4.55,125.06,0,0,1,0,0,0,-1,0,None,aggregation
26,227.76,remora5,remora8,18.85,18.85,18.91,18.91,18.91,-23.24,9.96,9.96,-15.75,-15.75,19.31,19.31,19.37,19.37,19.37,-24.06,10.6,10.6,-14.93,-14.93,3.23,3.21,3.2,3.18,3.16,3.16,3.18,3.18,3.17,3.18,4.54,4.53,4.52,4.51,4.5,4.49,4.49,4.49,4.49,4.49,133.68,0,0,1,0,0,0,-1,0,None,aggregation
26,228.76,remora5,remora8,-15.75,19.48,19.48,19.66,19.66,26.59,26.59,19.89,11.09,11.09,-14.93,19.93,19.93,20.1,20.1,26.84,26.84,20.33,11.71,11.71,3.19,3.19,3.17,3.16,3.14,3.12,3.1,3.07,3.06,3.04,4.49,4.49,4.47,4.47,4.46,4.46,4.45,4.44,4.44,4.43,147.74,0,0,1,0,0,0,-1,0,None,aggregation
26,229.76,remora5,remora8,11.09,27.89,12.08,12.08,12.08,20.02,20.02,26.18,26.35,26.35,11.71,28.08,12.67,12.67,12.67,20.45,20.45,26.44,26.6,26.6,3.03,3.02,3,2.98,2.97,2.96,2.94,2.92,2.9,2.87,4.42,4.42,4.4,4.4,4.39,4.39,4.39,4.38,4.38,4.37,161.12,0,1,1,0,0,0,-1,0,None,aggregation
26,230.76,remora5,remora8,25.46,25.46,27.71,27.71,23.46,23.46,23.2,23.2,27.37,27.37,25.75,25.75,27.91,27.91,23.81,23.81,23.56,23.56,27.59,27.59,2.85,2.83,2.81,2.79,2.76,2.74,2.72,2.7,2.68,2.66,4.36,4.35,4.34,4.33,4.32,4.31,4.3,4.29,4.28,4.28,181.39,0,1,1,0,0,0,-1,0,None,aggregation
26,231.76,remora5,remora8,27.36,27.36,19.73,19.73,19.73,11.75,11.75,22.61,22.61,19.86,27.58,27.58,20.17,20.17,20.17,12.35,12.35,22.98,22.98,20.3,2.64,2.61,2.59,2.57,2.56,2.54,2.53,2.52,2.5,2.48,4.27,4.26,4.25,4.24,4.23,4.23,4.22,4.22,4.22,4.21,187.3,0,1,1,0,0,0,-1,0,None,aggregation
26,232.76,remora5,remora8,19.86,20.31,26.99,26.99,19.46,19.46,26.7,26.7,26.7,26.7,20.3,20.74,27.22,27.22,19.91,19.91,26.95,26.95,26.95,26.95,2.47,2.45,2.43,2.41,2.39,2.37,2.36,2.34,2.32,2.3,4.2,4.2,4.19,4.19,4.18,4.18,4.18,4.17,4.16,4.14,197.33,0,1,1,0,0,0,-1,0,None,aggregation
26,233.76,remora5,remora8,19.75,18.9,18.9,18.81,18.81,24.53,16.98,16.98,16.98,26.08,20.19,19.36,19.36,19.27,19.27,24.84,17.49,17.49,17.49,26.34,2.28,2.27,2.25,2.24,2.22,2.21,2.19,2.17,2.16,2.14,4.14,4.13,4.12,4.11,4.11,4.11,4.11,4.1,4.09,4.08,202.02,0,1,1,0,0,0,-1,0,None,aggregation
26,234.76,remora5,remora8,18.12,18.12,18.12,18.12,20.72,18.59,25.63,25.63,25.41,25.41,18.6,18.6,18.6,18.6,21.13,19.06,25.91,25.91,25.7,25.7,2.13,2.11,2.1,2.08,2.07,2.05,2.04,2.02,2,1.98,4.07,4.06,4.06,4.05,4.05,4.04,4.03,4.03,4.02,4.02,205.71,0,1,1,0,0,0,-1,0,None,aggregation
26,235.76,remora5,remora8,25.41,23.44,23.44,16.71,19.69,19.69,19.69,17.38,17.38,24.44,25.7,23.79,23.79,17.22,20.13,20.13,20.13,17.87,17.87,24.76,1.96,1.95,1.93,1.91,1.9,1.89,1.87,1.86,1.85,1.83,4.01,4.02,4.01,4.01,4,3.99,3.99,3.98,3.97,3.97,208.21,0,1,1,0,0,0,-1,0,None,aggregation
26,236.76,remora5,remora8,19.12,19.12,19.12,16.85,16.85,23.92,23.92,12.45,12.45,23.38,19.58,19.58,19.58,17.36,17.36,24.25,24.25,13.04,13.04,23.73,1.82,1.8,1.79,1.78,1.77,1.75,1.74,1.73,1.72,1.71,3.96,3.96,3.96,3.95,3.95,3.94,3.94,3.93,3.92,3.92,207.3,0,1,1,0,0,0,-1,0,None,aggregation
26,237.76,remora5,remora8,23.37,23.37,22.96,22.96,22.96,13.94,22.38,22.38,22.38,22.09,23.72,23.72,23.32,23.32,23.32,14.5,22.76,22.76,22.76,22.47,1.69,1.68,1.66,1.65,1.64,1.62,1.62,1.6,1.59,1.58,3.92,3.92,3.92,3.92,3.91,3.91,3.9,3.9,3.89,3.89,212.32,0,1,1,0,0,0,-1,0,None,aggregation
26,238.76,remora5,remora8,22.09,10.58,10.58,20.19,21.32,21.32,21.32,0,0,0,22.47,11.2,11.2,20.62,21.72,21.72,21.72,0,0,0,1.57,1.56,1.55,1.54,1.53,1.52,1.51,1.51,1.51,1.51,3.89,3.89,3.89,3.89,3.88,3.88,3.89,3.89,3.9,3.9,206.14,0,1,1,0,0,0,-1,0,None,aggregation
26,239.76,remora5,remora8,0,0,0,0,0,0,0,0,0,0,0,0,0,0,0,0,0,0,0,0,1.51,1.51,1.51,1.51,1.51,1.51,1.51,1.51,1.51,1.51,3.9,3.9,3.89,3.89,3.89,3.89,3.89,3.88,3.88,3.88,186.51,0,1,1,0,0,0,-1,0,None,aggregation
26,240.76,remora5,remora8,0,0,0,0,0,0,0,0,0,0,0,0,0,0,0,0,0,0,0,0,1.51,1.51,1.51,1.51,1.51,1.51,1.51,1.51,1.51,1.51,3.89,3.89,3.89,3.89,3.89,3.89,3.89,3.88,3.88,3.88,160.93,0,1,1,0,0,0,-1,0,None,aggregation
26,241.76,remora5,remora8,0,0,0,0,0,0,0,0,0,0,0,0,0,0,0,0,0,0,0,0,1.51,1.51,1.51,1.51,1.51,1.51,1.51,1.51,1.51,1.51,3.89,3.89,3.88,3.88,3.88,3.87,3.87,3.87,3.87,3.87,140.48,0,1,1,0,0,0,-1,0,None,aggregation
26,242.76,remora5,remora8,0,0,0,0,0,0,0,0,0,0,0,0,0,0,0,0,0,0,0,0,1.51,1.51,1.51,1.51,1.51,1.51,1.51,1.51,1.51,1.51,3.86,3.85,3.84,3.84,3.83,3.82,3.81,3.8,3.8,3.8,116.33,0,1,1,0,0,0,-1,0,None,aggregation
26,243.76,remora5,remora8,0,0,0,0,0,0,0,0,0,0,0,0,0,0,0,0,0,0,0,0,1.51,1.51,1.51,1.51,1.51,1.51,1.51,1.51,1.51,1.51,3.79,3.79,3.78,3.77,3.76,3.75,3.75,3.75,3.75,3.75,96.44,0,1,1,0,0,0,-1,0,None,aggregation
26,174.76,remora5,remora3,11.52,11.49,0.34,0.34,0.25,0.25,0.24,0.24,0.29,0.29,11.34,11.32,-0.06,-0.06,-0.15,-0.15,-0.16,-0.16,-0.11,-0.11,2.52,2.53,2.54,2.54,2.54,2.55,2.55,2.55,2.55,2.55,3.06,3.07,3.07,3.07,3.07,3.07,3.07,3.07,3.08,3.08,50.45,0,1,1,0,0,0,48.29,1,GradualMotor,aggregation
26,175.76,remora5,remora3,11.8,11.78,11.63,11.61,0.32,0.32,0.26,0.26,11.49,11.47,11.64,11.62,11.47,11.45,-0.07,-0.07,-0.13,-0.13,11.33,11.31,2.55,2.56,2.57,2.59,2.57,2.58,2.59,2.61,2.61,2.61,3.08,2.93,2.93,2.92,2.92,2.92,2.93,2.93,2.94,2.93,48.91,0,1,1,0,0,0,47.29,1,GradualMotor,aggregation
26,176.76,remora5,remora3,11.44,0.45,0.45,11.44,11.46,11.44,0.45,0.45,0.47,0.47,11.29,0.07,0.07,11.29,11.31,11.29,0.07,0.07,0.09,0.09,2.6,2.58,2.57,2.55,2.54,2.54,2.54,2.56,2.58,2.57,2.93,2.92,2.92,2.92,2.91,2.92,2.92,2.93,2.93,2.93,48.63,0,1,1,0,0,0,46.29,1,GradualMotor,aggregation
26,177.76,remora5,remora3,11.29,11.27,11.25,0.61,0.61,11.08,11.05,0.68,0.61,0.61,11.14,11.12,11.1,0.24,0.24,10.92,10.9,0.32,0.25,0.25,2.56,2.54,2.52,2.51,2.5,2.51,2.51,2.5,2.49,2.48,2.93,2.92,2.92,2.91,2.91,2.91,2.92,2.91,2.91,2.91,45.65,0,1,1,0,0,0,45.29,1,GradualMotor,aggregation
26,178.76,remora5,remora3,0.59,0.59,10.94,10.92,0.8,0.8,10.94,10.94,0.85,0.85,0.22,0.22,10.79,10.77,0.44,0.44,10.79,10.79,0.5,0.5,2.47,2.47,2.48,2.49,2.49,2.48,2.47,2.46,2.44,2.44,2.9,2.9,2.91,2.91,2.92,2.91,2.91,2.91,2.9,2.91,43.57,0,1,0,0,0,0,44.29,1,GradualMotor,aggregation
26,179.76,remora5,remora3,0.79,0.79,10.88,10.85,10.83,1.01,1.01,10.72,1.05,1.05,0.44,0.43,10.73,10.71,10.69,0.67,0.67,10.58,0.71,0.7,2.46,2.47,2.49,2.47,2.45,2.44,2.43,2.42,2.4,2.4,2.91,2.92,2.92,2.92,2.91,2.91,2.91,2.9,2.9,2.9,43.6,0,1,0,0,0,0,43.29,1,GradualMotor,aggregation
26,180.76,remora5,remora3,1.04,10.34,1.19,1.18,1.18,1.12,-9.7,-9.7,-9.65,-9.65,0.7,10.2,0.85,0.85,0.85,0.79,-10.05,-10.05,-10,-10,2.41,2.4,2.38,2.37,2.36,2.36,2.38,2.41,2.43,2.43,2.9,2.9,2.9,2.89,2.89,2.89,2.9,2.9,2.91,2.91,46.45,0,1,1,0,0,0,42.29,1,GradualMotor,aggregation
26,181.76,remora5,remora3,1.33,1.32,1.31,1.3,1.3,10.36,1.36,1.36,1.42,1.41,1,1,0.98,0.98,0.98,10.23,1.04,1.04,1.1,1.09,2.42,2.41,2.4,2.39,2.38,2.38,2.39,2.4,2.41,2.4,2.91,2.9,2.9,2.9,2.89,2.89,2.9,2.9,2.91,2.91,46.07,0,1,1,0,0,0,41.29,1,GradualMotor,aggregation
26,182.76,remora5,remora3,1.41,1.41,1.49,1.49,10.21,10.18,10.16,1.54,10.01,9.99,1.09,1.09,1.18,1.18,10.08,10.05,10.03,1.23,9.88,9.86,2.39,2.38,2.36,2.35,2.34,2.35,2.35,2.35,2.34,2.32,2.9,2.9,2.89,2.89,2.89,2.89,2.9,2.9,2.89,2.89,44.81,0,1,0,0,0,0,40.29,1,GradualMotor,aggregation
26,183.76,remora5,remora3,1.68,1.67,-5.73,-5.71,1.66,1.65,1.67,1.66,9.95,9.93,1.38,1.37,-6.05,-6.04,1.36,1.35,1.37,1.37,9.83,9.81,2.3,2.31,2.33,2.35,2.37,2.36,2.35,2.34,2.33,2.31,2.89,2.89,2.9,2.9,2.91,2.91,2.9,2.9,2.9,2.89,46.54,0,1,1,0,0,0,39.29,1,GradualMotor,aggregation
26,184.76,remora5,remora3,9.79,9.77,9.74,1.67,9.62,9.59,9.59,1.78,1.82,1.81,9.67,9.64,9.62,1.37,9.49,9.47,9.47,1.49,1.53,1.53,2.29,2.28,2.26,2.27,2.28,2.3,2.32,2.32,2.31,2.3,2.89,2.89,2.88,2.89,2.89,2.9,2.91,2.91,2.91,2.9,50.62,0,1,1,0,0,0,38.29,1,GradualMotor,aggregation
26,185.76,remora5,remora3,9.45,9.42,1.88,1.88,-7.94,-7.92,-7.9,-7.9,9.07,9.04,9.33,9.3,1.6,1.6,-8.25,-8.23,-8.21,-8.21,8.94,8.92,2.29,2.27,2.25,2.24,2.23,2.22,2.22,2.24,2.26,2.28,2.9,2.9,2.89,2.89,2.89,2.88,2.88,2.88,2.89,2.9,50.9,0,1,1,0,0,0,37.29,1,GradualMotor,aggregation
26,186.76,remora5,remora3,9.1,9.1,9.05,9.05,1.92,1.91,8.9,8.9,2.01,2,8.98,8.98,8.93,8.93,1.65,1.64,8.78,8.78,1.74,1.74,2.29,2.28,2.26,2.25,2.24,2.23,2.22,2.2,2.18,2.19,2.9,2.9,2.9,2.89,2.89,2.89,2.88,2.88,2.88,2.88,52.29,0,1,1,0,0,0,36.29,1,GradualMotor,aggregation
26,187.76,remora5,remora3,1.98,1.98,2.04,2.03,2.01,2.01,8.58,8.56,8.38,8.36,1.72,1.71,1.78,1.77,1.75,1.75,8.46,8.44,8.26,8.23,2.21,2.22,2.24,2.23,2.22,2.2,2.19,2.18,2.16,2.17,2.89,2.89,2.9,2.89,2.89,2.89,2.89,2.88,2.88,2.89,51,0,1,1,0,0,0,35.29,1,GradualMotor,aggregation
26,188.76,remora5,remora3,-4.19,-4.18,2.02,2.02,2.01,2.01,2.01,2.01,-4.05,-4.04,-4.48,-4.47,1.77,1.76,1.76,1.76,1.76,1.76,-4.34,-4.32,2.18,2.2,2.22,2.21,2.2,2.19,2.18,2.17,2.16,2.15,2.89,2.9,2.9,2.9,2.9,2.9,2.9,2.89,2.89,2.89,49.16,0,1,1,0,0,0,34.29,1,GradualMotor,aggregation
26,189.76,remora5,remora3,-4.03,1.93,1.92,1.94,1.94,1.94,1.94,1.94,1.88,1.88,-4.31,1.68,1.67,1.69,1.7,1.69,1.69,1.7,1.64,1.64,2.15,2.16,2.18,2.2,2.21,2.21,2.2,2.19,2.17,2.16,2.88,2.89,2.9,2.9,2.91,2.91,2.91,2.9,2.9,2.9,46.43,0,1,1,0,0,0,33.29,1,GradualMotor,aggregation
26,190.76,remora5,remora3,1.89,1.88,1.8,1.8,1.8,1.8,1.79,-3.74,-3.73,1.77,1.65,1.64,1.56,1.56,1.56,1.56,1.55,-4.01,-4,1.54,2.15,2.14,2.13,2.14,2.16,2.17,2.19,2.19,2.18,2.17,2.89,2.89,2.89,2.89,2.9,2.91,2.91,2.91,2.91,2.91,43.11,0,1,0,0,0,0,32.29,1,GradualMotor,aggregation
26,191.76,remora5,remora3,1.77,1.77,7.87,7.72,1.79,1.79,1.78,1.82,1.81,-3.54,1.53,1.53,7.77,7.61,1.56,1.56,1.55,1.59,1.58,-3.8,2.16,2.14,2.14,2.15,2.17,2.16,2.15,2.14,2.13,2.12,2.91,2.9,2.9,2.91,2.92,2.92,2.91,2.91,2.91,2.91,44.1,0,1,0,0,0,0,31.29,1,GradualMotor,aggregation
26,192.76,remora5,remora3,1.78,1.78,1.77,1.78,-3.45,-3.44,-3.43,-3.43,1.66,1.66,1.56,1.55,1.55,1.55,-3.7,-3.69,-3.68,-3.68,1.44,1.44,2.11,2.12,2.14,2.13,2.12,2.11,2.1,2.11,2.13,2.15,2.91,2.91,2.91,2.91,2.91,2.91,2.91,2.91,2.92,2.93,40.82,0,1,0,0,0,0,30.29,1,GradualMotor,aggregation
26,193.76,remora5,remora3,1.7,1.69,1.69,1.69,-3.41,-3.4,1.7,1.7,-5.4,-5.38,1.48,1.47,1.47,1.47,-3.66,-3.64,1.48,1.48,-5.64,-5.62,2.18,2.17,2.16,2.15,2.14,2.13,2.12,2.11,2.1,2.12,2.93,2.93,2.93,2.93,2.93,2.93,2.92,2.92,2.92,2.93,39.52,0,1,0,0,0,0,29.29,1,GradualMotor,aggregation
26,194.76,remora5,remora3,-5.36,-5.35,1.55,1.54,1.56,1.55,1.55,-3.3,1.51,1.51,-5.6,-5.58,1.34,1.33,1.35,1.34,1.34,-3.53,1.31,1.3,2.14,2.16,2.18,2.18,2.17,2.16,2.15,2.14,2.13,2.14,2.93,2.94,2.95,2.95,2.94,2.94,2.93,2.93,2.92,2.93,35.54,0,1,0,0,0,0,28.29,1,GradualMotor,aggregation
26,195.76,remora5,remora3,6.65,6.65,6.63,6.61,6.48,6.45,6.43,1.57,1.57,1.56,6.55,6.55,6.53,6.51,6.38,6.35,6.33,1.37,1.37,1.36,2.15,2.17,2.18,2.17,2.16,2.14,2.13,2.11,2.1,2.09,2.93,2.94,2.94,2.95,2.94,2.94,2.94,2.93,2.93,2.93,33.28,0,1,0,0,0,0,27.29,1,GradualMotor,aggregation
26,196.76,remora5,remora3,1.56,1.55,6.01,5.99,6,5.98,5.96,-2.86,1.62,1.61,1.36,1.36,5.9,5.88,5.9,5.88,5.85,-3.08,1.43,1.42,2.09,2.1,2.11,2.13,2.14,2.13,2.12,2.1,2.1,2.09,2.93,2.93,2.93,2.94,2.95,2.95,2.94,2.94,2.94,2.93,31.04,0,1,0,0,0,0,26.29,1,GradualMotor,aggregation
26,197.76,remora5,remora3,1.58,1.58,1.57,1.57,1.6,-2.72,1.58,1.58,1.57,1.57,1.4,1.39,1.38,1.38,1.41,-2.93,1.4,1.39,1.38,1.38,2.08,2.09,2.11,2.1,2.09,2.08,2.08,2.07,2.06,2.07,2.93,2.93,2.94,2.94,2.94,2.94,2.94,2.93,2.93,2.94,28.17,0,1,0,0,0,0,25.29,1,GradualMotor,aggregation
26,198.76,remora5,remora3,-4.38,-4.36,5.26,5.24,5.22,5.2,1.61,1.6,1.6,1.6,-4.59,-4.57,5.16,5.13,5.11,5.09,1.43,1.43,1.42,1.42,2.09,2.11,2.13,2.12,2.11,2.09,2.08,2.07,2.06,2.07,2.95,2.95,2.96,2.96,2.96,2.95,2.95,2.95,2.95,2.95,28.9,0,1,0,0,0,0,24.3,1,GradualMotor,aggregation
26,199.76,remora5,remora3,1.57,1.57,-2.42,-2.42,0.14,0.14,1.56,1.55,-2.35,-2.34,1.4,1.39,-2.61,-2.61,-0.06,-0.05,1.39,1.38,-2.54,-2.53,2.08,2.08,2.07,2.06,2.05,2.06,2.08,2.1,2.11,2.11,2.96,2.96,2.95,2.95,2.95,2.95,2.96,2.97,2.97,2.97,28.46,0,1,0,0,0,0,23.29,1,GradualMotor,aggregation
26,200.76,remora5,remora3,-2.33,-2.32,1.53,1.52,1.51,1.48,1.48,-2.27,-3.78,-3.76,-2.52,-2.51,1.36,1.36,1.35,1.32,1.32,-2.46,-3.96,-3.95,2.1,2.09,2.08,2.07,2.06,2.05,2.04,2.05,2.07,2.09,2.97,2.97,2.97,2.97,2.97,2.96,2.96,2.96,2.97,2.98,28.53,0,1,0,0,0,0,22.29,1,GradualMotor,aggregation
26,201.76,remora5,remora3,-3.75,4.29,4.27,4.25,-2.14,-2.14,-2.1,-2.09,1.45,1.45,-3.93,4.19,4.17,4.15,-2.32,-2.32,-2.28,-2.27,1.3,1.29,2.11,2.1,2.09,2.07,2.06,2.05,2.04,2.05,2.07,2.09,2.98,2.98,2.98,2.98,2.97,2.97,2.97,2.97,2.98,2.99,28.25,0,1,0,0,0,0,21.29,1,GradualMotor,aggregation
26,202.76,remora5,remora3,0.24,0.24,3.13,3.11,1.42,1.41,3.06,3.05,3.05,3.02,0.07,0.07,3.01,3,1.27,1.26,2.95,2.93,2.93,2.91,2.1,2.09,2.08,2.07,2.06,2.05,2.04,2.05,2.07,2.08,2.99,2.99,2.98,2.98,2.98,2.98,2.97,2.98,2.98,2.99,27.95,0,1,0,0,0,0,20.29,1,GradualMotor,aggregation
26,203.76,remora5,remora3,4.87,4.84,4.81,4.81,4.75,4.73,-1.81,-1.8,1.39,1.38,4.8,4.77,4.75,4.75,4.68,4.66,-1.97,-1.96,1.25,1.24,2.1,2.09,2.07,2.06,2.05,2.03,2.02,2.04,2.05,2.05,3,3,2.99,2.99,2.99,2.99,2.99,2.99,2.99,2.99,28.69,0,1,0,0,0,0,19.29,1,GradualMotor,aggregation
26,204.76,remora5,remora3,1.37,-1.73,1.35,1.34,1.34,1.33,3.39,3.37,3.35,3.35,1.24,-1.88,1.21,1.21,1.21,1.2,3.3,3.28,3.26,3.26,2.04,2.03,2.03,2.04,2.06,2.05,2.04,2.03,2.02,2.01,2.99,2.99,2.99,3,3,3,3,3,3,3,28.4,0,1,0,0,0,0,18.29,1,GradualMotor,aggregation
26,205.76,remora5,remora3,3.21,3.19,-1.59,-1.58,-1.56,-1.56,-1.55,1.26,1.24,1.23,3.12,3.1,-1.74,-1.73,-1.71,-1.7,-1.69,1.13,1.12,1.11,2,2.01,2.03,2.04,2.06,2.05,2.04,2.03,2.02,2.01,3,3.01,3.01,3.02,3.03,3.03,3.03,3.03,3.02,3.01,25.21,0,1,0,0,0,0,17.29,1,GradualMotor,aggregation
26,206.76,remora5,remora3,0.33,0.33,-1.48,-1.47,-1.46,-1.45,-1.44,-1.44,-1.43,-1.42,0.2,0.2,-1.62,-1.61,-1.6,-1.59,-1.58,-1.58,-1.56,-1.55,2.01,2.02,2.03,2.03,2.03,2.02,2.01,2.02,2.04,2.06,3.01,3.02,3.02,3.02,3.02,3.02,3.01,3.02,3.02,3.03,22.62,0,1,0,0,0,0,16.29,1,GradualMotor,aggregation
26,207.76,remora5,remora3,1.18,1.17,1.15,1.14,-1.37,-1.36,-1.35,-1.35,-1.34,-1.31,1.06,1.06,1.04,1.03,-1.5,-1.49,-1.48,-1.47,-1.46,-1.43,2.08,2.07,2.06,2.05,2.04,2.03,2.02,2.01,2,2.01,3.04,3.04,3.04,3.04,3.04,3.04,3.03,3.03,3.03,3.03,22.29,0,1,0,0,0,0,15.29,1,GradualMotor,aggregation
26,208.76,remora5,remora3,-1.3,0.32,0.32,0.31,0.31,1.04,1.04,1.03,1.03,-1.22,-1.42,0.2,0.2,0.2,0.19,0.94,0.94,0.93,0.92,-1.34,2.03,2.05,2.06,2.05,2.04,2.03,2.02,2.01,2,2.02,3.03,3.04,3.05,3.05,3.05,3.04,3.05,3.04,3.04,3.04,19.48,0,1,0,0,0,0,14.29,1,GradualMotor,aggregation
26,209.76,remora5,remora3,-1.21,-1.21,1,0.99,-2.11,-2.09,-2.08,-2.06,-2.05,-2.04,-1.33,-1.32,0.9,0.89,-2.22,-2.2,-2.19,-2.17,-2.16,-2.14,2.03,2.06,2.07,2.07,2.06,2.05,2.04,2.03,2.03,2.04,3.05,3.06,3.06,3.06,3.06,3.06,3.06,3.05,3.06,3.06,19.61,0,1,0,0,0,0,13.29,1,GradualMotor,aggregation
26,210.76,remora5,remora3,2.18,2.17,2.15,2.13,-1.06,-1.05,0.31,0.31,0.32,0.31,2.11,2.1,2.08,2.06,-1.17,-1.16,0.21,0.21,0.22,0.22,2.05,2.05,2.03,2.02,2.01,2.03,2.04,2.06,2.08,2.07,3.07,3.07,3.07,3.06,3.06,3.07,3.08,3.08,3.09,3.09,18.58,0,1,0,0,0,0,12.29,1,GradualMotor,aggregation
26,211.76,remora5,remora3,0.31,0.31,0.85,0.84,0.83,0.82,0.81,0.79,0.79,0.78,0.22,0.22,0.77,0.76,0.74,0.74,0.73,0.71,0.71,0.7,2.06,2.05,2.04,2.03,2.02,2.01,2,2.01,2.03,2.05,3.09,3.09,3.09,3.09,3.09,3.08,3.08,3.09,3.09,3.1,16.44,0,1,0,0,0,0,11.29,1,GradualMotor,aggregation
26,212.76,remora5,remora3,-0.92,-0.92,-0.91,0.75,0.73,0.73,0.72,0.72,0.7,0.69,-1.02,-1.01,-1,0.67,0.66,0.65,0.64,0.64,0.63,0.62,2.06,2.05,2.04,2.03,2.02,2.01,2,2.02,2.03,2.05,3.11,3.11,3.11,3.11,3.11,4.82,4.82,4.82,4.82,4.82,15.1,0,1,0,0,0,0,10.29,1,GradualMotor,aggregation
26,213.76,remora5,remora3,0.69,0.69,0.26,0.26,0.25,0.26,-0.78,-0.78,1.4,1.38,0.61,0.61,0.18,0.18,0.18,0.18,-0.86,-0.85,1.34,1.33,2.06,2.06,2.05,2.04,2.03,2.02,2.01,2.02,2.04,2.04,4.82,4.81,4.8,4.8,4.79,4.78,4.78,4.78,4.78,4.78,12.25,0,1,0,0,0,0,9.29,1,GradualMotor,aggregation
26,214.76,remora5,remora3,1.36,1.35,-0.72,-0.71,-0.71,-0.7,-1.29,-1.28,0.47,0.46,1.31,1.3,-0.8,-0.79,-0.78,-0.77,-1.36,-1.35,0.41,0.4,2.03,2.02,2.01,2.02,2.04,2.05,2.07,2.07,2.06,2.05,4.77,4.76,4.76,4.75,4.75,4.75,4.75,4.75,4.74,4.73,11.02,0,1,0,0,0,0,8.29,1,GradualMotor,aggregation
26,215.76,remora5,remora3,0.46,0.45,1.14,1.14,1.11,1.1,1.08,1.07,1.05,0.41,0.4,0.39,1.09,1.09,1.07,1.05,1.04,1.03,1.01,0.36,2.04,2.03,2.02,2.01,2,2.01,2.02,2.04,2.06,2.05,4.73,4.72,4.71,4.7,4.69,4.69,4.7,4.7,4.7,4.7,10.09,0,1,0,0,0,0,7.29,1,GradualMotor,aggregation
26,216.76,remora5,remora3,0.41,0.41,0.39,0.39,-0.53,-0.53,-0.51,-0.96,-0.95,0.36,0.36,0.35,0.34,0.34,-0.58,-0.58,-0.57,-1.01,-1,0.31,2.04,2.03,2.02,2.01,2,2.02,2.03,2.05,2.07,2.07,4.7,4.7,4.69,4.69,4.69,4.69,4.7,4.7,4.7,4.69,9.37,0,1,0,0,0,0,6.29,1,GradualMotor,aggregation
26,217.76,remora5,remora3,0.35,0.35,-0.89,-0.87,-0.86,-0.46,-0.83,-0.81,-0.81,-0.41,0.31,0.31,-0.93,-0.92,-0.9,-0.5,-0.87,-0.86,-0.86,-0.45,2.06,2.05,2.04,2.03,2.02,2.01,2,2.02,2.04,2.04,4.68,4.68,4.67,4.67,4.66,4.65,4.64,4.64,4.63,4.63,8.76,0,1,0,0,0,0,5.29,1,GradualMotor,aggregation
26,218.76,remora5,remora3,-0.4,-0.39,-0.39,-0.38,-0.37,-0.36,-0.36,-0.35,-0.34,-0.33,-0.45,-0.44,-0.43,-0.42,-0.41,-0.4,-0.39,-0.39,-0.38,-0.37,2.03,2.02,2.01,2.03,2.04,2.04,2.03,2.02,2.01,2.02,4.62,4.61,4.6,4.6,4.6,4.59,4.58,4.57,4.57,4.57,8.39,0,1,0,0,0,0,4.29,1,GradualMotor,aggregation
26,219.76,remora5,remora3,-0.33,0.56,0.57,0.56,-0.56,-0.55,0.11,0.11,0.48,0.46,-0.36,0.54,0.55,0.54,-0.59,-0.58,0.08,0.08,0.46,0.45,2.03,2.05,2.06,2.05,2.04,2.04,2.03,2.02,2.01,2.02,4.57,4.57,4.58,4.57,4.56,4.55,4.54,4.53,4.53,4.52,7.1,0,1,0,0,0,0,3.29,1,GradualMotor,aggregation
26,220.76,remora5,remora3,0.45,0.45,0.41,0.39,0.4,0.38,0.37,0.36,0.15,0.15,0.43,0.43,0.39,0.38,0.38,0.37,0.35,0.34,0.14,0.13,2.04,2.03,2.02,2.01,2,2.01,2.03,2.05,2.06,2.06,4.52,4.51,4.51,4.5,4.49,4.48,4.48,4.49,4.49,4.49,6.26,0,1,0,0,0,0,2.29,1,GradualMotor,aggregation
26,221.76,remora5,remora3,0.14,-0.31,-0.3,-0.3,-0.14,-0.13,-0.12,-0.12,-0.12,0.18,0.13,-0.33,-0.31,-0.31,-0.15,-0.15,-0.14,-0.13,-0.13,0.17,2.05,2.04,2.03,2.02,2.01,2.02,2.04,2.04,2.03,2.02,4.48,4.47,4.46,4.45,4.44,4.44,4.43,4.43,4.42,4.41,5.78,0,1,0,0,0,0,1.29,1,GradualMotor,aggregation
26,222.76,remora5,remora3,0.16,0.15,-0.08,-0.07,-0.06,0.02,0.08,0.08,0.03,0.02,0.16,0.14,-0.09,-0.08,-0.07,0.02,0.08,0.08,0.03,0.02,2.01,2,2,2.01,2.03,2.05,2.06,2.06,2.05,2.04,4.41,4.4,4.4,4.4,4.4,4.4,4.39,4.39,4.38,4.38,5.09,0,1,0,0,0,0,0.29,1,GradualMotor,aggregation
26,223.76,remora5,remora3,0.02,0.01,0,0,0,0,0,0,0,0,0.01,0.01,0,0,0,0,0,0,0,0,2.03,2.02,2.01,2.02,2.04,2.04,2.03,2.02,2.01,2,4.37,4.36,4.35,4.35,4.35,4.35,4.34,4.33,4.32,4.31,4.44,0,1,0,0,0,0,0,1,GradualMotor,aggregation
26,224.76,remora5,remora3,0,0,0,0,0,0,0,0,0,0,0,0,0,0,0,0,0,0,0,0,1.99,2,2.02,2.04,2.06,2.06,2.05,2.04,2.03,2.02,4.3,4.3,4.3,4.3,4.3,4.29,4.28,4.27,4.26,4.25,3.53,0,1,0,0,0,0,0,1,GradualMotor,aggregation
26,225.76,remora5,remora3,0,0,0,0,0,0,0,0,0,0,0,0,0,0,0,0,0,0,0,0,2.01,2.01,2.03,2.05,2.06,2.06,2.05,2.04,2.03,2.02,4.24,4.24,4.25,4.25,4.25,4.24,4.22,4.21,4.2,4.19,2.65,0,1,0,0,0,0,0,1,GradualMotor,aggregation
26,226.76,remora5,remora3,0,0,0,0,0,0,0,0,0,0,0,0,0,0,0,0,0,0,0,0,2.01,2.02,2.03,2.03,2.02,2.01,2,2,2.02,2.04,4.18,4.17,4.17,4.16,4.16,4.15,4.15,4.14,4.14,4.14,2.1,0,1,0,0,0,0,0,1,GradualMotor,aggregation
26,227.76,remora5,remora3,0,0,0,0,0,0,0,0,0,0,0,0,0,0,0,0,0,0,0,0,2.06,2.06,2.05,2.04,2.03,2.02,2.01,2.02,2.03,2.03,4.13,4.12,4.11,4.1,4.09,4.08,4.08,4.08,4.08,4.08,1.42,0,1,0,0,0,0,0,1,GradualMotor,aggregation
26,228.76,remora5,remora3,0,0,0,0,0,0,0,0,0,0,0,0,0,0,0,0,0,0,0,0,2.02,2.01,2,2.01,2.03,2.05,2.07,2.06,2.05,2.04,4.08,4.08,4.07,4.06,4.06,4.05,4.04,4.04,4.03,4.02,1.04,0,1,0,0,0,0,0,1,GradualMotor,aggregation
26,229.76,remora5,remora3,0,0,0,0,0,0,0,0,0,0,0,0,0,0,0,0,0,0,0,0,2.04,2.03,2.02,2.01,2,2.01,2.03,2.05,2.07,2.07,4.02,4.01,4,3.99,3.99,3.99,3.99,3.98,3.98,3.97,0.61,0,1,0,0,0,0,0,1,GradualMotor,aggregation
26,230.76,remora5,remora3,0,0,0,0,0,0,0,0,0,0,0,0,0,0,0,0,0,0,0,0,2.06,2.05,2.04,2.03,2.02,2.01,2,2.01,2.02,2.04,3.97,3.96,3.95,3.94,3.92,3.91,3.9,3.89,3.89,3.88,0.27,0,1,0,0,0,0,0,1,GradualMotor,aggregation
26,231.76,remora5,remora3,0,0,0,0,0,0,0,0,0,0,0,0,0,0,0,0,0,0,0,0,2.05,2.05,2.04,2.03,2.02,2.01,2,2.02,2.03,2.03,3.87,3.86,3.85,3.84,3.83,3.83,3.82,3.82,3.82,3.81,0.08,0,1,0,0,0,0,0,1,GradualMotor,aggregation
26,232.76,remora5,remora3,0,0,0,0,0,0,0,0,0,0,0,0,0,0,0,0,0,0,0,0,2.02,2.01,2,2.01,2.03,2.04,2.06,2.05,2.04,2.03,3.8,3.8,3.79,3.78,3.78,3.77,3.77,3.76,3.74,3.73,0,0,1,0,0,0,0,0,1,GradualMotor,aggregation
26,233.76,remora5,remora3,0,0,0,0,0,0,0,0,0,0,0,0,0,0,0,0,0,0,0,0,2.02,2.01,2,2.01,2.03,2.04,2.06,2.05,2.04,2.03,3.72,3.71,3.7,3.7,3.69,3.69,3.68,3.67,3.66,3.65,0,0,1,0,0,0,0,0,1,GradualMotor,aggregation
26,234.76,remora5,remora3,0,0,0,0,0,0,0,0,0,0,0,0,0,0,0,0,0,0,0,0,2.02,2.01,2,2.02,2.03,2.02,2.01,2,1.99,1.98,3.64,3.63,3.62,3.62,3.61,3.6,3.59,3.58,3.57,3.56,0,0,1,0,0,0,0,0,1,GradualMotor,aggregation
26,235.76,remora5,remora3,0,0,0,0,0,0,0,0,0,0,0,0,0,0,0,0,0,0,0,0,1.96,1.95,1.93,1.91,1.9,1.89,1.87,1.86,1.85,1.83,3.56,3.56,3.56,3.55,3.54,3.53,3.52,3.51,3.5,3.49,0,0,1,0,0,0,0,0,1,GradualMotor,aggregation
26,236.76,remora5,remora3,0,0,0,0,0,0,0,0,0,0,0,0,0,0,0,0,0,0,0,0,1.82,1.8,1.79,1.78,1.77,1.75,1.74,1.73,1.72,1.71,3.48,3.48,3.48,3.47,3.46,3.45,3.44,3.43,3.43,3.42,0,0,1,0,0,0,0,0,1,GradualMotor,aggregation
26,237.76,remora5,remora3,0,0,0,0,0,0,0,0,0,0,0,0,0,0,0,0,0,0,0,0,1.69,1.68,1.66,1.65,1.64,1.62,1.62,1.6,1.59,1.58,3.42,3.42,3.41,3.41,3.4,3.39,3.38,3.37,3.36,3.36,0,0,1,0,0,0,0,0,1,GradualMotor,aggregation
26,238.76,remora5,remora3,0,0,0,0,0,0,0,0,0,0,0,0,0,0,0,0,0,0,0,0,1.57,1.56,1.55,1.54,1.53,1.52,1.51,1.51,1.51,1.51,3.36,3.35,3.35,3.35,3.34,3.34,3.35,3.35,3.36,3.36,0,0,1,0,0,0,0,0,1,GradualMotor,aggregation
26,239.76,remora5,remora3,0,0,0,0,0,0,0,0,0,0,0,0,0,0,0,0,0,0,0,0,1.51,1.51,1.51,1.51,1.51,1.51,1.51,1.51,1.51,1.51,3.35,3.35,3.35,3.35,3.35,3.34,3.34,3.34,3.34,3.34,0,0,1,0,0,0,0,0,1,GradualMotor,aggregation
26,240.76,remora5,remora3,0,0,0,0,0,0,0,0,0,0,0,0,0,0,0,0,0,0,0,0,1.51,1.51,1.51,1.51,1.51,1.51,1.51,1.51,1.51,1.51,3.34,3.35,3.35,3.35,3.35,3.34,3.34,3.34,3.34,3.34,0,0,1,0,0,0,0,0,1,GradualMotor,aggregation
26,241.76,remora5,remora3,0,0,0,0,0,0,0,0,0,0,0,0,0,0,0,0,0,0,0,0,1.51,1.51,1.51,1.51,1.51,1.51,1.51,1.51,1.51,1.51,3.34,3.34,3.34,3.33,3.33,3.33,3.32,3.32,3.32,3.32,0,0,1,0,0,0,0,0,1,GradualMotor,aggregation
26,242.76,remora5,remora3,0,0,0,0,0,0,0,0,0,0,0,0,0,0,0,0,0,0,0,0,1.51,1.51,1.51,1.51,1.51,1.51,1.51,1.51,1.51,1.51,3.31,3.3,3.29,3.28,3.27,3.26,3.25,3.25,3.24,3.24,0,0,1,0,0,0,0,0,1,GradualMotor,aggregation
26,243.76,remora5,remora3,0,0,0,0,0,0,0,0,0,0,0,0,0,0,0,0,0,0,0,0,1.51,1.51,1.51,1.51,1.51,1.51,1.51,1.51,1.51,1.51,3.24,3.23,3.22,3.21,3.2,3.19,3.19,3.19,3.19,3.19,0,0,1,0,0,0,0,0,1,GradualMotor,aggregation
26,183.76,remora5,remora2,0.5,0.5,-5.33,-5.33,0.62,0.62,0.63,0.63,0.88,0.88,1.3,1.3,-4.51,-4.51,1.42,1.42,1.43,1.43,1.68,1.68,2.49,2.49,2.49,2.49,2.5,2.5,2.5,2.5,2.5,2.49,3.8,3.8,3.8,3.8,3.8,3.8,3.8,3.81,3.81,3.81,43.16,0,1,0,0,0,0,-1,0,None,aggregation
26,184.76,remora5,remora2,-4.78,-4.78,-4.49,-4.49,-4.48,-4.48,-4.48,-5.02,-5.02,-5.3,-3.96,-3.96,-3.67,-3.67,-3.66,-3.66,-3.66,-4.2,-4.2,-4.48,2.49,2.49,2.5,2.5,2.5,2.5,2.51,2.51,2.51,2.52,3.81,3.81,3.81,3.81,3.81,3.82,3.82,3.82,3.81,3.81,43.23,0,1,0,0,0,0,-1,0,None,aggregation
26,185.76,remora5,remora2,-4.75,-4.75,-4.74,-4.74,-4.2,-4.2,-3.9,-3.9,7.02,7.02,-3.93,-3.93,-3.92,-3.92,-3.37,-3.37,-3.08,-3.08,7.71,7.71,2.52,2.52,2.52,2.52,2.52,2.53,2.53,2.53,2.53,2.53,3.81,3.81,3.81,3.81,3.81,3.81,3.81,3.81,3.8,3.81,42.15,0,1,0,0,0,0,-1,0,None,aggregation
26,186.76,remora5,remora2,-4.18,-4.18,-4.18,-4.18,-3.64,-3.64,-3.63,-3.63,2.5,2.5,-3.36,-3.36,-3.36,-3.36,-2.82,-2.82,-2.81,-2.81,3.27,3.27,2.53,2.53,2.53,2.53,2.53,2.53,2.53,2.54,2.54,2.54,3.81,3.81,3.81,3.81,3.81,3.81,3.81,3.8,3.8,3.8,43.92,0,1,0,0,0,0,-1,0,None,aggregation
26,187.76,remora5,remora2,2.51,2.51,2.51,2.51,-3.09,-3.09,3.02,3.02,3.16,3.16,3.28,3.28,3.28,3.28,-2.27,-2.27,3.78,3.78,3.92,3.92,2.54,2.54,2.54,2.54,2.53,2.54,2.54,2.53,2.53,2.53,3.8,3.8,3.81,3.81,3.82,3.82,3.82,3.82,3.81,3.82,43.59,0,1,0,0,0,0,-1,0,None,aggregation
26,188.76,remora5,remora2,3.27,3.27,8.24,8.24,8.24,3.52,3.52,3.52,-1.23,-1.23,4.03,4.03,8.91,8.91,8.91,4.28,4.28,4.28,-0.41,-0.41,2.53,2.53,2.53,2.53,2.52,2.52,2.52,2.52,2.52,2.52,3.82,3.82,3.82,3.83,3.83,3.83,3.83,3.83,3.83,3.83,42.05,0,1,0,0,0,0,-1,0,None,aggregation
26,189.76,remora5,remora2,4.41,4.41,4.41,4.41,4.52,4.52,4.52,4.66,-0.19,-0.19,5.15,5.15,5.14,5.14,5.25,5.25,5.25,5.39,0.63,0.63,2.51,2.51,2.51,2.51,2.51,2.51,2.51,2.51,2.5,2.5,3.83,3.84,3.84,3.85,3.85,3.85,3.86,3.86,3.86,3.86,39.12,0,1,0,0,0,0,-1,0,None,aggregation
26,190.76,remora5,remora2,5.26,5.26,5.51,5.51,0.84,0.84,5.75,5.75,5.75,5.75,5.98,5.98,6.23,6.23,1.64,1.64,6.46,6.46,6.46,6.46,2.5,2.5,2.5,2.5,2.5,2.5,2.5,2.5,2.49,2.49,3.86,3.87,3.87,3.87,3.88,3.88,3.88,3.88,3.88,3.88,39.07,0,1,0,0,0,0,-1,0,None,aggregation
26,191.76,remora5,remora2,6.24,6.24,6.48,6.48,1.85,1.85,1.85,1.85,7.1,7.1,6.95,6.95,7.18,7.18,2.63,2.63,2.63,2.63,7.79,7.79,2.49,2.49,2.49,2.48,2.48,2.48,2.48,2.48,2.48,2.48,3.88,3.88,3.88,3.88,3.88,3.88,3.88,3.88,3.87,3.87,40.55,0,1,0,0,0,0,-1,0,None,aggregation
26,192.76,remora5,remora2,2.6,2.6,7.69,7.69,7.68,7.68,8.16,8.16,4.08,4.08,3.37,3.37,8.37,8.37,8.36,8.36,8.83,8.83,4.83,4.83,2.48,2.48,2.48,2.47,2.47,2.47,2.47,2.47,2.47,2.46,3.88,3.88,3.88,3.88,3.89,3.89,3.89,3.89,3.89,3.89,42.29,0,1,0,0,0,0,-1,0,None,aggregation
26,193.76,remora5,remora2,8.52,8.52,4.08,4.08,9.1,9.1,9.33,9.33,9.8,9.8,9.18,9.18,4.82,4.82,9.75,9.75,9.98,9.98,10.44,10.44,2.46,2.46,2.46,2.46,2.46,2.46,2.46,2.45,2.45,2.45,3.89,3.9,3.9,3.89,3.89,3.9,3.9,3.91,3.91,3.91,48.96,0,1,1,0,0,0,-1,0,None,aggregation
26,194.76,remora5,remora2,9.8,5.79,5.79,10.14,-4.71,-4.71,-4.71,-4.66,3.06,3.06,10.44,6.51,6.51,10.78,-15.18,-15.18,-15.18,-15.13,3.82,3.82,2.45,2.45,2.45,2.45,2.44,2.45,2.45,2.45,2.45,2.45,3.92,3.92,3.92,3.92,3.93,3.93,3.93,3.92,3.92,3.92,52.58,0,1,1,0,0,0,-1,0,None,aggregation
26,195.76,remora5,remora2,3.06,3.06,1.8,1.8,1.8,1.8,6.79,6.79,-4.5,-4.5,3.82,3.82,2.58,2.58,2.58,2.58,7.48,7.48,-14.96,-14.96,2.45,2.45,2.44,2.44,2.44,2.44,2.44,2.44,2.44,2.44,3.92,3.92,3.92,3.92,3.91,3.91,3.91,3.91,3.92,3.91,52.86,0,1,1,0,0,0,-1,0,None,aggregation
26,196.76,remora5,remora2,-4.42,-4.42,4.05,4.05,-1.87,-1.87,2.77,2.77,2.89,2.89,-14.89,-14.89,4.8,4.8,-1.05,-1.05,3.53,3.53,3.65,3.65,2.44,2.44,2.45,2.44,2.44,2.44,2.44,2.44,2.44,2.44,3.91,3.9,3.9,3.9,3.9,3.89,3.89,3.89,3.89,3.89,53.88,0,1,1,0,0,0,-1,0,None,aggregation
26,197.76,remora5,remora2,-1.1,-1.1,-1.1,-1.1,3.4,3.4,3.65,3.65,-4.21,-4.21,-0.28,-0.28,-0.28,-0.28,4.15,4.15,4.41,4.41,-14.68,-14.68,2.44,2.44,2.44,2.44,2.44,2.44,2.44,2.44,2.44,2.44,3.9,3.89,3.89,3.89,3.89,3.89,3.89,3.88,3.88,3.88,54.52,0,1,1,0,0,0,-1,0,None,aggregation
26,198.76,remora5,remora2,2.63,2.63,1.33,1.33,-2.95,-2.95,-2.7,-2.7,-2.7,-2.7,3.4,3.4,2.12,2.12,-2.13,-2.13,-1.88,-1.88,-1.88,-1.88,2.44,2.44,2.44,2.43,2.43,2.44,2.44,2.44,2.44,2.44,3.87,3.87,3.87,3.87,3.87,3.86,3.87,3.86,3.86,3.86,52.25,0,1,1,0,0,0,-1,0,None,aggregation
26,199.76,remora5,remora2,2,2,2.12,2.12,-1.62,-1.62,2.63,2.63,2.51,2.51,2.78,2.78,2.9,2.9,-0.8,-0.8,3.4,3.4,3.28,3.28,2.44,2.44,2.44,2.44,2.44,2.44,2.44,2.44,2.43,2.43,3.86,3.86,3.86,3.86,3.86,3.86,3.85,3.85,3.85,3.85,50.73,0,1,1,0,0,0,-1,0,None,aggregation
26,200.76,remora5,remora2,-1.88,-1.88,3.02,3.02,3.02,3.14,-4.17,-4.17,-1.63,-1.63,-1.06,-1.06,3.79,3.79,3.79,3.9,-14.63,-14.63,-0.81,-0.81,2.43,2.43,2.43,2.43,2.43,2.43,2.43,2.44,2.44,2.44,3.85,3.85,3.85,3.84,3.84,3.85,3.85,3.84,3.84,3.84,49.54,0,1,1,0,0,0,-1,0,None,aggregation
26,201.76,remora5,remora2,0.95,0.95,-3.23,-3.23,-2.95,-2.95,1.6,1.6,1.75,1.75,1.75,1.75,-2.41,-2.41,-2.13,-2.13,2.39,2.39,2.53,2.53,2.44,2.44,2.44,2.44,2.44,2.44,2.44,2.44,2.44,2.44,3.84,3.84,3.83,3.83,3.83,3.83,3.83,3.83,3.83,3.83,46.64,0,1,1,0,0,0,-1,0,None,aggregation
26,202.76,remora5,remora2,-2.7,-2.7,1.85,1.85,2.12,2.12,2.38,2.38,2.38,-1.63,-1.87,-1.87,2.64,2.64,2.9,2.9,3.15,3.15,3.15,-0.81,2.44,2.44,2.44,2.44,2.44,2.44,2.44,2.44,2.44,2.43,3.83,3.83,3.83,3.83,3.83,3.83,3.83,3.83,3.83,3.83,42.6,0,1,0,0,0,0,-1,0,None,aggregation
26,203.76,remora5,remora2,2.51,2.51,2.51,2.51,-4.12,-4.12,1.86,1.86,0.7,0.7,3.28,3.28,3.28,3.28,-14.59,-14.59,2.64,2.64,1.5,1.5,2.43,2.43,2.43,2.43,2.43,2.44,2.44,2.44,2.44,2.44,3.83,3.83,3.83,3.83,3.83,3.83,3.82,3.82,3.82,3.82,37.8,0,1,0,0,0,0,-1,0,None,aggregation
26,204.76,remora5,remora2,0.7,-3.23,-2.95,-2.95,1.08,1.08,1.08,1.08,-2.7,-2.7,1.5,-2.41,-2.13,-2.13,1.88,1.88,1.88,1.88,-1.87,-1.87,2.44,2.44,2.44,2.44,2.44,2.44,2.44,2.44,2.44,2.44,3.82,3.82,3.82,3.82,3.82,3.82,3.82,3.82,3.82,3.82,31.8,0,1,0,0,0,0,-1,0,None,aggregation
26,205.76,remora5,remora2,-2.16,-2.16,1.87,1.87,1.6,1.6,1.6,-2.41,2.26,2.26,-1.34,-1.34,2.65,2.65,2.39,2.39,2.39,-1.59,3.04,3.04,2.44,2.44,2.44,2.44,2.44,2.44,2.44,2.44,2.44,2.44,3.82,3.82,3.81,3.81,3.81,3.81,3.81,3.81,3.81,3.81,28.99,0,1,0,0,0,0,-1,0,None,aggregation
26,206.76,remora5,remora2,2.39,2.39,-1.35,-1.35,2.77,2.77,2.9,2.9,-4.16,-4.16,3.16,3.16,-0.53,-0.53,3.54,3.54,3.66,3.66,-14.62,-14.62,2.44,2.44,2.44,2.44,2.44,2.44,2.44,2.43,2.43,2.43,3.82,3.82,3.82,3.82,3.82,3.82,3.82,3.82,3.82,3.82,28.51,0,1,0,0,0,0,-1,0,None,aggregation
26,207.76,remora5,remora2,2.11,2.11,-3.49,-3.49,-3.49,1.08,1.35,1.35,1.35,-2.41,2.89,2.89,-2.67,-2.67,-2.67,1.87,2.14,2.14,2.14,-1.59,2.44,2.44,2.44,2.44,2.44,2.44,2.44,2.44,2.44,2.44,3.81,3.81,3.81,3.81,3.81,3.81,3.81,3.81,3.81,3.81,27.08,0,1,0,0,0,0,-1,0,None,aggregation
26,208.76,remora5,remora2,-2.41,1.87,1.74,1.74,-2.16,-2.16,2.26,2.26,2.26,2.38,-1.59,2.65,2.53,2.53,-1.34,-1.34,3.04,3.04,3.04,3.16,2.44,2.44,2.44,2.44,2.44,2.44,2.44,2.44,2.44,2.44,3.81,3.81,3.81,3.81,3.81,3.81,3.81,3.81,3.81,3.81,26.98,0,1,0,0,0,0,-1,0,None,aggregation
26,209.76,remora5,remora2,2.38,-1.35,-4.1,-4.1,-3.23,-3.23,-3.23,-3.77,0.57,0.57,3.16,-0.53,-14.57,-14.57,-2.41,-2.41,-2.41,-2.94,1.37,1.37,2.43,2.43,2.43,2.44,2.44,2.44,2.44,2.45,2.45,2.45,3.81,3.81,3.81,3.81,3.81,3.81,3.81,3.81,3.81,3.81,28.19,0,1,0,0,0,0,-1,0,None,aggregation
26,210.76,remora5,remora2,0.71,0.71,-3.47,-3.47,-3.22,-3.22,1.24,1.24,1.09,1.09,1.51,1.51,-2.65,-2.65,-2.4,-2.4,2.03,2.03,1.89,1.89,2.45,2.44,2.45,2.45,2.45,2.45,2.45,2.45,2.45,2.45,3.81,3.81,3.81,3.81,3.81,3.81,3.81,3.81,3.81,3.81,26.42,0,1,0,0,0,0,-1,0,None,aggregation
26,211.76,remora5,remora2,1.09,-3.22,1.61,1.61,1.76,1.76,1.76,-2.14,-2.14,-1.87,1.89,-2.4,2.4,2.4,2.54,2.54,2.54,-1.32,-1.32,-1.04,2.45,2.45,2.45,2.45,2.45,2.45,2.45,2.45,2.45,2.45,3.81,3.81,3.81,3.81,3.81,3.81,3.81,3.81,3.81,3.81,26.22,0,1,0,0,0,0,-1,0,None,aggregation
26,212.76,remora5,remora2,2.13,2.13,2.13,2.13,-1.62,-1.62,2.91,2.91,2.91,2.91,2.91,2.91,2.91,2.91,-0.8,-0.8,3.67,3.67,3.67,3.67,2.45,2.45,2.45,2.45,2.45,2.45,2.45,2.45,2.44,2.44,3.81,3.81,3.81,3.81,3.81,3.81,3.82,3.82,3.82,3.82,26.43,0,1,0,0,0,0,-1,0,None,aggregation
26,213.76,remora5,remora2,-1.09,-1.09,3.16,3.16,3.42,3.42,17.7,17.7,-4.24,-4.24,-0.27,-0.27,3.92,3.92,4.17,4.17,18.19,18.19,-14.7,-14.7,2.44,2.44,2.44,2.44,2.44,2.44,2.44,2.43,2.43,2.43,3.82,3.82,3.82,3.82,3.82,3.83,3.83,3.83,3.84,3.84,29.81,0,1,0,0,0,0,-1,0,None,aggregation
26,214.76,remora5,remora2,-4.15,-4.15,-3.9,-3.9,-5.11,-5.11,-6.76,-6.76,-2.19,-2.19,-14.62,-14.62,-14.36,-14.36,-4.29,-4.29,-5.93,-5.93,-1.36,-1.36,2.43,2.43,2.44,2.44,2.44,2.44,2.45,2.45,2.45,2.45,3.84,3.84,3.83,3.83,3.83,3.83,3.83,3.83,3.83,3.83,34.13,0,1,0,0,0,0,-1,0,None,aggregation
26,215.76,remora5,remora2,9.21,9.21,-1.79,-1.79,-5.4,-5.4,9.97,9.97,-1.54,-1.54,9.87,9.87,-0.97,-0.97,-4.57,-4.57,10.61,10.61,-0.71,-0.71,2.45,2.45,2.45,2.45,2.45,2.45,2.45,2.45,2.44,2.44,3.83,3.83,3.83,3.83,3.83,3.83,3.83,3.83,3.84,3.84,37.47,0,1,0,0,0,0,-1,0,None,aggregation
26,216.76,remora5,remora2,-5.66,-5.66,-5.66,-5.66,10.45,10.45,-0.75,-0.75,-0.75,-0.5,-4.84,-4.84,-4.84,-4.84,11.08,11.08,0.07,0.07,0.07,0.32,2.44,2.44,2.45,2.45,2.45,2.44,2.44,2.44,2.44,2.44,3.84,3.84,3.84,3.84,3.84,3.84,3.84,3.84,3.84,3.84,37.92,0,1,0,0,0,0,-1,0,None,aggregation
26,217.76,remora5,remora2,-0.5,10.75,-3.7,-3.7,-3.61,-3.61,-2.86,-2.86,-2.86,-8.71,0.32,11.37,-14.16,-14.16,-14.08,-14.08,-2.04,-2.04,-2.04,-7.89,2.44,2.43,2.43,2.43,2.44,2.44,2.45,2.45,2.45,2.45,3.84,3.84,3.84,3.84,3.84,3.84,3.84,3.84,3.84,3.84,41.86,0,1,0,0,0,0,-1,0,None,aggregation
26,218.76,remora5,remora2,-8.71,-8.71,12.78,12.78,-4.17,-4.17,-4.03,-4.03,13.25,13.25,-7.89,-7.88,13.37,13.37,-3.35,-3.35,-3.21,-3.21,13.83,13.83,2.46,2.46,2.47,2.46,2.45,2.45,2.46,2.46,2.46,2.45,3.84,3.84,3.83,3.83,3.83,3.83,3.83,3.83,3.83,3.83,48.04,0,1,1,0,0,0,-1,0,None,aggregation
26,219.76,remora5,remora2,13.25,8.34,-7.88,-7.88,-3.13,-3.13,8.8,8.8,-2.86,-2.86,13.83,9.01,-7.06,-7.06,-2.31,-2.31,9.46,9.46,-2.04,-2.04,2.44,2.44,2.43,2.44,2.44,2.44,2.45,2.44,2.44,2.44,3.83,3.83,3.84,3.84,3.84,3.83,3.83,3.83,3.83,3.83,51,0,1,1,0,0,0,-1,0,None,aggregation
26,220.76,remora5,remora2,-7.06,-7.06,9.45,9.45,9.65,9.65,-3.41,-3.41,-3.25,-3.25,-6.23,-6.23,10.09,10.09,10.29,10.29,-13.88,-13.88,-13.72,-13.72,2.44,2.44,2.44,2.44,2.44,2.43,2.43,2.43,2.43,2.44,3.83,5.37,5.36,5.36,5.35,5.35,5.35,5.34,5.34,5.34,57.68,0,1,1,0,0,0,-1,0,None,aggregation
26,221.76,remora5,remora2,-3.25,-5.26,5.85,5.85,-10.95,-10.95,-6.32,-6.32,-6.32,6.41,-13.72,-4.44,6.56,6.56,-10.13,-10.13,-5.5,-5.5,-5.5,7.11,2.44,2.44,2.45,2.44,2.44,2.44,2.45,2.45,2.46,2.46,5.33,5.33,5.32,5.31,5.3,5.29,5.28,5.28,5.27,5.27,62.85,0,1,1,0,0,0,-1,0,None,aggregation
26,222.76,remora5,remora2,6.55,6.55,-10.09,-10.09,-10.08,-10.08,12.76,12.76,7.09,7.09,7.25,7.25,-9.26,-9.26,-9.26,-9.26,13.35,13.35,7.78,7.78,2.45,2.45,2.45,2.45,2.45,2.46,2.46,2.46,2.45,2.45,5.27,5.27,5.27,5.27,5.26,5.26,5.25,5.24,5.25,5.25,69.63,0,1,1,0,0,0,-1,0,None,aggregation
26,223.76,remora5,remora2,-10.09,-10.09,-9.82,-9.82,-9.82,13.51,7.88,7.88,13.77,13.77,-9.27,-9.27,-9,-9,-9,14.09,8.56,8.56,14.34,14.34,2.45,2.45,2.46,2.46,2.47,2.46,2.46,2.45,2.45,2.44,5.25,5.24,5.23,5.22,5.22,5.22,5.22,5.22,5.21,5.21,73.14,0,1,1,0,0,0,-1,0,None,aggregation
26,224.76,remora5,remora2,-4.45,-4.45,-3.03,-3.03,13.55,13.55,-11.52,-11.52,12.82,12.82,-3.63,-3.63,-13.49,-13.49,14.12,14.12,-10.7,-10.7,13.41,13.41,2.43,2.43,2.43,2.44,2.44,2.44,2.43,2.44,2.44,2.44,5.2,5.2,5.19,5.19,5.19,5.18,5.17,5.16,5.15,5.15,76.94,0,1,1,0,0,0,-1,0,None,aggregation
26,225.76,remora5,remora2,12.82,9.83,-2.69,-2.69,-2.44,-2.44,4.28,4.28,3.41,3.41,13.41,10.47,-13.15,-13.15,-12.91,-12.91,5.02,5.02,4.17,4.17,2.43,2.42,2.42,2.42,2.42,2.43,2.43,2.43,2.43,2.43,5.15,5.16,5.16,5.15,5.14,5.13,5.12,5.11,5.11,5.1,78.61,0,1,1,0,0,0,-1,0,None,aggregation
26,226.76,remora5,remora2,9.95,9.95,-1.83,-1.83,-1.52,-1.52,7.61,7.61,0.06,0.06,10.59,10.59,-12.29,-12.29,-11.98,-11.98,8.29,8.29,0.87,0.87,2.42,2.42,2.41,2.42,2.42,2.43,2.43,2.43,2.42,2.42,5.09,5.08,5.08,5.08,5.08,5.07,5.07,5.07,5.07,5.06,80.75,0,1,1,0,0,0,-1,0,None,aggregation
26,227.76,remora5,remora2,-0.8,-0.8,-1.01,-1.01,-1.97,-1.97,5.26,5.26,-1.46,-1.46,-11.27,-11.27,-0.19,-0.19,-1.15,-1.15,5.98,5.98,-0.64,-0.64,2.41,2.42,2.42,2.43,2.43,2.43,2.43,2.42,2.42,2.42,5.05,5.04,5.03,5.03,5.02,5.01,5.01,5,5,5,77.49,0,1,1,0,0,0,-1,0,None,aggregation
26,228.76,remora5,remora2,-1.41,-1.41,-1.18,-1.18,5.77,5.77,-0.81,-0.81,-0.75,-0.75,-0.59,-0.59,-0.36,-0.36,6.48,6.48,0.01,0.01,0.07,0.07,2.42,2.42,2.42,2.42,2.42,2.42,2.41,2.41,2.41,2.41,5,5,4.99,4.98,4.97,4.97,4.96,4.95,4.95,4.95,70.75,0,1,1,0,0,0,-1,0,None,aggregation
26,229.76,remora5,remora2,-0.75,6.18,-0.57,-0.57,-0.37,-0.37,-3.05,-3.05,-4.25,-4.25,0.07,6.89,-11.03,-11.03,-10.83,-10.83,-2.23,-2.23,-3.43,-3.43,2.41,2.41,2.41,2.41,2.42,2.42,2.42,2.43,2.43,2.43,4.95,4.94,4.94,4.93,4.93,4.93,4.93,4.92,4.92,4.91,68.44,0,1,1,0,0,0,-1,0,None,aggregation
26,230.76,remora5,remora2,-4.33,-4.33,2.59,2.59,2.85,2.85,-3.56,-3.56,-3.5,-3.5,-3.51,-3.51,3.36,3.36,3.61,3.61,-2.74,-2.74,-2.68,-2.68,2.43,2.44,2.44,2.44,2.44,2.44,2.44,2.44,2.44,2.44,4.91,4.91,4.91,4.9,4.89,4.88,4.87,4.86,4.86,4.85,63.02,0,1,1,0,0,0,-1,0,None,aggregation
26,231.76,remora5,remora2,2.98,2.98,-2.14,-2.14,-3.19,-3.19,3.09,3.09,3,3,3.74,3.74,-1.32,-1.32,-2.37,-2.37,3.85,3.85,3.76,3.76,2.44,2.44,2.44,2.44,2.44,2.44,2.45,2.44,2.44,2.44,4.84,4.83,4.82,4.82,4.82,4.82,4.82,4.81,4.8,4.8,58.83,0,1,1,0,0,0,-1,0,None,aggregation
26,232.76,remora5,remora2,-2.97,-2.97,3.35,3.35,3.35,3.35,-1.49,-1.49,3.67,3.67,-2.15,-2.15,4.11,4.11,4.1,4.1,-0.67,-0.67,4.42,4.42,2.43,2.44,2.44,2.44,2.43,2.43,2.42,2.43,2.43,2.42,4.8,4.79,4.79,4.79,4.78,4.77,4.76,4.75,4.74,4.74,52.51,0,1,1,0,0,0,-1,0,None,aggregation
26,233.76,remora5,remora2,-1.94,-1.94,-1.77,-1.77,-1.71,-1.71,3.12,3.12,3.12,-1.47,-1.12,-1.12,-0.95,-0.95,-0.88,-0.88,3.89,3.89,3.89,-0.64,2.42,2.42,2.42,2.43,2.43,2.43,2.43,2.43,2.42,2.42,4.73,4.72,4.71,4.71,4.7,4.69,4.68,4.68,4.67,4.66,43.91,0,1,0,0,0,0,-1,0,None,aggregation
26,234.76,remora5,remora2,-1.32,-1.32,4.83,4.83,-0.9,-0.9,-0.73,-0.73,5.31,5.31,-0.5,-0.5,5.56,5.56,-0.07,-0.07,0.09,0.09,6.03,6.03,2.42,2.43,2.43,2.42,2.42,2.42,2.42,2.42,2.42,2.42,4.65,4.65,4.64,4.63,4.62,4.62,4.61,4.6,4.59,4.59,36.36,0,1,0,0,0,0,-1,0,None,aggregation
26,235.76,remora5,remora2,-0.3,-0.3,-0.65,-0.65,-1.49,-1.49,-1.49,-2.01,-2.01,-1.86,0.52,0.52,-11.12,-11.12,-0.66,-0.66,-0.66,-1.19,-1.19,-1.03,2.41,2.41,2.41,2.41,2.42,2.42,2.42,2.42,2.43,2.43,4.58,4.57,4.56,4.56,4.55,4.54,4.54,4.53,4.52,4.52,31.21,0,1,0,0,0,0,-1,0,None,aggregation
26,236.76,remora5,remora2,2.19,2.19,-1.52,-1.52,-1.33,-1.33,4.83,4.83,-0.92,-0.92,2.97,2.97,-0.7,-0.7,-0.51,-0.51,5.56,5.56,-0.1,-0.1,2.43,2.43,2.42,2.42,2.42,2.43,2.43,2.42,2.42,2.42,4.51,4.5,4.49,4.49,4.48,4.47,4.47,4.46,4.45,4.45,26.77,0,1,0,0,0,0,-1,0,None,aggregation
26,237.76,remora5,remora2,-0.73,-0.73,2.56,2.56,-0.52,-0.52,-0.3,-0.3,5.79,5.79,0.09,0.09,3.33,3.33,0.3,0.3,0.52,0.52,6.5,6.5,2.42,2.42,2.42,2.42,2.42,2.42,2.42,2.42,2.42,2.41,4.44,4.43,4.43,4.42,4.41,4.4,4.4,4.39,4.39,4.38,25.72,0,1,0,0,0,0,-1,0,None,aggregation
26,238.76,remora5,remora2,-0.71,-0.71,-0.45,-0.45,-2.93,-2.93,-3.88,-3.88,-3.88,2.16,-11.18,-11.18,-10.92,-10.92,-2.11,-2.11,-3.06,-3.06,-3.06,2.93,2.41,2.41,2.41,2.42,2.43,2.43,2.43,2.43,2.43,2.43,4.37,4.37,4.37,4.37,4.37,4.37,4.37,4.37,4.37,4.37,28.12,0,1,0,0,0,0,-1,0,None,aggregation
26,239.76,remora5,remora2,2.16,2.12,-4.57,-4.57,-3.42,-3.42,2.86,2.86,-2.98,-2.98,2.93,2.9,-3.75,-3.75,-2.6,-2.6,3.62,3.62,-2.16,-2.16,2.43,2.43,2.43,2.43,2.44,2.44,2.44,2.44,2.44,2.44,4.37,4.37,4.37,4.38,4.38,4.38,4.38,4.38,4.38,4.38,26.96,0,1,0,0,0,0,-1,0,None,aggregation
26,240.76,remora5,remora2,-2.98,-3.87,-2.93,-2.93,3.46,3.46,-2.39,-2.39,-2.12,-2.12,-2.16,-3.05,-2.11,-2.11,4.22,4.22,-1.57,-1.57,-1.29,-1.29,2.44,2.44,2.45,2.45,2.45,2.45,2.45,2.45,2.45,2.45,4.38,4.38,4.38,4.38,4.38,4.38,4.37,4.37,4.37,4.37,26.3,0,1,0,0,0,0,-1,0,None,aggregation
26,241.76,remora5,remora2,4.24,4.24,4.24,4.36,-2.68,-2.68,5.06,5.06,-1.14,-1.14,4.98,4.98,4.98,5.1,-1.86,-1.86,5.79,5.79,-0.32,-0.32,2.45,2.45,2.44,2.44,2.44,2.44,2.44,2.44,2.43,2.43,4.37,4.37,4.37,4.37,4.37,4.37,4.37,4.36,4.35,4.34,26.89,0,1,0,0,0,0,-1,0,None,aggregation
26,242.76,remora5,remora2,-1.14,-1.14,5.5,5.5,-0.72,-0.72,-1.67,-1.67,6.24,6.24,-0.32,-0.32,6.22,6.22,0.1,0.1,-0.85,-0.85,6.95,6.95,2.43,2.43,2.44,2.43,2.43,2.43,2.43,2.43,2.43,2.43,4.34,4.33,4.33,4.32,4.31,4.3,4.3,4.29,4.28,4.28,26.82,0,1,0,0,0,0,-1,0,None,aggregation
26,243.76,remora5,remora2,6.24,-0.28,-0.57,-0.57,5.62,5.62,-2.21,-2.21,4.87,4.87,6.95,0.53,-11.03,-11.03,6.34,6.34,-1.39,-1.39,5.6,5.6,2.42,2.42,2.42,2.42,2.43,2.43,2.42,2.42,2.43,2.42,4.27,4.26,4.25,4.25,4.24,4.24,4.24,4.24,4.24,4.23,29.26,0,1,0,0,0,0,-1,0,None,aggregation
26,185.76,remora5,remora1,10.24,10.24,10.23,10.23,10.22,10.22,-19.45,-19.45,-19.28,-19.28,9.69,9.69,9.71,9.71,9.72,9.72,-18.63,-18.63,-18.46,-18.46,2.29,2.27,2.25,2.24,2.23,2.22,2.22,2.24,2.26,2.28,3.36,3.35,3.35,3.34,3.33,3.33,3.33,3.34,3.35,3.36,128.41,0,1,1,0,0,0,-1,0,None,aggregation
26,186.76,remora5,remora1,10.23,10.23,10.23,10.23,10.22,10.22,10.22,10.22,-19.6,-19.6,9.71,9.71,9.7,9.7,9.72,9.72,9.73,9.73,-18.77,-18.77,2.29,2.28,2.26,2.25,2.24,2.23,2.22,2.2,2.18,2.19,3.37,3.37,3.36,3.35,3.35,3.34,3.33,3.32,3.32,3.32,127.09,0,1,1,0,0,0,-1,0,None,aggregation
26,187.76,remora5,remora1,-19.61,-19.61,10.22,10.22,10.22,10.22,10.21,10.21,-19.76,-19.76,-18.79,-18.79,9.72,9.72,9.72,9.72,9.74,9.74,-18.94,-18.94,2.21,2.22,2.24,2.23,2.22,2.2,2.19,2.18,2.16,2.17,3.33,3.35,3.35,3.35,3.34,3.33,3.33,3.32,3.31,3.32,129.88,0,1,1,0,0,0,-1,0,None,aggregation
26,188.76,remora5,remora1,-19.76,-19.76,10.22,10.22,10.22,10.22,10.22,10.22,10.21,10.21,-18.94,-18.94,9.72,9.72,9.72,9.72,9.73,9.73,9.74,9.74,2.18,2.2,2.22,2.21,2.2,2.19,2.18,2.17,2.16,2.15,3.33,3.34,3.35,3.35,3.34,3.33,3.33,3.32,3.31,3.31,129.06,0,1,1,0,0,0,-1,0,None,aggregation
26,189.76,remora5,remora1,-19.6,-19.6,-19.57,-19.57,10.22,10.22,10.22,10.22,10.21,10.21,-18.78,-18.78,-18.74,-18.74,9.73,9.73,9.73,9.72,9.74,9.74,2.15,2.16,2.18,2.2,2.21,2.21,2.2,2.19,2.17,2.16,3.3,3.31,3.32,3.34,3.35,3.34,3.34,3.33,3.32,3.32,130.37,0,1,1,0,0,0,-1,0,None,aggregation
26,190.76,remora5,remora1,10.2,10.2,-19.32,-19.32,-19.31,-19.31,10.21,10.21,10.21,10.21,9.75,9.75,-18.5,-18.5,-18.49,-18.49,9.74,9.74,9.73,9.73,2.15,2.14,2.13,2.14,2.16,2.17,2.19,2.19,2.18,2.17,3.31,3.3,3.29,3.3,3.31,3.32,3.34,3.33,3.33,3.32,130.63,0,1,1,0,0,0,-1,0,None,aggregation
26,191.76,remora5,remora1,10.21,10.21,-25.13,-25.13,10.2,10.2,10.21,10.21,10.2,10.2,9.75,9.75,-24.31,-24.31,9.75,9.75,9.75,9.75,9.76,9.76,2.16,2.14,2.14,2.15,2.17,2.16,2.15,2.14,2.13,2.12,3.31,3.3,3.3,3.31,3.32,3.32,3.31,3.3,3.3,3.29,131.51,0,1,1,0,0,0,-1,0,None,aggregation
26,192.76,remora5,remora1,-19.14,-19.14,10.2,10.2,10.19,10.19,10.19,10.19,-24.99,-24.99,-18.32,-18.32,9.76,9.76,9.76,9.76,9.76,9.76,-24.17,-24.17,2.11,2.12,2.14,2.13,2.12,2.11,2.1,2.11,2.13,2.15,3.28,3.29,3.3,3.29,3.29,3.28,3.27,3.28,3.29,3.3,134.67,0,1,1,0,0,0,-1,0,None,aggregation
26,193.76,remora5,remora1,10.2,10.2,10.2,10.2,10.2,10.2,10.19,10.19,-18.26,-18.26,9.75,9.75,9.75,9.75,9.76,9.76,9.77,9.77,-17.44,-17.44,2.18,2.17,2.16,2.15,2.14,2.13,2.12,2.11,2.1,2.12,3.32,3.31,3.31,3.3,3.29,3.29,3.28,3.27,3.27,3.27,133.11,0,1,1,0,0,0,-1,0,None,aggregation
26,194.76,remora5,remora1,-18.06,-18.06,10.2,10.2,10.2,10.2,10.19,10.19,-17.93,-17.93,-17.24,-17.24,9.76,9.76,9.75,9.75,9.76,9.76,-17.11,-17.11,2.14,2.16,2.18,2.18,2.17,2.16,2.15,2.14,2.13,2.14,3.29,3.3,3.31,3.31,3.3,3.3,3.29,3.28,3.28,3.28,130.27,0,1,1,0,0,0,-1,0,None,aggregation
26,195.76,remora5,remora1,-17.93,-17.93,10.2,10.2,10.21,10.21,10.2,10.2,10.19,10.19,-17.11,-17.11,9.75,9.75,9.75,9.75,9.76,9.76,9.77,9.77,2.15,2.17,2.18,2.17,2.16,2.14,2.13,2.11,2.1,2.09,3.29,3.3,3.31,3.31,3.3,3.29,3.28,3.27,3.27,3.26,128.19,0,1,1,0,0,0,-1,0,None,aggregation
26,196.76,remora5,remora1,-17.99,-17.99,-18.1,-18.1,10.2,10.2,10.21,10.21,10.2,10.2,-17.17,-17.17,-17.28,-17.28,9.75,9.75,9.75,9.75,9.76,9.76,2.09,2.1,2.11,2.13,2.14,2.13,2.12,2.1,2.1,2.09,3.26,3.27,3.28,3.29,3.3,3.29,3.29,3.28,3.27,3.26,129.42,0,1,1,0,0,0,-1,0,None,aggregation
26,197.76,remora5,remora1,-18.25,-18.25,10.2,10.2,10.2,10.2,10.19,10.19,-18.16,-18.16,-17.42,-17.42,9.76,9.76,9.75,9.75,9.77,9.77,-17.34,-17.34,2.08,2.09,2.11,2.1,2.09,2.08,2.08,2.07,2.06,2.07,3.26,3.27,3.28,3.28,3.27,3.27,3.26,3.25,3.25,3.26,128.83,0,1,1,0,0,0,-1,0,None,aggregation
26,198.76,remora5,remora1,-18.27,-18.27,10.21,10.21,10.21,10.21,10.2,10.2,-18.37,-18.37,-17.45,-17.45,9.75,9.75,9.74,9.74,9.76,9.76,-17.55,-17.55,2.09,2.11,2.13,2.12,2.11,2.09,2.08,2.07,2.06,2.07,3.27,3.29,3.3,3.29,3.28,3.28,3.27,3.26,3.26,3.27,130.13,0,1,1,0,0,0,-1,0,None,aggregation
26,199.76,remora5,remora1,10.2,10.2,10.2,10.2,-18.39,-18.39,-18.39,-18.36,10.21,10.21,9.76,9.76,9.76,9.76,-17.57,-17.57,-17.57,-17.54,9.74,9.74,2.08,2.08,2.07,2.06,2.05,2.06,2.08,2.1,2.11,2.11,3.28,3.27,3.27,3.26,3.26,3.27,3.28,3.29,3.3,3.3,129.65,0,1,1,0,0,0,-1,0,None,aggregation
26,200.76,remora5,remora1,10.21,10.21,10.2,10.2,10.19,10.19,-18.28,-18.28,-18.27,-18.27,9.74,9.74,9.75,9.75,9.77,9.77,-17.46,-17.46,-17.45,-17.45,2.1,2.09,2.08,2.07,2.06,2.05,2.04,2.05,2.07,2.09,3.29,3.29,3.28,3.28,3.27,3.26,3.25,3.26,3.28,3.29,129.24,0,1,1,0,0,0,-1,0,None,aggregation
26,201.76,remora5,remora1,10.2,10.2,10.2,10.2,10.2,10.2,10.2,-18.41,-18.41,-18.41,9.75,9.75,9.75,9.75,9.76,9.76,9.76,-17.59,-17.59,-17.59,2.11,2.1,2.09,2.07,2.06,2.05,2.04,2.05,2.07,2.09,3.3,3.3,3.29,3.28,3.28,3.27,3.27,3.27,3.28,3.3,128.69,0,1,1,0,0,0,-1,0,None,aggregation
26,202.76,remora5,remora1,10.2,10.2,10.2,10.2,10.2,10.2,-18.43,-18.43,-18.43,-24.05,9.75,9.75,9.75,9.75,9.76,9.76,-17.6,-17.6,-17.6,-23.23,2.1,2.09,2.08,2.07,2.06,2.05,2.04,2.05,2.07,2.08,3.3,3.3,3.29,3.28,3.28,3.27,3.27,3.27,3.28,3.3,127.8,0,1,1,0,0,0,-1,0,None,aggregation
26,203.76,remora5,remora1,10.21,10.21,10.21,10.21,10.2,10.2,-18.44,-18.44,10.2,10.2,9.74,9.74,9.75,9.75,9.76,9.76,-17.62,-17.62,9.76,9.76,2.1,2.09,2.07,2.06,2.05,2.03,2.02,2.04,2.05,2.05,3.3,3.3,3.29,3.28,3.28,3.27,3.27,3.28,3.29,3.28,127.84,0,1,1,0,0,0,-1,0,None,aggregation
26,204.76,remora5,remora1,10.2,10.2,-18.58,-18.58,10.2,10.2,10.2,10.2,10.2,10.2,9.76,9.76,-17.76,-17.76,9.76,9.76,9.75,9.75,9.76,9.76,2.04,2.03,2.03,2.04,2.06,2.05,2.04,2.03,2.02,2.01,3.28,3.27,3.27,3.28,3.29,3.29,3.29,3.28,3.28,3.27,126.43,0,1,1,0,0,0,-1,0,None,aggregation
26,205.76,remora5,remora1,-18.72,-18.72,-18.71,-18.71,10.21,10.21,10.21,10.21,10.2,10.2,-17.9,-17.9,-17.89,-17.89,9.75,9.75,9.75,9.75,9.76,9.76,2,2.01,2.03,2.04,2.06,2.05,2.04,2.03,2.02,2.01,3.27,3.28,3.29,3.3,3.31,3.31,3.3,3.3,3.29,3.28,128.25,0,1,1,0,0,0,-1,0,None,aggregation
26,206.76,remora5,remora1,-18.71,-18.71,10.2,10.2,10.2,10.2,-18.69,-18.69,-18.59,-18.59,-17.89,-17.89,9.76,9.76,9.76,9.76,-17.87,-17.87,-17.77,-17.77,2.01,2.02,2.03,2.03,2.03,2.02,2.01,2.02,2.04,2.06,3.28,3.29,3.3,3.29,3.29,3.28,3.28,3.29,3.3,3.31,130.16,0,1,1,0,0,0,-1,0,None,aggregation
26,207.76,remora5,remora1,10.21,10.21,10.21,10.21,10.2,10.2,10.19,10.19,10.19,-18.63,9.74,9.74,9.74,9.74,9.75,9.75,9.77,9.77,9.77,-17.81,2.08,2.07,2.06,2.05,2.04,2.03,2.02,2.01,2,2.01,3.33,3.32,3.32,3.31,3.31,3.31,3.3,3.29,3.29,3.29,127.85,0,1,1,0,0,0,-1,0,None,aggregation
26,208.76,remora5,remora1,-18.63,-18.63,10.2,10.2,10.2,10.2,10.19,10.19,-18.63,-18.63,-17.81,-17.81,9.75,9.75,9.75,9.75,9.76,9.76,-17.81,-17.81,2.03,2.05,2.06,2.05,2.04,2.03,2.02,2.01,2,2.02,3.3,3.31,3.33,3.32,3.32,3.31,3.31,3.3,3.3,3.3,127.98,0,1,1,0,0,0,-1,0,None,aggregation
26,209.76,remora5,remora1,-23.55,-23.55,10.2,10.2,10.21,10.21,10.2,10.2,-18.64,-18.64,-22.73,-22.73,9.75,9.75,9.75,9.75,9.76,9.76,-17.82,-17.82,2.03,2.06,2.07,2.07,2.06,2.05,2.04,2.03,2.03,2.04,3.31,3.33,3.34,3.34,3.34,3.33,3.33,3.32,3.32,3.33,129.07,0,1,1,0,0,0,-1,0,None,aggregation
26,210.76,remora5,remora1,10.19,10.19,10.19,10.19,-18.66,-18.66,-18.66,-18.66,10.2,10.2,9.77,9.77,9.76,9.76,-17.84,-17.84,-17.84,-17.84,9.75,9.75,2.05,2.05,2.03,2.02,2.01,2.03,2.04,2.06,2.08,2.07,3.34,3.34,3.33,3.33,3.32,3.33,3.35,3.36,3.37,3.36,129.22,0,1,1,0,0,0,-1,0,None,aggregation
26,211.76,remora5,remora1,10.21,10.21,10.2,10.2,10.19,10.19,-18.52,-18.52,-18.52,-18.52,9.75,9.75,9.76,9.76,9.77,9.77,-17.7,-17.7,-17.7,-17.7,2.06,2.05,2.04,2.03,2.02,2.01,2,2.01,2.03,2.05,3.36,3.36,3.35,3.35,3.34,3.34,3.33,3.34,3.35,3.37,130.07,0,1,1,0,0,0,-1,0,None,aggregation
26,212.76,remora5,remora1,10.2,10.2,10.2,10.2,10.19,10.19,-18.52,-18.52,-18.51,-18.51,9.75,9.75,9.75,9.75,9.77,9.77,-17.7,-17.7,-17.69,-17.69,2.06,2.05,2.04,2.03,2.02,2.01,2,2.02,2.03,2.05,3.38,3.38,3.37,3.37,3.36,3.35,3.35,3.36,3.37,3.39,129.54,0,1,1,0,0,0,-1,0,None,aggregation
26,213.76,remora5,remora1,10.2,10.2,10.21,10.21,10.2,10.2,-18.5,-18.5,10.2,10.2,9.75,9.75,9.75,9.75,9.76,9.76,-17.67,-17.67,9.76,9.76,2.06,2.06,2.05,2.04,2.03,2.02,2.01,2.02,2.04,2.04,3.4,3.39,3.39,3.38,3.38,3.37,3.37,3.38,3.39,3.39,129.55,0,1,1,0,0,0,-1,0,None,aggregation
26,214.76,remora5,remora1,10.2,10.2,-18.37,-18.37,-18.49,-18.49,10.21,10.21,10.21,10.21,9.76,9.76,-17.55,-17.55,-17.67,-17.67,9.74,9.74,9.74,9.74,2.03,2.02,2.01,2.02,2.04,2.05,2.07,2.07,2.06,2.05,3.39,3.38,3.38,3.39,3.41,3.42,3.43,3.43,3.43,3.42,131.13,0,1,1,0,0,0,-1,0,None,aggregation
26,215.76,remora5,remora1,10.2,10.2,10.19,10.19,-18.53,-18.53,-18.53,-18.53,10.2,10.2,9.75,9.75,9.76,9.76,-17.71,-17.71,-17.71,-17.71,9.75,9.75,2.04,2.03,2.02,2.01,2,2.01,2.02,2.04,2.06,2.05,3.42,3.41,3.41,3.4,3.39,3.4,3.42,3.43,3.44,3.44,131.05,0,1,1,0,0,0,-1,0,None,aggregation
26,216.76,remora5,remora1,10.21,10.21,10.2,10.2,-18.53,-18.53,-18.51,-18.51,10.21,10.21,9.75,9.75,9.76,9.76,-17.71,-17.71,-17.69,-17.69,9.74,9.74,2.04,2.03,2.02,2.01,2,2.02,2.03,2.05,2.07,2.07,3.43,3.43,3.43,3.42,3.42,3.42,3.43,3.44,3.45,3.45,129.34,0,1,1,0,0,0,-1,0,None,aggregation
26,217.76,remora5,remora1,10.21,10.21,10.2,10.2,10.2,10.2,-18.52,-18.52,-18.52,10.2,9.74,9.74,9.75,9.75,9.76,9.76,-17.7,-17.7,-17.7,9.76,2.06,2.05,2.04,2.03,2.02,2.01,2,2.02,2.04,2.04,3.45,3.44,3.44,3.44,3.43,3.42,3.42,3.43,3.44,3.44,130.96,0,1,1,0,0,0,-1,0,None,aggregation
26,218.76,remora5,remora1,10.2,10.2,-18.82,-18.82,10.2,10.2,10.2,10.2,-18.83,-18.83,9.75,9.75,-18,-18,9.76,9.76,9.76,9.76,-18.01,-18.01,2.03,2.02,2.01,2.03,2.04,2.04,2.03,2.02,2.01,2.02,3.44,3.44,3.43,3.44,3.44,3.44,3.43,3.43,3.42,3.42,131.03,0,1,1,0,0,0,-1,0,None,aggregation
26,219.76,remora5,remora1,-18.69,-18.69,10.21,10.21,10.21,10.21,10.2,10.2,-18.51,-18.51,-17.87,-17.87,9.75,9.75,9.75,9.75,9.76,9.76,-17.69,-17.69,2.03,2.05,2.06,2.05,2.04,2.04,2.03,2.02,2.01,2.02,3.43,3.44,3.45,3.45,3.44,3.44,3.43,3.42,3.41,3.42,130.04,0,1,1,0,0,0,-1,0,None,aggregation
26,220.76,remora5,remora1,10.19,10.19,10.2,10.2,-19.33,-19.33,-18.37,-18.37,10.21,10.21,9.77,9.77,9.76,9.76,-18.51,-18.51,-17.55,-17.55,9.75,9.75,2.04,2.03,2.02,2.01,2,2.01,2.03,2.05,2.06,2.06,3.43,3.43,3.42,3.41,3.4,3.4,3.41,3.42,3.43,3.43,130.11,0,1,1,0,0,0,-1,0,None,aggregation
26,221.76,remora5,remora1,10.21,10.21,10.2,10.2,-18.51,-18.51,10.19,10.19,10.19,10.2,9.74,9.74,9.76,9.76,-17.69,-17.69,9.76,9.76,9.76,9.75,2.05,2.04,2.03,2.02,2.01,2.02,2.04,2.04,2.03,2.02,3.43,3.42,3.41,3.4,3.39,3.39,3.4,3.4,3.39,3.38,128.48,0,1,1,0,0,0,-1,0,None,aggregation
26,222.76,remora5,remora1,10.19,10.19,-19.23,-19.23,-18.54,-18.54,10.21,10.21,10.21,10.21,9.76,9.76,-18.4,-18.4,-17.72,-17.72,9.75,9.75,9.74,9.74,2.01,2,2,2.01,2.03,2.05,2.06,2.06,2.05,2.04,3.37,3.36,3.35,3.36,3.37,3.37,3.38,3.37,3.37,3.35,128.63,0,1,1,0,0,0,-1,0,None,aggregation
26,223.76,remora5,remora1,10.2,10.2,-18.68,-18.68,-18.68,10.2,10.2,10.2,10.19,10.19,9.76,9.76,-17.86,-17.86,-17.86,9.76,9.75,9.75,9.77,9.77,2.03,2.02,2.01,2.02,2.04,2.04,2.03,2.02,2.01,2,3.34,5,4.98,4.99,5,5,4.99,4.97,4.96,4.94,129.5,0,1,1,0,0,0,-1,0,None,aggregation
26,224.76,remora5,remora1,-18.54,-18.54,-18.83,-18.83,10.2,10.2,10.21,10.21,10.2,10.2,-17.72,-17.72,-18.01,-18.01,9.75,9.75,9.74,9.74,9.75,9.75,1.99,2,2.02,2.04,2.06,2.06,2.05,2.04,2.03,2.02,4.92,4.92,4.93,4.94,4.95,4.94,4.93,4.91,4.9,4.88,129.6,0,1,1,0,0,0,-1,0,None,aggregation
26,225.76,remora5,remora1,10.2,-18.49,-18.65,-18.65,10.21,10.21,10.21,10.21,10.2,10.2,9.75,-17.67,-17.82,-17.82,9.75,9.75,9.74,9.74,9.76,9.76,2.01,2.01,2.03,2.05,2.06,2.06,2.05,2.04,2.03,2.02,4.87,4.87,4.89,4.9,4.9,4.89,4.87,4.86,4.84,4.82,128.8,0,1,1,0,0,0,-1,0,None,aggregation
26,226.76,remora5,remora1,-18.47,-18.47,10.2,10.2,10.2,10.2,-18.39,-18.39,-22.22,-22.22,-17.65,-17.65,9.76,9.76,9.76,9.76,-17.56,-17.56,-21.4,-21.4,2.01,2.02,2.03,2.03,2.02,2.01,2,2,2.02,2.04,4.81,4.81,4.81,4.8,4.79,4.78,4.78,4.78,4.78,4.79,131.14,0,1,1,0,0,0,-1,0,None,aggregation
26,227.76,remora5,remora1,10.2,10.2,10.21,10.21,10.2,10.2,-18.2,-18.2,10.19,10.19,9.75,9.75,9.75,9.75,9.76,9.76,-17.38,-17.38,9.76,9.76,2.06,2.06,2.05,2.04,2.03,2.02,2.01,2.02,2.03,2.03,4.79,4.78,4.77,4.75,4.74,4.72,4.71,4.72,4.73,4.72,130.26,0,1,1,0,0,0,-1,0,None,aggregation
26,228.76,remora5,remora1,10.19,10.19,-22.1,-22.1,-22.1,-18.46,10.21,10.21,10.21,10.21,9.76,9.76,-21.27,-21.27,-21.27,-17.64,9.75,9.75,9.75,9.75,2.02,2.01,2,2.01,2.03,2.05,2.07,2.06,2.05,2.04,4.72,4.71,4.7,4.7,4.7,4.71,4.71,4.7,4.69,4.68,131.2,0,1,1,0,0,0,-1,0,None,aggregation
26,229.76,remora5,remora1,10.2,10.2,10.19,10.19,-18.48,-18.48,-21.93,-21.93,10.2,10.2,9.76,9.76,9.77,9.77,-17.66,-17.66,-21.11,-21.11,9.75,9.75,2.04,2.03,2.02,2.01,2,2.01,2.03,2.05,2.07,2.07,4.67,4.65,4.64,4.63,4.62,4.63,4.64,4.64,4.65,4.64,131.85,0,1,1,0,0,0,-1,0,None,aggregation
26,230.76,remora5,remora1,10.21,10.21,10.2,10.2,10.19,10.19,-17.06,-17.06,-17.05,-17.05,9.75,9.75,9.76,9.76,9.77,9.77,-16.24,-16.24,-16.23,-16.23,2.06,2.05,2.04,2.03,2.02,2.01,2,2.01,2.02,2.04,4.63,4.62,4.61,4.59,4.57,4.56,4.54,4.54,4.54,4.54,131.13,0,1,1,0,0,0,-1,0,None,aggregation
26,231.76,remora5,remora1,10.2,10.2,10.2,10.2,10.19,10.19,-25.14,-25.14,10.19,10.19,9.76,9.76,9.75,9.75,9.77,9.77,-24.32,-24.32,9.77,9.77,2.05,2.05,2.04,2.03,2.02,2.01,2,2.02,2.03,2.03,4.54,4.53,4.51,4.5,4.48,4.48,4.47,4.48,4.48,4.47,132.46,0,1,1,0,0,0,-1,0,None,aggregation
26,232.76,remora5,remora1,10.19,10.19,-16.42,-16.42,-16.37,-16.37,10.2,10.2,10.2,10.2,9.77,9.77,-15.59,-15.59,-15.55,-15.55,9.75,9.75,9.75,9.75,2.02,2.01,2,2.01,2.03,2.04,2.06,2.05,2.04,2.03,4.45,4.44,4.44,4.44,4.44,4.44,4.44,4.42,4.41,4.39,131.46,0,1,1,0,0,0,-1,0,None,aggregation
26,233.76,remora5,remora1,10.2,10.2,-16.36,-16.36,-18.4,-18.4,10.2,10.2,10.2,10.21,9.76,9.76,-15.54,-15.54,-17.58,-17.58,9.75,9.75,9.75,9.75,2.02,2.01,2,2.01,2.03,2.04,2.06,2.05,2.04,2.03,4.38,4.36,4.35,4.34,4.35,4.35,4.35,4.34,4.32,4.31,131.77,0,1,1,0,0,0,-1,0,None,aggregation
26,234.76,remora5,remora1,10.2,10.2,-18.4,-18.4,10.19,10.19,10.2,10.2,-22.44,-22.44,9.76,9.76,-17.58,-17.58,9.76,9.76,9.76,9.76,-21.62,-21.62,2.02,2.01,2,2.02,2.03,2.02,2.01,2,1.99,2.01,4.29,4.28,4.26,4.26,4.26,4.25,4.23,4.22,4.2,4.2,132.46,0,1,1,0,0,0,-1,0,None,aggregation
26,235.76,remora5,remora1,-26.11,-26.11,10.2,10.2,10.21,10.21,10.21,10.2,10.2,10.19,-25.29,-25.29,9.75,9.75,9.75,9.75,9.75,9.76,9.76,9.77,2.03,2.06,2.08,2.07,2.06,2.05,2.04,2.03,2.03,2.02,4.21,4.22,4.22,4.21,4.2,4.19,4.17,4.16,4.14,4.13,133.15,0,1,1,0,0,0,-1,0,None,aggregation
26,236.76,remora5,remora1,-16.36,-16.36,10.19,10.19,10.2,10.2,10.19,10.19,-18.43,-18.43,-15.54,-15.54,9.77,9.77,9.76,9.76,9.77,9.77,-17.61,-17.61,2.01,2.02,2.04,2.04,2.03,2.02,2.01,2,2,2.01,4.12,4.12,4.12,4.11,4.1,4.08,4.07,4.05,4.04,4.05,130.37,0,1,1,0,0,0,-1,0,None,aggregation
26,237.76,remora5,remora1,-16.36,-16.36,10.2,10.2,10.2,10.2,10.2,10.2,-16.29,-16.29,-15.54,-15.54,9.75,9.75,9.75,9.75,9.76,9.76,-15.47,-15.47,2.03,2.04,2.05,2.05,2.04,2.03,2.02,2.01,2.01,2.02,4.05,4.05,4.05,4.04,4.03,4.01,4,3.98,3.97,3.97,131.18,0,1,1,0,0,0,-1,0,None,aggregation
26,238.76,remora5,remora1,10.19,10.19,10.2,10.2,-18.28,-18.28,-27.26,-27.26,10.21,10.21,9.77,9.77,9.76,9.76,-17.46,-17.46,-26.44,-26.44,9.74,9.74,2.03,2.03,2.02,2.01,2,2.01,2.03,2.06,2.08,2.08,3.97,3.97,3.96,3.95,3.95,3.95,3.96,3.98,4,4,131.81,0,1,1,0,0,0,-1,0,None,aggregation
26,239.76,remora5,remora1,10.21,10.21,10.2,10.2,10.2,10.2,10.19,10.19,-16.4,-16.4,9.74,9.74,9.75,9.75,9.76,9.76,9.77,9.77,-15.57,-15.57,2.07,2.06,2.05,2.04,2.03,2.02,2.01,2,1.99,2,3.99,3.98,3.98,3.97,3.97,3.96,3.95,3.95,3.94,3.95,129.09,0,1,1,0,0,0,-1,0,None,aggregation
26,240.76,remora5,remora1,-16.4,-16.32,10.2,10.2,10.2,10.2,10.2,10.2,-18.33,-18.33,-15.57,-15.5,9.76,9.76,9.75,9.75,9.76,9.76,-17.51,-17.51,2.02,2.03,2.05,2.05,2.04,2.03,2.02,2.01,2.01,2.02,3.96,3.97,3.98,3.98,3.97,3.96,3.96,3.95,3.95,3.96,129.2,0,1,1,0,0,0,-1,0,None,aggregation
26,241.76,remora5,remora1,10.19,10.19,10.19,10.2,10.19,10.19,-16.97,-16.97,-18.32,-18.32,9.76,9.76,9.76,9.76,9.77,9.77,-16.15,-16.15,-17.5,-17.5,2.04,2.04,2.03,2.02,2.01,2,1.99,2,2.02,2.04,3.97,3.97,3.96,3.95,3.94,3.93,3.93,3.93,3.93,3.94,129.15,0,1,1,0,0,0,-1,0,None,aggregation
26,242.76,remora5,remora1,10.2,10.2,10.2,10.2,10.2,10.2,10.2,-17.36,-18.32,-18.32,9.75,9.75,9.75,9.75,9.76,9.76,9.76,-16.54,-17.5,-17.5,2.05,2.04,2.04,2.03,2.02,2,2,2,2.02,2.03,3.94,3.93,3.92,3.9,3.89,3.87,3.86,3.85,3.86,3.86,129.04,0,1,1,0,0,0,-1,0,None,aggregation
26,243.76,remora5,remora1,-18.32,10.2,10.21,10.21,10.2,10.2,10.19,10.19,-17.67,-17.67,-17.5,9.75,9.74,9.74,9.75,9.75,9.77,9.77,-16.85,-16.85,2.05,2.05,2.04,2.04,2.03,2.02,2.01,2,1.99,2,3.86,3.86,3.84,3.83,3.82,3.81,3.8,3.79,3.79,3.79,128.49,0,1,1,0,0,0,-1,0,None,aggregation
26,124.76,remora4,remora5,5.36,-5.39,-5.39,-4.85,-4.85,-5.14,-4.84,-4.84,-4.56,-4.56,6.08,-4.57,-4.57,-4.03,-4.03,-4.31,-4.02,-4.02,-3.74,-3.74,3.78,3.78,3.77,3.76,3.76,3.76,3.77,3.78,3.79,3.79,4.1,4.09,4.08,4.07,4.06,4.06,4.06,4.06,4.07,4.06,18.75,0,0,0,0,0,0,-1,0,None,aggregation
26,125.76,remora4,remora5,6.68,6.68,6.79,6.79,-4.02,-4.02,-3.47,-3.47,-3.47,-3.18,7.38,7.38,7.48,7.48,-3.2,-3.2,-2.65,-2.65,-2.65,-2.36,3.78,3.78,3.78,3.78,3.78,3.77,3.76,3.76,3.75,3.76,4.06,4.05,4.05,4.05,4.04,4.04,4.03,4.02,4.02,4.02,23.5,0,0,0,0,0,0,-1,0,None,aggregation
26,126.76,remora4,remora5,-3.18,1.81,1.66,1.66,1.66,-2.93,-2.65,-2.65,2.01,2.01,-2.36,2.59,2.45,2.45,2.45,-2.11,-1.83,-1.83,2.79,2.79,3.77,3.78,3.8,3.8,3.79,3.79,3.78,3.77,3.77,3.76,4.02,4.02,4.03,4.03,4.03,4.03,4.02,4.02,4.01,4.01,25.8,0,0,0,0,0,0,-1,0,None,aggregation
26,127.76,remora4,remora5,2.01,2.01,-2.96,-2.96,7.85,7.85,7.85,2.53,-2.15,-2.15,2.79,2.79,-2.14,-2.14,8.52,8.52,8.52,3.3,-1.33,-1.33,3.76,3.75,3.75,3.76,3.77,3.77,3.77,3.77,3.77,3.78,4.01,4,4,4,4,4,4,4,4,4,29.89,0,0,0,0,0,0,-1,0,None,aggregation
26,128.76,remora4,remora5,8.28,8.28,8.94,8.94,8.73,8.73,8.73,-1.14,-1.15,-1.15,8.95,8.95,9.59,9.59,9.39,9.39,9.39,-0.32,-0.33,-0.33,3.79,3.79,3.8,3.8,3.8,3.8,3.8,3.8,3.79,3.8,4.02,4.02,4.02,4.01,4.01,4.02,4.02,4.02,4.02,4.02,36.4,0,0,0,0,0,0,-1,0,None,aggregation
26,129.76,remora4,remora5,-1.15,9.14,9.31,9.31,9.72,9.72,9.72,9.98,10.36,10.36,-0.33,9.8,9.96,9.96,10.36,10.36,10.36,10.62,11,11,3.81,3.83,3.85,3.86,3.87,3.87,3.87,3.87,3.87,3.88,4.03,4.03,4.05,4.05,4.05,4.05,4.05,4.06,4.07,6.04,45.53,0,0,1,0,0,0,-1,0,None,aggregation
26,130.76,remora4,remora5,10.36,1.46,1.97,1.97,1.97,2.5,11.62,11.62,11.62,11.91,11,2.24,2.75,2.75,2.75,3.27,12.23,12.23,12.23,12.51,3.88,3.88,3.87,3.87,3.87,3.88,3.89,3.91,3.94,3.95,6.03,6.02,6.01,6,5.99,5.98,5.97,5.97,5.97,5.96,52.58,0,0,1,0,0,0,-1,0,None,aggregation
26,131.76,remora4,remora5,12.44,12.44,4.53,4.53,4.53,5.27,5.53,5.53,13.78,13.78,13.03,13.03,5.26,5.26,5.26,6,6.24,6.24,14.35,14.35,3.96,3.96,3.96,3.96,3.96,3.96,3.96,3.96,3.96,3.96,5.95,5.94,5.93,5.92,5.92,5.92,5.92,5.92,5.92,5.92,55.57,0,0,1,0,0,0,-1,0,None,aggregation
26,132.76,remora4,remora5,14.15,14.15,14.15,14.15,9.98,7.95,11,11,11,9.14,14.7,14.7,14.7,14.7,10.62,8.63,11.62,11.62,11.62,9.79,3.97,3.99,4.01,4.04,4.06,4.07,4.07,4.08,4.08,4.08,5.91,5.92,5.92,5.93,5.94,5.95,5.95,5.96,5.97,5.98,63.04,0,0,1,0,0,0,-1,0,None,aggregation
26,133.76,remora4,remora5,9.14,15.74,15.74,16.42,12.74,12.74,12.74,11.67,17.04,17.04,9.79,16.26,16.26,16.94,13.33,13.33,13.33,12.27,17.54,17.54,4.09,4.09,4.1,4.1,4.11,4.12,4.12,4.13,4.15,4.18,5.99,5.99,5.99,5.99,5.99,5.99,5.99,6,6.01,6.03,73.39,0,0,1,0,0,0,-1,0,None,aggregation
26,134.76,remora4,remora5,17.04,17.94,17.94,14.37,18.51,18.51,18.51,18.93,18.93,14.8,17.54,18.43,18.43,14.92,18.98,18.98,18.98,19.39,19.39,15.34,4.2,4.22,4.23,4.24,4.24,4.25,4.26,4.27,4.28,4.3,6.04,6.05,6.06,6.06,6.07,6.08,6.08,6.09,6.1,6.11,86.53,0,0,1,0,0,0,-1,0,None,aggregation
26,135.76,remora4,remora5,14.8,19.62,19.62,20.05,16.42,16.42,20.1,20.1,17.58,17.58,15.34,20.06,20.06,20.48,16.93,16.93,20.53,20.53,18.07,18.07,4.33,4.36,4.4,4.42,4.43,4.44,4.45,4.46,4.47,4.48,6.12,6.13,6.15,6.16,6.17,6.18,6.18,6.19,6.2,6.2,100.25,0,0,1,0,0,0,-1,0,None,aggregation
26,136.76,remora4,remora5,17.58,18.13,18.13,18.31,18.67,18.67,19.18,19.18,19.18,22.4,18.07,18.61,18.61,18.78,19.13,19.13,19.63,19.63,19.63,22.78,4.49,4.5,4.5,4.51,4.53,4.56,4.59,4.61,4.62,4.63,6.21,6.21,6.22,6.22,6.23,6.24,6.25,6.26,6.27,6.27,117.12,0,0,1,0,0,0,-1,0,None,aggregation
26,137.76,remora4,remora5,20.03,20.03,20.36,20.36,20.36,20.7,21.02,21.02,21.02,20.89,20.46,20.46,20.79,20.79,20.79,21.12,21.43,21.43,21.43,21.3,4.64,4.65,4.67,4.7,4.73,4.76,4.77,4.78,4.8,4.81,6.28,6.29,6.3,6.31,6.32,6.33,6.34,6.35,6.35,6.36,133.83,0,0,1,0,0,0,-1,0,None,aggregation
26,138.76,remora4,remora5,20.89,21.65,21.97,21.97,22.27,22.27,21.96,21.96,24.57,24.57,21.3,22.05,22.36,22.36,22.65,22.65,22.35,22.35,24.88,24.88,4.82,4.85,4.86,4.87,4.88,4.9,4.91,4.92,4.93,4.94,6.37,6.38,6.39,6.4,6.41,6.42,6.42,6.43,6.45,6.46,149.91,0,0,1,0,0,0,-1,0,None,aggregation
26,139.76,remora4,remora5,24.57,23.13,23.4,23.4,23.55,23.55,23.55,23.83,25.45,25.45,24.88,23.48,23.75,23.75,23.9,23.9,23.9,24.16,25.74,25.74,4.95,4.97,4.98,4.99,5,5.02,5.03,5.04,5.06,5.07,6.46,6.47,6.48,6.49,6.5,6.52,6.53,6.54,6.55,6.55,164.93,0,0,1,0,0,0,-1,0,None,aggregation
26,140.76,remora4,remora5,25.45,24.35,24.37,24.37,23.85,23.85,23.85,24.88,24.88,0,25.74,24.67,24.7,24.7,24.19,24.19,24.19,25.19,25.19,0,5.09,5.1,5.12,5.13,5.15,5.16,5.18,5.19,5.21,5.21,6.56,5.19,5.2,5.22,5.23,5.26,5.29,5.31,5.33,5.33,180.02,0,0,1,0,0,0,-1,0,None,aggregation
26,141.76,remora4,remora5,0,0,0,-13.85,-13.85,-9.98,-21.1,-21.1,-21.1,-20.82,0,0,0,-14.67,-14.67,-10.8,-21.92,-21.92,-21.92,-21.64,5.21,5.21,5.22,5.21,5.21,5.2,5.19,5.18,5.17,5.16,5.33,5.33,5.32,5.32,5.3,5.3,5.3,5.3,5.29,5.27,183.91,0,0,1,0,0,0,-1,0,None,aggregation
26,142.76,remora4,remora5,-12.27,-12.27,-12.27,-11.73,-11.73,-11.75,-19.78,-19.78,-19.78,-10.67,-13.09,-13.09,-13.09,-12.55,-12.55,-12.57,-20.6,-20.6,-20.6,-11.49,5.15,5.14,5.12,5.12,5.11,5.11,5.1,5.09,5.08,5.07,5.25,5.24,5.22,5.21,5.2,5.18,5.17,5.17,5.16,5.15,186.55,0,0,1,0,0,0,-1,0,None,aggregation
26,143.76,remora4,remora5,-10.12,-10.12,-10.13,-10.13,-9.58,-9.58,-9.58,-19.14,-8.46,-8.46,-10.94,-10.94,-10.95,-10.95,-10.41,-10.41,-10.41,-19.96,-9.28,-9.28,5.07,5.07,5.06,5.06,5.05,5.05,5.04,5.03,5.02,5.01,5.14,5.13,5.12,5.11,5.1,5.1,5.1,5.09,5.08,5.06,183.12,0,0,1,0,0,0,-1,0,None,aggregation
26,144.76,remora4,remora5,-13.85,-13.85,-7.31,-7.31,-17.24,-17.24,-6.77,-6.77,-6.21,-6.21,-14.67,-14.67,-8.13,-8.13,-18.06,-18.06,-7.59,-7.59,-7.03,-7.03,5,5,4.99,4.98,4.98,4.97,4.96,4.96,4.96,4.96,5.05,5.04,5.03,5.02,5.01,5,5,5.01,5.01,5.01,176.01,0,0,1,0,0,0,-1,0,None,aggregation
26,145.76,remora4,remora5,-5.63,-5.63,-5.64,-5.64,-5.07,-5.07,-15.71,-15.71,-15.71,-4.5,-6.45,-6.45,-6.46,-6.46,-5.89,-5.89,-16.53,-16.53,-16.53,-5.32,4.96,4.96,4.96,4.96,4.96,4.96,4.95,4.95,4.94,4.93,5.01,5,4.99,4.99,4.98,4.98,4.97,4.96,4.94,4.93,166.38,0,0,1,0,0,0,-1,0,None,aggregation
26,146.76,remora4,remora5,-4.5,-10.89,-10.89,-3.38,-3.38,0,0,0,0,-2.77,-5.32,-11.71,-11.71,-4.2,-4.2,0,0,0,0,-3.6,4.92,4.92,4.93,4.93,4.92,4.91,4.9,4.9,4.89,4.89,4.93,4.93,4.93,4.93,4.93,4.92,4.92,4.92,4.91,4.91,151.04,0,0,1,0,0,0,-1,0,None,aggregation
26,147.76,remora4,remora5,-10.02,-10.02,-10.02,-2.18,-2.18,-1.64,-13.37,-13.37,-13.37,0,-10.85,-10.85,-10.85,-3,-3,-2.46,-14.19,-14.19,-14.19,0,4.9,4.91,4.92,4.92,4.91,4.91,4.9,4.88,4.86,4.85,4.92,4.92,4.93,4.93,4.92,4.92,4.92,4.91,4.9,4.89,138.24,0,0,1,0,0,0,-1,0,None,aggregation
26,148.76,remora4,remora5,0,0,-1.06,-1.06,-1.06,-0.5,-0.48,-0.48,0.09,0.09,0,0,-1.89,-1.89,-1.89,-1.33,-1.3,-1.3,-0.73,-0.73,4.85,4.84,4.83,4.84,4.86,4.86,4.86,4.85,4.84,4.83,4.89,4.89,4.88,4.89,4.9,4.9,4.9,4.9,4.9,4.89,116.42,0,0,1,0,0,0,-1,0,None,aggregation
26,149.76,remora4,remora5,0.09,0.12,0.69,0.69,0.72,0.72,0.72,1.29,-13.21,-13.21,-0.73,-0.7,-0.13,-0.13,-0.09,-0.09,-0.09,0.48,-14.03,-14.03,4.83,4.83,4.84,4.86,4.88,4.89,4.88,4.87,4.87,4.85,4.89,4.89,4.9,4.91,4.92,4.92,4.92,4.92,4.92,4.91,95.29,0,0,1,0,0,0,-1,0,None,aggregation
26,150.76,remora4,remora5,1.87,1.87,1.87,0,0,0,2.5,2.5,2.56,2.56,1.08,1.08,1.08,0,0,0,1.71,1.71,1.77,1.77,4.84,4.83,4.82,4.82,4.81,4.82,4.84,4.84,4.83,4.83,4.9,4.9,4.9,4.89,4.89,4.9,4.91,4.91,4.91,4.91,74.45,0,0,1,0,0,0,-1,0,None,aggregation
26,151.76,remora4,remora5,-5.85,-5.85,3.15,3.15,3.15,3.69,3.69,3.75,3.75,3.75,-6.67,-6.67,2.38,2.38,2.38,2.92,2.92,2.99,2.99,2.99,4.82,4.81,4.8,4.81,4.83,4.85,4.87,4.88,4.87,4.87,4.91,4.9,4.9,4.9,4.91,4.92,4.93,4.94,4.94,4.93,65.74,0,0,1,0,0,0,-1,0,None,aggregation
26,152.76,remora4,remora5,0,0,0,4.4,4.4,0,0,0,5.04,5.04,0,0,0,3.65,3.65,0,0,0,4.3,4.3,4.86,4.85,4.85,4.84,4.84,4.83,4.83,4.84,4.85,4.85,4.93,4.93,4.92,4.92,4.92,4.92,4.92,4.92,4.93,4.93,52.87,0,0,1,0,0,0,-1,0,None,aggregation
26,153.76,remora4,remora5,5.06,5.06,5.06,5.09,0,0,30,30,30,30,4.32,4.32,4.32,4.35,0,0,30,30,30,30,4.85,4.85,4.84,4.84,4.84,4.85,4.87,4.9,4.94,4.97,4.93,4.93,4.93,4.93,4.93,4.93,4.95,4.97,5,5.02,55.8,0,0,1,0,0,0,-1,0,None,aggregation
26,154.76,remora4,remora5,30,30,30,0,0,0,0,0,0,5.06,30,30,30,0,0,0,0,0,0,4.32,4.98,5,5.02,5.02,5.01,5.01,5,4.99,4.99,4.99,5.03,5.05,5.07,5.07,5.07,5.06,5.06,5.06,5.05,5.06,54.59,0,0,1,0,0,0,-1,0,None,aggregation
26,155.76,remora4,remora5,5.06,5.1,0,0,0,30,30,30,0,0,4.32,4.36,0,0,0,30,30,30,0,0,5.01,5.04,5.06,5.05,5.05,5.05,5.07,5.08,5.1,5.1,5.07,5.08,5.09,5.09,5.09,5.1,5.11,5.13,5.14,5.14,55.69,0,0,1,0,0,0,-1,0,None,aggregation
26,156.76,remora4,remora5,5.48,5.48,0,0,30,30,30,0,0,-1.7,4.75,4.75,0,0,30,30,30,0,0,-2.52,5.09,5.09,5.08,5.09,5.11,5.15,5.19,5.21,5.2,5.2,5.14,5.14,5.14,5.15,5.16,5.18,5.21,5.22,5.22,5.22,62.1,0,0,1,0,0,0,-1,0,None,aggregation
26,157.76,remora4,remora5,-1.7,0,0,0,0,0,30,30,30,30,-2.52,0,0,0,0,0,30,30,30,30,5.19,5.18,5.17,5.16,5.16,5.15,5.14,5.17,5.21,5.23,5.21,5.21,5.2,5.2,5.2,5.19,5.19,5.21,5.23,5.25,66.32,0,0,1,0,0,0,-1,0,None,aggregation
26,158.76,remora4,remora5,30,30,30,30,30,30,30,30,0,0,30,30,30,30,30,30,30,30,0,0,5.24,5.26,5.28,5.31,5.35,5.37,5.38,5.4,5.41,5.43,5.27,5.29,5.3,5.33,5.36,5.39,5.41,5.43,5.46,5.47,89.54,0,0,1,0,0,0,-1,0,None,aggregation
26,159.76,remora4,remora5,0,-12.19,0,0,0,30,30,30,30,30,0,-13.01,0,0,0,30,30,30,30,30,5.44,5.45,5.46,5.46,5.45,5.46,5.47,5.49,5.5,5.52,5.48,5.49,5.5,5.5,5.5,5.52,5.54,5.56,5.59,5.62,102.78,0,0,1,0,0,0,-1,0,None,aggregation
26,160.76,remora4,remora5,30,30,30,30,30,30,30,30,30,30,30,30,30,30,30,30,30,30,30,30,5.54,5.57,5.61,5.64,5.68,5.7,5.71,5.73,5.75,5.76,5.64,5.67,5.7,5.74,5.77,5.8,5.83,5.85,5.88,5.9,131.49,0,0,1,0,0,0,-1,0,None,aggregation
26,161.76,remora4,remora5,30,30,30,30,30,30,30,30,30,30,30,30,30,30,30,30,30,30,30,30,5.78,5.81,5.84,5.87,5.9,5.92,5.94,5.96,5.97,6,5.93,5.96,5.99,6.03,6.06,6.09,6.12,6.14,6.17,6.2,157.73,0,0,1,0,0,0,-1,0,None,aggregation
26,162.76,remora4,remora5,30,30,30,30,30,30,30,30,30,30,30,30,30,30,30,30,30,30,30,30,6.02,6.06,6.08,6.11,6.13,6.16,6.19,6.21,6.23,6.26,6.24,6.27,6.3,6.33,6.37,6.4,6.44,6.47,6.5,6.53,185.99,0,0,1,0,0,0,-1,0,None,aggregation
26,163.76,remora4,remora5,30,30,30,30,30,30,30,30,0,0,30,30,30,30,30,30,30,30,0,0,6.28,6.31,6.33,6.36,6.4,6.43,6.47,6.49,6.51,6.51,6.56,6.6,6.63,6.66,6.69,6.73,6.76,6.79,6.82,6.83,196.12,0,0,1,0,0,0,-1,0,None,aggregation
26,164.76,remora4,remora5,0,0,0,30,30,30,30,30,30,30,0,0,0,30,30,30,30,30,30,30,6.5,6.49,6.48,6.49,6.5,6.53,6.56,6.59,6.62,6.64,6.84,6.85,6.85,6.87,6.9,6.94,6.97,7,7.03,7.04,207.65,0,0,1,0,0,0,-1,0,None,aggregation
26,165.76,remora4,remora5,30,30,30,30,30,30,30,30,30,30,30,30,30,30,30,30,30,30,30,30,6.66,6.69,6.72,6.74,6.77,6.81,6.84,6.87,6.9,6.93,7.06,7.08,7.1,7.13,7.15,7.17,7.2,7.23,7.27,7.3,227.71,0,0,1,0,0,0,-1,0,None,aggregation
26,166.76,remora4,remora5,30,30,30,30,30,30,30,30,30,30,30,30,30,30,30,30,30,30,30,30,6.96,6.99,7.02,7.04,7.06,7.09,7.12,7.15,7.18,7.2,7.34,7.37,7.39,7.41,7.43,7.45,7.48,7.5,7.53,7.56,247.47,0,0,1,0,0,0,-1,0,None,aggregation
26,167.76,remora4,remora5,30,30,30,30,30,30,30,30,30,30,30,30,30,30,30,30,30,30,30,30,7.22,7.24,7.26,7.28,7.29,7.3,7.32,7.34,7.37,7.41,7.59,7.61,7.63,7.65,7.67,7.69,7.7,7.73,7.75,7.79,265.26,0,0,1,0,0,0,-1,0,None,aggregation
26,168.76,remora4,remora5,30,30,30,30,30,30,30,30,30,30,30,30,30,30,30,30,30,30,30,30,7.44,7.47,7.5,7.53,7.56,7.59,7.62,7.64,6.86,6.84,7.82,7.86,7.9,7.93,7.96,7.98,8.01,8.03,7.66,7.66,271.26,0,0,1,0,0,0,-1,0,None,aggregation
26,169.76,remora4,remora5,30,30,30,30,30,30,30,30,30,30,30,30,30,30,30,30,30,30,30,30,6.81,6.78,6.75,6.72,6.69,6.66,6.64,6.6,6.58,6.55,7.66,7.67,7.68,7.68,7.69,7.7,7.71,7.72,7.72,7.72,285,0,0,1,0,0,0,-1,0,None,aggregation
26,170.76,remora4,remora5,30,30,30,30,30,30,30,30,30,30,30,30,30,30,30,30,30,30,30,30,6.52,6.49,6.47,6.44,6.41,6.38,6.35,6.33,6.3,6.27,7.73,7.73,7.74,7.75,7.76,7.76,7.77,7.77,7.78,7.79,285,0,0,1,0,0,0,-1,0,None,aggregation
26,171.76,remora4,remora5,30,30,30,30,30,30,30,30,30,30,30,30,30,30,30,30,30,30,30,30,6.24,6.22,6.19,6.16,6.14,6.11,6.08,6.06,6.03,6,7.8,7.81,7.82,7.83,7.83,7.84,7.85,7.86,7.87,7.88,285,0,0,1,0,0,0,-1,0,None,aggregation
26,172.76,remora4,remora5,30,30,30,30,30,30,30,30,30,30,30,30,30,30,30,30,30,30,30,30,5.98,5.95,5.92,5.9,5.87,5.85,5.82,5.79,5.77,5.74,7.89,7.9,7.9,7.91,7.92,7.92,7.92,7.93,7.94,7.95,285,0,0,1,0,0,0,-1,0,None,aggregation
26,173.76,remora4,remora5,30,30,30,30,30,30,30,30,30,30,30,30,30,30,30,30,30,30,30,30,5.72,5.69,5.67,5.64,5.62,5.59,5.57,5.54,5.52,5.49,7.96,7.97,7.97,7.98,7.99,8,8.01,8.02,8.02,8.03,291,0,0,1,0,0,0,-1,0,None,aggregation
26,174.76,remora4,remora5,30,30,30,30,30,30,30,30,30,30,30,30,30,30,30,30,30,30,30,30,5.47,5.45,5.42,5.4,5.37,5.35,5.33,5.3,5.28,5.26,8.04,8.05,8.05,8.06,8.07,8.08,8.09,7.15,7.15,7.15,300,0,0,1,0,0,0,-1,0,None,aggregation
26,175.76,remora4,remora5,30,30,30,30,30,30,30,30,30,0,30,30,30,30,30,30,30,30,30,0,5.23,5.21,5.19,5.17,5.14,5.12,5.1,5.08,5.06,5.05,7.14,7.14,7.14,7.14,7.14,7.14,7.14,7.14,7.13,7.13,297,0,0,1,0,0,0,-1,0,None,aggregation
26,176.76,remora4,remora5,0,0,0,30,0,0,0,0,30,30,0,0,0,30,0,0,0,0,30,30,5.04,5.05,5.05,5.04,5.02,5.02,5.02,5.02,5.02,5,7.13,7.13,7.13,7.14,7.14,7.14,7.14,7.14,7.14,7.14,276,0,0,1,0,0,0,-1,0,None,aggregation
26,177.76,remora4,remora5,30,30,30,30,30,0,0,0,30,30,30,30,30,30,30,0,0,0,30,30,4.98,4.96,4.94,4.92,4.9,4.89,4.89,4.89,4.88,4.86,7.15,7.15,7.14,7.14,7.14,7.15,7.15,7.15,7.15,7.15,267,0,0,1,0,0,0,-1,0,None,aggregation
26,178.76,remora4,remora5,30,0,0,0,0,30,30,30,30,30,30,0,0,0,0,30,30,30,30,30,4.84,4.83,4.84,4.84,4.84,4.83,4.81,4.79,4.78,4.76,7.16,7.16,7.16,7.16,7.16,7.16,7.17,7.17,7.18,7.18,255,0,0,1,0,0,0,-1,0,None,aggregation
26,179.76,remora4,remora5,30,30,30,30,30,30,30,30,30,30,30,30,30,30,30,30,30,30,30,30,4.74,4.72,4.7,4.69,4.67,4.65,4.63,4.61,4.58,4.56,7.19,7.19,7.19,7.2,7.2,7.21,7.21,7.21,7.22,7.22,255,0,0,1,0,0,0,-1,0,None,aggregation
26,180.76,remora4,remora5,30,0,0,0,0,30,30,30,30,0,30,0,0,0,0,30,30,30,30,0,4.55,4.54,4.54,4.54,4.55,4.54,4.53,4.51,4.5,4.49,7.22,7.22,7.21,7.21,7.21,7.22,7.22,7.23,7.23,7.24,240,0,0,1,0,0,0,-1,0,None,aggregation
26,181.76,remora4,remora5,0,0,30,30,30,30,30,0,0,0,0,0,30,30,30,30,30,0,0,0,4.5,4.5,4.5,4.49,4.48,4.46,4.45,4.44,4.44,4.45,7.24,7.24,7.24,4.49,4.48,4.46,4.45,4.44,4.44,4.45,225,0,0,1,0,0,0,-1,0,None,aggregation
26,182.76,remora4,remora5,0,0,0,0,0,0,0,30,0,0,0,0,0,0,0,0,0,30,0,0,4.45,4.45,4.43,4.43,4.44,4.44,4.44,4.43,4.41,4.41,4.45,4.45,4.43,4.43,4.44,4.44,4.44,4.43,4.41,4.41,198,0,0,1,0,0,0,-1,0,None,aggregation
26,183.76,remora4,remora5,0,0,30,30,30,30,30,30,30,30,0,0,30,30,30,30,30,30,30,30,4.41,4.41,4.42,4.41,4.39,4.38,4.37,4.36,4.35,4.34,4.41,4.41,4.42,4.41,4.39,4.38,4.37,4.36,4.35,4.34,192,0,0,1,0,0,0,-1,0,None,aggregation
26,184.76,remora4,remora5,30,30,30,0,0,0,0,0,0,22.1,30,30,30,0,0,0,0,0,0,21.71,4.33,4.32,4.31,4.31,4.31,4.32,4.32,4.32,4.31,4.3,4.33,4.32,4.31,4.31,4.31,4.32,4.32,4.32,4.31,4.3,173.19,0,0,1,0,0,0,-1,0,None,aggregation
26,185.76,remora4,remora5,0,0,30,30,30,30,30,30,30,30,0,0,30,30,30,30,30,30,30,30,4.3,4.3,4.3,4.3,4.29,4.27,4.24,4.21,4.19,4.18,4.3,4.3,4.3,4.3,4.29,4.27,4.24,4.21,4.19,4.18,170.19,0,0,1,0,0,0,-1,0,None,aggregation
26,186.76,remora4,remora5,30,30,30,30,30,30,30,30,0,0,30,30,30,30,30,30,30,30,0,0,4.17,4.16,4.16,4.15,4.15,4.13,4.11,4.09,4.07,4.08,4.17,4.16,4.16,4.15,4.15,4.13,4.11,4.09,4.07,4.08,185.19,0,0,1,0,0,0,-1,0,None,aggregation
26,187.76,remora4,remora5,30,30,30,30,30,30,30,30,30,30,30,30,30,30,30,30,30,30,30,30,4.08,4.08,4.07,4.07,4.08,4.08,4.07,4.05,4.04,4.03,4.08,4.08,4.07,4.07,4.08,4.08,4.07,4.05,4.04,4.03,194.19,0,0,1,0,0,0,-1,0,None,aggregation
26,124.76,remora4,remora6,10.02,10.03,10.03,10.03,10.03,-28.37,-28.31,-28.31,10.01,10.01,9.98,9.97,9.97,9.97,9.97,-29.19,-29.13,-29.13,9.99,9.99,1.68,1.67,1.66,1.66,1.65,1.66,1.68,1.7,1.72,1.72,2.73,2.73,2.72,2.71,2.7,2.71,2.72,2.74,2.76,2.75,146.9,0,1,1,0,0,0,-1,0,None,aggregation
26,125.76,remora4,remora6,10,10,10,10,10,10,10,10,10,-30.18,10,10,10,10,10,10,10,10,10,-29.35,1.71,1.71,1.7,1.69,1.69,1.68,1.67,1.66,1.66,1.67,2.75,2.74,2.74,2.73,2.73,2.72,2.72,2.71,2.7,2.71,144.06,0,1,1,0,0,0,-1,0,None,aggregation
26,126.76,remora4,remora6,-30.18,-30.2,10.02,10.02,10.02,10.03,10.03,10.03,10.03,10.03,-29.35,-29.38,9.98,9.98,9.98,9.97,9.97,9.97,9.97,9.97,1.69,1.72,1.74,1.74,1.73,1.72,1.71,1.71,1.7,1.69,2.73,2.75,2.77,2.77,2.76,2.75,2.75,2.74,2.73,2.73,144.28,0,1,1,0,0,0,-1,0,None,aggregation
26,127.76,remora4,remora6,10.03,10.02,-28.04,-28.04,10.02,10.02,10.02,10.01,-29.45,-29.45,9.97,9.97,-28.86,-28.86,9.98,9.98,9.98,9.99,-30.28,-30.28,1.68,1.68,1.67,1.68,1.7,1.7,1.69,1.69,1.68,1.7,2.72,2.72,2.71,2.72,2.74,2.73,2.73,2.73,2.72,2.74,151.95,0,1,1,0,0,0,-1,0,None,aggregation
26,128.76,remora4,remora6,10,10,9.99,9.99,9.99,9.99,9.99,9.99,-29.46,-29.46,10,10,10.01,10.01,10.01,10.01,10.01,10.01,-30.29,-30.29,1.72,1.72,1.72,1.71,1.71,1.7,1.69,1.68,1.67,1.68,2.75,2.76,2.76,2.75,2.75,2.75,2.74,2.74,2.73,2.74,150.14,0,1,1,0,0,0,-1,0,None,aggregation
26,129.76,remora4,remora6,-29.46,-29.44,9.96,9.96,9.95,9.95,9.95,9.95,9.96,9.96,-30.29,-30.26,10.03,10.03,10.04,10.04,10.04,10.04,10.04,10.04,1.71,1.73,1.76,1.76,1.76,1.75,1.74,1.73,1.72,1.71,2.76,2.78,2.81,2.81,2.81,2.81,2.81,2.8,2.8,2.79,146.63,0,1,1,0,0,0,-1,0,None,aggregation
26,130.76,remora4,remora6,9.96,9.96,9.96,9.96,9.96,-30.34,-30.34,-27.89,-27.89,9.98,10.04,10.04,10.04,10.04,10.04,-29.52,-29.52,-28.71,-28.71,10.02,1.7,1.7,1.69,1.68,1.67,1.68,1.71,1.73,1.76,1.77,2.79,2.79,2.78,2.78,2.77,2.78,2.8,2.82,2.85,2.86,146.58,0,1,1,0,0,0,-1,0,None,aggregation
26,131.76,remora4,remora6,9.96,9.96,9.96,9.96,9.97,9.97,9.97,9.97,9.97,9.97,10.04,10.04,10.03,10.03,10.03,10.03,10.03,10.03,10.03,10.03,1.76,1.75,1.74,1.73,1.72,1.7,1.69,1.68,1.67,1.66,2.86,2.86,2.85,2.85,2.84,2.83,2.83,2.82,2.81,2.81,146.58,0,1,1,0,0,0,-1,0,None,aggregation
26,132.76,remora4,remora6,-28.21,-28.21,-28.21,-28.21,-28.16,9.95,9.93,9.93,9.93,9.94,-29.03,-29.03,-29.03,-29.03,-28.98,10.05,10.06,10.06,10.06,10.06,1.66,1.67,1.69,1.72,1.74,1.75,1.75,1.74,1.72,1.71,2.81,2.83,2.85,2.88,2.9,2.91,2.91,2.91,2.9,2.9,148.1,0,1,1,0,0,0,-1,0,None,aggregation
26,133.76,remora4,remora6,9.94,9.94,9.94,9.94,9.94,9.94,9.94,-21.29,-21.29,-21.29,10.06,10.06,10.06,10.06,10.05,10.05,10.05,-20.47,-20.47,-20.47,1.71,1.7,1.69,1.68,1.68,1.67,1.66,1.66,1.68,1.7,2.9,2.89,2.89,2.89,2.89,2.89,2.89,2.9,2.92,2.94,147.38,0,1,1,0,0,0,-1,0,None,aggregation
26,134.76,remora4,remora6,-21.29,9.97,9.98,9.98,9.99,9.99,9.99,9.99,9.99,-30.27,-20.47,10.03,10.02,10.02,10.01,10.01,10.01,10.01,10.01,-29.45,1.72,1.72,1.71,1.71,1.7,1.69,1.68,1.67,1.67,1.67,2.96,2.97,2.97,2.97,2.97,2.97,2.97,2.97,2.97,2.99,144.83,0,1,1,0,0,0,-1,0,None,aggregation
26,135.76,remora4,remora6,-28.65,-28.65,-28.65,10,9.99,9.99,9.99,9.99,9.99,9.99,-29.47,-29.47,-29.47,10,10.01,10.01,10.01,10.01,10.01,10.01,1.7,1.72,1.75,1.75,1.74,1.74,1.73,1.72,1.72,1.71,3.01,3.04,3.07,3.08,3.09,3.09,3.09,3.09,3.09,3.09,148.57,0,1,1,0,0,0,-1,0,None,aggregation
26,136.76,remora4,remora6,9.99,9.99,9.99,9.99,-30.26,-30.26,10,10,10,10.01,10.01,10.01,10.01,10.01,-29.44,-29.44,10,10,10,9.99,1.7,1.7,1.69,1.69,1.69,1.71,1.74,1.74,1.73,1.72,3.1,3.1,3.1,3.1,3.11,3.14,3.16,3.17,3.17,3.17,148.59,0,1,1,0,0,0,-1,0,None,aggregation
26,137.76,remora4,remora6,10.01,10.01,-28.91,-28.91,-28.91,10,9.99,9.99,9.99,9.99,9.99,9.99,-29.73,-29.73,-29.73,10,10.01,10.01,10.01,10.01,1.71,1.71,1.7,1.72,1.75,1.76,1.76,1.75,1.74,1.73,3.18,3.18,3.18,3.21,3.24,3.26,3.27,3.27,3.27,3.27,146.72,0,1,1,0,0,0,-1,0,None,aggregation
26,138.76,remora4,remora6,9.99,-30.32,9.99,9.99,10,10,-30.31,-30.31,10.01,10.01,10.01,-29.5,10.01,10.01,10,10,-29.48,-29.48,9.99,9.99,1.72,1.73,1.76,1.76,1.75,1.75,1.74,1.76,1.78,1.79,3.27,3.29,3.32,3.33,3.33,3.34,3.34,3.37,3.4,3.41,148.72,0,1,1,0,0,0,-1,0,None,aggregation
26,139.76,remora4,remora6,10.01,10.02,10.02,10.02,-30.32,-30.32,10.03,10.03,10.04,10.04,9.99,9.98,9.98,9.98,-29.5,-29.5,9.97,9.97,9.96,9.96,1.78,1.78,1.77,1.76,1.77,1.79,1.82,1.82,1.82,1.81,3.41,3.42,3.42,3.43,3.44,3.47,3.5,3.52,3.52,3.53,148.72,0,1,1,0,0,0,-1,0,None,aggregation
26,140.76,remora4,remora6,10.04,10.03,10.03,10.03,-30.31,-30.31,-30.31,10.04,10.05,10.05,9.96,9.96,9.97,9.97,-29.48,-29.48,-29.48,9.96,9.95,9.95,1.81,1.8,1.8,1.79,1.79,1.81,1.84,1.85,1.84,1.84,3.53,3.54,3.54,3.55,3.56,3.59,3.62,3.64,3.65,3.65,147.05,0,1,1,0,0,0,-1,0,None,aggregation
26,141.76,remora4,remora6,10.05,10.05,10.05,10.05,10.05,-30.26,-30.24,-30.24,10.07,10.07,9.95,9.95,9.95,9.95,9.95,-29.44,-29.42,-29.42,9.93,9.93,1.83,1.82,1.81,1.8,1.79,1.79,1.81,1.84,1.85,1.85,3.64,3.63,3.62,3.61,3.59,3.59,3.61,3.62,3.63,3.61,153,0,1,1,0,0,0,-1,0,None,aggregation
26,142.76,remora4,remora6,10.07,10.07,10.07,10.07,10.06,10.06,-30.19,-30.19,10.07,10.07,9.92,9.92,9.93,9.93,9.93,9.93,-29.36,-29.36,9.93,9.93,1.83,1.83,1.82,1.81,1.8,1.79,1.78,1.79,1.81,1.8,3.6,3.58,3.57,3.55,3.54,3.53,3.51,3.51,3.52,3.52,147.65,0,1,1,0,0,0,-1,0,None,aggregation
26,143.76,remora4,remora6,10.08,10.08,10.07,10.07,-30.07,-30.07,-30.07,10.08,10.09,10.09,9.92,9.92,9.92,9.92,-29.25,-29.25,-29.25,9.92,9.91,9.91,1.79,1.78,1.77,1.76,1.75,1.77,1.79,1.8,1.79,1.78,3.5,3.49,3.47,3.46,3.45,3.46,3.48,3.48,3.46,3.45,150.28,0,1,1,0,0,0,-1,0,None,aggregation
26,144.76,remora4,remora6,10.08,10.08,10.08,10.08,-30,-30,-29.96,-29.96,-29.96,10.1,9.91,9.91,9.91,9.91,-29.18,-29.18,-29.13,-29.13,-29.13,9.89,1.77,1.76,1.75,1.74,1.74,1.75,1.77,1.79,1.81,1.82,3.44,3.42,3.41,3.4,3.39,3.39,3.41,3.42,3.44,3.44,156.98,0,1,1,0,0,0,-1,0,None,aggregation
26,145.76,remora4,remora6,10.1,10.11,10.1,10.1,10.1,10.1,10.1,10.1,10.1,10.09,9.89,9.88,9.89,9.89,9.89,9.89,9.9,9.9,9.9,9.9,1.81,1.8,1.78,1.77,1.76,1.75,1.73,1.72,1.71,1.7,3.43,3.42,3.41,3.4,3.38,3.37,3.36,3.34,3.33,3.31,151.26,0,1,1,0,0,0,-1,0,None,aggregation
26,146.76,remora4,remora6,10.09,-29.71,-29.71,-29.71,10.1,10.1,10.1,10.1,10.1,-21.06,9.9,-28.88,-28.88,-28.88,9.89,9.89,9.9,9.9,9.9,-20.23,1.69,1.69,1.71,1.71,1.7,1.69,1.68,1.67,1.67,1.67,3.3,3.31,3.32,3.32,3.31,3.3,3.29,3.28,3.28,3.28,154.14,0,1,1,0,0,0,-1,0,None,aggregation
26,147.76,remora4,remora6,-29.45,-29.45,-29.45,10.11,10.11,10.12,10.12,10.12,10.11,10.11,-28.63,-28.63,-28.63,9.88,9.88,9.87,9.87,9.87,9.88,9.88,1.68,1.7,1.72,1.72,1.71,1.7,1.69,1.68,1.67,1.65,3.29,3.31,3.32,3.32,3.31,3.3,3.29,3.28,3.27,3.25,154.05,0,1,1,0,0,0,-1,0,None,aggregation
26,148.76,remora4,remora6,10.11,10.11,-29.22,-29.22,-29.22,10.11,10.11,10.11,10.11,10.11,9.88,9.88,-28.4,-28.4,-28.4,9.88,9.87,9.87,9.88,9.88,1.64,1.63,1.62,1.63,1.65,1.65,1.64,1.63,1.62,1.6,3.24,3.23,3.23,3.23,3.25,3.25,3.25,3.24,3.23,3.22,153.72,0,1,1,0,0,0,-1,0,None,aggregation
26,149.76,remora4,remora6,10.11,-29.59,-28.81,-28.81,10.1,10.1,10.1,10.1,10.1,10.1,9.88,-30.41,-27.99,-27.99,9.9,9.9,9.9,9.89,9.89,9.89,1.59,1.59,1.61,1.63,1.65,1.65,1.64,1.63,1.62,1.61,3.21,3.21,3.23,3.25,3.27,3.27,3.26,3.25,3.24,3.23,155.42,0,1,1,0,0,0,-1,0,None,aggregation
26,150.76,remora4,remora6,10.1,10.1,10.09,10.09,-28.4,-28.4,10.09,10.09,10.09,10.1,9.9,9.9,9.9,9.9,-27.57,-27.57,9.9,9.9,9.9,9.89,1.6,1.59,1.58,1.56,1.55,1.57,1.58,1.58,1.57,1.56,3.22,3.21,3.2,3.19,3.18,3.19,3.21,3.21,3.2,3.19,153.04,0,1,1,0,0,0,-1,0,None,aggregation
26,151.76,remora4,remora6,10.1,10.1,-28.05,-28.05,-28.05,-27.94,10.11,10.11,10.12,10.12,9.89,9.89,-27.23,-27.23,-27.23,-27.12,9.88,9.88,9.87,9.87,1.55,1.54,1.53,1.54,1.56,1.58,1.6,1.6,1.59,1.58,3.19,3.18,3.17,3.18,3.2,3.22,3.24,3.24,3.23,3.22,154.13,0,1,1,0,0,0,-1,0,None,aggregation
26,152.76,remora4,remora6,10.11,10.11,10.11,10.11,10.1,10.1,-27.37,-27.37,10.11,10.11,9.87,9.87,9.88,9.88,9.88,9.88,-26.55,-26.55,9.88,9.88,1.58,1.57,1.56,1.55,1.55,1.54,1.53,1.54,1.56,1.56,3.22,3.21,3.2,3.2,3.19,3.19,3.18,3.19,3.21,3.21,153.57,0,1,1,0,0,0,-1,0,None,aggregation
26,153.76,remora4,remora6,10.11,10.11,10.11,10.11,-30.2,-30.2,-27.14,-27.14,10.12,10.12,9.88,9.88,9.88,9.88,-29.38,-29.38,-26.32,-26.32,9.86,9.86,1.55,1.54,1.54,1.53,1.52,1.53,1.56,1.58,1.6,1.6,3.2,3.19,3.19,3.18,3.18,3.19,3.21,3.24,3.27,3.28,154.97,0,1,1,0,0,0,-1,0,None,aggregation
26,154.76,remora4,remora6,10.13,10.13,10.12,10.12,10.12,10.12,10.11,10.11,10.11,-26.65,9.86,9.86,9.86,9.86,9.87,9.87,9.88,9.88,9.88,-25.83,1.59,1.58,1.58,1.57,1.56,1.55,1.55,1.54,1.53,1.54,3.29,3.29,3.3,3.29,3.29,3.28,3.27,3.26,3.26,3.27,146.81,0,1,1,0,0,0,-1,0,None,aggregation
26,155.76,remora4,remora6,-26.65,-26.65,10.13,10.13,10.13,10.13,10.13,10.13,10.12,10.12,-25.83,-25.83,9.86,9.86,9.85,9.85,9.86,9.86,9.87,9.87,1.56,1.58,1.59,1.59,1.58,1.58,1.57,1.56,1.55,1.55,3.29,3.31,3.32,3.32,3.32,3.31,3.32,3.32,3.33,3.32,150.05,0,1,1,0,0,0,-1,0,None,aggregation
26,156.76,remora4,remora6,10.11,10.11,-26.07,-26.07,-25.92,-25.92,-25.92,10.13,10.14,10.14,9.87,9.87,-25.25,-25.25,-25.1,-25.1,-25.1,9.85,9.84,9.84,1.54,1.53,1.52,1.54,1.56,1.57,1.59,1.6,1.59,1.59,3.32,3.31,3.3,3.32,3.33,3.36,3.39,3.4,3.4,3.39,150.98,0,1,1,0,0,0,-1,0,None,aggregation
26,157.76,remora4,remora6,10.14,10.13,10.13,10.13,10.12,10.12,-25.44,-25.44,10.12,10.12,9.84,9.85,9.86,9.86,9.86,9.86,-24.62,-24.62,9.86,9.86,1.58,1.57,1.56,1.56,1.55,1.54,1.53,1.54,1.56,1.56,3.38,3.37,3.37,3.36,3.35,3.35,3.34,3.36,3.38,3.39,148.27,0,1,1,0,0,0,-1,0,None,aggregation
26,158.76,remora4,remora6,10.12,10.13,-25.12,-25.12,10.12,10.12,10.13,10.13,-16.66,-16.66,9.86,9.86,-24.3,-24.3,9.86,9.86,9.85,9.85,-15.83,-15.83,1.55,1.54,1.54,1.54,1.54,1.53,1.51,1.49,1.47,1.46,3.4,3.4,3.41,3.42,3.44,3.45,3.44,3.44,3.44,3.45,146.82,0,1,1,0,0,0,-1,0,None,aggregation
26,159.76,remora4,remora6,-16.66,-24.03,10.14,10.14,10.14,10.15,10.14,10.14,10.14,10.14,-15.83,-23.21,9.83,9.83,9.83,9.83,9.83,9.83,9.84,9.84,1.46,1.46,1.47,1.46,1.44,1.42,1.4,1.39,1.37,1.35,3.45,3.46,3.46,3.46,3.44,3.44,3.44,3.44,3.44,3.44,143.12,1,0,1,0,0,0,-1,0,None,aggregation
26,160.76,remora4,remora6,10.14,-21.94,-21.94,-12.24,10.15,10.15,10.15,10.15,10.15,10.15,9.84,-21.12,-21.12,-11.41,9.83,9.83,9.82,9.82,9.83,9.83,1.33,1.33,1.33,1.33,1.32,1.31,1.3,1.28,1.27,1.25,3.44,3.45,3.47,3.49,3.5,3.5,3.51,3.51,3.51,3.51,142.01,1,0,1,0,0,0,-1,0,None,aggregation
26,161.76,remora4,remora6,-8.75,-8.75,-8.75,-7.68,10.16,10.16,10.17,10.17,10.17,-4.46,-7.93,-7.93,-7.93,-6.85,9.81,9.81,9.8,9.8,9.8,-3.64,1.24,1.23,1.23,1.22,1.22,1.21,1.2,1.19,1.18,1.17,3.51,3.52,3.53,3.55,3.56,3.56,3.57,3.57,3.57,3.58,133.59,1,0,1,0,0,0,-1,0,None,aggregation
26,162.76,remora4,remora6,-4.46,-4.46,-3.13,-1.8,-0.76,-0.76,-0.76,0.29,0.29,1.84,-3.64,-3.64,-2.31,-0.98,0.06,0.06,0.06,1.1,1.1,2.62,1.17,1.16,1.16,1.15,1.15,1.15,1.14,1.14,1.14,1.14,3.59,3.61,3.62,3.63,3.64,3.65,3.66,3.67,3.69,3.7,121.89,1,0,1,0,0,0,-1,0,None,aggregation
26,163.76,remora4,remora6,1.84,2.87,-11.08,-11.08,-10.4,-10.4,-10.4,10.27,10.28,10.28,2.62,3.63,-10.26,-10.26,-9.58,-9.58,-9.58,9.64,9.63,9.63,1.13,1.13,1.13,1.13,1.13,1.13,1.13,1.13,1.14,1.14,3.71,3.72,3.73,3.75,3.76,3.78,3.8,3.81,3.82,3.82,113.26,1,0,1,0,0,0,-1,0,None,aggregation
26,164.76,remora4,remora6,7.77,7.77,7.77,9.17,-6.58,-6.58,-5.48,-5.48,-5.48,12.51,8.45,8.45,8.45,9.83,-5.76,-5.76,-4.66,-4.66,-4.66,13.1,1.14,1.14,1.15,1.15,1.16,1.17,1.17,1.17,1.17,1.17,3.82,3.82,3.82,3.82,3.83,3.85,3.87,3.88,3.89,3.9,109.06,1,0,1,0,0,0,-1,0,None,aggregation
26,165.76,remora4,remora6,-4.91,-4.91,-4.91,-4.7,-5.07,-5.07,-5.45,-5.45,-5.45,-5.46,-4.09,-4.09,-4.09,-3.87,-4.24,-4.24,-4.62,-4.62,-4.62,-4.64,1.16,1.16,1.16,1.15,1.15,1.14,1.14,1.15,1.16,1.17,3.91,3.92,3.94,3.95,3.96,3.97,3.99,4.01,4.03,4.05,100.54,1,0,1,0,0,0,-1,0,None,aggregation
26,166.76,remora4,remora6,-5.11,-5.11,10.38,10.38,-4.95,-4.95,-4.95,-5.14,-5.14,10.39,-4.29,-4.29,9.41,9.41,-4.13,-4.13,-4.13,-4.32,-4.32,9.39,1.18,1.18,1.18,1.17,1.17,1.17,1.16,1.16,1.15,1.16,4.07,4.09,4.1,4.11,4.12,4.13,4.14,4.15,4.17,4.18,88.98,1,0,1,0,0,0,-1,0,None,aggregation
26,167.76,remora4,remora6,10.39,10.39,12.31,12.31,12.31,12.74,-4.21,-4.21,-4.21,-4.26,9.38,9.38,12.91,12.91,12.91,13.32,-3.39,-3.39,-3.39,-3.44,1.19,1.19,1.19,1.19,1.18,1.18,1.18,1.18,1.17,1.18,4.2,4.21,4.22,4.23,4.24,4.24,4.25,4.26,4.27,4.3,84.57,1,0,1,0,0,0,-1,0,None,aggregation
26,168.76,remora4,remora6,-4.28,-4.28,-3.96,-3.96,-3.96,-3.77,-3.77,13.82,14.02,14.02,-3.46,-3.46,-3.14,-3.14,-3.14,-2.95,-2.95,14.38,14.58,14.58,1.21,1.23,1.25,1.26,1.25,1.25,1.24,1.24,1.24,1.24,4.32,4.35,4.38,4.39,4.4,4.42,4.43,4.44,4.45,4.45,77.16,1,0,1,0,0,0,-1,0,None,aggregation
26,169.76,remora4,remora6,-3.15,-3.15,-3.15,-2.83,-2.83,-2.83,14.82,14.82,14.82,15.22,-2.33,-2.33,-2.33,-2.01,-2.01,-2.01,15.37,15.37,15.37,15.76,1.24,1.24,1.24,1.24,1.24,1.23,1.23,1.24,1.24,1.24,4.46,4.47,4.49,4.5,4.51,4.53,4.54,4.55,4.56,4.57,72.81,1,0,1,0,0,0,-1,0,None,aggregation
26,170.76,remora4,remora6,-2.03,-2.03,-1.72,-1.72,16.2,16.2,16.2,-1.21,-1.21,-0.93,-1.21,-1.21,-0.9,-0.9,16.71,16.71,16.71,-0.39,-0.39,-0.11,1.25,1.25,1.25,1.25,1.26,1.26,1.27,1.28,1.28,1.28,4.58,4.59,4.61,4.62,4.64,4.65,4.66,4.67,4.69,4.7,66.07,1,0,1,0,0,0,-1,0,None,aggregation
26,171.76,remora4,remora6,-0.93,-0.75,16.97,16.97,-0.46,-0.46,-0.34,-0.34,-0.37,-0.37,-0.11,0.07,17.47,17.47,0.36,0.36,0.48,0.48,0.45,0.45,1.28,1.29,1.29,1.3,1.31,1.31,1.32,1.33,1.34,1.35,4.72,4.73,4.75,4.76,4.77,4.79,4.8,4.82,4.84,4.86,61,1,0,1,0,0,0,-1,0,None,aggregation
26,172.76,remora4,remora6,-0.39,-0.39,-0.39,17.01,17.03,17.03,17.03,-0.83,-0.83,-0.93,0.43,0.43,0.43,17.52,17.53,17.53,17.53,-0.01,-0.01,-0.11,1.35,1.36,1.37,1.39,1.42,1.44,1.47,1.49,1.51,1.53,4.88,4.9,4.91,4.93,4.95,4.97,4.99,5.01,5.03,5.05,66.37,1,0,1,0,0,0,-1,0,None,aggregation
26,173.76,remora4,remora6,16.93,16.93,-1.22,-1.22,-1.09,-1.09,16.8,16.8,16.8,-1.36,17.43,17.43,-0.4,-0.4,-0.27,-0.27,17.3,17.3,17.3,-0.53,1.54,1.56,1.58,1.59,1.6,1.61,1.63,1.65,1.67,1.69,5.08,5.09,5.11,5.13,5.15,5.17,5.19,5.21,5.23,5.25,66.65,0,1,1,0,0,0,-1,0,None,aggregation
26,174.76,remora4,remora6,16.66,16.66,-1.3,-1.3,-1.3,-1,-1.19,-1.19,-1.19,16.73,17.17,17.17,-0.47,-0.47,-0.47,-0.18,-0.36,-0.36,-0.36,17.24,1.7,1.72,1.74,1.75,1.76,1.77,1.79,1.8,1.81,1.83,5.27,5.28,5.3,5.32,5.33,5.35,5.37,5.4,5.42,5.43,64.87,0,1,1,0,0,0,-1,0,None,aggregation
26,175.76,remora4,remora6,16.73,-1.03,16.77,16.77,-0.97,-0.97,16.83,16.83,-0.69,-0.69,17.24,-0.21,17.28,17.28,-0.15,-0.15,17.34,17.34,0.13,0.13,1.85,1.86,1.87,1.9,1.93,1.94,1.96,1.97,1.99,2.01,5.45,5.47,5.49,5.51,5.53,5.55,5.57,5.58,5.6,5.61,68.89,0,1,1,0,0,0,-1,0,None,aggregation
26,176.76,remora4,remora6,-0.69,-0.39,-0.39,-0.4,-0.39,-0.39,-0.59,-0.59,-0.57,-0.57,0.13,0.43,0.43,0.42,0.43,0.43,0.23,0.23,0.26,0.26,2.02,2.04,2.05,2.07,2.09,2.11,2.14,2.16,2.17,2.19,5.62,5.63,5.64,5.65,5.67,5.69,5.7,5.71,5.72,5.74,62.78,0,1,1,0,0,0,-1,0,None,aggregation
26,177.76,remora4,remora6,-0.57,16.81,16.81,-0.42,-0.42,-0.1,-0.1,-0.1,-0.08,-0.08,0.26,17.32,17.32,0.4,0.4,0.71,0.72,0.72,0.73,0.73,2.2,2.22,2.24,2.26,2.27,2.29,2.31,2.32,2.34,2.35,5.76,5.78,5.79,5.81,5.83,5.85,5.86,5.87,5.88,5.9,57.78,0,1,1,0,0,0,-1,0,None,aggregation
26,178.76,remora4,remora6,-0.08,-0.11,-0.11,0.1,0.1,0.08,0.08,0.08,0.27,0.49,0.73,0.71,0.71,0.91,0.91,0.9,0.9,0.9,1.08,1.3,2.37,2.39,2.4,2.42,2.44,2.45,2.47,2.49,2.5,2.52,5.92,5.93,5.94,5.95,5.96,5.97,6,6.02,6.04,6.06,51.5,0,1,1,0,0,0,-1,0,None,aggregation
26,179.76,remora4,remora6,0.5,0.5,0.67,0.67,0.67,0.65,0.85,0.85,1.07,1.07,1.31,1.31,1.47,1.47,1.47,1.45,1.65,1.65,1.86,1.86,2.54,2.56,2.58,2.59,2.61,2.63,2.65,2.67,2.7,2.72,6.09,6.11,6.13,6.15,6.18,6.2,6.22,6.25,6.27,6.3,45.02,0,1,1,0,0,0,-1,0,None,aggregation
26,180.76,remora4,remora6,16.81,16.81,1.22,1.22,1.22,1.4,1.37,1.37,1.37,1.37,17.32,17.32,2.01,2.01,2.01,2.19,2.16,2.16,2.16,2.16,2.74,2.76,2.8,2.82,2.84,2.86,2.88,2.9,2.92,2.94,6.32,6.33,6.34,6.35,6.36,6.38,6.4,6.42,6.44,6.46,44.07,0,1,0,0,0,0,-1,0,None,aggregation
26,181.76,remora4,remora6,1.54,1.54,-8.1,-8.1,-8.1,-8.09,17.5,17.5,1.95,1.95,2.33,2.33,-7.28,-7.28,-7.28,-7.27,17.99,17.99,2.73,2.73,2.96,2.98,3,3.01,3.03,3.05,3.07,3.08,3.1,3.12,6.47,6.48,6.49,3.01,3.03,3.05,3.07,3.08,3.1,3.12,47.98,0,0,1,0,0,0,-1,0,None,aggregation
26,182.76,remora4,remora6,1.95,1.95,2.67,2.67,2.64,2.64,2.64,2.85,0,0,2.73,2.73,3.44,3.44,3.41,3.41,3.41,3.61,0,0,3.14,3.16,3.18,3.2,3.23,3.25,3.27,3.29,3.31,3.33,3.14,3.16,3.18,3.2,3.23,3.25,3.27,3.29,3.31,3.33,43.24,0,0,0,0,0,0,-1,0,None,aggregation
26,183.76,remora4,remora6,0,0,1.21,1.21,8.7,8.7,8.7,21.32,21.31,21.31,0,0,0.41,0.41,8.03,8.03,8.03,20.9,20.9,20.9,3.35,3.37,3.4,3.41,3.43,3.45,3.47,3.5,3.53,3.55,3.35,3.37,3.4,3.41,3.43,3.45,3.47,3.5,3.53,3.55,43.3,0,0,0,0,0,0,-1,0,None,aggregation
26,184.76,remora4,remora6,8.65,8.65,8.45,8.45,20.72,20.72,20.72,0,0,0,7.97,7.97,7.77,7.77,20.29,20.29,20.29,0,0,0,3.58,3.61,3.63,3.66,3.68,3.71,3.74,3.76,3.78,3.81,3.58,3.61,3.63,3.66,3.68,3.71,3.74,3.76,3.78,3.81,47.1,0,0,1,0,0,0,-1,0,None,aggregation
26,185.76,remora4,remora6,0,0,0,0,20.13,20.13,0,0,0,0,0,0,0,0,19.69,19.69,0,0,0,0,3.83,3.85,3.87,3.89,3.91,3.93,3.96,3.99,4.01,4.03,3.83,3.85,3.87,3.89,3.91,3.93,3.96,3.99,4.01,4.03,42.33,0,0,0,0,0,0,-1,0,None,aggregation
26,186.76,remora4,remora6,0,0,8.13,8.13,8.18,19.25,19.26,19.26,18.94,18.94,0,0,7.44,7.44,7.5,18.78,18.79,18.79,18.47,18.47,4.05,4.08,4.1,4.12,4.14,4.16,4.18,4.21,4.23,4.25,4.05,4.08,4.1,4.12,4.14,4.16,4.18,4.21,4.23,4.25,54.02,0,0,1,0,0,0,-1,0,None,aggregation
26,187.76,remora4,remora6,7.59,7.59,3.62,3.62,18.31,18.31,18,18,0,0,6.89,6.89,2.86,2.86,17.83,17.83,17.51,17.51,0,0,4.28,4.3,4.32,4.34,4.36,4.38,4.4,4.42,4.45,4.47,4.28,4.3,4.32,4.34,4.36,4.38,4.4,4.42,4.45,4.47,59.69,0,0,1,0,0,0,-1,0,None,aggregation
26,188.76,remora4,remora6,0,0,17.69,17.69,17.69,17.37,17.37,17.37,30,30,0,0,17.2,17.2,17.2,16.86,16.86,16.86,30,30,4.48,4.5,4.52,4.54,4.57,4.59,4.62,4.64,4.65,4.68,4.48,4.5,4.52,4.54,4.57,4.59,4.62,4.64,4.65,4.68,75.56,0,0,1,0,0,0,-1,0,None,aggregation
26,189.76,remora4,remora6,30,0,16.37,16.37,16.05,16.05,16.05,0,0,0,30,0,15.85,15.85,15.51,15.51,15.51,0,0,0,4.71,4.73,4.75,4.77,4.8,4.83,4.85,4.87,4.89,4.91,4.71,4.73,4.75,4.77,4.8,4.83,4.85,4.87,4.89,4.91,85.37,0,0,1,0,0,0,-1,0,None,aggregation
26,190.76,remora4,remora6,0,0,0,0,15.42,15.42,15.42,0,0,0,0,0,0,0,14.88,14.88,14.88,0,0,0,4.93,4.95,4.97,4.99,5.01,5.04,5.06,5.08,5.1,5.12,4.93,4.95,4.97,4.99,5.01,5.04,5.06,5.08,5.1,5.12,85.13,0,0,1,0,0,0,-1,0,None,aggregation
26,191.76,remora4,remora6,0,0,0,0,0,0,0,0,0,0,0,0,0,0,0,0,0,0,0,0,5.14,5.17,5.19,5.21,5.23,5.25,5.27,5.29,5.31,5.34,5.14,5.17,5.19,5.21,5.23,5.25,5.27,5.29,5.31,5.34,77.65,0,0,1,0,0,0,-1,0,None,aggregation
26,192.76,remora4,remora6,0,30,30,30,30,30,0,0,0,0,0,30,30,30,30,30,0,0,0,0,5.36,5.39,5.42,5.45,5.48,5.51,5.54,5.57,5.59,5.61,5.36,5.39,5.42,5.45,5.48,5.51,5.54,5.57,5.59,5.61,90.34,0,0,1,0,0,0,-1,0,None,aggregation
26,193.76,remora4,remora6,0,0,0,0,30,30,30,30,30,30,0,0,0,0,30,30,30,30,30,30,5.63,5.65,5.67,5.7,5.72,5.75,5.78,5.82,5.85,5.88,5.63,5.65,5.67,5.7,5.72,5.75,5.78,5.82,5.85,5.88,99.34,0,0,1,0,0,0,-1,0,None,aggregation
26,194.76,remora4,remora6,30,30,30,30,0,0,0,0,0,0,30,30,30,30,0,0,0,0,0,0,5.91,5.94,5.98,6.01,6.04,6.07,6.09,6.11,6.13,6.16,5.91,5.94,5.98,6.01,6.04,6.07,6.09,6.11,6.13,6.16,101.9,0,0,1,0,0,0,-1,0,None,aggregation
26,195.76,remora4,remora6,0,0,30,30,30,30,30,30,30,30,0,0,30,30,30,30,30,30,30,30,6.18,6.2,6.23,6.26,6.29,6.32,6.36,6.39,6.43,6.46,6.18,6.2,6.23,6.26,6.29,6.32,6.36,6.39,6.43,6.46,121.92,0,0,1,0,0,0,-1,0,None,aggregation
26,196.76,remora4,remora6,30,30,30,30,30,30,30,30,30,30,30,30,30,30,30,30,30,30,30,30,6.5,6.53,6.57,6.6,6.64,6.67,6.71,6.74,6.78,6.82,6.5,6.53,6.57,6.6,6.64,6.67,6.71,6.74,6.78,6.82,140.13,0,0,1,0,0,0,-1,0,None,aggregation
26,197.76,remora4,remora6,30,30,30,30,30,30,0,0,0,0,30,30,30,30,30,30,0,0,0,0,6.85,6.89,6.92,6.96,7,7.03,7.07,7.1,7.12,7.15,6.85,6.89,6.92,6.96,7,7.03,7.07,7.1,7.12,7.15,148.87,0,0,1,0,0,0,-1,0,None,aggregation
26,198.76,remora4,remora6,0,30,30,30,30,30,30,30,30,30,0,30,30,30,30,30,30,30,30,30,7.17,7.2,7.24,7.28,7.32,7.35,7.39,7.43,7.47,7.51,7.17,7.2,7.24,7.28,7.32,7.35,7.39,7.43,7.47,7.51,159.5,0,0,1,0,0,0,-1,0,None,aggregation
26,199.76,remora4,remora6,30,30,30,30,30,30,30,30,30,30,30,30,30,30,30,30,30,30,30,30,7.54,7.58,7.62,7.66,7.7,7.74,7.78,7.82,7.86,7.9,7.54,7.58,7.62,7.66,7.7,7.74,7.78,7.82,7.86,7.9,178.54,0,0,1,0,0,0,-1,0,None,aggregation
26,200.76,remora4,remora6,30,30,30,30,30,30,30,30,30,30,30,30,30,30,30,30,30,30,30,30,7.93,7.97,8.01,8.05,8.09,8.13,8.17,8.21,8.25,8.3,7.93,7.97,8.01,8.05,8.09,8.13,8.17,8.21,8.25,8.3,204,0,0,1,0,0,0,-1,0,None,aggregation
26,201.76,remora4,remora6,30,30,30,30,30,30,30,30,30,30,30,30,30,30,30,30,30,30,30,30,8.34,8.38,8.42,8.46,8.5,8.54,8.58,8.62,8.66,8.71,8.34,8.38,8.42,8.46,8.5,8.54,8.58,8.62,8.66,8.71,234,0,0,1,0,0,0,-1,0,None,aggregation
26,202.76,remora4,remora6,30,30,30,30,30,30,30,30,30,30,30,30,30,30,30,30,30,30,30,30,8.75,8.79,8.83,8.87,8.92,8.96,9,9.04,9.09,9.13,8.75,8.79,8.83,8.87,8.92,8.96,9,9.04,9.09,9.13,249,0,0,1,0,0,0,-1,0,None,aggregation
26,203.76,remora4,remora6,30,30,30,30,30,30,30,30,30,30,30,30,30,30,30,30,30,30,30,30,9.17,9.21,9.25,9.3,9.34,9.38,9.43,9.47,9.51,9.56,9.17,9.21,9.25,9.3,9.34,9.38,9.43,9.47,9.51,9.56,261,0,0,1,0,0,0,-1,0,None,aggregation
26,204.76,remora4,remora6,30,30,30,30,30,30,30,30,30,30,30,30,30,30,30,30,30,30,30,30,9.6,9.64,9.69,9.73,9.77,9.82,9.86,9.9,9.95,9.99,9.6,9.64,9.69,9.73,9.77,9.82,9.86,9.9,9.95,9.99,279,0,0,1,0,0,0,-1,0,None,aggregation
26,205.76,remora4,remora6,30,30,30,30,30,30,30,30,30,30,30,30,30,30,30,30,30,30,30,30,10,10,10,10,10,10,10,10,10,10,10,10,10,10,10,10,10,10,10,10,285,0,0,1,0,0,0,-1,0,None,aggregation
26,206.76,remora4,remora6,30,30,30,30,30,30,30,30,30,30,30,30,30,30,30,30,30,30,30,30,10,10,10,10,10,10,10,10,10,10,10,10,10,10,10,10,10,10,10,10,285,0,0,1,0,0,0,-1,0,None,aggregation
26,207.76,remora4,remora6,30,30,30,30,30,30,30,30,30,30,30,30,30,30,30,30,30,30,30,30,10,10,10,10,10,10,10,10,10,10,10,10,10,10,10,10,10,10,10,10,297,0,0,1,0,0,0,-1,0,None,aggregation
26,124.76,remora4,remora7,-11.19,-16.27,-16.27,-10.38,-15.76,-15.76,10.04,10.04,-15.01,-15.01,-12.01,-17.09,-17.09,-11.2,-16.58,-16.58,9.39,9.39,-15.83,-15.83,1.68,1.67,1.66,1.66,1.65,1.66,1.68,1.7,1.72,1.72,3.05,3.04,3.03,3.02,3.01,3.01,3.01,3.03,3.04,3.03,110.33,0,1,1,0,0,0,-1,0,None,aggregation
26,125.76,remora4,remora7,-8.69,-8.69,-2.87,-2.87,-8.21,-8.21,-8.06,-8.06,-8.06,-7.76,-9.51,-9.51,-3.69,-3.69,-9.03,-9.03,-8.88,-8.88,-8.88,-8.58,1.71,1.71,1.7,1.69,1.69,1.68,1.67,1.66,1.66,1.67,3.02,3.02,3.01,3,3,2.99,2.99,2.98,2.97,2.97,99.98,0,1,1,0,0,0,-1,0,None,aggregation
26,126.76,remora4,remora7,-7.76,-7.46,13.3,13.3,13.3,-6.45,-6.58,-6.58,-6.58,-0.85,-8.58,-8.28,12.72,12.72,12.72,-7.27,-7.4,-7.4,-7.4,-1.68,1.69,1.72,1.74,1.74,1.73,1.72,1.71,1.71,1.7,1.69,2.98,2.99,3,3,3,3,2.99,2.98,2.98,2.97,93.38,0,1,1,0,0,0,-1,0,None,aggregation
26,127.76,remora4,remora7,-0.85,-6,-5.97,-5.97,-5.47,-5.47,-5.47,-5.17,14.49,14.49,-1.68,-6.82,-6.79,-6.79,-6.3,-6.3,-6.3,-5.99,13.93,13.93,1.68,1.68,1.67,1.68,1.7,1.7,1.69,1.69,1.68,1.7,2.97,2.96,2.96,2.96,2.97,2.97,2.96,2.96,2.95,2.96,90.66,0,1,1,0,0,0,-1,0,None,aggregation
26,128.76,remora4,remora7,-11.55,-11.55,-11.55,-11.44,15.3,15.3,15.3,-4.06,-4.34,-4.34,-12.37,-12.37,-12.37,-12.26,14.75,14.75,14.75,-4.88,-5.16,-5.16,1.72,1.72,1.72,1.71,1.71,1.7,1.69,1.68,1.67,1.68,2.98,2.98,2.98,2.97,2.97,2.96,2.96,2.96,2.96,2.96,88.42,0,1,1,0,0,0,-1,0,None,aggregation
26,129.76,remora4,remora7,-4.34,1.23,1.23,-10.46,-3.13,-3.13,-3.13,16.47,-2.82,-2.82,-5.16,0.43,0.43,-11.28,-3.95,-3.95,-3.95,15.94,-3.64,-3.64,1.71,1.73,1.76,1.76,1.76,1.75,1.74,1.73,1.72,1.71,2.97,2.99,3,3,3,2.99,2.99,2.99,2.99,2.99,86.12,0,1,1,0,0,0,-1,0,None,aggregation
26,130.76,remora4,remora7,-2.82,-2.99,-3.01,-3.01,-3.01,-3.05,-3.05,2.49,2.49,-2.09,-3.64,-3.81,-3.83,-3.83,-3.83,-3.87,-3.87,1.7,1.7,-2.91,1.7,1.7,1.69,1.68,1.67,1.68,1.71,1.73,1.76,1.77,2.99,2.98,2.98,2.97,2.97,2.97,2.99,3,3.01,3.02,84.05,0,1,1,0,0,0,-1,0,None,aggregation
26,131.76,remora4,remora7,-1.93,-1.93,17.21,17.21,17.21,17.19,17.19,17.19,2.96,-9.63,-2.75,-2.75,16.7,16.7,16.7,16.68,16.68,16.68,2.18,-10.46,1.76,1.75,1.74,1.73,1.72,1.7,1.69,1.68,1.67,1.66,3.02,3.02,3.02,3.01,3.01,3.02,3.02,3.01,3.01,3.01,86.63,0,1,1,0,0,0,-1,0,None,aggregation
26,132.76,remora4,remora7,-9.63,2.69,2.69,2.69,-9.41,-9.15,17.75,17.75,17.75,-1.26,-10.46,1.91,1.91,1.91,-10.24,-9.97,17.26,17.26,17.26,-2.08,1.66,1.67,1.69,1.72,1.74,1.75,1.75,1.74,1.72,1.71,3.01,3.02,3.03,3.05,3.06,3.06,3.06,3.06,3.06,3.06,85.88,0,1,1,0,0,0,-1,0,None,aggregation
26,133.76,remora4,remora7,-1.38,-1.38,-1.38,-1.47,-1.47,-1.54,-1.54,-1.52,-1.34,-1.34,-2.2,-2.2,-2.2,-2.29,-2.29,-2.36,-2.36,-2.34,-2.16,-2.16,1.71,1.7,1.69,1.68,1.68,1.67,1.66,1.66,1.68,1.7,3.06,3.05,3.05,3.05,3.05,3.05,3.05,3.05,3.07,3.08,78.6,0,1,1,0,0,0,-1,0,None,aggregation
26,134.76,remora4,remora7,-1.34,-0.88,-0.88,-0.72,-0.53,-0.53,-0.53,-0.53,-0.53,-0.39,-2.16,-1.7,-1.7,-1.54,-1.35,-1.35,-1.35,-1.35,-1.35,-1.21,1.72,1.72,1.71,1.71,1.7,1.69,1.68,1.67,1.67,1.67,3.09,3.1,3.1,3.1,3.1,3.1,3.1,3.1,3.1,3.11,65.86,0,1,1,0,0,0,-1,0,None,aggregation
26,135.76,remora4,remora7,-0.39,-0.25,5.6,5.6,-7.56,-7.56,-7.56,-7.56,0.17,-7.41,-1.21,-1.07,4.87,4.87,-8.38,-8.38,-8.38,-8.38,-0.65,-8.23,1.7,1.72,1.75,1.75,1.74,1.74,1.73,1.72,1.72,1.71,3.12,3.14,3.16,3.17,3.17,3.17,3.17,3.17,3.17,3.17,63.48,0,1,1,0,0,0,-1,0,None,aggregation
26,136.76,remora4,remora7,-7.41,-7.41,-7.4,-7.19,-7.01,-7.01,1.01,1.01,1.01,1.49,-8.23,-8.23,-8.22,-8.01,-7.83,-7.83,0.2,0.2,0.2,0.68,1.7,1.7,1.69,1.69,1.69,1.71,1.74,1.74,1.73,1.72,3.17,3.17,3.17,3.18,3.18,3.19,3.21,3.21,3.22,3.22,59.94,0,1,1,0,0,0,-1,0,None,aggregation
26,137.76,remora4,remora7,-6.44,-6.44,-6.44,-6.43,-6.43,-6.27,2.29,2.29,2.29,2.46,-7.26,-7.26,-7.26,-7.25,-7.25,-7.09,1.5,1.5,1.5,1.68,1.71,1.71,1.7,1.72,1.75,1.76,1.76,1.75,1.74,1.73,3.22,3.22,3.23,3.24,3.26,3.27,3.27,3.27,3.28,3.28,57.6,0,1,1,0,0,0,-1,0,None,aggregation
26,138.76,remora4,remora7,2.46,-5.78,-5.67,-5.67,-5.39,-5.39,-5.3,-5.3,-5,-5,1.68,-6.6,-6.5,-6.5,-6.21,-6.21,-6.12,-6.12,-5.82,-5.82,1.72,1.73,1.76,1.76,1.75,1.75,1.74,1.76,1.78,1.79,3.28,3.29,3.31,3.31,3.32,3.32,3.32,3.34,3.36,3.36,52.35,0,1,1,0,0,0,-1,0,None,aggregation
26,139.76,remora4,remora7,-5,-4.73,-4.7,-4.7,-4.5,-4.5,-4.5,-4.35,-4.35,-4.35,-5.82,-5.56,-5.52,-5.52,-5.32,-5.32,-5.32,-5.17,-5.17,-5.17,1.78,1.78,1.77,1.76,1.77,1.79,1.82,1.82,1.82,1.81,3.37,3.37,3.37,3.38,3.39,3.4,3.43,3.43,3.44,3.44,52.28,0,1,1,0,0,0,-1,0,None,aggregation
26,140.76,remora4,remora7,-4.18,-3.97,-3.95,-3.95,-3.82,-3.82,-3.82,-3.67,-3.67,-3.41,-5,-4.79,-4.78,-4.78,-4.64,-4.64,-4.64,-4.49,-4.49,-4.23,1.81,1.8,1.8,1.79,1.79,1.81,1.84,1.85,1.84,1.84,3.45,3.45,3.46,3.46,3.47,3.49,3.51,3.52,3.52,3.52,53.46,0,1,1,0,0,0,-1,0,None,aggregation
26,141.76,remora4,remora7,4.91,4.91,4.87,4.87,4.87,4.92,4.94,4.94,5.31,5.31,4.17,4.17,4.13,4.13,4.13,4.18,4.19,4.19,4.58,4.58,1.83,1.82,1.81,1.8,1.79,1.79,1.81,1.84,1.85,1.85,3.52,3.52,3.51,3.5,3.5,3.5,3.5,3.51,3.51,3.5,46.18,0,1,1,0,0,0,-1,0,None,aggregation
26,142.76,remora4,remora7,-2.92,-2.92,-2.92,-2.92,5.41,5.41,5.45,5.45,5.45,5.45,-3.74,-3.74,-3.74,-3.74,4.68,4.68,4.72,4.72,4.72,4.72,1.83,1.83,1.82,1.81,1.8,1.79,1.78,1.79,1.81,1.8,3.49,3.48,3.47,3.46,3.46,3.45,3.44,3.44,3.44,3.44,41.51,0,1,0,0,0,0,-1,0,None,aggregation
26,143.76,remora4,remora7,5.45,5.75,5.75,5.47,-2.41,-2.41,-2.41,5.62,-2.21,-2.21,4.72,5.03,5.03,4.74,-3.23,-3.23,-3.23,4.9,-3.04,-3.04,1.79,1.78,1.77,1.76,1.75,1.77,1.79,1.8,1.79,1.78,3.43,3.42,3.42,3.41,3.4,3.41,3.42,3.41,3.4,3.4,43.66,0,1,0,0,0,0,-1,0,None,aggregation
26,144.76,remora4,remora7,5.63,5.63,-2.18,-2.18,5.66,5.66,5.83,5.83,5.83,6.02,4.9,4.9,-3,-3,4.93,4.93,5.1,5.1,5.1,5.3,1.77,1.76,1.75,1.74,1.74,1.75,1.77,1.79,1.81,1.82,3.39,3.38,3.37,3.36,3.36,3.36,3.37,3.38,3.39,3.39,47.4,0,1,1,0,0,0,-1,0,None,aggregation
26,145.76,remora4,remora7,6.15,6.15,6.18,6.18,6.04,6.04,5.82,5.82,5.82,5.84,5.43,5.43,5.46,5.46,5.32,5.32,5.09,5.09,5.09,5.12,1.81,1.8,1.78,1.77,1.76,1.75,1.73,1.72,1.71,1.7,3.38,3.38,3.37,3.36,3.36,3.35,3.34,3.34,3.33,3.32,47.85,0,1,1,0,0,0,-1,0,None,aggregation
26,146.76,remora4,remora7,5.84,5.64,5.64,5.64,5.78,5.78,-1.71,-1.71,-1.71,5.52,5.12,4.91,4.91,4.91,5.05,5.05,-2.53,-2.53,-2.53,4.79,1.69,1.69,1.71,1.71,1.7,1.69,1.68,1.67,1.67,1.67,3.31,3.32,3.32,3.32,3.32,3.31,3.31,3.31,3.3,3.3,47.34,0,1,1,0,0,0,-1,0,None,aggregation
26,147.76,remora4,remora7,5.52,5.61,5.61,5.87,5.87,6,6,5.99,5.99,5.81,4.79,4.88,4.88,5.14,5.14,5.28,5.28,5.26,5.26,5.08,1.68,1.7,1.72,1.72,1.71,1.7,1.69,1.68,1.67,1.65,3.31,3.32,3.33,3.33,3.32,3.32,3.31,3.31,3.3,3.29,47.93,0,1,1,0,0,0,-1,0,None,aggregation
26,148.76,remora4,remora7,5.81,5.67,5.59,5.59,5.59,5.52,5.52,5.63,5.55,5.55,5.08,4.94,4.86,4.86,4.86,4.79,4.79,4.91,4.82,4.82,1.64,1.63,1.62,1.63,1.65,1.65,1.64,1.63,1.62,1.6,3.29,3.28,3.28,3.28,3.29,3.3,3.29,3.29,3.28,3.28,47.75,0,1,1,0,0,0,-1,0,None,aggregation
26,149.76,remora4,remora7,5.55,-1.58,5.26,5.26,5.61,5.61,5.61,5.74,5.48,5.48,4.82,-2.4,4.52,4.52,4.88,4.88,4.88,5.01,4.75,4.75,1.59,1.59,1.61,1.63,1.65,1.65,1.64,1.63,1.62,1.61,3.27,3.27,3.28,3.3,3.31,3.31,3.3,3.3,3.3,3.29,47.6,0,1,1,0,0,0,-1,0,None,aggregation
26,150.76,remora4,remora7,5.3,5.3,5.3,4.99,4.99,5.01,4.84,4.84,4.84,-1.85,4.56,4.56,4.56,4.25,4.25,4.27,4.1,4.1,4.1,-2.67,1.6,1.59,1.58,1.56,1.55,1.57,1.58,1.58,1.57,1.56,3.28,3.28,3.27,3.27,3.26,3.27,3.28,3.28,3.28,3.27,47.79,0,1,1,0,0,0,-1,0,None,aggregation
26,151.76,remora4,remora7,4.85,4.85,4.58,4.58,4.58,0,0,0,0,0,4.11,4.11,3.83,3.83,3.83,0,0,0,0,0,1.55,1.54,1.53,1.54,1.56,1.58,1.6,1.6,1.59,1.58,3.27,3.27,3.26,3.26,3.28,3.29,3.3,3.3,3.3,3.29,45.33,0,1,1,0,0,0,-1,0,None,aggregation
26,152.76,remora4,remora7,0,0,0,0,0,0,0,0,0,0,0,0,0,0,0,0,0,0,0,0,1.58,1.57,1.56,1.55,1.55,1.54,1.53,1.54,1.56,1.56,3.29,3.29,3.28,3.28,3.28,3.27,3.27,3.28,3.28,3.28,40.96,0,1,0,0,0,0,-1,0,None,aggregation
26,153.76,remora4,remora7,0,0,0,0,0,0,0,0,0,0,0,0,0,0,0,0,0,0,0,0,1.55,1.54,1.54,1.53,1.52,1.53,1.56,1.58,1.6,1.6,3.28,3.28,3.28,3.27,3.27,3.28,3.29,3.31,3.32,3.33,36.96,0,1,0,0,0,0,-1,0,None,aggregation
26,154.76,remora4,remora7,0,0,0,0,0,0,0,0,0,0,0,0,0,0,0,0,0,0,0,0,1.59,1.58,1.58,1.57,1.56,1.55,1.55,1.54,1.53,1.54,3.34,3.34,3.35,3.34,3.34,3.34,3.33,3.33,3.33,3.33,32.13,0,1,0,0,0,0,-1,0,None,aggregation
26,155.76,remora4,remora7,0,0,0,0,0,0,0,0,0,0,0,0,0,0,0,0,0,0,0,0,1.56,1.58,1.59,1.59,1.58,1.58,1.57,1.56,1.55,1.55,3.34,3.35,3.36,3.36,3.36,3.36,3.36,3.37,3.37,3.37,26.49,0,1,0,0,0,0,-1,0,None,aggregation
26,156.76,remora4,remora7,0,0,0,0,0,0,0,0,0,0,0,0,0,0,0,0,0,0,0,0,1.54,1.53,1.52,1.54,1.56,1.57,1.59,1.6,1.59,1.59,3.37,3.36,3.36,3.37,3.38,3.39,3.41,3.42,3.42,3.41,22.12,0,1,0,0,0,0,-1,0,None,aggregation
26,157.76,remora4,remora7,0,0,0,0,0,0,0,0,0,0,0,0,0,0,0,0,0,0,0,0,1.58,1.57,1.56,1.56,1.55,1.54,1.53,1.54,1.56,1.56,3.41,3.4,3.4,3.4,3.39,3.39,3.38,3.4,3.41,3.42,16.66,0,1,0,0,0,0,-1,0,None,aggregation
26,158.76,remora4,remora7,0,0,0,18.04,18.25,18.25,18.25,18.4,18.56,18.56,0,0,0,18.52,18.72,18.72,18.72,18.88,19.03,19.03,1.55,1.54,1.54,1.54,1.54,1.53,1.51,1.49,1.47,1.46,3.42,3.43,3.43,3.45,3.46,3.47,3.47,3.48,3.48,3.49,24.42,0,1,0,0,0,0,-1,0,None,aggregation
26,159.76,remora4,remora7,18.56,18.83,18.93,18.93,18.93,19.09,19.12,19.12,19.31,19.31,19.03,19.29,19.39,19.39,19.39,19.54,19.57,19.57,19.76,19.76,1.46,1.46,1.47,1.46,1.44,1.42,1.4,1.39,1.37,1.35,3.49,3.5,3.5,3.5,3.5,3.5,3.51,3.51,3.52,3.53,38.83,1,0,0,0,0,0,-1,0,None,aggregation
26,160.76,remora4,remora7,19.31,19.5,19.5,19.61,19.77,19.77,19.77,19.82,20.13,20.13,19.76,19.94,19.94,20.06,20.21,20.21,20.21,20.25,20.56,20.56,1.33,1.33,1.33,1.33,1.32,1.31,1.3,1.28,1.27,1.25,3.54,3.55,3.57,3.58,3.6,3.61,3.62,3.63,3.64,3.65,54.35,1,0,1,0,0,0,-1,0,None,aggregation
26,161.76,remora4,remora7,20.13,20.43,20.43,20.79,20.91,20.91,21.1,21.1,21.1,21.45,20.56,20.85,20.85,21.2,21.33,21.33,21.51,21.51,21.51,21.85,1.24,1.23,1.23,1.22,1.22,1.21,1.2,1.19,1.18,1.17,3.66,3.67,3.69,3.7,3.72,3.73,3.75,3.76,3.77,3.79,73.23,1,0,1,0,0,0,-1,0,None,aggregation
26,162.76,remora4,remora7,21.45,21.45,21.84,21.88,22.24,22.24,22.24,22.36,22.36,22.63,21.85,21.85,22.23,22.27,22.62,22.62,22.62,22.73,22.73,23,1.17,1.16,1.16,1.15,1.15,1.15,1.14,1.14,1.14,1.14,3.81,3.82,3.84,3.86,3.88,3.89,3.91,3.93,3.95,3.97,95.49,1,0,1,0,0,0,-1,0,None,aggregation
26,163.76,remora4,remora7,22.63,23.05,7.77,7.77,8.7,8.7,8.7,23.46,23.61,23.61,23,23.41,8.45,8.45,9.36,9.36,9.36,23.81,23.95,23.95,1.13,1.13,1.13,1.13,1.13,1.13,1.13,1.13,1.14,1.14,3.99,4.01,4.03,4.05,4.06,4.08,4.1,4.11,4.13,4.15,111.55,1,0,1,0,0,0,-1,0,None,aggregation
26,164.76,remora4,remora7,24.18,24.18,24.18,24.58,25.12,25.12,25.12,25.12,-14.97,-14.92,24.5,24.5,24.5,24.9,25.41,25.41,25.41,25.41,-4.51,-4.46,1.14,1.14,1.15,1.15,1.16,1.17,1.17,1.17,1.17,1.17,4.16,4.17,4.18,4.2,4.23,4.25,4.28,4.29,4.3,4.3,133.37,1,0,1,0,0,0,-1,0,None,aggregation
26,165.76,remora4,remora7,-14.72,-14.72,-14.49,-14.49,-14.21,-14.21,20.2,20.2,20.2,20.84,-4.26,-4.26,-4.02,-4.02,-3.74,-3.74,20.63,20.63,20.63,21.26,1.16,1.16,1.16,1.15,1.15,1.14,1.14,1.15,1.16,1.17,4.31,4.32,4.32,4.33,4.34,4.34,4.35,4.37,4.4,4.42,147.15,1,0,1,0,0,0,-1,0,None,aggregation
26,166.76,remora4,remora7,-13.64,-13.64,-13.48,-13.48,-13.07,-13.07,-13.07,-12.63,-12.63,29.8,-3.18,-3.18,-3.01,-3.01,-2.61,-2.61,-2.61,-2.16,-2.16,29.85,1.18,1.18,1.18,1.17,1.17,1.17,1.16,1.16,1.15,1.16,4.45,4.47,4.47,4.48,4.49,4.49,4.5,4.51,4.51,4.54,157.29,1,0,1,1,1,0,-1,0,None,aggregation
26,167.76,remora4,remora7,-11.81,-11.81,-11.57,-11.57,-11.03,-11.03,-10.45,-10.45,-10.45,28.32,-1.35,-1.35,-1.11,-1.11,-0.56,-0.56,0.01,0.01,0.01,28.49,1.19,1.19,1.19,1.19,1.18,1.18,1.18,1.18,1.17,1.18,4.57,4.59,4.6,4.61,4.62,4.62,4.63,4.64,4.65,4.68,165.44,1,0,1,1,1,0,-1,0,None,aggregation
26,168.76,remora4,remora7,28.64,28.64,-9.42,-9.42,-9.42,-9.06,-9.06,-8.42,-7.76,-7.76,28.79,28.79,1.04,1.04,1.04,1.4,1.4,2.05,2.71,2.71,1.21,1.23,1.25,1.26,1.25,1.25,1.24,1.24,1.24,1.24,4.71,4.75,4.78,4.8,4.8,4.81,4.82,4.83,4.84,4.86,161.03,1,0,1,0,0,0,-1,0,None,aggregation
26,169.76,remora4,remora7,-7.76,-7.08,-7.08,-6.4,-5.71,-5.71,-4.95,-4.95,-4.95,-4.03,2.71,3.38,3.38,4.06,4.76,4.76,5.38,5.38,5.38,5.83,1.24,1.24,1.24,1.24,1.24,1.23,1.23,1.24,1.24,1.24,4.87,4.88,4.89,4.9,4.91,4.92,4.94,4.95,4.97,4.98,142.78,1,0,1,0,0,0,-1,0,None,aggregation
26,170.76,remora4,remora7,-3.13,-3.13,-3.13,-2.29,-1.48,-1.48,-1.48,-0.73,-0.73,-0.02,6.28,6.28,6.28,6.7,7.09,7.09,7.09,7.45,7.45,7.79,1.25,1.25,1.25,1.25,1.26,1.26,1.27,1.28,1.28,1.28,5,5.01,5.02,5.04,5.05,5.07,5.09,5.1,5.12,5.13,125.42,1,0,1,0,0,0,-1,0,None,aggregation
26,171.76,remora4,remora7,-0.02,0.65,1.28,1.28,1.86,1.86,13.21,13.21,12.75,12.75,7.79,8.1,8.38,8.38,8.64,8.64,12.63,12.63,12.16,12.16,1.28,1.29,1.29,1.3,1.31,1.31,1.32,1.33,1.34,1.35,5.15,5.16,5.18,5.2,5.21,5.23,5.25,5.26,5.28,5.3,112.3,1,0,1,0,0,0,-1,0,None,aggregation
26,172.76,remora4,remora7,12.75,12.75,13.14,25.2,25.2,25.21,25.34,25.34,25.34,25.46,12.16,12.16,12.55,24.9,24.9,24.91,25.03,25.03,25.03,25.16,1.35,1.36,1.37,1.39,1.42,1.44,1.47,1.49,1.51,1.53,5.32,5.34,5.35,5.38,5.4,5.43,5.45,5.48,5.5,5.52,111.42,1,0,1,0,0,0,-1,0,None,aggregation
26,173.76,remora4,remora7,14.29,14.29,14.63,14.63,14.75,14.75,26.13,26.13,26.13,15.22,13.72,13.72,14.07,14.07,14.19,14.19,25.85,25.85,25.85,14.67,1.54,1.56,1.58,1.59,1.6,1.61,1.63,1.65,1.67,1.69,5.55,5.57,5.59,5.61,5.63,5.65,5.67,5.69,5.72,5.74,113.22,0,1,1,0,0,0,-1,0,None,aggregation
26,174.76,remora4,remora7,15.3,15.3,15.55,15.55,15.55,15.64,15.87,15.87,15.87,15.97,14.75,14.75,15.01,15.01,15.01,15.1,15.33,15.33,15.33,15.43,1.7,1.72,1.74,1.75,1.76,1.77,1.79,1.8,1.81,1.83,5.76,5.78,5.81,5.83,5.85,5.86,5.88,1.8,1.81,1.83,106.77,0,1,1,0,0,0,-1,0,None,aggregation
26,175.76,remora4,remora7,15.97,16.34,26.85,26.85,16.4,16.4,16.4,16.73,16.73,16.71,15.43,15.82,26.6,26.6,15.88,15.88,15.88,16.21,16.21,16.19,1.85,1.86,1.87,1.9,1.93,1.94,1.96,1.97,1.99,2.01,1.85,1.86,1.87,1.9,1.93,1.94,1.96,1.97,1.99,2.01,111.3,0,1,1,0,0,0,-1,0,None,aggregation
26,176.76,remora4,remora7,16.71,16.81,16.81,27.23,27.32,27.32,27.32,17.46,17.79,17.79,16.19,16.29,16.29,27,27.09,27.09,27.09,16.95,17.3,17.3,2.02,2.04,2.05,2.07,2.09,2.11,2.14,2.16,2.17,2.19,2.02,2.04,2.05,2.07,2.09,2.11,2.14,2.16,2.17,2.19,122.21,0,1,1,0,0,0,-1,0,None,aggregation
26,177.76,remora4,remora7,17.79,17.87,18.09,18.09,18.21,18.21,18.28,18.28,18.61,18.61,17.3,17.38,17.6,17.6,17.72,17.72,17.79,17.79,18.14,18.14,2.2,2.22,2.24,2.26,2.27,2.29,2.31,2.32,2.34,2.35,2.2,2.22,2.24,2.26,2.27,2.29,2.31,2.32,2.34,2.35,132.02,0,1,1,0,0,0,-1,0,None,aggregation
26,178.76,remora4,remora7,18.61,18.84,18.92,18.92,18.92,19.12,19.12,19.12,19.21,19.4,18.14,18.37,18.45,18.45,18.45,18.66,18.66,18.66,18.75,18.94,2.37,2.39,2.4,2.42,2.44,2.45,2.47,2.49,2.5,2.52,2.37,2.39,2.4,2.42,2.44,2.45,2.47,2.49,2.5,2.52,142.22,0,1,1,0,0,0,-1,0,None,aggregation
26,179.76,remora4,remora7,19.47,19.47,19.68,19.68,19.68,19.9,19.9,28.61,20.17,20.17,19.02,19.02,19.23,19.23,19.23,19.46,19.46,28.45,19.72,19.72,2.54,2.56,2.58,2.59,2.61,2.63,2.65,2.67,2.7,2.72,2.54,2.56,2.58,2.59,2.61,2.63,2.65,2.67,2.7,2.72,161.69,0,1,1,0,0,0,-1,0,None,aggregation
26,180.76,remora4,remora7,20.17,28.68,28.68,20.42,20.42,20.53,20.64,20.64,20.64,20.64,19.72,28.52,28.52,19.99,19.99,20.1,20.21,20.21,20.21,20.21,2.74,2.76,2.8,2.82,2.84,2.86,2.88,2.9,2.92,2.94,2.74,2.76,2.8,2.82,2.84,2.86,2.88,2.9,2.92,2.94,181.06,0,1,1,0,0,0,-1,0,None,aggregation
26,181.76,remora4,remora7,21.06,21.06,21.19,21.19,21.33,21.33,12.14,12.14,12.14,21.74,20.64,20.64,20.77,20.77,20.92,20.92,11.53,11.53,11.53,21.33,2.96,2.98,3,3.01,3.03,3.05,3.07,3.08,3.1,3.12,2.96,2.98,3,3.01,3.03,3.05,3.07,3.08,3.1,3.12,191.43,0,0,1,0,0,0,-1,0,None,aggregation
26,182.76,remora4,remora7,21.74,21.74,21.82,21.82,21.94,21.94,21.94,22.06,22.06,22.18,21.33,21.33,21.42,21.42,21.54,21.54,21.54,21.67,21.67,21.79,3.14,3.16,3.18,3.2,3.23,3.25,3.27,3.29,3.31,3.33,3.14,3.16,3.18,3.2,3.23,3.25,3.27,3.29,3.31,3.33,191.78,0,0,1,0,0,0,-1,0,None,aggregation
26,183.76,remora4,remora7,22.3,22.3,22.3,14.11,22.54,22.54,22.54,22.52,22.52,22.63,21.91,21.91,21.91,13.54,22.15,22.15,22.15,22.13,22.13,22.25,3.35,3.37,3.4,3.41,3.43,3.45,3.47,3.5,3.53,3.55,3.35,3.37,3.4,3.41,3.43,3.45,3.47,3.5,3.53,3.55,195.35,0,0,1,0,0,0,-1,0,None,aggregation
26,184.76,remora4,remora7,22.73,22.73,22.69,22.69,22.81,22.81,22.81,22.93,22.93,23.05,22.36,22.36,22.32,22.32,22.44,22.44,22.44,22.55,22.55,22.68,3.58,3.61,3.63,3.66,3.68,3.71,3.74,3.76,3.78,3.81,3.58,3.61,3.63,3.66,3.68,3.71,3.74,3.76,3.78,3.81,202.6,0,0,1,0,0,0,-1,0,None,aggregation
26,185.76,remora4,remora7,23.03,23.03,16.74,16.74,23.4,23.4,23.39,23.39,23.49,23.49,22.66,22.66,16.22,16.22,23.04,23.04,23.03,23.03,23.14,23.14,3.83,3.85,3.87,3.89,3.91,3.93,3.96,3.99,4.01,4.03,3.83,3.85,3.87,3.89,3.91,3.93,3.96,3.99,4.01,4.03,206.11,0,0,1,0,0,0,-1,0,None,aggregation
26,186.76,remora4,remora7,23.61,23.61,17.77,17.77,17.77,17.95,18.1,18.1,18.09,18.09,23.26,23.26,17.28,17.28,17.28,17.46,17.61,17.61,17.6,17.6,4.05,4.08,4.1,4.12,4.14,4.16,4.18,4.21,4.23,4.25,4.05,4.08,4.1,4.12,4.14,4.16,4.18,4.21,4.23,4.25,203.91,0,0,1,0,0,0,-1,0,None,aggregation
26,187.76,remora4,remora7,18.42,18.42,18.42,18.42,18.4,18.4,18.4,18.72,18.72,18.72,17.94,17.94,17.93,17.93,17.92,17.92,17.92,18.25,18.25,18.25,4.28,4.3,4.32,4.34,4.36,4.38,4.4,4.42,4.45,4.47,4.28,4.3,4.32,4.34,4.36,4.38,4.4,4.42,4.45,4.47,204.21,0,0,1,0,0,0,-1,0,None,aggregation
26,188.76,remora4,remora7,19.05,19.05,19.22,19.22,19.22,19.36,19.35,19.35,19.67,19.67,18.58,18.58,18.76,18.76,18.76,18.9,18.89,18.89,19.21,19.21,4.48,4.5,4.52,4.54,4.57,4.59,4.62,4.64,4.65,4.68,4.48,4.5,4.52,4.54,4.57,4.59,4.62,4.64,4.65,4.68,204.52,0,0,1,0,0,0,-1,0,None,aggregation
26,189.76,remora4,remora7,19.67,19.66,19.66,19.98,19.96,19.96,19.96,20.28,20.27,20.27,19.21,19.21,19.21,19.53,19.52,19.52,19.52,19.84,19.84,19.84,4.71,4.73,4.75,4.77,4.8,4.83,4.85,4.87,4.89,4.91,4.71,4.73,4.75,4.77,4.8,4.83,4.85,4.87,4.89,4.91,203.8,0,0,1,0,0,0,-1,0,None,aggregation
26,190.76,remora4,remora7,20.27,24.49,20.74,20.74,20.88,20.88,20.88,21.18,21.18,21.16,19.84,24.17,20.31,20.31,20.46,20.46,20.46,20.76,20.76,20.74,4.93,4.95,4.97,4.99,5.01,5.04,5.06,5.08,5.1,5.12,4.93,4.95,4.97,4.99,5.01,5.04,5.06,5.08,5.1,5.12,202.87,0,0,1,0,0,0,-1,0,None,aggregation
26,191.76,remora4,remora7,24.77,24.77,24.77,21.43,21.43,21.43,21.43,21.71,25.06,25.06,24.45,24.45,24.45,21.02,21.02,21.02,21.02,21.31,24.75,24.75,5.14,5.17,5.19,5.21,5.23,5.25,5.27,5.29,5.31,5.34,5.14,5.17,5.19,5.21,5.23,5.25,5.27,5.29,5.31,5.34,207.58,0,0,1,0,0,0,-1,0,None,aggregation
26,192.76,remora4,remora7,25.06,21.99,22.13,22.13,22.26,22.26,22.26,22.26,22.53,22.53,24.75,21.59,21.74,21.74,21.87,21.87,21.87,21.87,22.15,22.15,5.36,5.39,5.42,5.45,5.48,5.51,5.54,5.57,5.59,5.61,5.36,5.39,5.42,5.45,5.48,5.51,5.54,5.57,5.59,5.61,208.21,0,0,1,0,0,0,-1,0,None,aggregation
26,193.76,remora4,remora7,22.53,22.67,22.79,22.79,22.92,22.92,22.92,23.04,23.18,23.18,22.15,22.29,22.41,22.41,22.55,22.55,22.55,22.68,22.81,22.81,5.63,5.65,5.67,5.7,5.72,5.75,5.78,5.82,5.85,5.88,5.63,5.65,5.67,5.7,5.72,5.75,5.78,5.82,5.85,5.88,209.49,0,0,1,0,0,0,-1,0,None,aggregation
26,194.76,remora4,remora7,23.18,23.44,23.44,23.56,23.69,23.69,23.69,23.8,23.8,23.92,22.81,23.08,23.08,23.21,23.34,23.34,23.34,23.46,23.46,23.58,5.91,5.94,5.98,6.01,6.04,6.07,6.09,6.11,6.13,6.16,5.91,5.94,5.98,6.01,6.04,6.07,6.09,6.11,6.13,6.16,210.3,0,0,1,0,0,0,-1,0,None,aggregation
26,195.76,remora4,remora7,23.92,23.92,24.04,24.16,24.16,24.4,24.4,24.51,24.62,24.62,23.58,23.58,23.7,23.82,23.82,24.07,24.07,24.18,24.3,24.3,6.18,6.2,6.23,6.26,6.29,6.32,6.36,6.39,6.43,6.46,6.18,6.2,6.23,6.26,6.29,6.32,6.36,6.39,6.43,6.46,212.6,0,0,1,0,0,0,-1,0,None,aggregation
26,196.76,remora4,remora7,24.73,24.73,24.84,24.84,24.95,24.95,24.95,25.06,25.06,25.28,24.41,24.41,24.53,24.53,24.64,24.64,24.64,24.75,24.75,24.98,6.5,6.53,6.57,6.6,6.64,6.67,6.71,6.74,6.78,6.82,6.5,6.53,6.57,6.6,6.64,6.67,6.71,6.74,6.78,6.82,218.53,0,0,1,0,0,0,-1,0,None,aggregation
26,197.76,remora4,remora7,25.28,25.38,25.49,25.49,25.7,25.7,25.7,25.7,25.69,25.69,24.98,25.08,25.19,25.19,25.41,25.41,25.41,25.41,25.41,25.41,6.85,6.89,6.92,6.96,7,7.03,7.07,7.1,7.12,7.15,6.85,6.89,6.92,6.96,7,7.03,7.07,7.1,7.12,7.15,225.7,0,0,1,0,0,0,-1,0,None,aggregation
26,198.76,remora4,remora7,25.9,26.1,26.1,26.1,26.1,26.29,26.29,26.49,26.48,26.48,25.62,25.83,25.82,25.82,25.82,26.03,26.03,26.22,26.22,26.22,7.17,7.2,7.24,7.28,7.32,7.35,7.39,7.43,7.47,7.51,7.17,7.2,7.24,7.28,7.32,7.35,7.39,7.43,7.47,7.51,232.71,0,0,1,0,0,0,-1,0,None,aggregation
26,199.76,remora4,remora7,26.67,26.67,26.85,26.85,26.85,27.03,27.03,27.03,27.03,27.2,26.42,26.42,26.6,26.6,26.6,26.79,26.79,26.79,26.79,26.97,7.54,7.58,7.62,7.66,7.7,7.74,7.78,7.82,7.86,7.9,7.54,7.58,7.62,7.66,7.7,7.74,7.78,7.82,7.86,7.9,239.76,0,0,1,0,0,0,-1,0,None,aggregation
26,200.76,remora4,remora7,27.2,27.37,27.37,27.53,27.53,27.61,27.69,27.69,27.69,27.84,26.97,27.14,27.14,27.31,27.31,27.4,27.48,27.48,27.48,27.64,7.93,7.97,8.01,8.05,8.09,8.13,8.17,8.21,8.25,8.3,7.93,7.97,8.01,8.05,8.09,8.13,8.17,8.21,8.25,8.3,246.17,0,0,1,0,0,0,-1,0,None,aggregation
26,201.76,remora4,remora7,27.99,27.99,28.13,28.13,28.27,28.27,28.27,28.34,28.34,28.47,27.79,27.79,27.94,27.94,28.09,28.09,28.09,28.16,28.16,28.3,8.34,8.38,8.42,8.46,8.5,8.54,8.58,8.62,8.66,8.71,8.34,8.38,8.42,8.46,8.5,8.54,8.58,8.62,8.66,8.71,251.29,0,0,1,0,0,0,-1,0,None,aggregation
26,202.76,remora4,remora7,28.53,28.53,28.53,28.65,28.65,28.77,28.88,28.88,28.88,28.99,28.36,28.36,28.36,28.49,28.49,28.61,28.73,28.73,28.73,28.85,8.75,8.79,8.83,8.87,8.92,8.96,9,9.04,9.09,9.13,8.75,8.79,8.83,8.87,8.92,8.96,9,9.04,9.09,9.13,257.6,0,0,1,0,0,0,-1,0,None,aggregation
26,203.76,remora4,remora7,29.04,29.04,29.14,29.14,29.14,29.23,29.32,29.32,29.36,29.36,28.9,28.9,29.01,29.01,29.01,29.11,29.21,29.21,29.25,29.25,9.17,9.21,9.25,9.3,9.34,9.38,9.43,9.47,9.51,9.56,9.17,9.21,9.25,9.3,9.34,9.38,9.43,9.47,9.51,9.56,264.04,0,0,1,0,0,0,-1,0,None,aggregation
26,204.76,remora4,remora7,29.44,29.44,29.44,29.52,29.52,29.59,29.65,29.65,29.71,29.71,29.34,29.34,29.34,29.42,29.42,29.5,29.57,29.57,29.63,29.63,9.6,9.64,9.69,9.73,9.77,9.82,9.86,9.9,9.95,9.99,9.6,9.64,9.69,9.73,9.77,9.82,9.86,9.9,9.95,9.99,270.11,0,0,1,0,0,0,-1,0,None,aggregation
26,205.76,remora4,remora7,29.71,29.74,29.79,29.79,29.81,29.81,29.81,29.85,29.89,29.89,29.63,29.66,29.72,29.72,29.75,29.75,29.75,29.8,29.84,29.84,10,10,10,10,10,10,10,10,10,10,10,10,10,10,10,10,10,10,10,10,275.78,0,0,1,0,0,0,-1,0,None,aggregation
26,206.76,remora4,remora7,29.89,29.92,29.95,29.95,29.96,29.96,29.97,29.97,29.97,29.99,29.84,29.88,29.91,29.91,29.93,29.93,29.94,29.94,29.94,29.97,10,10,10,10,10,10,10,10,10,10,10,10,10,10,10,10,10,10,10,10,280.94,0,0,1,0,0,0,-1,0,None,aggregation
26,207.76,remora4,remora7,30,30,30,30,30,30,30,30,30,29.99,29.98,29.98,29.98,29.99,29.99,30,30,30,30,30,10,10,10,10,10,10,10,10,10,10,10,10,10,10,10,10,10,10,10,10,285.5,0,0,1,0,0,0,-1,0,None,aggregation
26,208.76,remora4,remora7,29.98,29.98,29.98,29.98,29.98,29.97,29.94,29.94,29.94,29.94,30,30,30,30,30,29.99,29.97,29.97,29.97,29.97,10,10,10,10,10,10,10,10,10,10,10,10,10,10,10,10,10,10,10,10,289.38,0,0,1,0,0,0,-1,0,None,aggregation
26,209.76,remora4,remora7,29.94,29.92,29.88,29.88,29.88,29.88,29.84,29.84,29.84,29.8,29.97,29.95,29.92,29.92,29.92,29.92,29.89,29.89,29.89,29.86,10,10,10,10,10,10,10,10,10,10,10,10,10,10,10,10,10,10,10,10,292.47,0,0,1,0,0,0,-1,0,None,aggregation
26,210.76,remora4,remora7,29.8,29.8,29.75,29.75,29.75,29.75,29.7,29.7,29.7,29.7,29.86,29.86,29.81,29.81,29.81,29.81,29.77,29.77,29.77,29.77,10,10,10,10,10,10,10,10,10,10,10,10,10,10,10,10,10,10,10,10,294.8,0,0,1,0,0,0,-1,0,None,aggregation
26,211.76,remora4,remora7,29.7,29.64,29.64,29.64,29.57,29.57,29.57,29.57,29.5,29.5,29.77,29.72,29.72,29.72,29.66,29.66,29.66,29.66,29.6,29.6,10,10,10,10,10,10,10,10,10,10,10,10,10,10,10,10,10,10,10,10,296.31,0,0,1,0,0,0,-1,0,None,aggregation
26,212.76,remora4,remora7,29.5,29.5,29.5,29.43,29.43,29.43,29.35,29.35,29.35,29.35,29.6,29.6,29.6,29.53,29.53,29.53,29.46,29.46,29.46,29.46,10,10,10,10,10,10,10,10,10,10,10,10,10,10,10,10,10,10,10,10,297.12,0,0,1,0,0,0,-1,0,None,aggregation
26,213.76,remora4,remora7,29.35,29.35,29.27,29.27,29.27,29.27,29.18,29.18,29.18,29.18,29.46,29.46,29.38,29.38,29.38,29.38,29.3,29.3,29.3,29.3,10,10,10,10,10,10,10,10,10,10,10,10,10,10,10,10,10,10,10,10,297.28,0,0,1,0,0,0,-1,0,None,aggregation
26,214.76,remora4,remora7,29.18,29.13,29.08,29.08,29.08,29.08,29.04,29.04,28.99,28.99,29.3,29.25,29.21,29.21,29.21,29.21,29.16,29.16,29.12,29.12,10,10,10,10,10,10,10,10,10,10,10,10,10,10,10,10,10,10,10,10,296.89,0,0,1,0,0,0,-1,0,None,aggregation
26,215.76,remora4,remora7,28.99,28.99,28.99,28.99,28.94,28.94,28.88,28.88,28.83,28.83,29.12,29.12,29.12,29.12,29.07,29.07,29.02,29.02,28.97,28.97,10,10,10,10,10,10,10,10,10,10,10,10,10,10,10,10,10,10,10,10,296.1,0,0,1,0,0,0,-1,0,None,aggregation
26,216.76,remora4,remora7,28.83,28.83,28.83,28.83,28.78,28.78,28.72,28.72,28.72,28.72,28.97,28.97,28.97,28.97,28.92,28.92,28.87,28.87,28.87,28.87,10,10,10,10,10,10,10,10,10,10,10,10,10,10,10,10,10,10,10,10,295.02,0,0,1,0,0,0,-1,0,None,aggregation
26,217.76,remora4,remora7,28.72,28.67,28.67,28.67,28.67,28.61,28.61,28.61,28.61,28.61,28.87,28.82,28.82,28.82,28.82,28.76,28.77,28.77,28.77,28.77,10,10,10,10,10,10,10,10,10,10,10,10,10,10,10,10,10,10,10,10,293.74,0,0,1,0,0,0,-1,0,None,aggregation
26,218.76,remora4,remora7,28.55,28.55,28.49,28.49,28.49,28.49,28.49,28.5,28.5,28.5,28.71,28.71,28.65,28.65,28.65,28.66,28.66,28.66,28.66,28.66,10,10,10,10,10,10,10,10,10,10,10,10,10,10,10,10,10,10,10,10,292.35,0,0,1,0,0,0,-1,0,None,aggregation
26,219.76,remora4,remora7,28.5,28.44,28.37,28.37,28.37,28.37,28.37,28.38,28.38,28.38,28.66,28.6,28.54,28.54,28.54,28.54,28.54,28.54,28.55,28.55,10,10,10,10,10,10,10,10,10,10,10,10,10,10,10,10,10,10,10,10,290.94,0,0,1,0,0,0,-1,0,None,aggregation
26,220.76,remora4,remora7,28.38,28.38,28.25,28.25,28.25,28.25,28.25,28.25,28.25,28.26,28.55,28.55,28.43,28.43,28.43,28.43,28.43,28.43,28.43,28.43,10,10,10,10,10,10,10,10,10,10,10,10,10,10,10,10,10,10,10,10,289.53,0,0,1,0,0,0,-1,0,None,aggregation
26,221.76,remora4,remora7,28.26,28.26,28.26,28.26,28.26,28.13,28.13,28.13,28.13,28.13,28.43,28.43,28.43,28.43,28.43,28.31,28.31,28.31,28.31,28.31,10,10,10,10,10,10,10,10,10,10,10,10,10,10,10,10,10,10,10,10,288.18,0,0,1,0,0,0,-1,0,None,aggregation
26,222.76,remora4,remora7,28.13,28.13,28.13,28.13,28.13,28.14,-14.81,-14.81,-14.81,-14.71,28.31,28.31,28.31,28.32,28.32,28.32,-4.35,-4.35,-4.35,-4.24,10,10,10,10,10,10,10,10,10,10,10,10,10,10,10,10,10,10,10,10,279.46,0,0,1,1,0,1,-1,0,None,aggregation
26,223.76,remora4,remora7,-14.46,-14.46,-14.18,-14.18,-14.18,-13.85,-13.49,-13.49,29.68,29.68,-4,-4,-3.71,-3.71,-3.71,-3.39,-3.02,-3.02,29.75,29.75,10,10,10,10,10,10,10,10,10,10,10,10,10,10,10,10,10,10,10,10,263.14,0,0,1,0,0,0,-1,0,None,aggregation
26,224.76,remora4,remora7,29.68,-12.88,-12.88,-12.76,-12.29,-12.29,-11.79,-11.79,-11.25,-11.25,29.75,-2.41,-2.41,-2.29,-1.83,-1.83,-1.33,-1.33,-0.79,-0.79,10,10,10,10,10,10,10,10,10,10,10,10,10,10,10,10,10,10,10,10,243.19,0,0,1,1,0,1,-1,0,None,aggregation
26,225.76,remora4,remora7,-11.25,29.99,29.99,29.96,-10.24,-10.24,-9.96,-9.96,-9.96,-9.35,-0.79,29.98,29.98,29.93,0.23,0.23,0.5,0.5,0.5,1.12,10,10,10,10,10,10,10,10,10,10,10,10,10,10,10,10,10,10,10,10,226.63,0,0,1,1,0,1,-1,0,None,aggregation
26,226.76,remora4,remora7,-8.71,-8.71,-8.05,-8.05,-7.38,-7.38,-7.38,-6.7,-6.7,-6.02,1.75,1.75,2.41,2.41,3.08,3.08,3.08,3.76,3.76,4.45,10,10,10,10,10,10,10,10,10,10,10,10,10,10,10,10,10,10,10,10,200.06,0,0,1,0,0,0,-1,0,None,aggregation
26,227.76,remora4,remora7,-5.32,-5.32,-4.43,-4.43,-4.43,-3.53,-2.66,-2.66,-1.84,-1.84,5.14,5.14,5.63,5.63,5.63,6.08,6.51,6.51,6.91,6.91,10,10,10,10,10,10,10,10,10,10,10,10,10,10,10,10,10,10,10,10,172.55,0,0,1,0,0,0,-1,0,None,aggregation
26,228.76,remora4,remora7,-1.07,-1.07,-0.35,-0.35,-0.35,0.34,0.34,0.99,1.6,1.6,7.29,7.29,7.63,7.63,7.63,7.96,7.96,8.25,8.53,8.53,10,10,10,10,10,10,10,10,10,10,10,10,10,10,10,10,10,10,10,10,147.99,0,0,1,0,0,0,-1,0,None,aggregation
26,229.76,remora4,remora7,1.6,2.17,23.35,23.35,23.35,23.36,23.36,23.88,24.26,24.26,8.53,8.78,22.99,22.99,22.99,23,23,23.54,23.92,23.92,10,10,10,10,10,10,10,10,10,10,10,10,10,10,10,10,10,10,10,10,139.34,0,0,1,0,0,0,-1,0,None,aggregation
26,230.76,remora4,remora7,24.63,24.63,25.1,25.1,25.44,25.44,25.44,25.44,25.77,26.08,24.31,24.31,24.79,24.79,25.14,25.14,25.14,25.14,25.48,25.81,10,10,10,10,10,10,10,10,10,10,10,10,10,10,10,10,10,10,10,10,136.13,0,0,1,0,0,0,-1,0,None,aggregation
26,231.76,remora4,remora7,26.39,26.39,26.68,26.68,26.68,26.87,27.15,27.15,27.4,27.4,26.13,26.13,26.43,26.43,26.43,26.63,26.91,26.91,27.18,27.18,10,10,10,10,10,10,10,10,10,10,10,10,10,10,10,10,10,10,10,10,134.61,0,0,1,0,0,0,-1,0,None,aggregation
26,232.76,remora4,remora7,27.4,27.57,27.73,27.73,27.89,27.89,28.04,28.04,28.18,28.18,27.18,27.35,27.52,27.52,27.69,27.69,27.85,27.85,28,28,10,10,10,10,10,10,10,10,10,10,10,10,10,10,10,10,10,10,10,10,141.62,0,0,1,0,0,0,-1,0,None,aggregation
26,233.76,remora4,remora7,28.32,28.32,28.32,28.46,28.58,28.58,28.71,28.71,28.71,28.71,28.14,28.14,28.14,28.28,28.42,28.42,28.55,28.55,28.55,28.55,10,10,10,10,10,10,10,10,10,10,10,10,10,10,10,10,10,10,10,10,157.09,0,0,1,0,0,0,-1,0,None,aggregation
26,234.76,remora4,remora7,28.83,28.83,0,0,30,30,30,30,0,0,28.68,28.68,0,0,30,30,30,30,0,0,10,10,10,10,10,10,10,10,10,10,10,10,10,10,10,10,10,10,10,10,165.66,0,0,1,0,0,0,-1,0,None,aggregation
26,235.76,remora4,remora7,0,0,0,0,-25.5,-25.5,-25.5,-25.51,-25.51,-25.12,0,0,0,0,-24.68,-24.68,-24.68,-24.69,-24.69,-24.3,10,10,10,10,10,10,10,10,10,10,10,10,10,10,10,10,10,10,10,10,168.25,0,0,1,0,0,0,-1,0,None,aggregation
26,236.76,remora4,remora7,-25.16,-25.16,-24.77,-24.77,-24.77,-24.36,0,0,0,0,-24.34,-24.34,-23.94,-23.94,-23.94,-23.53,0,0,0,0,10,10,10,10,10,10,10,10,10,10,10,10,10,10,10,10,10,10,10,10,180.63,0,0,1,0,0,0,-1,0,None,aggregation
26,237.76,remora4,remora7,-23.97,-23.97,-24.44,-24.44,-24.04,-24.04,-23.61,-23.61,-23.61,-23.18,-23.15,-23.15,-23.62,-23.62,-23.22,-23.22,-22.79,-22.79,-22.79,-22.36,10,10,10,10,10,10,10,10,10,10,10,10,10,10,10,10,10,10,10,10,202.89,0,0,1,0,0,0,-1,0,None,aggregation
26,238.76,remora4,remora7,-23.18,-23.22,-23.22,-22.8,-22.8,-22.35,-22.35,-21.89,-21.89,-21.68,-22.36,-22.39,-22.39,-21.97,-21.97,-21.53,-21.53,-21.07,-21.07,-20.86,10,10,10,10,10,10,10,10,10,10,10,10,10,10,10,10,10,10,10,10,220.99,0,0,1,0,0,0,-1,0,None,aggregation
26,239.76,remora4,remora7,-21.68,-21.75,-21.57,-21.57,-21.57,-21.11,-20.63,-20.63,-20.4,-20.4,-20.86,-20.93,-20.75,-20.75,-20.75,-20.28,-19.81,-19.81,-19.58,-19.58,10,10,10,10,10,10,10,10,10,10,10,10,10,10,10,10,10,10,10,10,221.88,0,0,1,0,0,0,-1,0,None,aggregation
26,240.76,remora4,remora7,-20.4,-19.92,-19.44,-19.44,-18.95,-18.95,-18.95,-18.45,-18.23,-18.23,-19.58,-19.1,-18.61,-18.61,-18.12,-18.12,-18.12,-17.63,-17.41,-17.41,10,10,10,10,10,10,10,10,10,10,10,10,10,10,10,10,10,10,10,10,215.41,0,0,1,0,0,0,-1,0,None,aggregation
26,241.76,remora4,remora7,-18.23,-17.73,-17.73,-17.23,-16.73,-16.73,-16.48,-16.48,-16.48,-16.48,-17.41,-16.91,-16.91,-16.41,-15.91,-15.91,-15.66,-15.66,-15.66,-15.66,10,10,10,10,10,10,10,10,10,10,10,10,10,10,10,10,10,10,10,10,205.27,0,0,1,0,0,0,-1,0,None,aggregation
26,242.76,remora4,remora7,-15.98,-15.98,-14.96,-14.96,4.7,4.7,4.84,4.84,-12.82,-12.82,-15.15,-15.15,-14.14,-14.14,9.77,9.77,9.82,9.82,-11.99,-11.99,10,10,10,10,10,10,10,10,10,10,10,10,10,10,10,10,10,10,10,10,188.92,0,0,1,0,0,0,-1,0,None,aggregation
26,243.76,remora4,remora7,-12.82,-12.02,-12.02,5.43,5.43,5.57,5.57,5.85,-7.53,-7.53,-11.99,-11.2,-11.2,10.02,10.02,10.06,10.06,10.14,-6.71,-6.71,10,10,10,10,10,10,10,10,10,10,10,10,10,10,10,10,10,10,10,10,169.36,0,0,1,0,0,0,-1,0,None,aggregation
26,135.76,remora4,remora8,-19.14,-18.67,-18.67,-18.44,-18.18,-18.18,-18.18,-18.18,-26.55,-17.2,-18.32,-17.85,-17.85,-17.62,-17.36,-17.36,-17.36,-17.36,-25.73,-16.38,9.48,9.48,9.48,9.48,9.48,9.48,9.48,9.48,9.49,9.49,9.48,9.48,9.48,9.48,9.48,9.48,9.48,9.48,9.49,9.49,198.31,0,0,1,0,0,0,-1,0,None,aggregation
26,136.76,remora4,remora8,-17.2,-17.2,-16.95,-16.69,-15.95,-15.95,-15.69,-15.69,-15.69,-15.43,-16.38,-16.38,-16.13,-15.87,-15.12,-15.12,-14.87,-14.87,-14.87,-14.61,9.49,9.49,9.49,9.49,9.49,9.49,9.49,9.48,9.48,9.48,9.49,9.49,9.49,9.49,9.49,9.49,9.49,9.48,9.48,9.48,191.41,0,0,1,0,0,0,-1,0,None,aggregation
26,137.76,remora4,remora8,-25.73,-25.73,-25.73,-14.92,-14.92,-14.13,-13.87,-13.87,-13.87,-13.87,-24.91,-24.91,-24.91,-14.1,-14.1,-13.31,-13.05,-13.05,-13.05,-13.05,9.47,9.47,9.48,9.48,9.47,9.47,9.46,9.46,9.45,9.45,9.47,9.47,9.48,9.48,9.47,9.47,9.46,9.46,9.45,9.45,186.14,0,0,1,0,0,0,-1,0,None,aggregation
26,138.76,remora4,remora8,-13.87,-13.86,-25.03,-25.03,-13.04,-13.04,-12.78,-12.78,-19.19,-19.19,-13.05,-13.04,-24.21,-24.21,-12.21,-12.21,-11.96,-11.96,-18.37,-18.37,9.44,9.43,9.43,9.43,9.43,9.43,9.42,9.41,9.4,9.4,9.44,9.43,9.43,9.43,9.43,9.43,9.42,9.41,9.4,9.4,178.18,0,0,1,0,0,0,-1,0,None,aggregation
26,139.76,remora4,remora8,-19.19,-24.58,-24.58,-24.39,-10.92,-10.92,-10.92,-10.4,-10.4,-10.4,-18.37,-23.76,-23.76,-23.57,-10.1,-10.1,-10.1,-9.58,-9.58,-9.58,9.39,9.39,9.39,9.39,9.39,9.39,9.38,9.37,9.36,9.35,9.39,9.39,9.39,9.39,9.39,9.39,9.38,9.37,9.36,9.35,167.53,0,0,1,0,0,0,-1,0,None,aggregation
26,178.76,remora4,remora8,2.2,7.33,7.33,7.34,7.34,7.35,7.37,7.37,7.37,7.38,2.97,8.02,8.02,8.02,8.02,8.04,8.05,8.05,8.05,8.07,4.84,4.83,4.84,4.84,4.84,4.83,4.81,4.79,4.78,4.76,4.84,4.83,4.84,4.84,4.84,4.83,4.81,4.79,4.78,4.76,70.56,0,0,1,0,0,0,-1,0,None,aggregation
26,179.76,remora4,remora8,2.03,2.03,2.03,7.41,7.41,-3.43,-3.43,-4.66,-4.66,2.56,2.81,2.81,2.81,8.09,8.09,-2.61,-2.61,-3.84,-3.84,3.33,4.74,4.72,4.7,4.69,4.67,4.65,4.63,4.61,4.58,4.56,4.74,4.72,4.7,4.69,4.67,4.65,4.63,4.61,4.58,4.56,67.71,0,0,1,0,0,0,-1,0,None,aggregation
26,180.76,remora4,remora8,2.56,8.4,8.4,8.4,8.4,8.42,8.42,8.42,8.43,8.43,3.33,9.06,9.06,9.07,9.07,9.09,9.09,9.09,9.09,9.09,4.55,4.54,4.54,4.54,4.55,4.54,4.53,4.51,4.5,4.49,4.55,4.54,4.54,4.54,4.55,4.54,4.53,4.51,4.5,4.49,68.52,0,0,1,0,0,0,-1,0,None,aggregation
26,181.76,remora4,remora8,7.94,7.94,7.95,7.95,7.95,2.79,2.79,7.96,7.98,7.98,8.62,8.62,8.62,8.62,8.62,3.55,3.55,8.64,8.66,8.66,4.5,4.5,4.5,4.49,4.48,4.46,4.45,4.44,4.44,4.45,4.5,4.5,4.5,4.49,4.48,4.46,4.45,4.44,4.44,4.45,69.79,0,0,1,0,0,0,-1,0,None,aggregation
26,182.76,remora4,remora8,7.98,7.98,7.99,8,8,-1.95,-1.95,0,0,0,8.66,8.66,8.66,8.67,8.67,-1.13,-1.13,0,0,0,4.45,4.45,4.43,4.43,4.44,4.44,4.44,4.43,4.41,4.41,4.45,4.45,4.43,4.43,4.44,4.44,4.44,4.43,4.41,4.41,66.51,0,0,1,0,0,0,-1,0,None,aggregation
26,183.76,remora4,remora8,8.52,8.52,8.52,3.36,8.54,8.54,8.53,8.53,8.54,8.54,9.19,9.19,9.19,4.12,9.2,9.2,9.2,9.2,9.2,9.2,4.41,4.41,4.42,4.41,4.39,4.38,4.37,4.36,4.35,4.34,4.41,4.41,4.42,4.41,4.39,4.38,4.37,4.36,4.35,4.34,67.22,0,0,1,0,0,0,-1,0,None,aggregation
26,184.76,remora4,remora8,8.55,8.55,8.58,8.58,8.6,8.6,8.6,-16.11,-16.11,8.63,9.22,9.22,9.24,9.24,9.26,9.26,9.26,-15.29,-15.29,9.29,4.33,4.32,4.31,4.31,4.31,4.32,4.32,4.32,4.31,4.3,4.33,4.32,4.31,4.31,4.31,4.32,4.32,4.32,4.31,4.3,70.07,0,0,1,0,0,0,-1,0,None,aggregation
26,185.76,remora4,remora8,8.63,9.09,9.1,9.1,-15.98,-15.98,-16.32,-16.32,9.54,9.54,9.29,9.74,9.76,9.76,-15.15,-15.15,-15.5,-15.5,10.18,10.18,4.3,4.3,4.3,4.3,4.29,4.27,4.24,4.21,4.19,4.18,4.3,4.3,4.3,4.3,4.29,4.27,4.24,4.21,4.19,4.18,73.82,0,0,1,0,0,0,-1,0,None,aggregation
26,186.76,remora4,remora8,9.54,9.54,9.55,9.55,9.57,-16.79,-16.79,-16.79,10.04,10.04,10.18,10.18,10.2,10.2,10.22,-15.96,-15.96,-15.96,10.68,10.68,4.17,4.16,4.16,4.15,4.15,4.13,4.11,4.09,4.07,4.08,4.17,4.16,4.16,4.15,4.15,4.13,4.11,4.09,4.07,4.08,78.8,0,0,1,0,0,0,-1,0,None,aggregation
26,187.76,remora4,remora8,0,0,30,30,0,0,0,-10.37,10.08,10.08,0,0,30,30,0,0,0,-9.55,10.72,10.72,4.08,4.08,4.07,4.07,4.08,4.08,4.07,4.05,4.04,4.03,4.08,4.08,4.07,4.07,4.08,4.08,4.07,4.05,4.04,4.03,82.73,0,0,1,0,0,0,-1,0,None,aggregation
26,188.76,remora4,remora8,10.09,10.09,10.09,10.1,10.1,-17.15,-17.15,-17.15,0,0,10.73,10.73,10.73,10.74,10.74,-16.33,-16.33,-16.33,0,0,4.02,4.03,4.04,4.05,4.05,4.06,10,10,10,10,4.02,4.03,4.04,4.05,4.05,4.06,10,10,10,10,85.77,0,0,1,0,0,0,-1,0,None,aggregation
26,189.76,remora4,remora8,30,30,30,0,9.68,9.68,9.68,9.68,9.68,9.68,30,30,30,0,10.32,10.32,10.32,10.32,10.32,10.32,10,10,10,10,10,10,10,10,10,10,10,10,10,10,10,10,10,10,10,10,96.75,0,0,1,0,0,0,-1,0,None,aggregation
26,190.76,remora4,remora8,9.68,9.68,9.68,9.69,9.69,9.69,9.69,-17,-17,-16.99,10.32,10.33,10.33,10.33,10.34,10.34,10.34,-16.18,-16.18,-16.17,10,10,10,10,10,10,10,10,10,10,10,10,10,10,10,10,10,10,10,10,100.57,0,0,1,0,0,0,-1,0,None,aggregation
26,124.76,remora2,remora8,17.5,18.4,18.4,18.41,21.65,21.65,18.59,18.59,18.94,18.94,17,17.92,17.92,17.93,21.24,21.24,18.11,18.11,18.47,18.47,1.67,1.68,1.68,1.69,1.69,1.7,1.7,1.71,1.72,1.73,5.22,5.22,5.23,5.24,5.24,5.25,5.25,5.26,5.27,5.28,170.36,0,1,1,0,0,0,-1,0,None,aggregation
26,125.76,remora2,remora8,18.94,22.15,19.29,19.29,19.29,19.63,22.53,22.53,22.53,24.8,18.47,21.76,18.83,18.83,18.83,19.18,22.15,22.15,22.15,24.48,1.73,1.74,1.75,1.75,1.76,1.76,1.77,1.78,1.79,1.79,5.28,5.29,5.3,5.31,5.32,5.33,5.34,5.36,5.38,5.39,178.92,0,1,1,0,0,0,-1,0,None,aggregation
26,126.76,remora2,remora8,24.8,22.79,25.19,25.19,25.19,20.95,20.95,21.26,21.26,21.58,24.48,22.41,24.88,24.88,24.88,20.53,20.53,20.85,20.85,21.17,1.8,1.81,1.83,1.84,1.85,1.86,1.87,1.89,1.9,1.92,5.41,5.43,5.45,5.46,5.47,5.48,5.49,5.5,5.52,5.53,188.03,0,1,1,0,0,0,-1,0,None,aggregation
26,127.76,remora2,remora8,21.58,22.17,22.46,22.46,22.75,22.75,22.75,23.03,23.58,23.58,21.17,21.78,22.08,22.08,22.37,22.37,22.37,22.66,23.22,23.22,1.93,1.94,1.95,1.96,1.97,1.99,2.01,2.02,2.04,2.06,5.54,5.56,5.57,5.58,5.6,5.62,5.64,5.65,5.67,5.68,195.73,0,1,1,0,0,0,-1,0,None,aggregation
26,128.76,remora2,remora8,23.85,23.85,23.85,24.36,24.48,24.48,24.85,24.85,25.21,25.21,23.5,23.5,23.5,24.03,24.16,24.16,24.54,24.54,24.9,24.9,2.09,2.11,2.12,2.13,2.15,2.18,2.2,2.23,2.25,2.27,5.7,5.72,5.73,5.74,5.76,5.78,5.8,5.82,5.83,5.85,203.14,0,1,1,0,0,0,-1,0,None,aggregation
26,129.76,remora2,remora8,25.21,25.55,25.55,25.88,26.2,26.2,26.2,26.5,26.5,26.7,24.9,25.26,25.26,25.6,25.93,25.93,25.93,26.24,26.24,26.45,2.3,2.33,2.36,2.39,2.42,2.45,2.47,2.5,2.52,2.54,5.86,5.88,5.9,5.92,5.94,5.97,5.99,6.01,6.03,6.05,210.23,0,1,1,0,0,0,-1,0,None,aggregation
26,130.76,remora2,remora8,26.7,26.89,26.9,26.9,26.9,27.08,27.08,27.26,27.26,27.44,26.45,26.65,26.65,26.65,26.65,26.85,26.85,27.03,27.03,27.22,2.55,2.57,2.6,2.63,2.65,2.68,2.71,2.75,2.78,2.8,6.06,6.08,6.11,6.13,6.16,6.18,6.2,6.22,6.24,6.26,217.97,0,1,1,0,0,0,-1,0,None,aggregation
26,131.76,remora2,remora8,27.61,27.61,27.61,27.61,27.61,0,0,0,0,0,27.39,27.39,27.39,27.4,27.4,0,0,0,0,0,2.81,2.84,2.87,2.91,2.95,2.97,2.98,2.99,2.99,3.01,6.28,6.3,6.33,6.35,6.38,6.39,6.39,6.4,6.4,6.41,213.85,0,1,1,0,0,0,-1,0,None,aggregation
26,132.76,remora2,remora8,0,0,0,0,-22.55,-22.55,-22.57,-22.57,-22.57,-22.12,0,0,0,0,-21.73,-21.73,-21.75,-21.75,-21.75,-21.3,3.02,3.03,3.04,3.04,3.03,3.01,2.99,2.98,2.97,2.95,6.42,6.43,6.43,6.43,6.42,6.4,6.39,6.38,6.37,6.35,210.17,0,0,1,0,0,0,-1,0,None,aggregation
26,133.76,remora2,remora8,0,0,0,0,0,-21.7,-21.7,-21.7,-20.77,-20.77,0,0,0,0,0,-20.88,-20.88,-20.88,-19.95,-19.95,2.92,2.9,2.89,2.9,2.91,2.9,2.87,2.83,2.81,2.8,6.34,6.34,6.33,6.34,6.34,6.34,6.33,6.32,6.31,6.3,199.65,0,1,1,0,0,0,-1,0,None,aggregation
26,134.76,remora2,remora8,-20.77,-20.8,-20.8,-20.32,-20.08,-20.08,-20.08,-19.88,-19.14,-19.14,-19.95,-19.98,-19.98,-19.5,-19.26,-19.26,-19.26,-19.05,-18.32,-18.32,2.8,2.78,2.75,2.75,2.74,2.71,2.69,2.66,2.63,2.61,6.3,6.29,6.27,6.26,6.26,6.24,6.23,6.22,6.21,6.19,200.47,0,1,1,0,0,0,-1,0,None,aggregation
26,135.76,remora2,remora8,-19.14,-18.67,-18.67,-18.44,-18.18,-18.18,-18.18,-18.18,-26.55,-17.2,-18.32,-17.85,-17.85,-17.62,-17.36,-17.36,-17.36,-17.36,-25.73,-16.38,2.6,2.59,2.59,2.58,2.56,2.53,2.51,2.5,2.5,2.49,6.19,6.18,6.18,6.18,6.17,6.16,6.15,6.14,6.14,6.13,198.31,0,1,1,0,0,0,-1,0,None,aggregation
26,136.76,remora2,remora8,-17.2,-17.2,-16.95,-16.69,-15.95,-15.95,-15.69,-15.69,-15.69,-15.43,-16.38,-16.38,-16.13,-15.87,-15.12,-15.12,-14.87,-14.87,-14.87,-14.61,2.49,2.47,2.45,2.43,2.41,2.41,2.41,2.4,2.4,2.39,6.13,6.13,6.12,6.11,6.1,6.1,6.1,6.1,6.1,6.1,191.41,0,1,1,0,0,0,-1,0,None,aggregation
26,137.76,remora2,remora8,-25.73,-25.73,-25.73,-14.92,-14.92,-14.13,-13.87,-13.87,-13.87,-13.87,-24.91,-24.91,-24.91,-14.1,-14.1,-13.31,-13.05,-13.05,-13.05,-13.05,2.39,2.37,2.35,2.33,2.33,2.33,2.33,2.33,2.34,2.34,6.1,6.09,6.07,6.07,6.06,6.06,6.07,6.07,6.07,6.07,186.14,0,1,1,0,0,0,-1,0,None,aggregation
26,138.76,remora2,remora8,-13.87,-13.86,-25.03,-25.03,-13.04,-13.04,-12.78,-12.78,-19.19,-19.19,-13.05,-13.04,-24.21,-24.21,-12.21,-12.21,-11.96,-11.96,-18.37,-18.37,2.33,2.33,2.32,2.32,2.32,2.32,2.31,2.32,2.32,2.31,6.07,6.07,6.06,6.06,6.06,6.06,6.06,6.06,6.07,6.06,178.18,0,1,1,0,0,0,-1,0,None,aggregation
26,139.76,remora2,remora8,-19.19,-24.58,-24.58,-24.39,-10.92,-10.92,-10.92,-10.4,-10.4,-10.4,-18.37,-23.76,-23.76,-23.57,-10.1,-10.1,-10.1,-9.58,-9.58,-9.58,2.29,2.27,2.26,2.24,2.22,2.22,2.22,2.22,2.23,2.22,6.06,6.05,6.04,6.03,6.03,6.03,6.03,6.04,6.04,6.03,167.53,0,1,1,0,0,0,-1,0,None,aggregation
26,140.76,remora2,remora8,-23.75,-23.66,-23.66,-9.08,-8.28,-8.28,-8.28,-7.74,-7.74,-22.51,-22.93,-22.84,-22.84,-8.26,-7.46,-7.46,-7.46,-6.92,-6.92,-21.69,2.2,2.18,2.16,2.14,2.13,2.12,2.12,2.12,2.12,2.11,6.03,6.02,6.02,6.02,6.02,6.02,6.02,6.01,6.01,6,154.5,0,1,1,0,0,0,-1,0,None,aggregation
26,141.76,remora2,remora8,-22.28,-22.28,-6.7,-6.7,-6.7,-6.16,-14.21,-14.21,-14.21,-21.48,-21.46,-21.46,-5.87,-5.87,-5.87,-5.34,-13.39,-13.39,-13.39,-20.66,2.09,2.08,2.08,2.08,2.08,2.08,2.08,2.08,2.07,2.07,5.99,5.98,5.98,5.98,5.97,5.97,5.97,5.97,5.97,5.96,153.83,0,1,1,0,0,0,-1,0,None,aggregation
26,142.76,remora2,remora8,-21.48,-5.07,-5.07,-5.07,-20.82,-20.59,-3.5,-3.5,-3.5,-12.13,-20.66,-4.25,-4.25,-4.25,-20,-19.76,-2.67,-2.67,-2.67,-11.31,2.06,2.06,2.05,2.04,2.04,2.03,2.03,2.03,2.03,2.02,5.95,5.95,5.94,5.94,5.94,5.93,5.93,5.92,5.92,5.92,150.24,0,1,1,0,0,0,-1,0,None,aggregation
26,143.76,remora2,remora8,-19.94,-19.94,-19.94,-1.93,-1.42,-1.42,-1.42,-18.98,-18.98,-0.89,-19.12,-19.12,-19.12,-1.11,-0.6,-0.6,-0.6,-18.16,-18.16,-0.07,2.01,2,1.99,1.98,1.99,1.99,1.99,1.98,1.97,1.96,5.92,5.92,5.91,5.91,5.91,5.9,5.9,5.9,5.89,5.88,149.85,0,1,1,0,0,0,-1,0,None,aggregation
26,144.76,remora2,remora8,-18.23,-18.23,-17.93,-17.93,1.15,1.15,1.15,-18.67,-18.67,-16.76,-17.41,-17.41,-17.11,-17.11,1.94,1.94,1.94,-17.85,-17.85,-15.94,1.96,1.95,1.94,1.94,1.93,1.93,1.92,1.92,1.91,1.9,5.88,5.88,5.88,5.88,5.88,5.88,5.87,5.87,5.86,5.85,142.98,0,1,1,0,0,0,-1,0,None,aggregation
26,145.76,remora2,remora8,-16.76,2.64,2.64,-15.9,-15.9,3.15,-15.4,-15.4,-15.4,4.14,-15.94,3.41,3.41,-15.08,-15.08,3.91,-14.58,-14.58,-14.58,4.88,1.89,1.89,1.9,1.9,1.9,1.9,1.89,1.89,1.88,1.89,5.85,5.85,5.85,5.85,5.85,5.85,5.85,5.85,5.85,5.84,134.89,0,1,1,0,0,0,-1,0,None,aggregation
26,146.76,remora2,remora8,4.14,-14.56,-14.56,-14.56,-14.91,4.66,-16.35,-16.35,5.17,5.17,4.88,-13.74,-13.74,-13.74,-14.09,5.39,-15.53,-15.53,5.89,5.89,1.89,1.9,1.91,1.91,1.91,1.92,1.93,1.92,1.92,1.91,5.84,5.84,5.84,5.84,5.83,5.84,5.84,5.84,5.84,5.84,130,0,1,1,0,0,0,-1,0,None,aggregation
26,147.76,remora2,remora8,5.17,-13.65,-13.65,-13.62,-13.62,-12.78,-12.78,-3.41,-3.41,-11.97,5.89,-12.83,-12.83,-12.8,-12.8,-11.95,-11.95,-2.59,-2.59,-11.15,1.91,1.9,1.9,1.9,1.9,1.9,1.9,1.89,1.89,1.89,5.85,5.84,5.84,5.84,5.84,5.84,5.84,5.84,5.84,5.84,122.82,0,1,1,0,0,0,-1,0,None,aggregation
26,148.76,remora2,remora8,-14.08,-14.08,-11.12,-11.12,-11.12,-1.72,-10.64,-10.64,-10.64,-1.23,-13.26,-13.26,-10.3,-10.3,-10.3,-0.9,-9.82,-9.82,-9.82,-0.41,1.88,1.88,1.88,1.88,1.89,1.89,1.89,1.89,1.89,1.88,5.84,5.84,5.84,5.85,5.85,5.85,5.85,5.85,5.86,5.86,115.67,0,1,1,0,0,0,-1,0,None,aggregation
26,149.76,remora2,remora8,-1.23,-9.77,-9.4,-9.4,0,0,0,-8.53,-11.29,-11.29,-0.41,-8.94,-8.58,-8.58,0.81,0.81,0.81,-7.71,-10.47,-10.47,1.88,1.87,1.88,1.88,1.88,1.87,1.87,1.87,1.87,1.87,5.87,5.87,5.87,5.87,5.87,5.87,5.87,5.87,5.87,5.87,106.34,0,1,1,0,0,0,-1,0,None,aggregation
26,150.76,remora2,remora8,-11.29,-7.95,-7.95,-10.56,-10.56,12.43,-9.81,-9.81,-9.81,-9.76,-10.47,-7.13,-7.13,-9.74,-9.74,13.02,-8.99,-8.99,-8.99,-8.94,1.87,1.87,1.87,1.87,1.87,1.87,1.86,1.86,1.85,1.85,5.88,5.88,5.88,5.88,5.88,5.89,5.89,5.89,5.89,5.89,102.1,0,1,1,0,0,0,-1,0,None,aggregation
26,151.76,remora2,remora8,-5.54,-5.54,-5.54,14.06,14.06,-4.94,-4.94,-4.51,14.45,14.45,-4.72,-4.72,-4.72,14.62,14.62,-4.12,-4.12,-3.68,15,15,1.85,1.85,1.85,1.85,1.84,1.83,1.83,1.83,1.83,1.84,5.89,5.9,5.9,5.91,5.91,5.91,5.91,5.91,5.91,5.92,97.68,0,1,1,0,0,0,-1,0,None,aggregation
26,152.76,remora2,remora8,14.45,-4.23,-4.23,14.05,-4.27,-4.27,-4.27,-4.19,-4.19,14.45,15,-3.41,-3.41,14.61,-3.45,-3.45,-3.45,-3.37,-3.37,15.01,1.84,1.84,1.85,1.85,1.84,1.84,1.84,1.84,1.84,1.85,5.92,5.92,5.92,5.93,5.93,5.93,5.94,5.95,5.95,5.96,95.08,0,1,1,0,0,0,-1,0,None,aggregation
26,153.76,remora2,remora8,14.45,14.45,-7.34,14.06,14.06,-3.62,-3.62,-3.53,-3.53,4.23,15.01,15.01,-6.52,14.62,14.62,-2.8,-2.8,-2.71,-2.71,4.97,1.85,1.85,1.85,1.85,1.85,1.85,1.84,1.84,1.84,1.84,5.96,5.96,5.96,5.96,5.96,5.97,5.97,5.98,5.98,5.98,93.24,0,1,1,0,0,0,-1,0,None,aggregation
26,154.76,remora2,remora8,-2.57,-2.57,-2.57,14.85,14.85,14.85,-2.5,-2.5,-2.5,-2.4,-1.74,-1.74,-1.74,15.39,15.39,15.39,-1.67,-1.67,-1.67,-1.57,1.84,1.84,1.84,1.84,1.84,1.83,1.83,1.83,1.83,1.83,5.98,5.98,5.99,5.99,6,6,6.01,6.01,6.01,6.01,86.42,0,1,1,0,0,0,-1,0,None,aggregation
26,155.76,remora2,remora8,-2.4,4.44,-2.49,-2.49,-2.49,14.07,14.07,14.07,-2.5,-2.5,-1.57,5.18,-1.67,-1.67,-1.67,14.63,14.63,14.63,-1.67,-1.67,1.84,1.85,1.86,1.86,1.86,1.86,1.86,1.86,1.86,1.86,6.02,6.03,6.03,6.04,6.05,6.05,6.05,6.05,6.05,6.05,81.81,0,1,1,0,0,0,-1,0,None,aggregation
26,156.76,remora2,remora8,-2.5,-2.5,13.67,13.67,-2.19,-2.19,-2.19,-5.68,13.67,13.67,-1.67,-1.67,14.24,14.24,-1.37,-1.37,-1.37,-4.86,14.24,14.24,1.86,1.87,1.88,1.88,1.88,1.88,1.87,1.87,1.87,1.87,6.06,6.06,6.07,6.07,6.07,6.07,6.07,6.08,6.09,6.09,77.92,0,1,1,0,0,0,-1,0,None,aggregation
26,157.76,remora2,remora8,13.67,13.67,14.07,-5.39,-5.39,-2.06,13.29,13.29,13.29,-1.83,14.24,14.24,14.63,-4.57,-4.57,-1.24,13.86,13.86,13.86,-1,1.86,1.87,1.87,1.88,1.89,1.9,1.91,1.9,1.9,1.89,6.1,6.11,6.11,6.12,6.12,6.13,6.13,6.14,6.14,6.15,77.45,0,1,1,0,0,0,-1,0,None,aggregation
26,158.76,remora2,remora8,-1.83,-1.74,-1.74,13.28,13.28,13.28,13.28,-1.79,-1.71,-1.71,-1,-0.92,-0.92,13.85,13.86,13.86,13.86,-0.96,-0.88,-0.88,1.89,1.89,1.89,1.9,1.91,1.91,1.91,1.91,1.91,1.91,6.15,6.16,6.16,6.16,6.17,6.17,6.18,6.18,6.19,6.2,74.45,0,1,1,0,0,0,-1,0,None,aggregation
26,159.76,remora2,remora8,-1.71,12.88,13.07,13.07,13.07,3.95,3.95,-1.64,3.66,3.66,-0.88,13.46,13.65,13.65,13.65,4.69,4.69,-0.82,4.41,4.41,1.9,1.9,1.89,1.89,1.9,1.9,1.91,1.92,1.93,1.93,6.2,6.2,6.2,6.2,6.2,6.21,6.22,6.23,6.24,6.25,75.78,0,1,1,0,0,0,-1,0,None,aggregation
26,160.76,remora2,remora8,3.66,12.48,12.48,12.49,12.05,12.05,12.05,12.04,-2.09,-2.09,4.41,13.07,13.07,13.08,12.65,12.65,12.65,12.64,-1.27,-1.27,1.94,1.94,1.93,1.93,1.92,1.92,1.91,1.92,1.92,1.92,6.25,6.25,6.25,6.25,6.25,6.25,6.25,6.26,6.27,6.28,75.64,0,1,1,0,0,0,-1,0,None,aggregation
26,161.76,remora2,remora8,-2.09,-2.06,-2.06,11.62,11.62,11.63,11.63,3.22,3.22,2.92,-1.27,-1.24,-1.24,12.23,12.23,12.24,12.24,3.98,3.98,3.69,1.92,1.92,1.93,1.93,1.94,1.94,1.93,1.94,1.96,1.97,6.28,6.29,6.29,6.3,6.3,6.3,6.31,6.32,6.33,6.34,73.29,0,1,1,0,0,0,-1,0,None,aggregation
26,162.76,remora2,remora8,2.92,2.92,-2.27,11.24,11.24,11.24,11.24,11.23,11.23,10.79,3.69,3.69,-1.44,11.86,11.85,11.85,11.85,11.85,11.85,11.42,1.98,1.98,1.98,1.98,1.98,1.97,1.97,1.97,1.96,1.97,5.42,5.42,5.42,5.43,5.43,5.43,5.43,5.43,5.43,5.43,75.12,0,1,1,0,0,0,-1,0,None,aggregation
26,163.76,remora2,remora8,10.79,10.8,10.8,2.44,2.44,10.17,10.17,-3.05,9.98,9.98,11.42,11.42,11.42,3.21,3.21,10.8,10.8,-2.22,10.61,10.61,1.99,2,2.01,2.01,2.02,2.03,2.04,2.04,2.04,2.04,5.43,5.43,5.44,5.44,5.44,5.45,5.45,5.46,5.47,5.47,75.21,0,1,1,0,0,0,-1,0,None,aggregation
26,164.76,remora2,remora8,9.98,9.98,9.98,9.77,9.58,9.58,9.58,9.58,-3.27,9.35,10.62,10.62,10.62,10.41,10.22,10.22,10.22,10.22,-2.45,10,2.05,2.06,2.08,2.09,2.1,2.1,2.1,2.09,2.09,2.09,5.48,5.49,5.49,5.5,5.5,5.51,5.52,5.52,5.53,5.53,78.51,0,1,1,0,0,0,-1,0,None,aggregation
26,165.76,remora2,remora8,9.58,9.58,9.58,9.36,1.77,1.77,1.63,1.63,1.63,9.18,10.23,10.23,10.23,10.01,2.55,2.55,2.41,2.41,2.41,9.84,2.09,2.1,2.11,2.13,2.14,2.14,2.14,2.14,2.14,2.14,5.53,5.53,5.53,5.54,5.55,5.56,5.56,5.56,5.56,5.56,78.42,0,1,1,0,0,0,-1,0,None,aggregation
26,166.76,remora2,remora8,9.18,9.19,9.19,8.96,8.74,8.74,8.74,8.73,8.73,8.75,9.84,9.84,9.84,9.61,9.4,9.4,9.4,9.39,9.39,9.41,2.15,2.15,2.15,2.15,2.15,2.15,2.15,2.16,2.17,2.18,5.56,5.57,5.57,5.57,5.57,5.57,5.57,5.58,5.59,5.59,80.58,0,1,1,0,0,0,-1,0,None,aggregation
26,167.76,remora2,remora8,8.75,8.53,8.32,8.32,8.32,8.33,8.11,8.11,8.11,8.11,9.41,9.19,8.98,8.98,8.98,8.99,8.78,8.78,8.78,8.78,2.19,2.19,2.19,2.2,2.2,2.22,2.23,2.24,2.25,2.25,5.59,5.59,3.56,3.57,3.58,3.59,3.6,3.6,3.6,3.6,79.61,0,1,1,0,0,0,-1,0,None,aggregation
26,168.76,remora2,remora8,-3.98,-3.98,8.15,8.15,8.15,8.16,8.16,8.17,8.17,7.96,-3.16,-3.16,8.82,8.82,8.82,8.83,8.83,8.84,8.84,8.64,2.25,2.25,2.25,2.26,2.27,2.27,2.27,2.28,2.29,2.3,3.6,3.6,3.61,3.63,3.64,3.65,3.64,3.64,3.65,3.65,80.87,0,1,1,0,0,0,-1,0,None,aggregation
26,169.76,remora2,remora8,7.96,1.32,1.32,7.76,7.76,8,7.76,7.76,7.76,7.77,8.64,2.11,2.11,8.44,8.44,8.68,8.44,8.44,8.44,8.45,2.32,2.32,2.32,2.32,2.32,2.32,2.32,2.33,2.34,2.35,3.65,3.65,3.65,3.65,3.66,3.66,3.67,3.67,3.68,3.68,80.49,0,1,1,0,0,0,-1,0,None,aggregation
26,170.76,remora2,remora8,7.77,7.79,7.79,7.59,7.59,7.59,7.59,7.59,7.59,1.23,8.45,8.47,8.47,8.27,8.27,8.27,8.27,8.27,8.27,2.02,2.36,2.36,2.36,2.36,2.36,2.36,2.36,2.37,2.37,2.37,3.68,3.69,3.69,3.69,3.69,3.68,3.68,3.69,3.7,3.71,78.33,0,1,1,0,0,0,-1,0,None,aggregation
26,171.76,remora2,remora8,1.23,1.1,1.1,7.63,7.64,7.64,7.64,7.64,7.4,7.4,2.02,1.89,1.89,8.31,8.32,8.32,8.32,8.33,8.09,8.09,2.39,2.4,2.41,2.41,2.41,2.41,2.41,2.41,2.41,2.41,3.72,3.72,3.72,3.72,3.72,3.72,3.73,3.74,3.75,3.74,78.01,0,1,1,0,0,0,-1,0,None,aggregation
26,172.76,remora2,remora8,7.4,7.4,7.4,7.4,7.4,7.4,7.4,7.42,7.42,7.45,8.09,8.09,8.09,8.09,8.09,8.09,8.09,8.1,8.1,8.13,2.41,2.42,2.42,2.42,2.42,2.43,2.44,2.45,2.46,2.47,3.74,3.74,3.73,3.73,3.73,3.74,3.75,3.77,3.78,3.78,76.88,0,1,1,0,0,0,-1,0,None,aggregation
26,173.76,remora2,remora8,7.48,7.48,7.27,7.27,7.28,7.28,7.3,7.3,7.3,7.06,8.16,8.16,7.96,7.96,7.97,7.97,7.99,7.99,7.99,7.75,2.49,2.49,2.49,2.5,2.51,2.51,2.52,2.52,2.52,2.52,3.79,3.78,3.78,4.41,4.41,4.4,4.39,4.38,4.37,4.37,76.21,0,1,1,0,0,0,-1,0,None,aggregation
26,174.76,remora2,remora8,7.06,7.06,7.07,7.07,7.07,7.09,7.09,7.09,7.09,7.09,7.75,7.75,7.76,7.76,7.76,7.78,7.78,7.78,7.78,7.78,2.52,2.53,2.54,2.54,2.54,2.55,2.55,2.55,2.55,2.55,4.37,4.36,4.36,4.35,4.34,4.33,4.33,4.33,4.32,4.32,74.32,0,1,1,0,0,0,-1,0,None,aggregation
26,175.76,remora2,remora8,7.09,7.09,7.11,7.11,9.7,9.7,9.7,7.16,7.16,7.17,7.78,7.78,7.8,7.8,10.34,10.34,10.34,7.85,7.85,7.86,2.55,2.56,2.57,2.59,2.6,2.6,2.6,2.61,2.61,2.62,4.31,4.3,4.29,4.29,4.28,4.28,4.28,4.28,4.28,4.28,76.63,0,1,1,0,0,0,-1,0,None,aggregation
26,176.76,remora2,remora8,7.17,6.96,6.96,6.98,7,7,7,-3.1,7.26,7.26,7.86,7.65,7.65,7.68,7.69,7.69,7.69,-2.28,7.95,7.95,2.63,2.63,2.64,2.64,2.65,2.67,2.68,2.68,2.68,2.68,4.28,4.28,4.28,4.27,4.27,4.28,4.29,4.29,4.3,4.29,74.34,0,1,1,0,0,0,-1,0,None,aggregation
26,177.76,remora2,remora8,7.26,5.42,5.42,7.27,7.27,7.29,1.78,1.78,2.2,2.2,7.95,6.14,6.14,7.96,7.96,7.98,2.57,2.57,2.97,2.97,2.68,2.69,2.7,2.71,2.71,2.72,2.73,2.73,2.73,2.73,4.28,4.27,4.27,4.26,4.25,4.26,4.26,4.26,4.26,4.25,70.86,0,1,1,0,0,0,-1,0,None,aggregation
26,178.76,remora2,remora8,2.2,7.33,7.33,7.34,7.34,7.35,7.37,7.37,7.37,7.38,2.97,8.02,8.02,8.02,8.02,8.04,8.05,8.05,8.05,8.07,2.74,2.74,2.74,2.75,2.76,2.76,2.76,2.77,2.78,2.79,4.24,4.24,4.25,4.26,4.27,4.26,4.26,4.25,4.25,4.24,70.56,0,1,1,0,0,0,-1,0,None,aggregation
26,179.76,remora2,remora8,2.03,2.03,2.03,7.41,7.41,-3.43,-3.43,-4.66,-4.66,2.56,2.81,2.81,2.81,8.09,8.09,-2.61,-2.61,-3.84,-3.84,3.33,2.79,2.79,2.79,2.8,2.81,2.82,2.82,2.82,2.83,2.84,4.24,4.24,4.24,4.24,4.23,4.23,4.22,4.21,4.2,4.2,67.71,0,1,1,0,0,0,-1,0,None,aggregation
26,180.76,remora2,remora8,2.56,8.4,8.4,8.4,8.4,8.42,8.42,8.42,8.43,8.43,3.33,9.06,9.06,9.07,9.07,9.09,9.09,9.09,9.09,9.09,2.84,2.85,2.86,2.86,2.86,2.86,2.86,2.86,2.85,2.85,4.2,4.19,4.2,4.2,4.2,4.2,4.2,4.2,4.19,4.19,68.52,0,1,1,0,0,0,-1,0,None,aggregation
26,181.76,remora2,remora8,7.94,7.94,7.95,7.95,7.95,2.79,2.79,7.96,7.98,7.98,8.62,8.62,8.62,8.62,8.62,3.55,3.55,8.64,8.66,8.66,2.85,2.85,2.85,2.85,2.86,2.86,2.87,2.87,2.88,2.88,4.19,4.19,4.19,4.18,4.18,4.18,4.18,4.18,4.19,4.19,69.79,0,1,1,0,0,0,-1,0,None,aggregation
26,182.76,remora2,remora8,7.98,7.98,7.99,8,8,-1.95,-1.95,0,0,0,8.66,8.66,8.66,8.67,8.67,-1.13,-1.13,0,0,0,2.88,2.89,2.9,2.9,2.91,2.92,2.92,2.93,2.93,2.94,4.19,4.19,4.19,4.18,4.19,4.19,4.2,4.2,4.19,4.19,66.51,0,1,1,0,0,0,-1,0,None,aggregation
26,183.76,remora2,remora8,8.52,8.52,8.52,3.36,8.54,8.54,8.53,8.53,8.54,8.54,9.19,9.19,9.19,4.12,9.2,9.2,9.2,9.2,9.2,9.2,2.95,2.96,2.96,2.95,2.95,2.95,2.95,2.96,2.96,2.97,4.19,4.2,4.21,4.21,4.21,4.2,4.2,4.19,4.19,4.18,67.22,0,1,1,0,0,0,-1,0,None,aggregation
26,184.76,remora2,remora8,8.55,8.55,8.58,8.58,8.6,8.6,8.6,-16.11,-16.11,8.63,9.22,9.22,9.24,9.24,9.26,9.26,9.26,-15.29,-15.29,9.29,2.97,2.98,2.99,3,3,3.01,3.02,3.02,3.03,3.03,4.18,4.18,4.18,4.18,4.19,4.2,4.22,4.22,4.21,4.21,70.07,0,0,1,0,0,0,-1,0,None,aggregation
26,185.76,remora2,remora8,8.63,9.09,9.1,9.1,-15.98,-15.98,-16.32,-16.32,9.54,9.54,9.29,9.74,9.76,9.76,-15.15,-15.15,-15.5,-15.5,10.18,10.18,3.03,3.04,3.05,3.05,3.05,3.05,3.04,3.03,3.03,3.03,4.2,4.2,4.21,4.2,4.2,4.18,4.17,4.16,4.16,4.16,73.82,0,0,1,0,0,0,-1,0,None,aggregation
26,186.76,remora2,remora8,9.54,9.54,9.55,9.55,9.57,-16.79,-16.79,-16.79,10.04,10.04,10.18,10.18,10.2,10.2,10.22,-15.96,-15.96,-15.96,10.68,10.68,3.04,3.05,3.05,3.06,3.06,3.06,3.07,3.07,3.08,3.08,4.17,4.17,4.17,4.16,4.16,4.15,4.14,4.13,4.13,4.13,78.8,0,0,1,0,0,0,-1,0,None,aggregation
26,187.76,remora2,remora8,0,0,30,30,0,0,0,-10.37,10.08,10.08,0,0,30,30,0,0,0,-9.55,10.72,10.72,3.09,3.09,3.09,3.09,3.09,3.09,3.1,3.1,3.11,3.12,4.14,4.15,4.15,4.15,4.15,4.15,4.14,4.14,4.13,4.13,82.73,0,0,1,0,0,0,-1,0,None,aggregation
26,188.76,remora2,remora8,10.09,10.09,10.09,10.1,10.1,-17.15,-17.15,-17.15,0,0,10.73,10.73,10.73,10.74,10.74,-16.33,-16.33,-16.33,0,0,3.13,3.13,3.12,3.12,3.13,3.13,3.13,3.13,3.13,3.13,4.14,4.15,4.16,4.16,4.16,4.16,4.15,4.15,4.14,4.14,85.77,0,0,1,0,0,0,-1,0,None,aggregation
26,189.76,remora2,remora8,30,30,30,0,9.68,9.68,9.68,9.68,9.68,9.68,30,30,30,0,10.32,10.32,10.32,10.32,10.32,10.32,3.13,3.13,3.13,3.13,3.13,3.13,3.14,3.14,3.14,3.14,4.13,4.14,4.16,4.17,4.18,4.18,4.18,4.18,4.17,4.17,96.75,0,0,1,0,0,0,-1,0,None,aggregation
26,190.76,remora2,remora8,9.68,9.68,9.68,9.69,9.69,9.69,9.69,-17,-17,-16.99,10.32,10.33,10.33,10.33,10.34,10.34,10.34,-16.18,-16.18,-16.17,3.14,3.15,3.15,3.15,3.15,3.15,3.16,3.15,3.15,3.15,4.17,4.17,4.17,4.17,4.18,4.19,4.19,4.19,4.18,4.16,100.57,0,0,1,0,0,0,-1,0,None,aggregation
26,191.76,remora2,remora8,-16.63,-16.63,-16.63,10.58,-24.51,-24.51,-24.51,-15.95,-15.95,0,-15.8,-15.8,-15.8,11.2,-25.34,-25.34,-25.34,-15.13,-15.13,0,3.15,3.16,3.16,3.17,3.18,3.18,3.18,3.18,3.19,3.19,4.15,4.14,4.14,4.15,4.16,4.16,4.15,4.14,4.13,4.12,109.83,0,0,1,0,0,0,-1,0,None,aggregation
26,192.76,remora2,remora8,0,0,0,11.46,-15.76,-15.76,-15.69,-15.69,11.88,11.88,0,0,0,12.07,-14.94,-14.94,-14.87,-14.87,12.48,12.48,3.18,3.18,3.18,3.18,3.19,3.18,3.18,3.18,3.18,3.17,4.12,4.12,4.12,4.12,4.12,4.12,4.1,4.1,4.1,4.11,115.1,0,0,1,0,0,0,-1,0,None,aggregation
26,193.76,remora2,remora8,11.88,-25.9,-25.9,-23.5,12.31,12.31,12.31,12.31,12.7,12.7,12.48,-26.72,-26.72,-22.68,12.9,12.9,12.9,12.9,13.29,13.29,3.17,3.18,3.18,3.18,3.19,3.18,3.18,3.18,3.18,3.18,4.12,4.12,4.1,4.09,4.08,4.08,4.07,4.07,4.06,4.07,123.18,0,0,1,0,0,0,-1,0,None,aggregation
26,194.76,remora2,remora8,12.7,-14.5,12.7,12.7,13.1,13.1,13.1,0,0,0,13.29,-13.68,13.29,13.29,13.68,13.68,13.68,0,0,0,3.17,3.17,3.16,3.16,3.16,3.16,3.16,3.16,3.16,3.16,4.07,4.08,4.07,4.07,4.07,4.08,4.08,4.07,4.07,4.07,122.23,0,0,1,0,0,0,-1,0,None,aggregation
26,195.76,remora2,remora8,-13.96,-13.96,-21.71,-21.71,0,0,0,0,0,-28.24,-13.13,-13.13,-20.89,-20.89,0,0,0,0,0,-29.06,3.16,3.17,3.17,3.18,3.19,3.2,3.2,3.21,3.21,3.21,4.08,4.08,4.09,4.08,4.07,4.07,4.07,4.07,4.06,4.05,120.07,0,0,1,0,0,0,-1,0,None,aggregation
26,196.76,remora2,remora8,-28.24,13.95,-13.14,-13.14,-13.14,-13.02,-13.02,14.36,14.36,0,-29.06,14.52,-12.32,-12.32,-12.32,-12.2,-12.2,14.92,14.92,0,3.22,3.22,3.22,3.22,3.23,3.24,3.24,3.25,3.24,3.24,4.04,4.05,4.06,4.06,4.06,4.06,4.06,4.05,4.05,4.05,121.71,0,0,1,0,0,0,-1,0,None,aggregation
26,197.76,remora2,remora8,0,0,-29.22,-29.22,-29.22,-12.02,-12.02,-12.02,-29.34,-29.34,0,0,-30.04,-30.04,-30.04,-11.2,-11.2,-11.2,-30.17,-30.17,3.24,3.24,3.25,3.25,3.26,3.26,3.26,3.26,3.27,3.28,4.05,4.05,4.06,4.05,4.04,4.03,4.03,4.02,4.01,4.01,130.96,0,0,1,0,0,0,-1,0,None,aggregation
26,198.76,remora2,remora8,-11.85,-11.67,-11.67,-29.44,-29.44,15.93,15.93,-29.56,-10.65,-10.65,-11.03,-10.85,-10.85,-30.27,-30.27,16.46,16.46,-30.38,-9.83,-9.83,3.28,3.28,3.28,3.29,3.3,3.3,3.31,3.31,3.32,3.32,4.02,4.02,4.02,4.01,4.01,4,4.01,4,4,4,138.38,0,0,1,0,0,0,-1,0,None,aggregation
26,199.76,remora2,remora8,-10.65,-10.65,-10.65,-10.65,-30.27,-30.27,-30.27,-9.33,-9.33,-8.94,-9.83,-9.83,-9.83,-9.83,-29.45,-29.45,-29.45,-8.5,-8.5,-8.12,3.33,3.33,3.33,3.33,3.33,3.33,3.32,3.31,3.3,3.29,4,4,3.99,3.99,3.99,3.99,3.99,4,4,4,139.07,0,0,1,0,0,0,-1,0,None,aggregation
26,200.76,remora2,remora8,-8.94,-29.93,-29.93,-8.59,-8.59,18.13,18.13,-29.6,-29.6,-7.45,-8.12,-29.11,-29.11,-7.77,-7.77,18.61,18.61,-28.78,-28.78,-6.63,3.28,3.26,3.24,3.22,3.21,3.22,3.24,3.24,3.21,3.19,3.99,3.98,3.98,3.97,3.97,3.96,3.96,3.97,3.97,3.97,145.7,0,0,1,0,0,0,-1,0,None,aggregation
26,201.76,remora2,remora8,-7.45,-7.24,-7.14,-7.14,-6.61,-6.61,-6.61,-28.96,-28.96,-1.2,-6.63,-6.42,-6.32,-6.32,-5.79,-5.79,-5.79,-28.13,-28.13,-0.38,3.18,3.18,3.17,3.17,3.16,3.15,3.15,3.13,3.11,3.09,3.97,3.97,3.97,3.97,3.96,3.96,3.95,3.95,3.95,3.96,139.54,0,0,1,0,0,0,-1,0,None,aggregation
26,202.76,remora2,remora8,-1.2,19.8,19.8,-5.83,-5.83,-5.75,0,0,0,0,-0.38,20.24,20.24,-5.01,-5.01,-4.92,0,0,0,0,3.09,3.1,3.12,3.13,3.12,3.12,3.12,3.12,3.11,3.11,3.96,3.96,3.96,3.96,3.96,3.95,3.95,3.96,3.96,3.97,135.51,0,0,1,0,0,0,-1,0,None,aggregation
26,203.76,remora2,remora8,-5.29,-5.29,-5.29,-5.29,-5.29,-27.84,20.45,20.45,-27.52,-27.52,-4.47,-4.47,-4.47,-4.47,-4.47,-27.02,20.88,20.88,-26.7,-26.7,3.11,3.11,3.11,3.1,3.1,3.09,3.07,3.08,3.1,3.09,3.98,3.98,3.98,3.97,3.97,3.97,3.97,3.97,3.98,3.98,133.81,0,0,1,0,0,0,-1,0,None,aggregation
26,204.76,remora2,remora8,-27.52,0,0,0,0,-27.19,-3.86,-3.86,-3.86,-3.86,-26.7,0,0,0,0,-26.37,-3.04,-3.04,-3.04,-3.04,3.07,3.05,3.05,3.05,3.06,3.04,3.02,3.01,3.01,3,3.97,3.97,3.97,3.97,3.98,3.98,3.97,3.97,3.97,3.97,131.26,0,0,1,0,0,0,-1,0,None,aggregation
26,205.76,remora2,remora8,-26.85,-3.57,-3.18,-3.18,-25.74,-25.74,-25.74,21.97,21.97,-2.36,-26.03,-2.75,-2.36,-2.36,-24.92,-24.92,-24.92,22.36,22.36,-1.54,2.98,2.97,2.96,2.96,2.96,2.94,2.92,2.92,2.94,2.95,3.97,3.97,3.98,3.98,3.99,3.98,3.98,3.98,3.97,3.97,137.16,0,1,1,0,0,0,-1,0,None,aggregation
26,206.76,remora2,remora8,-2.36,0,0,0,-1.97,-1.97,-1.79,-1.79,-1.79,-24.47,-1.54,0,0,0,-1.15,-1.15,-0.97,-0.97,-0.97,-23.65,2.95,2.95,2.95,2.95,2.95,2.95,2.95,2.95,2.95,2.94,3.97,3.98,3.98,3.98,3.98,3.98,3.97,3.98,3.98,3.99,126.93,0,1,1,0,0,0,-1,0,None,aggregation
26,207.76,remora2,remora8,-24.47,-1.31,-1.31,-23.61,-23.61,-0.78,-0.35,-0.35,-0.35,-0.37,-23.65,-0.49,-0.49,-22.78,-22.78,0.04,0.47,0.47,0.47,0.45,2.93,2.92,2.91,2.9,2.88,2.88,2.88,2.88,2.88,2.88,3.99,3.99,3.99,3.99,3.99,3.98,3.98,3.98,3.97,3.97,115.89,0,1,1,0,0,0,-1,0,None,aggregation
26,208.76,remora2,remora8,-0.37,-22.22,0.16,0.16,0.16,-21.76,0.75,0.75,0.75,0.96,0.45,-21.39,0.97,0.97,0.97,-20.94,1.55,1.55,1.55,1.76,2.88,2.87,2.85,2.85,2.85,2.84,2.83,2.82,2.82,2.82,3.98,3.99,3.99,3.99,3.99,3.99,3.98,3.98,3.98,3.98,103.21,0,1,1,0,0,0,-1,0,None,aggregation
26,209.76,remora2,remora8,0.96,1.18,1.18,-20.77,-20.77,1.67,1.67,-19.78,-19.78,2.09,1.76,1.98,1.98,-19.95,-19.95,2.46,2.46,-18.96,-18.96,2.87,2.82,2.83,2.83,2.82,2.81,2.8,2.8,2.79,2.78,2.77,3.99,4,4,4,4,4,3.99,3.99,3.99,3.99,96.58,0,1,1,0,0,0,-1,0,None,aggregation
26,210.76,remora2,remora8,2.09,-19.29,2.69,2.69,-18.25,-18.25,3.32,3.32,-17.44,-17.44,2.87,-18.47,3.45,3.45,-17.43,-17.43,4.08,4.08,-16.62,-16.62,2.77,2.77,2.76,2.76,2.76,2.75,2.74,2.74,2.74,2.74,4,4,4,4,4,4,4.01,4.02,4.02,4.02,88.44,0,1,1,0,0,0,-1,0,None,aggregation
26,211.76,remora2,remora8,-17.44,-8.75,-8.75,-16.68,4.33,4.33,4.33,-15.61,-15.61,-15.61,-16.62,-7.93,-7.93,-15.86,5.07,5.07,5.07,-14.79,-14.79,-14.79,2.72,2.72,2.71,2.71,2.7,2.7,2.7,2.7,2.69,2.68,4.02,4.02,4.02,4.02,4.02,4.02,4.01,4.02,4.03,4.04,89.02,0,1,1,0,0,0,-1,0,None,aggregation
26,212.76,remora2,remora8,-15.08,-15.08,-15.08,5.54,5.54,-14.01,-13.44,-13.44,-13.44,-13.17,-14.25,-14.25,-14.25,6.26,6.26,-13.18,-12.62,-12.62,-12.62,-12.35,2.67,2.66,2.65,2.65,2.65,2.65,2.64,2.64,2.63,2.63,4.04,4.05,4.04,4.04,4.04,4.04,4.04,4.04,4.05,4.06,95.44,0,1,1,0,0,0,-1,0,None,aggregation
26,213.76,remora2,remora8,-13.17,-13.17,-12.38,-12.38,-12.38,-11.83,-11.83,-11.28,-11.28,-10.74,-12.35,-12.35,-11.56,-11.56,-11.56,-11.01,-11.01,-10.46,-10.46,-9.91,2.62,2.62,2.62,2.61,2.61,2.6,2.6,2.6,2.59,2.58,4.07,4.07,4.07,4.06,4.06,4.07,4.07,4.07,4.08,4.08,92.34,0,1,1,0,0,0,-1,0,None,aggregation
26,214.76,remora2,remora8,-10.74,-10.19,-9.91,-9.91,-9.91,-9.1,-8.55,-8.55,-8.55,-8,-9.91,-9.37,-9.09,-9.09,-9.09,-8.27,-7.72,-7.72,-7.72,-7.17,2.58,2.57,2.57,2.56,2.56,2.56,2.56,2.56,2.56,2.56,4.08,4.08,4.08,4.09,4.1,4.11,4.12,4.12,4.12,4.12,94.49,0,1,1,0,0,0,-1,0,None,aggregation
26,215.76,remora2,remora8,-8,-7.44,-7.44,-7.44,-25.03,-25.03,-25.03,-5.76,-5.23,-5.23,-7.17,-6.62,-6.62,-6.62,-24.21,-24.21,-24.21,-4.94,-4.41,-4.41,2.55,2.56,2.56,2.57,2.57,2.57,2.56,2.56,2.56,2.56,4.12,4.12,4.12,4.12,4.12,4.13,4.14,4.15,4.16,4.16,90.51,0,1,1,0,0,0,-1,0,None,aggregation
26,216.76,remora2,remora8,-5.23,-4.69,-4.69,-4.69,-4.16,-4.16,-4.16,11.42,11.42,-3.62,-4.41,-3.87,-3.87,-3.87,-3.34,-3.34,-3.34,12.03,12.03,-2.8,2.55,2.55,2.55,2.55,2.54,2.54,2.54,2.55,2.55,2.56,4.16,4.16,4.16,4.15,4.15,4.16,4.17,4.17,4.17,4.17,92.74,0,1,1,0,0,0,-1,0,None,aggregation
26,217.76,remora2,remora8,-3.62,-23.64,-23.64,11.96,11.96,-2.54,-2.53,-2.53,-2.53,-1.98,-2.8,-22.82,-22.82,12.56,12.56,-1.72,-1.71,-1.71,-1.71,-1.16,2.56,2.56,2.55,2.55,2.55,2.55,2.55,2.56,2.57,2.57,4.17,4.17,4.18,4.18,4.17,4.16,4.16,4.17,4.18,4.18,93.88,0,1,1,0,0,0,-1,0,None,aggregation
26,218.76,remora2,remora8,-1.98,12.76,-1.44,-1.44,-1.43,-1.43,-1.43,8.1,8.1,13.32,-1.16,13.35,-0.62,-0.62,-0.61,-0.61,-0.61,8.78,8.78,13.9,2.57,2.57,2.57,2.58,2.58,2.58,2.58,2.58,2.59,2.6,4.18,4.17,4.16,4.17,4.17,4.17,4.17,4.17,4.16,4.16,93.93,0,1,1,0,0,0,-1,0,None,aggregation
26,219.76,remora2,remora8,13.32,-23.08,-0.33,-0.33,9,9,1.28,1.28,1.58,1.58,13.9,-22.26,0.49,0.49,9.66,9.66,2.07,2.07,2.37,2.37,2.61,2.61,2.61,2.62,2.62,2.63,2.64,2.65,2.66,2.67,4.16,4.17,4.19,4.19,4.19,4.3,4.3,4.29,4.28,4.28,91.11,0,1,1,0,0,0,-1,0,None,aggregation
26,220.76,remora2,remora8,2.12,2.12,9.54,9.54,9.54,2.91,2.91,3.44,3.44,3.96,2.89,2.89,10.18,10.18,10.18,3.67,3.67,4.19,4.19,4.71,2.68,2.68,2.69,2.7,2.71,2.72,2.73,2.74,2.75,2.75,4.28,4.27,4.27,4.26,4.25,4.25,4.25,4.25,4.26,4.26,85.96,0,1,1,0,0,0,-1,0,None,aggregation
26,221.76,remora2,remora8,3.96,16.11,16.11,16.11,16.18,16.18,16.24,16.24,16.24,9.36,4.71,16.63,16.63,16.63,16.7,16.7,16.76,16.76,16.76,10.01,2.75,2.75,2.75,2.76,2.77,2.78,2.79,2.8,2.81,2.81,4.25,4.25,4.24,4.22,4.22,4.21,4.21,4.21,4.2,4.2,89.55,0,1,1,0,0,0,-1,0,None,aggregation
26,222.76,remora2,remora8,9.36,16.35,16.61,16.61,16.61,16.66,9.77,9.77,9.77,16.76,10.01,16.87,17.12,17.12,17.12,17.17,10.41,10.41,10.41,17.26,2.82,2.83,2.84,2.86,2.87,2.87,2.88,2.88,2.89,2.9,4.2,4.19,4.19,4.19,4.2,4.2,4.19,4.19,4.19,4.18,91.53,0,1,1,0,0,0,-1,0,None,aggregation
26,223.76,remora2,remora8,9.67,9.67,17.05,17.05,17.05,17.09,17.09,9.82,17.41,17.41,10.32,10.32,17.55,17.55,17.55,17.59,17.59,10.47,17.9,17.9,2.92,2.93,2.94,2.94,2.95,2.96,2.97,2.98,3,3.01,4.18,4.17,4.17,4.17,4.17,4.17,4.16,4.16,4.15,4.14,95.1,0,1,1,0,0,0,-1,0,None,aggregation
26,224.76,remora2,remora8,17.41,17.45,17.45,17.53,17.74,17.74,17.74,17.79,17.84,17.84,17.9,17.94,17.94,18.02,18.23,18.23,18.23,18.28,18.32,18.32,3.02,3.03,3.04,3.05,3.06,3.07,3.07,3.08,3.1,3.11,4.14,4.14,4.14,4.14,4.15,4.14,4.13,4.12,4.11,4.11,104.07,0,0,1,0,0,0,-1,0,None,aggregation
26,225.76,remora2,remora8,17.84,-18.77,-18.77,18.11,18.11,18.29,18.29,18.34,18.34,18.39,18.32,-17.95,-17.95,18.58,18.58,18.77,18.77,18.82,18.82,18.86,3.12,3.13,3.13,3.14,3.15,3.16,3.17,3.18,3.19,3.2,4.11,4.11,4.12,4.12,4.12,4.11,4.1,4.09,4.09,4.08,110.75,0,0,1,0,0,0,-1,0,None,aggregation
26,226.76,remora2,remora8,18.39,28.22,28.22,8,8,15.59,15.59,28.08,28.08,18.42,18.86,28.4,28.4,8.68,8.68,16.12,16.12,28.26,28.26,18.89,3.21,3.22,3.23,3.24,3.25,3.27,3.28,3.29,3.27,3.25,4.07,4.07,4.07,4.07,4.06,4.06,4.06,4.06,4.06,4.06,125.06,0,0,1,0,0,0,-1,0,None,aggregation
26,227.76,remora2,remora8,18.85,18.85,18.91,18.91,18.91,-23.24,9.96,9.96,-15.75,-15.75,19.31,19.31,19.37,19.37,19.37,-24.06,10.6,10.6,-14.93,-14.93,3.23,3.21,3.2,3.18,3.16,3.16,3.18,3.18,3.17,3.18,4.06,4.06,4.05,4.04,4.03,4.03,4.03,4.03,4.04,4.04,133.68,0,0,1,0,0,0,-1,0,None,aggregation
26,228.76,remora2,remora8,-15.75,19.48,19.48,19.66,19.66,26.59,26.59,19.89,11.09,11.09,-14.93,19.93,19.93,20.1,20.1,26.84,26.84,20.33,11.71,11.71,3.19,3.19,3.17,3.16,3.14,3.12,3.1,3.07,3.06,3.04,4.04,4.04,4.03,4.03,4.03,4.03,4.03,4.03,4.02,4.02,147.74,0,0,1,0,0,0,-1,0,None,aggregation
26,229.76,remora2,remora8,11.09,27.89,12.08,12.08,12.08,20.02,20.02,26.18,26.35,26.35,11.71,28.08,12.67,12.67,12.67,20.45,20.45,26.44,26.6,26.6,3.03,3.02,3,2.98,2.97,2.96,2.94,2.92,2.9,2.87,4.02,4.01,4.01,4,4,4,4.01,4.01,4.01,4,161.12,0,1,1,0,0,0,-1,0,None,aggregation
26,230.76,remora2,remora8,25.46,25.46,27.71,27.71,23.46,23.46,23.2,23.2,27.37,27.37,25.75,25.75,27.91,27.91,23.81,23.81,23.56,23.56,27.59,27.59,2.85,2.83,2.81,2.79,2.76,2.74,2.72,2.7,2.68,2.66,4,3.99,3.99,3.98,3.97,3.97,3.96,3.96,3.95,3.95,181.39,0,1,1,0,0,0,-1,0,None,aggregation
26,231.76,remora2,remora8,27.36,27.36,19.73,19.73,19.73,11.75,11.75,22.61,22.61,19.86,27.58,27.58,20.17,20.17,20.17,12.35,12.35,22.98,22.98,20.3,2.64,2.61,2.59,2.57,2.56,2.54,2.53,2.52,2.5,2.48,3.95,3.94,3.94,3.93,3.93,3.93,3.93,3.93,3.93,3.93,187.3,0,1,1,0,0,0,-1,0,None,aggregation
26,232.76,remora2,remora8,19.86,20.31,26.99,26.99,19.46,19.46,26.7,26.7,26.7,26.7,20.3,20.74,27.22,27.22,19.91,19.91,26.95,26.95,26.95,26.95,2.47,2.45,2.43,2.41,2.39,2.37,2.36,2.34,2.32,2.3,3.92,3.91,3.91,3.91,3.9,3.9,3.9,3.89,3.88,3.87,197.33,0,1,1,0,0,0,-1,0,None,aggregation
26,233.76,remora2,remora8,19.75,18.9,18.9,18.81,18.81,24.53,16.98,16.98,16.98,26.08,20.19,19.36,19.36,19.27,19.27,24.84,17.49,17.49,17.49,26.34,2.28,2.27,2.25,2.24,2.22,2.21,2.19,2.17,2.16,2.14,3.86,3.86,3.85,3.85,3.84,3.84,3.84,3.83,3.83,3.82,202.02,0,1,1,0,0,0,-1,0,None,aggregation
26,234.76,remora2,remora8,18.12,18.12,18.12,18.12,20.72,18.59,25.63,25.63,25.41,25.41,18.6,18.6,18.6,18.6,21.13,19.06,25.91,25.91,25.7,25.7,2.13,2.11,2.1,2.08,2.07,2.05,2.04,2.02,2,1.98,3.81,3.81,3.8,3.8,3.8,3.79,3.78,3.78,3.77,3.77,205.71,0,1,1,0,0,0,-1,0,None,aggregation
26,235.76,remora2,remora8,25.41,23.44,23.44,16.71,19.69,19.69,19.69,17.38,17.38,24.44,25.7,23.79,23.79,17.22,20.13,20.13,20.13,17.87,17.87,24.76,1.96,1.95,1.93,1.91,1.9,1.89,1.87,1.86,1.85,1.83,3.77,3.77,3.77,3.77,3.76,3.76,3.75,3.74,3.74,3.73,208.21,0,1,1,0,0,0,-1,0,None,aggregation
26,236.76,remora2,remora8,19.12,19.12,19.12,16.85,16.85,23.92,23.92,12.45,12.45,23.38,19.58,19.58,19.58,17.36,17.36,24.25,24.25,13.04,13.04,23.73,1.82,1.8,1.79,1.78,1.77,1.75,1.74,1.73,1.72,1.71,3.73,3.73,3.73,3.73,3.72,3.72,3.71,3.71,3.7,3.71,207.3,0,1,1,0,0,0,-1,0,None,aggregation
26,237.76,remora2,remora8,23.37,23.37,22.96,22.96,22.96,13.94,22.38,22.38,22.38,22.09,23.72,23.72,23.32,23.32,23.32,14.5,22.76,22.76,22.76,22.47,1.69,1.68,1.66,1.65,1.64,1.62,1.62,1.6,1.59,1.58,3.71,3.71,3.71,3.71,3.7,3.7,3.69,3.69,3.69,3.69,212.32,0,1,1,0,0,0,-1,0,None,aggregation
26,238.76,remora2,remora8,22.09,10.58,10.58,20.19,21.32,21.32,21.32,0,0,0,22.47,11.2,11.2,20.62,21.72,21.72,21.72,0,0,0,1.57,1.56,1.55,1.54,1.53,1.52,1.51,1.51,1.51,1.51,3.69,3.69,3.69,3.69,3.68,3.69,3.69,3.7,3.71,3.71,206.14,0,1,1,0,0,0,-1,0,None,aggregation
26,239.76,remora2,remora8,0,0,0,0,0,0,0,0,0,0,0,0,0,0,0,0,0,0,0,0,1.51,1.51,1.51,1.51,1.51,1.51,1.51,1.51,1.51,1.51,3.7,3.7,3.7,3.7,3.7,3.69,3.69,3.69,3.69,3.69,186.51,0,1,1,0,0,0,-1,0,None,aggregation
26,240.76,remora2,remora8,0,0,0,0,0,0,0,0,0,0,0,0,0,0,0,0,0,0,0,0,1.51,1.51,1.51,1.51,1.51,1.51,1.51,1.51,1.51,1.51,3.69,3.7,3.7,3.7,3.69,3.69,3.69,3.69,3.68,3.69,160.93,0,1,1,0,0,0,-1,0,None,aggregation
26,241.76,remora2,remora8,0,0,0,0,0,0,0,0,0,0,0,0,0,0,0,0,0,0,0,0,1.51,1.51,1.51,1.51,1.51,1.51,1.51,1.51,1.51,1.51,3.69,3.69,3.69,3.68,3.68,3.68,3.68,3.68,3.67,3.67,140.48,0,1,1,0,0,0,-1,0,None,aggregation
26,242.76,remora2,remora8,0,0,0,0,0,0,0,0,0,0,0,0,0,0,0,0,0,0,0,0,1.51,1.51,1.51,1.51,1.51,1.51,1.51,1.51,1.51,1.51,3.67,3.66,3.65,3.64,3.63,3.62,3.61,3.61,3.61,3.6,116.33,0,1,1,0,0,0,-1,0,None,aggregation
26,243.76,remora2,remora8,0,0,0,0,0,0,0,0,0,0,0,0,0,0,0,0,0,0,0,0,1.51,1.51,1.51,1.51,1.51,1.51,1.51,1.51,1.51,1.51,3.6,3.6,3.59,3.58,3.57,3.56,3.56,3.56,3.56,3.56,96.44,0,1,1,0,0,0,-1,0,None,aggregation
26,124.76,remora2,remora1,7.91,7.91,7.91,7.7,9.45,9.45,8.2,8.2,8.45,8.45,8.58,8.58,8.58,8.38,10.1,10.1,8.87,8.87,9.12,9.12,3.7,3.72,3.73,3.74,3.74,3.74,3.75,3.75,3.73,3.74,4.83,4.84,4.84,4.84,4.84,4.84,4.85,4.85,4.85,4.85,110.76,0,0,1,0,0,0,-1,0,None,aggregation
26,125.76,remora2,remora1,8.69,8.69,8.94,8.94,-18.46,-18.46,-18.49,-18.49,-18.56,-18.56,9.35,9.35,9.6,9.6,-17.64,-17.64,-17.67,-17.67,-17.74,-17.74,3.75,3.75,3.75,3.75,3.75,3.78,3.82,3.85,3.87,3.9,4.86,4.86,4.86,4.87,4.87,4.89,4.91,4.93,4.96,4.98,109.35,0,0,1,0,0,0,-1,0,None,aggregation
26,126.76,remora2,remora1,-18.73,-18.73,7.18,7.18,6.96,6.96,-12.45,-12.45,7,7,-17.91,-17.91,7.87,7.87,7.65,7.65,-11.63,-11.63,7.69,7.69,3.94,3.96,3.96,3.96,3.96,3.95,3.95,3.95,3.95,3.94,5,5.02,5.04,5.04,5.04,5.04,5.05,5.06,5.07,5.07,106.42,0,0,1,0,0,0,-1,0,None,aggregation
26,127.76,remora2,remora1,7.01,7.01,-12.2,-12.2,-12.2,-12.2,-12.2,7.08,10.46,10.46,7.7,7.7,-11.38,-11.38,-11.37,-11.37,-11.37,7.77,9.14,9.14,3.94,3.93,3.92,3.94,3.97,3.97,3.97,3.96,3.95,3.92,5.07,5.08,5.08,5.09,5.11,5.13,5.14,5.15,5.15,5.15,106.38,0,0,1,0,0,0,-1,0,None,aggregation
26,128.76,remora2,remora1,7.1,7.1,7.12,7.12,-12.63,-12.63,6.94,6.94,6.73,6.73,7.79,7.79,7.81,7.81,-11.81,-11.81,7.64,7.64,7.43,7.43,3.89,3.89,3.89,3.9,3.89,3.88,3.87,3.86,3.85,3.83,5.14,5.15,5.15,5.16,5.16,5.17,5.19,5.19,5.19,5.18,102.99,0,0,1,0,0,0,-1,0,None,aggregation
26,129.76,remora2,remora1,-12.68,-12.68,3.44,3.44,-12.81,-12.81,7.01,7.01,7.02,7.02,-11.86,-11.86,4.19,4.19,-11.99,-11.99,7.7,7.7,7.71,7.71,3.81,3.81,3.81,3.79,3.77,3.77,3.78,3.77,3.75,3.75,5.18,5.19,5.2,5.2,5.21,5.22,5.24,5.24,5.24,5.25,99.96,0,0,1,0,0,0,-1,0,None,aggregation
26,130.76,remora2,remora1,7.02,-12.59,-12.73,-12.73,6.86,6.86,10.52,10.52,-12.88,-12.88,7.71,-11.76,-11.91,-11.91,7.56,7.56,8.84,8.84,-12.06,-12.06,3.76,3.77,3.77,3.77,3.78,3.77,3.75,3.73,3.7,3.71,5.26,5.27,5.29,5.3,5.32,5.32,5.33,5.33,5.33,5.34,101.03,0,0,1,0,0,0,-1,0,None,aggregation
26,131.76,remora2,remora1,6.66,6.66,-12.91,-12.91,6.69,6.69,6.71,6.71,-12.93,-12.93,7.36,7.36,-12.09,-12.09,7.39,7.39,7.4,7.4,-12.11,-12.11,3.73,3.73,3.71,3.7,3.69,3.68,3.66,3.65,3.64,3.63,5.36,5.36,5.36,5.37,5.38,5.38,5.38,5.38,5.38,5.38,99.32,0,0,1,0,0,0,-1,0,None,aggregation
26,132.76,remora2,remora1,1.6,1.6,-12.85,-12.85,10.54,10.54,10.54,10.54,10.54,6.56,2.38,2.38,-12.02,-12.02,8.68,8.68,8.7,8.7,8.7,7.26,3.62,3.61,3.6,3.6,3.59,3.59,3.59,3.57,3.54,3.54,5.39,5.39,5.39,5.4,5.4,5.39,5.38,5.37,5.36,5.36,97.3,0,0,1,0,0,0,-1,0,None,aggregation
26,133.76,remora2,remora1,6.58,6.58,6.59,6.59,-13.18,-13.18,-13.4,-13.4,-13.46,-13.46,7.28,7.28,7.29,7.29,-12.36,-12.36,-12.58,-12.58,-12.64,-12.64,3.55,3.56,3.57,3.56,3.53,3.55,3.58,3.6,3.63,3.63,5.35,5.36,5.36,5.36,5.35,5.36,5.38,5.39,5.4,5.41,99.17,0,0,1,0,0,0,-1,0,None,aggregation
26,134.76,remora2,remora1,10.55,10.55,10.54,10.54,5.54,5.54,5.57,5.57,5.57,5.84,8.66,8.66,8.69,8.69,6.26,6.26,6.28,6.28,6.28,6.55,3.61,3.61,3.61,3.59,3.57,3.58,3.59,3.6,3.6,3.6,5.41,5.4,5.4,5.39,5.38,5.38,5.38,5.38,5.38,5.37,97.89,0,0,1,0,0,0,-1,0,None,aggregation
26,135.76,remora2,remora1,-13.89,-13.89,-13.89,-13.93,5.66,5.66,5.67,5.67,-13.9,-13.9,-13.07,-13.07,-13.07,-13.11,6.37,6.37,6.39,6.39,-13.07,-13.07,3.59,3.59,3.59,3.6,3.62,3.64,3.64,3.62,3.6,3.59,5.37,5.37,5.38,5.39,5.4,5.41,5.41,5.4,5.39,5.39,93.88,0,0,1,0,0,0,-1,0,None,aggregation
26,136.76,remora2,remora1,5.95,5.95,5.73,5.73,-13.79,-13.79,-13.79,-13.79,-13.79,10.56,6.66,6.66,6.45,6.45,-12.96,-12.96,-12.97,-12.97,-12.97,8.44,3.59,3.59,3.6,3.6,3.61,3.61,3.6,3.6,3.61,3.6,5.4,5.4,5.4,5.4,5.4,5.4,5.41,5.42,5.43,5.43,93.49,0,0,1,0,0,0,-1,0,None,aggregation
26,137.76,remora2,remora1,10.56,10.56,10.55,10.55,-14.56,-14.56,-14.93,-14.93,10.55,10.55,8.45,8.45,8.54,8.54,-13.74,-13.74,-14.11,-14.11,8.6,8.6,3.58,3.57,3.57,3.56,3.55,3.55,3.55,3.54,3.54,3.52,5.42,5.42,5.41,5.41,5.4,5.41,5.42,5.42,5.43,5.43,94.88,0,0,1,0,0,0,-1,0,None,aggregation
26,138.76,remora2,remora1,10.55,10.55,10.54,10.54,-15.82,-15.82,-16,-16,10.53,10.53,8.62,8.62,8.7,8.7,-15,-15,-15.18,-15.18,8.76,8.76,3.51,3.49,3.47,3.44,3.42,3.42,3.42,3.42,3.42,3.42,5.42,5.42,5.41,5.4,5.39,5.4,5.41,5.42,5.42,5.42,98.55,0,0,1,0,0,0,-1,0,None,aggregation
26,139.76,remora2,remora1,10.53,10.53,10.52,10.52,-16.88,-16.88,10.51,10.51,10.51,10.51,8.78,8.78,8.85,8.85,-16.06,-16.06,8.92,8.92,8.94,8.94,3.42,3.41,3.4,3.39,3.39,3.4,3.4,3.38,3.35,3.35,5.42,5.42,5.41,5.4,5.4,5.41,5.42,5.42,5.41,5.41,100.96,0,0,1,0,0,0,-1,0,None,aggregation
26,140.76,remora2,remora1,-17.46,-17.46,-17.42,-17.42,10.5,10.5,10.5,10.5,10.49,10.49,-16.64,-16.64,-16.6,-16.6,8.98,8.98,9,9,9.06,9.06,3.35,3.37,3.4,3.42,3.45,3.44,3.43,3.41,3.39,3.39,5.41,5.42,5.43,5.45,5.46,5.46,5.45,5.44,5.43,5.42,103.33,0,0,1,0,0,0,-1,0,None,aggregation
26,141.76,remora2,remora1,-17.92,-17.92,10.47,10.47,10.47,10.47,-18.74,-18.74,10.46,10.46,-17.1,-17.1,9.12,9.12,9.13,9.13,-17.92,-17.92,9.17,9.17,3.39,3.4,3.41,3.4,3.38,3.37,3.36,3.37,3.37,3.36,5.42,5.42,5.42,5.42,5.41,5.4,5.39,5.4,5.4,5.4,107.16,0,0,1,0,0,0,-1,0,None,aggregation
26,142.76,remora2,remora1,10.45,10.45,-18.76,-18.76,10.44,10.44,10.44,10.44,10.44,-19.28,9.19,9.19,-17.94,-17.94,9.24,9.24,9.24,9.24,9.24,-18.46,3.35,3.34,3.34,3.35,3.36,3.35,3.34,3.32,3.31,3.32,5.38,5.38,5.37,5.38,5.38,5.37,5.36,5.35,5.35,5.35,111.21,0,0,1,0,0,0,-1,0,None,aggregation
26,143.76,remora2,remora1,-19.28,-19.28,10.43,10.43,10.43,10.43,10.41,10.41,10.4,10.4,-18.46,-18.46,9.27,9.27,9.28,9.28,9.32,9.32,9.35,9.35,3.34,3.37,3.4,3.39,3.38,3.36,3.35,3.34,3.34,3.34,5.36,5.37,5.38,5.38,5.37,5.36,5.35,5.34,5.34,5.33,112.34,0,0,1,0,0,0,-1,0,None,aggregation
26,144.76,remora2,remora1,-19.72,-19.72,-19.68,-19.68,10.39,10.39,10.4,10.4,10.38,10.38,-18.9,-18.9,-18.86,-18.86,9.37,9.37,9.37,9.37,9.4,9.4,3.34,3.36,3.38,3.4,3.41,3.42,3.42,3.42,3.41,3.41,5.33,5.33,5.34,5.35,5.36,5.36,5.36,5.35,5.34,5.34,118.57,0,0,1,0,0,0,-1,0,None,aggregation
26,145.76,remora2,remora1,10.37,10.37,-20.11,-20.11,-20.11,-20.13,10.37,10.37,10.37,10.37,9.43,9.43,-19.29,-19.29,-19.29,-19.31,9.44,9.44,9.44,9.44,3.41,3.4,3.37,3.37,3.39,3.41,3.44,3.44,3.44,3.42,5.33,5.32,5.31,5.31,5.32,5.33,5.35,5.35,5.34,5.33,121.89,0,0,1,0,0,0,-1,0,None,aggregation
26,146.76,remora2,remora1,10.35,10.35,10.34,10.34,0.01,0.01,-14.16,-14.16,-14.16,-19.93,9.47,9.47,9.5,9.5,0.83,0.83,-13.34,-13.34,-13.34,-19.11,3.4,3.37,3.35,3.33,3.32,3.3,3.29,3.3,3.32,3.35,5.32,5.31,5.3,5.28,5.28,5.27,5.27,5.27,5.28,5.29,121.9,0,0,1,0,0,0,-1,0,None,aggregation
26,147.76,remora2,remora1,10.35,10.35,10.35,10.35,10.34,10.34,0.22,0.22,0.45,0.45,9.48,9.48,9.47,9.47,9.5,9.5,1.03,1.03,1.25,1.25,3.37,3.38,3.38,3.37,3.36,3.35,3.34,3.33,3.33,3.34,5.31,5.31,5.31,5.3,5.29,5.29,5.28,5.28,5.28,5.28,116.68,0,0,1,0,0,0,-1,0,None,aggregation
26,148.76,remora2,remora1,-19.57,-19.57,10.35,10.35,10.35,10.35,-19.28,-19.28,-19.24,-19.24,-18.75,-18.75,9.47,9.47,9.48,9.48,-18.46,-18.46,-18.42,-18.42,3.35,3.37,3.39,3.38,3.36,3.34,3.33,3.35,3.37,3.4,5.29,5.3,5.31,5.3,5.29,5.29,5.28,5.29,5.31,5.32,120.05,0,0,1,0,0,0,-1,0,None,aggregation
26,149.76,remora2,remora1,-19.24,10.35,10.35,10.35,10.34,10.34,10.34,10.33,-19.35,-19.35,-18.42,9.48,9.48,9.48,9.5,9.5,9.5,9.53,-18.53,-18.53,3.43,3.43,3.42,3.41,3.4,3.4,3.4,3.39,3.39,3.41,5.34,5.34,5.34,5.33,5.33,5.32,5.32,5.32,5.32,5.33,121.61,0,0,1,0,0,0,-1,0,None,aggregation
26,150.76,remora2,remora1,10.32,10.32,10.32,10.32,-22.3,-22.3,10.31,10.31,10.31,10.31,9.55,9.55,9.55,9.55,-21.48,-21.48,9.57,9.57,9.57,9.57,3.42,3.41,3.4,3.39,3.39,3.42,3.44,3.45,3.45,3.45,5.34,5.33,5.33,5.32,5.32,5.34,5.36,5.36,5.36,5.35,121.28,0,0,1,0,0,0,-1,0,None,aggregation
26,151.76,remora2,remora1,-12.66,-12.66,-12.66,-12.66,-12.66,10.31,10.31,10.31,10.3,10.3,-11.84,-11.84,-11.84,-11.84,-11.84,9.57,9.56,9.56,9.58,9.58,3.45,3.46,3.47,3.49,3.51,3.51,3.51,3.51,3.5,3.47,5.35,5.36,5.37,5.38,5.4,5.4,5.4,5.4,5.39,5.39,119.32,0,0,1,0,0,0,-1,0,None,aggregation
26,152.76,remora2,remora1,2.73,2.73,2.98,2.98,-21.51,-21.51,-17.36,-17.36,10.33,10.33,3.5,3.5,3.74,3.74,-20.69,-20.69,-16.54,-16.54,9.53,9.53,3.45,3.44,3.42,3.42,3.42,3.44,3.46,3.48,3.5,3.48,5.38,5.38,5.38,5.38,5.39,5.4,5.42,5.43,5.44,5.44,117.77,0,0,1,0,0,0,-1,0,None,aggregation
26,153.76,remora2,remora1,10.33,10.33,10.31,10.31,-16.92,-16.92,10.3,10.3,10.31,10.31,9.53,9.53,9.56,9.56,-16.09,-16.09,9.58,9.58,9.57,9.57,3.46,3.45,3.43,3.42,3.42,3.43,3.46,3.46,3.46,3.45,5.44,5.43,5.43,5.43,5.43,5.44,5.46,5.46,5.46,5.46,117.36,0,0,1,0,0,0,-1,0,None,aggregation
26,154.76,remora2,remora1,5.07,5.07,-16.04,-16.04,-15.73,-15.73,10.32,10.32,10.32,10.32,5.8,5.8,-15.22,-15.22,-14.91,-14.91,9.55,9.55,9.55,9.55,3.44,3.43,3.42,3.43,3.44,3.46,3.47,3.46,3.45,3.44,5.45,5.45,5.45,5.47,5.48,5.5,5.51,5.51,5.51,5.5,114.96,0,0,1,0,0,0,-1,0,None,aggregation
26,155.76,remora2,remora1,10.32,-15.21,-20.28,-20.28,10.32,10.32,10.31,10.31,10.3,10.3,9.55,-14.39,-19.46,-19.46,9.55,9.55,9.56,9.56,9.58,9.58,3.41,3.4,3.4,3.41,3.42,3.41,3.4,3.39,3.38,3.37,5.5,5.5,5.51,5.52,5.54,5.54,5.54,5.53,5.53,5.53,113.55,0,0,1,0,0,0,-1,0,None,aggregation
26,156.76,remora2,remora1,10.3,10.3,7.83,7.83,8.52,8.52,-13.82,-13.82,-19.53,-19.53,9.58,9.58,8.5,8.5,9.19,9.19,-12.99,-12.99,-18.71,-18.71,3.36,3.34,3.32,3.3,3.29,3.29,3.28,3.3,3.32,3.34,5.53,5.53,5.52,5.52,5.52,5.52,5.52,5.53,5.55,5.56,115.32,0,0,1,0,0,0,-1,0,None,aggregation
26,157.76,remora2,remora1,-6.78,-6.78,10.34,10.34,10.34,10.34,-12.9,-12.9,-12.92,-12.92,-5.96,-5.96,9.5,9.5,9.5,9.5,-12.08,-12.08,-12.1,-12.1,3.35,3.36,3.35,3.33,3.3,3.28,3.27,3.28,3.29,3.31,5.58,5.59,5.6,5.6,5.59,5.59,5.58,5.6,5.61,5.62,119.32,0,0,1,0,0,0,-1,0,None,aggregation
26,158.76,remora2,remora1,10.34,10.34,10.34,10.34,-12.19,-12.19,-18.95,-18.95,10.34,10.34,9.51,9.51,9.51,9.51,-11.36,-11.36,-18.13,-18.13,9.51,9.51,3.32,3.32,3.31,3.29,3.26,3.26,3.26,3.28,3.3,3.3,5.64,5.64,5.64,5.63,5.63,5.64,5.65,5.67,5.68,5.69,116,0,0,1,0,0,0,-1,0,None,aggregation
26,159.76,remora2,remora1,10.34,10.34,10.33,10.33,-11.32,-11.32,-18.54,-18.54,10.33,10.33,9.51,9.51,9.53,9.53,-10.5,-10.5,-17.72,-17.72,9.53,9.53,3.3,3.29,3.29,3.28,3.27,3.26,3.26,3.26,3.27,3.26,5.69,5.69,5.69,5.69,5.69,5.7,5.71,5.72,5.74,5.74,115.15,0,0,1,0,0,0,-1,0,None,aggregation
26,160.76,remora2,remora1,10.33,10.33,10.32,10.32,11.58,11.58,-18.83,-18.83,-11.26,-11.26,9.53,9.53,9.55,9.55,12.19,12.19,-18.01,-18.01,-10.44,-10.44,3.25,3.24,3.23,3.23,3.22,3.21,3.21,3.22,3.23,3.24,5.74,5.74,5.74,5.74,5.74,5.74,5.75,5.76,5.78,5.79,115.02,0,0,1,0,0,0,-1,0,None,aggregation
26,161.76,remora2,remora1,10.33,10.33,10.32,10.32,-11.66,-11.66,-11.67,-11.67,10.33,10.33,9.53,9.53,9.54,9.54,-10.84,-10.84,-10.85,-10.85,9.53,9.53,3.25,3.24,3.22,3.21,3.19,3.2,3.21,3.21,3.2,3.18,5.8,5.8,5.8,5.8,5.8,5.81,5.82,5.83,5.84,5.84,114.39,0,0,1,0,0,0,-1,0,None,aggregation
26,162.76,remora2,remora1,10.33,10.33,-19.06,-19.06,10.32,10.32,10.32,10.31,11.77,11.77,9.53,9.53,-18.23,-18.23,9.55,9.55,9.55,9.56,12.37,12.37,3.16,3.15,3.14,3.16,3.18,3.18,3.17,3.16,3.15,3.13,5.14,5.13,5.13,5.15,5.16,5.16,5.16,5.16,5.16,5.15,115.6,0,0,1,0,0,0,-1,0,None,aggregation
26,163.76,remora2,remora1,11.77,11.77,12.2,12.2,-11.61,-11.61,-11.61,-11.66,-11.79,-11.79,12.38,12.38,12.8,12.8,-10.79,-10.79,-10.79,-10.84,-10.97,-10.97,3.1,3.08,3.06,3.04,3.02,3.02,3.02,3.03,3.04,3.05,5.14,5.13,5.12,5.12,5.11,5.12,5.13,5.14,5.15,5.16,116.02,0,0,1,0,0,0,-1,0,None,aggregation
26,164.76,remora2,remora1,12.2,12.2,-11.24,-11.24,-11.17,-11.17,-11.13,-11.13,10.39,10.39,12.8,12.8,-10.42,-10.42,-10.34,-10.34,-10.31,-10.31,9.38,9.38,3.04,3.02,3,2.99,2.99,3,3.01,3.03,3.04,3.04,5.16,5.15,5.15,5.15,5.16,5.17,5.18,5.2,5.2,5.21,115.71,0,0,1,0,0,0,-1,0,None,aggregation
26,165.76,remora2,remora1,10.39,10.39,-11.28,-11.28,-11.35,-11.35,10.39,10.39,10.39,10.39,9.38,9.38,-10.46,-10.46,-10.53,-10.53,9.39,9.39,9.39,9.39,3.03,3.01,2.99,2.98,2.97,2.98,2.99,2.99,2.98,2.97,5.2,5.2,5.19,5.19,5.2,5.21,5.22,5.22,5.21,5.21,113.6,0,1,1,0,0,0,-1,0,None,aggregation
26,166.76,remora2,remora1,-11.56,-11.56,12.41,12.41,-11.42,-11.42,-11.42,-11.42,10.4,10.4,-10.74,-10.74,13,13,-10.59,-10.59,-10.59,-10.59,9.35,9.35,2.95,2.96,2.97,2.96,2.95,2.96,2.97,2.97,2.97,2.95,5.2,5.21,5.22,5.22,5.21,5.22,5.23,5.24,5.25,5.24,112.85,0,1,1,0,0,0,-1,0,None,aggregation
26,167.76,remora2,remora1,10.4,10.4,-11.88,-11.88,-11.9,-11.9,10.39,10.39,10.39,10.39,9.36,9.36,-11.06,-11.06,-11.08,-11.08,9.37,9.37,9.38,9.38,2.93,2.92,2.91,2.92,2.92,2.92,2.91,2.9,2.88,2.86,5.23,5.23,3.92,3.93,3.93,3.94,3.94,3.93,3.92,3.91,113.13,0,1,1,0,0,0,-1,0,None,aggregation
26,168.76,remora2,remora1,-19.65,-19.65,-19.7,-19.7,10.39,10.39,10.39,10.39,10.38,10.38,-18.83,-18.83,-18.88,-18.88,9.39,9.39,9.39,9.39,9.42,9.42,2.85,2.87,2.89,2.9,2.91,2.91,2.9,2.88,2.86,2.84,3.9,3.91,3.93,3.95,3.96,3.96,3.95,3.94,3.93,3.92,114.75,0,1,1,0,0,0,-1,0,None,aggregation
26,169.76,remora2,remora1,10.36,10.36,-13.12,-13.12,-13.12,-13.12,10.36,10.36,10.36,10.36,9.45,9.45,-12.3,-12.3,-12.3,-12.3,9.45,9.45,9.46,9.46,2.82,2.81,2.8,2.8,2.82,2.83,2.84,2.83,2.81,2.79,3.9,3.89,3.88,3.89,3.91,3.92,3.93,3.92,3.91,3.9,114.01,0,1,1,0,0,0,-1,0,None,aggregation
26,170.76,remora2,remora1,-13.32,-13.32,10.35,10.35,10.35,10.35,-13.4,-13.4,-13.38,-13.38,-12.49,-12.49,9.49,9.49,9.49,9.49,-12.58,-12.58,-12.56,-12.56,2.77,2.78,2.79,2.78,2.77,2.76,2.76,2.77,2.78,2.78,3.89,3.9,3.9,3.9,3.89,3.88,3.88,3.89,3.9,3.91,113.55,0,1,1,0,0,0,-1,0,None,aggregation
26,171.76,remora2,remora1,10.35,10.35,10.34,10.34,-13.29,-13.29,-13.27,-13.27,10.34,10.34,9.49,9.49,9.49,9.49,-12.47,-12.47,-12.45,-12.45,9.49,9.49,2.78,2.77,2.75,2.73,2.73,2.74,2.75,2.76,2.77,2.77,3.92,3.91,3.89,3.88,3.88,3.89,3.9,3.91,3.92,3.92,114.19,0,1,1,0,0,0,-1,0,None,aggregation
26,172.76,remora2,remora1,10.34,10.34,10.33,10.33,-13.13,-13.13,-13.14,-13.14,10.33,10.33,9.5,9.5,9.52,9.52,-12.31,-12.31,-12.32,-12.32,9.52,9.52,2.76,2.75,2.74,2.73,2.72,2.72,2.72,2.73,2.73,2.71,3.91,3.9,3.9,3.89,3.88,3.89,3.89,3.9,3.91,3.9,113.13,0,1,1,0,0,0,-1,0,None,aggregation
26,173.76,remora2,remora1,10.33,10.33,-13.59,-13.59,10.33,10.33,10.32,10.32,-21.06,-21.06,9.52,9.52,-12.77,-12.77,9.53,9.53,9.54,9.54,-20.24,-20.24,2.69,2.68,2.68,2.68,2.68,2.67,2.66,2.65,2.65,2.66,3.89,3.88,3.88,3.89,3.89,3.89,3.88,3.87,3.87,3.88,114.18,0,1,1,0,0,0,-1,0,None,aggregation
26,174.76,remora2,remora1,10.32,10.32,10.31,10.31,-13.96,-13.96,-13.95,-13.95,10.31,10.31,9.55,9.55,9.56,9.56,-13.14,-13.14,-13.13,-13.13,9.56,9.56,2.68,2.66,2.65,2.63,2.62,2.63,2.65,2.66,2.67,2.66,3.9,3.89,3.88,3.87,3.86,3.87,3.88,3.9,3.91,3.9,114.62,0,1,1,0,0,0,-1,0,None,aggregation
26,175.76,remora2,remora1,10.31,10.31,10.3,10.3,-14.02,-14.02,-21.51,-21.51,10.3,10.3,9.56,9.56,9.58,9.58,-13.19,-13.19,-20.69,-20.69,9.58,9.58,2.65,2.63,2.61,2.59,2.57,2.58,2.59,2.61,2.63,2.61,3.89,3.88,3.87,3.85,5.89,5.89,5.89,5.9,5.91,5.9,117.23,0,1,1,0,0,0,-1,0,None,aggregation
26,176.76,remora2,remora1,10.3,10.3,10.29,10.29,-14.65,-14.65,-22.04,-22.04,10.3,10.3,9.58,9.58,9.6,9.6,-13.83,-13.83,-21.22,-21.22,9.59,9.59,2.6,2.58,2.57,2.55,2.54,2.54,2.54,2.56,2.58,2.57,5.89,5.88,5.87,5.85,5.84,5.84,5.86,5.87,5.89,5.87,119.22,0,1,1,0,0,0,-1,0,None,aggregation
26,177.76,remora2,remora1,10.29,10.29,10.28,10.28,-15.12,-15.12,10.28,10.28,10.27,10.27,9.6,9.6,9.62,9.62,-14.29,-14.29,9.63,9.63,9.63,9.63,2.56,2.54,2.52,2.51,2.5,2.51,2.51,2.5,2.49,2.48,5.85,5.83,5.81,5.79,5.78,5.78,5.79,5.78,5.77,5.75,119.6,0,1,1,0,0,0,-1,0,None,aggregation
26,178.76,remora2,remora1,10.27,-15.61,-15.63,-15.63,10.28,10.28,10.28,10.28,-16.02,-16.02,9.63,-14.79,-14.81,-14.81,9.63,9.63,9.63,9.63,-15.2,-15.2,2.47,2.47,2.48,2.49,2.49,2.48,2.47,2.46,2.44,2.44,5.74,5.74,5.75,5.76,5.77,5.76,5.74,5.72,5.7,5.7,118.63,0,1,1,0,0,0,-1,0,None,aggregation
26,179.76,remora2,remora1,-16.05,-16.05,10.28,10.28,10.28,10.28,10.27,10.27,-16.66,-16.66,-15.23,-15.23,9.62,9.62,9.62,9.62,9.64,9.64,-15.84,-15.84,2.46,2.47,2.49,2.47,2.45,2.44,2.43,2.42,2.4,2.4,5.71,5.71,5.72,5.7,5.68,5.66,5.65,5.63,5.61,5.61,119.95,0,1,1,0,0,0,-1,0,None,aggregation
26,180.76,remora2,remora1,10.26,10.26,10.26,10.26,10.26,-16.87,-17.06,-17.06,-17.06,-17.06,9.65,9.65,9.66,9.66,9.66,-16.05,-16.24,-16.24,-16.24,-16.24,2.41,2.4,2.38,2.37,2.36,2.36,2.38,2.41,2.43,2.43,5.61,5.6,5.58,5.57,5.56,5.56,5.57,5.58,5.59,5.59,121.49,0,1,1,0,0,0,-1,0,None,aggregation
26,181.76,remora2,remora1,10.27,10.27,10.26,10.26,10.26,-17.18,-17.36,-17.36,10.26,10.26,9.65,9.65,9.66,9.66,9.66,-16.36,-16.54,-16.54,9.66,9.66,2.42,2.41,2.4,2.39,2.38,2.38,2.39,2.4,2.41,2.4,5.58,5.57,5.56,5.55,5.53,5.52,5.53,5.54,5.55,5.54,122.43,0,1,1,0,0,0,-1,0,None,aggregation
26,182.76,remora2,remora1,10.26,10.26,10.25,10.25,-18.01,-18.01,10.25,10.25,10.25,10.25,9.66,9.66,9.68,9.68,-17.19,-17.19,9.68,9.68,9.68,9.68,2.39,2.38,2.36,2.35,2.34,2.35,2.35,2.35,2.34,2.32,5.54,5.52,5.5,5.49,5.48,5.49,5.51,5.5,5.48,5.47,122.88,0,1,1,0,0,0,-1,0,None,aggregation
26,183.76,remora2,remora1,-18.22,-18.22,-18.32,-18.32,10.25,10.25,10.26,10.26,10.25,10.25,-17.4,-17.4,-17.49,-17.49,9.67,9.67,9.67,9.67,9.68,9.68,2.3,2.31,2.33,2.35,2.37,2.36,2.35,2.34,2.33,2.31,5.46,5.47,5.48,5.5,5.5,5.49,5.47,5.45,5.44,5.42,123.27,0,1,1,0,0,0,-1,0,None,aggregation
26,184.76,remora2,remora1,10.24,10.24,-18.53,-18.53,-24.59,-24.59,-24.59,10.24,10.25,10.25,9.7,9.7,-17.71,-17.71,-23.77,-23.77,-23.77,9.69,9.68,9.68,2.29,2.28,2.26,2.27,2.28,2.3,2.32,2.32,2.31,2.3,5.4,5.38,5.36,5.37,5.38,5.4,5.43,5.43,5.42,5.41,127.75,0,1,1,0,0,0,-1,0,None,aggregation
26,185.76,remora2,remora1,10.24,10.24,10.23,10.23,10.22,10.22,-19.45,-19.45,-19.28,-19.28,9.69,9.69,9.71,9.71,9.72,9.72,-18.63,-18.63,-18.46,-18.46,2.29,2.27,2.25,2.24,2.23,2.22,2.22,2.24,2.26,2.28,5.39,5.38,5.36,5.35,5.33,5.31,5.3,5.3,5.31,5.32,128.41,0,1,1,0,0,0,-1,0,None,aggregation
26,186.76,remora2,remora1,10.23,10.23,10.23,10.23,10.22,10.22,10.22,10.22,-19.6,-19.6,9.71,9.71,9.7,9.7,9.72,9.72,9.73,9.73,-18.77,-18.77,2.29,2.28,2.26,2.25,2.24,2.23,2.22,2.2,2.18,2.19,5.33,5.31,5.3,5.28,5.26,5.24,5.22,5.2,5.19,5.2,127.09,0,1,1,0,0,0,-1,0,None,aggregation
26,187.76,remora2,remora1,-19.61,-19.61,10.22,10.22,10.22,10.22,10.21,10.21,-19.76,-19.76,-18.79,-18.79,9.72,9.72,9.72,9.72,9.74,9.74,-18.94,-18.94,2.21,2.22,2.24,2.23,2.22,2.2,2.19,2.18,2.16,2.17,5.22,5.23,5.23,5.22,5.2,5.18,5.17,5.15,5.13,5.13,129.88,0,1,1,0,0,0,-1,0,None,aggregation
26,188.76,remora2,remora1,-19.76,-19.76,10.22,10.22,10.22,10.22,10.22,10.22,10.21,10.21,-18.94,-18.94,9.72,9.72,9.72,9.72,9.73,9.73,9.74,9.74,2.18,2.2,2.22,2.21,2.2,2.19,2.18,2.17,2.16,2.15,5.14,5.16,5.17,5.17,5.16,5.15,5.14,5.12,5.11,5.1,129.06,0,1,1,0,0,0,-1,0,None,aggregation
26,189.76,remora2,remora1,-19.6,-19.6,-19.57,-19.57,10.22,10.22,10.22,10.22,10.21,10.21,-18.78,-18.78,-18.74,-18.74,9.73,9.73,9.73,9.72,9.74,9.74,2.15,2.16,2.18,2.2,2.21,2.21,2.2,2.19,2.17,2.16,5.09,5.1,5.11,5.13,5.15,5.14,5.13,5.12,5.1,5.08,130.37,0,1,1,0,0,0,-1,0,None,aggregation
26,190.76,remora2,remora1,10.2,10.2,-19.32,-19.32,-19.31,-19.31,10.21,10.21,10.21,10.21,9.75,9.75,-18.5,-18.5,-18.49,-18.49,9.74,9.74,9.73,9.73,2.15,2.14,2.13,2.14,2.16,2.17,2.19,2.19,2.18,2.17,5.07,5.05,5.03,5.04,5.04,5.05,5.06,5.05,5.03,5.02,130.63,0,1,1,0,0,0,-1,0,None,aggregation
26,191.76,remora2,remora1,10.21,10.21,-25.13,-25.13,10.2,10.2,10.21,10.21,10.2,10.2,9.75,9.75,-24.31,-24.31,9.75,9.75,9.75,9.75,9.76,9.76,2.16,2.14,2.14,2.15,2.17,2.16,2.15,2.14,2.13,2.12,5,4.98,4.98,4.99,5.01,5.01,5,4.99,4.97,4.96,131.51,0,1,1,0,0,0,-1,0,None,aggregation
26,192.76,remora2,remora1,-19.14,-19.14,10.2,10.2,10.19,10.19,10.19,10.19,-24.99,-24.99,-18.32,-18.32,9.76,9.76,9.76,9.76,9.76,9.76,-24.17,-24.17,2.11,2.12,2.14,2.13,2.12,2.11,2.1,2.11,2.13,2.15,4.95,4.95,4.96,4.95,4.94,4.93,4.91,4.91,4.93,4.95,134.67,0,1,1,0,0,0,-1,0,None,aggregation
26,193.76,remora2,remora1,10.2,10.2,10.2,10.2,10.2,10.2,10.19,10.19,-18.26,-18.26,9.75,9.75,9.75,9.75,9.76,9.76,9.77,9.77,-17.44,-17.44,2.18,2.17,2.16,2.15,2.14,2.13,2.12,2.11,2.1,2.12,4.97,4.97,4.95,4.93,4.91,4.9,4.88,4.87,4.86,4.87,133.11,0,1,1,0,0,0,-1,0,None,aggregation
26,194.76,remora2,remora1,-18.06,-18.06,10.2,10.2,10.2,10.2,10.19,10.19,-17.93,-17.93,-17.24,-17.24,9.76,9.76,9.75,9.75,9.76,9.76,-17.11,-17.11,2.14,2.16,2.18,2.18,2.17,2.16,2.15,2.14,2.13,2.14,4.89,4.9,4.91,4.9,4.89,4.88,4.87,4.86,4.85,4.85,130.27,0,1,1,0,0,0,-1,0,None,aggregation
26,195.76,remora2,remora1,-17.93,-17.93,10.2,10.2,10.21,10.21,10.2,10.2,10.19,10.19,-17.11,-17.11,9.75,9.75,9.75,9.75,9.76,9.76,9.77,9.77,2.15,2.17,2.18,2.17,2.16,2.14,2.13,2.11,2.1,2.09,4.86,4.88,4.89,4.88,4.87,4.85,4.84,4.83,4.82,4.81,128.19,0,1,1,0,0,0,-1,0,None,aggregation
26,196.76,remora2,remora1,-17.99,-17.99,-18.1,-18.1,10.2,10.2,10.21,10.21,10.2,10.2,-17.17,-17.17,-17.28,-17.28,9.75,9.75,9.75,9.75,9.76,9.76,2.09,2.1,2.11,2.13,2.14,2.13,2.12,2.1,2.1,2.09,4.79,4.8,4.81,4.81,4.82,4.81,4.79,4.77,4.75,4.74,129.42,0,1,1,0,0,0,-1,0,None,aggregation
26,197.76,remora2,remora1,-18.25,-18.25,10.2,10.2,10.2,10.2,10.19,10.19,-18.16,-18.16,-17.42,-17.42,9.76,9.76,9.75,9.75,9.77,9.77,-17.34,-17.34,2.08,2.09,2.11,2.1,2.09,2.08,2.08,2.07,2.06,2.07,4.74,4.75,4.76,4.76,4.75,4.73,4.72,4.71,4.71,4.72,128.83,0,1,1,0,0,0,-1,0,None,aggregation
26,198.76,remora2,remora1,-18.27,-18.27,10.21,10.21,10.21,10.21,10.2,10.2,-18.37,-18.37,-17.45,-17.45,9.75,9.75,9.74,9.74,9.76,9.76,-17.55,-17.55,2.09,2.11,2.13,2.12,2.11,2.09,2.08,2.07,2.06,2.07,4.73,4.74,4.75,4.73,4.72,4.7,4.68,4.66,4.65,4.66,130.13,0,1,1,0,0,0,-1,0,None,aggregation
26,199.76,remora2,remora1,10.2,10.2,10.2,10.2,-18.39,-18.39,-18.39,-18.36,10.21,10.21,9.76,9.76,9.76,9.76,-17.57,-17.57,-17.57,-17.54,9.74,9.74,2.08,2.08,2.07,2.06,2.05,2.06,2.08,2.1,2.11,2.11,4.66,4.65,4.63,4.61,4.6,4.6,4.61,4.63,4.64,4.64,129.65,0,1,1,0,0,0,-1,0,None,aggregation
26,200.76,remora2,remora1,10.21,10.21,10.2,10.2,10.19,10.19,-18.28,-18.28,-18.27,-18.27,9.74,9.74,9.75,9.75,9.77,9.77,-17.46,-17.46,-17.45,-17.45,2.1,2.09,2.08,2.07,2.06,2.05,2.04,2.05,2.07,2.09,4.63,4.62,4.6,4.59,4.58,4.57,4.55,4.56,4.58,4.59,129.24,0,1,1,0,0,0,-1,0,None,aggregation
26,201.76,remora2,remora1,10.2,10.2,10.2,10.2,10.2,10.2,10.2,-18.41,-18.41,-18.41,9.75,9.75,9.75,9.75,9.76,9.76,9.76,-17.59,-17.59,-17.59,2.11,2.1,2.09,2.07,2.06,2.05,2.04,2.05,2.07,2.09,4.6,4.6,4.58,4.57,4.56,4.55,4.54,4.55,4.56,4.58,128.69,0,1,1,0,0,0,-1,0,None,aggregation
26,202.76,remora2,remora1,10.2,10.2,10.2,10.2,10.2,10.2,-18.43,-18.43,-18.43,-24.05,9.75,9.75,9.75,9.75,9.76,9.76,-17.6,-17.6,-17.6,-23.23,2.1,2.09,2.08,2.07,2.06,2.05,2.04,2.05,2.07,2.08,4.59,4.58,4.57,4.56,4.55,4.54,4.53,4.54,4.56,4.57,127.8,0,1,1,0,0,0,-1,0,None,aggregation
26,203.76,remora2,remora1,10.21,10.21,10.21,10.21,10.2,10.2,-18.44,-18.44,10.2,10.2,9.74,9.74,9.75,9.75,9.76,9.76,-17.62,-17.62,9.76,9.76,2.1,2.09,2.07,2.06,2.05,2.03,2.02,2.04,2.05,2.05,4.59,4.58,4.57,4.56,4.55,4.54,4.53,4.54,4.55,4.55,127.84,0,1,1,0,0,0,-1,0,None,aggregation
26,204.76,remora2,remora1,10.2,10.2,-18.58,-18.58,10.2,10.2,10.2,10.2,10.2,10.2,9.76,9.76,-17.76,-17.76,9.76,9.76,9.75,9.75,9.76,9.76,2.04,2.03,2.03,2.04,2.06,2.05,2.04,2.03,2.02,2.01,4.54,4.53,4.53,4.54,4.55,4.55,4.54,4.53,4.52,4.51,126.43,0,1,1,0,0,0,-1,0,None,aggregation
26,205.76,remora2,remora1,-18.72,-18.72,-18.71,-18.71,10.21,10.21,10.21,10.21,10.2,10.2,-17.9,-17.9,-17.89,-17.89,9.75,9.75,9.75,9.75,9.76,9.76,2,2.01,2.03,2.04,2.06,2.05,2.04,2.03,2.02,2.01,4.5,4.51,4.52,4.54,4.55,4.54,4.54,4.53,4.51,4.5,128.25,0,1,1,0,0,0,-1,0,None,aggregation
26,206.76,remora2,remora1,-18.71,-18.71,10.2,10.2,10.2,10.2,-18.69,-18.69,-18.59,-18.59,-17.89,-17.89,9.76,9.76,9.76,9.76,-17.87,-17.87,-17.77,-17.77,2.01,2.02,2.03,2.03,2.03,2.02,2.01,2.02,2.04,2.06,4.49,4.5,4.51,4.51,4.5,4.49,4.48,4.49,4.51,4.52,130.16,0,1,1,0,0,0,-1,0,None,aggregation
26,207.76,remora2,remora1,10.21,10.21,10.21,10.21,10.2,10.2,10.19,10.19,10.19,-18.63,9.74,9.74,9.74,9.74,9.75,9.75,9.77,9.77,9.77,-17.81,2.08,2.07,2.06,2.05,2.04,2.03,2.02,2.01,2,2.01,4.53,4.53,4.52,4.51,4.5,4.49,4.48,4.48,4.46,4.47,127.85,0,1,1,0,0,0,-1,0,None,aggregation
26,208.76,remora2,remora1,-18.63,-18.63,10.2,10.2,10.2,10.2,10.19,10.19,-18.63,-18.63,-17.81,-17.81,9.75,9.75,9.75,9.75,9.76,9.76,-17.81,-17.81,2.03,2.05,2.06,2.05,2.04,2.03,2.02,2.01,2,2.02,4.48,4.5,4.51,4.51,4.5,4.49,4.48,4.47,4.46,4.47,127.98,0,1,1,0,0,0,-1,0,None,aggregation
26,209.76,remora2,remora1,-23.55,-23.55,10.2,10.2,10.21,10.21,10.2,10.2,-18.64,-18.64,-22.73,-22.73,9.75,9.75,9.75,9.75,9.76,9.76,-17.82,-17.82,2.03,2.06,2.07,2.07,2.06,2.05,2.04,2.03,2.03,2.04,4.49,4.5,4.52,4.51,4.51,4.5,4.49,4.48,4.48,4.49,129.07,0,1,1,0,0,0,-1,0,None,aggregation
26,210.76,remora2,remora1,10.19,10.19,10.19,10.19,-18.66,-18.66,-18.66,-18.66,10.2,10.2,9.77,9.77,9.76,9.76,-17.84,-17.84,-17.84,-17.84,9.75,9.75,2.05,2.05,2.03,2.02,2.01,2.03,2.04,2.06,2.08,2.07,4.5,4.49,4.48,4.47,4.46,4.47,4.49,4.5,4.51,4.51,129.22,0,1,1,0,0,0,-1,0,None,aggregation
26,211.76,remora2,remora1,10.21,10.21,10.2,10.2,10.19,10.19,-18.52,-18.52,-18.52,-18.52,9.75,9.75,9.76,9.76,9.77,9.77,-17.7,-17.7,-17.7,-17.7,2.06,2.05,2.04,2.03,2.02,2.01,2,2.01,2.03,2.05,4.5,4.49,4.48,4.47,4.46,4.45,4.44,4.46,4.47,4.49,130.07,0,1,1,0,0,0,-1,0,None,aggregation
26,212.76,remora2,remora1,10.2,10.2,10.2,10.2,10.19,10.19,-18.52,-18.52,-18.51,-18.51,9.75,9.75,9.75,9.75,9.77,9.77,-17.7,-17.7,-17.69,-17.69,2.06,2.05,2.04,2.03,2.02,2.01,2,2.02,2.03,2.05,4.49,4.49,4.48,4.47,4.46,4.45,4.45,4.46,4.47,4.49,129.54,0,1,1,0,0,0,-1,0,None,aggregation
26,213.76,remora2,remora1,10.2,10.2,10.21,10.21,10.2,10.2,-18.5,-18.5,10.2,10.2,9.75,9.75,9.75,9.75,9.76,9.76,-17.67,-17.67,9.76,9.76,2.06,2.06,2.05,2.04,2.03,2.02,2.01,2.02,2.04,2.04,4.5,4.5,4.49,4.48,4.47,4.46,4.46,4.47,4.48,4.48,129.55,0,1,1,0,0,0,-1,0,None,aggregation
26,214.76,remora2,remora1,10.2,10.2,-18.37,-18.37,-18.49,-18.49,10.21,10.21,10.21,10.21,9.76,9.76,-17.55,-17.55,-17.67,-17.67,9.74,9.74,9.74,9.74,2.03,2.02,2.01,2.02,2.04,2.05,2.07,2.07,2.06,2.05,4.47,4.47,4.46,4.47,4.48,4.49,4.51,4.5,4.49,4.48,131.13,0,1,1,0,0,0,-1,0,None,aggregation
26,215.76,remora2,remora1,10.2,10.2,10.19,10.19,-18.53,-18.53,-18.53,-18.53,10.2,10.2,9.75,9.75,9.76,9.76,-17.71,-17.71,-17.71,-17.71,9.75,9.75,2.04,2.03,2.02,2.01,2,2.01,2.02,2.04,2.06,2.05,4.47,4.46,4.45,4.43,4.42,4.43,4.45,4.47,4.48,4.47,131.05,0,1,1,0,0,0,-1,0,None,aggregation
26,216.76,remora2,remora1,10.21,10.21,10.2,10.2,-18.53,-18.53,-18.51,-18.51,10.21,10.21,9.75,9.75,9.76,9.76,-17.71,-17.71,-17.69,-17.69,9.74,9.74,2.04,2.03,2.02,2.01,2,2.02,2.03,2.05,2.07,2.07,4.47,4.46,4.45,4.44,4.44,4.45,4.46,4.48,4.49,4.49,129.34,0,1,1,0,0,0,-1,0,None,aggregation
26,217.76,remora2,remora1,10.21,10.21,10.2,10.2,10.2,10.2,-18.52,-18.52,-18.52,10.2,9.74,9.74,9.75,9.75,9.76,9.76,-17.7,-17.7,-17.7,9.76,2.06,2.05,2.04,2.03,2.02,2.01,2,2.02,2.04,2.04,4.47,4.47,4.46,4.46,4.45,4.44,4.43,4.44,4.45,4.45,130.96,0,1,1,0,0,0,-1,0,None,aggregation
26,218.76,remora2,remora1,10.2,10.2,-18.82,-18.82,10.2,10.2,10.2,10.2,-18.83,-18.83,9.75,9.75,-18,-18,9.76,9.76,9.76,9.76,-18.01,-18.01,2.03,2.02,2.01,2.03,2.04,2.04,2.03,2.02,2.01,2.02,4.44,4.43,4.42,4.43,4.44,4.43,4.42,4.41,4.4,4.4,131.03,0,1,1,0,0,0,-1,0,None,aggregation
26,219.76,remora2,remora1,-18.69,-18.69,10.21,10.21,10.21,10.21,10.2,10.2,-18.51,-18.51,-17.87,-17.87,9.75,9.75,9.75,9.75,9.76,9.76,-17.69,-17.69,2.03,2.05,2.06,2.05,2.04,2.04,2.03,2.02,2.01,2.02,4.41,4.42,4.43,4.42,4.41,4.39,4.38,4.36,4.35,4.35,130.04,0,1,1,0,0,0,-1,0,None,aggregation
26,220.76,remora2,remora1,10.19,10.19,10.2,10.2,-19.33,-19.33,-18.37,-18.37,10.21,10.21,9.77,9.77,9.76,9.76,-18.51,-18.51,-17.55,-17.55,9.75,9.75,2.04,2.03,2.02,2.01,2,2.01,2.03,2.05,2.06,2.06,4.36,4.35,4.34,4.32,4.3,4.3,4.31,4.32,4.33,4.32,130.11,0,1,1,0,0,0,-1,0,None,aggregation
26,221.76,remora2,remora1,10.21,10.21,10.2,10.2,-18.51,-18.51,10.19,10.19,10.19,10.2,9.74,9.74,9.76,9.76,-17.69,-17.69,9.76,9.76,9.76,9.75,2.05,2.04,2.03,2.02,2.01,2.02,2.04,2.04,2.03,2.02,4.31,4.31,4.29,4.28,4.26,4.26,4.27,4.26,4.25,4.23,128.48,0,1,1,0,0,0,-1,0,None,aggregation
26,222.76,remora2,remora1,10.19,10.19,-19.23,-19.23,-18.54,-18.54,10.21,10.21,10.21,10.21,9.76,9.76,-18.4,-18.4,-17.72,-17.72,9.75,9.75,9.74,9.74,2.01,2,2,2.01,2.03,2.05,2.06,2.06,2.05,2.04,4.22,4.2,4.18,4.18,4.19,4.2,4.21,4.2,4.18,4.17,128.63,0,1,1,0,0,0,-1,0,None,aggregation
26,223.76,remora2,remora1,10.2,10.2,-18.68,-18.68,-18.68,10.2,10.2,10.2,10.19,10.19,9.76,9.76,-17.86,-17.86,-17.86,9.76,9.75,9.75,9.77,9.77,2.03,2.02,2.01,2.02,2.04,2.04,2.03,2.02,2.01,2,4.15,5.59,5.57,5.57,5.58,5.58,5.56,5.54,5.52,5.5,129.5,0,1,1,0,0,0,-1,0,None,aggregation
26,224.76,remora2,remora1,-18.54,-18.54,-18.83,-18.83,10.2,10.2,10.21,10.21,10.2,10.2,-17.72,-17.72,-18.01,-18.01,9.75,9.75,9.74,9.74,9.75,9.75,1.99,2,2.02,2.04,2.06,2.06,2.05,2.04,2.03,2.02,5.48,5.47,5.48,5.49,5.49,5.48,5.47,5.45,5.42,5.4,129.6,0,1,1,0,0,0,-1,0,None,aggregation
26,225.76,remora2,remora1,10.2,-18.49,-18.65,-18.65,10.21,10.21,10.21,10.21,10.2,10.2,9.75,-17.67,-17.82,-17.82,9.75,9.75,9.74,9.74,9.76,9.76,2.01,2.01,2.03,2.05,2.06,2.06,2.05,2.04,2.03,2.02,5.39,5.39,5.4,5.41,5.4,5.39,5.37,5.35,5.32,5.3,128.8,0,1,1,0,0,0,-1,0,None,aggregation
26,226.76,remora2,remora1,-18.47,-18.47,10.2,10.2,10.2,10.2,-18.39,-18.39,-22.22,-22.22,-17.65,-17.65,9.76,9.76,9.76,9.76,-17.56,-17.56,-21.4,-21.4,2.01,2.02,2.03,2.03,2.02,2.01,2,2,2.02,2.04,5.28,5.28,5.27,5.26,5.24,5.22,5.21,5.2,5.21,5.21,131.14,0,1,1,0,0,0,-1,0,None,aggregation
26,227.76,remora2,remora1,10.2,10.2,10.21,10.21,10.2,10.2,-18.2,-18.2,10.19,10.19,9.75,9.75,9.75,9.75,9.76,9.76,-17.38,-17.38,9.76,9.76,2.06,2.06,2.05,2.04,2.03,2.02,2.01,2.02,2.03,2.03,5.21,5.2,5.17,5.15,5.13,5.11,5.09,5.1,5.1,5.09,130.26,0,1,1,0,0,0,-1,0,None,aggregation
26,228.76,remora2,remora1,10.19,10.19,-22.1,-22.1,-22.1,-18.46,10.21,10.21,10.21,10.21,9.76,9.76,-21.27,-21.27,-21.27,-17.64,9.75,9.75,9.75,9.75,2.02,2.01,2,2.01,2.03,2.05,2.07,2.06,2.05,2.04,5.08,5.06,5.04,5.04,5.04,5.04,5.04,5.02,5.01,4.99,131.2,0,1,1,0,0,0,-1,0,None,aggregation
26,229.76,remora2,remora1,10.2,10.2,10.19,10.19,-18.48,-18.48,-21.93,-21.93,10.2,10.2,9.76,9.76,9.77,9.77,-17.66,-17.66,-21.11,-21.11,9.75,9.75,2.04,2.03,2.02,2.01,2,2.01,2.03,2.05,2.07,2.07,4.97,4.95,4.93,4.91,4.9,4.9,4.91,4.91,4.92,4.9,131.85,0,1,1,0,0,0,-1,0,None,aggregation
26,230.76,remora2,remora1,10.21,10.21,10.2,10.2,10.19,10.19,-17.06,-17.06,-17.05,-17.05,9.75,9.75,9.76,9.76,9.77,9.77,-16.24,-16.24,-16.23,-16.23,2.06,2.05,2.04,2.03,2.02,2.01,2,2.01,2.02,2.04,4.88,4.86,4.85,4.82,4.8,4.77,4.75,4.74,4.74,4.74,131.13,0,1,1,0,0,0,-1,0,None,aggregation
26,231.76,remora2,remora1,10.2,10.2,10.2,10.2,10.19,10.19,-25.14,-25.14,10.19,10.19,9.76,9.76,9.75,9.75,9.77,9.77,-24.32,-24.32,9.77,9.77,2.05,2.05,2.04,2.03,2.02,2.01,2,2.02,2.03,2.03,4.74,4.72,4.69,4.67,4.65,4.64,4.62,4.63,4.62,4.61,132.46,0,1,1,0,0,0,-1,0,None,aggregation
26,232.76,remora2,remora1,10.19,10.19,-16.42,-16.42,-16.37,-16.37,10.2,10.2,10.2,10.2,9.77,9.77,-15.59,-15.59,-15.55,-15.55,9.75,9.75,9.75,9.75,2.02,2.01,2,2.01,2.03,2.04,2.06,2.05,2.04,2.03,4.6,4.59,4.58,4.58,4.58,4.59,4.59,4.57,4.56,4.54,131.46,0,1,1,0,0,0,-1,0,None,aggregation
26,233.76,remora2,remora1,10.2,10.2,-16.36,-16.36,-18.4,-18.4,10.2,10.2,10.2,10.21,9.76,9.76,-15.54,-15.54,-17.58,-17.58,9.75,9.75,9.75,9.75,2.02,2.01,2,2.01,2.03,2.04,2.06,2.05,2.04,2.03,4.52,4.51,4.49,4.49,4.49,4.5,4.5,4.49,4.47,4.45,131.77,0,1,1,0,0,0,-1,0,None,aggregation
26,234.76,remora2,remora1,10.2,10.2,-18.4,-18.4,10.19,10.19,10.2,10.2,-22.44,-22.44,9.76,9.76,-17.58,-17.58,9.76,9.76,9.76,9.76,-21.62,-21.62,2.02,2.01,2,2.02,2.03,2.02,2.01,2,1.99,2.01,4.44,4.42,4.4,4.41,4.41,4.39,4.38,4.36,4.35,4.35,132.46,0,1,1,0,0,0,-1,0,None,aggregation
26,235.76,remora2,remora1,-26.11,-26.11,10.2,10.2,10.21,10.21,10.21,10.2,10.2,10.19,-25.29,-25.29,9.75,9.75,9.75,9.75,9.75,9.76,9.76,9.77,2.03,2.06,2.08,2.07,2.06,2.05,2.04,2.03,2.03,2.02,4.36,4.37,4.38,4.37,4.35,4.34,4.32,4.3,4.29,4.27,133.15,0,1,1,0,0,0,-1,0,None,aggregation
26,236.76,remora2,remora1,-16.36,-16.36,10.19,10.19,10.2,10.2,10.19,10.19,-18.43,-18.43,-15.54,-15.54,9.77,9.77,9.76,9.76,9.77,9.77,-17.61,-17.61,2.01,2.02,2.04,2.04,2.03,2.02,2.01,2,2,2.01,4.26,4.26,4.27,4.26,4.25,4.23,4.21,4.2,4.19,4.19,130.37,0,1,1,0,0,0,-1,0,None,aggregation
26,237.76,remora2,remora1,-16.36,-16.36,10.2,10.2,10.2,10.2,10.2,10.2,-16.29,-16.29,-15.54,-15.54,9.75,9.75,9.75,9.75,9.76,9.76,-15.47,-15.47,2.03,2.04,2.05,2.05,2.04,2.03,2.02,2.01,2.01,2.02,4.2,4.2,4.2,4.19,4.18,4.16,4.15,4.13,4.12,4.12,131.18,0,1,1,0,0,0,-1,0,None,aggregation
26,238.76,remora2,remora1,10.19,10.19,10.2,10.2,-18.28,-18.28,-27.26,-27.26,10.21,10.21,9.77,9.77,9.76,9.76,-17.46,-17.46,-26.44,-26.44,9.74,9.74,2.03,2.03,2.02,2.01,2,2.01,2.03,2.06,2.08,2.08,4.12,4.12,4.11,4.1,4.09,4.1,4.11,4.13,4.15,4.15,131.81,0,1,1,0,0,0,-1,0,None,aggregation
26,239.76,remora2,remora1,10.21,10.21,10.2,10.2,10.2,10.2,10.19,10.19,-16.4,-16.4,9.74,9.74,9.75,9.75,9.76,9.76,9.77,9.77,-15.57,-15.57,2.07,2.06,2.05,2.04,2.03,2.02,2.01,2,1.99,2,4.14,4.13,4.13,4.12,4.11,4.1,4.09,4.09,4.08,4.09,129.09,0,1,1,0,0,0,-1,0,None,aggregation
26,240.76,remora2,remora1,-16.4,-16.32,10.2,10.2,10.2,10.2,10.2,10.2,-18.33,-18.33,-15.57,-15.5,9.76,9.76,9.75,9.75,9.76,9.76,-17.51,-17.51,2.02,2.03,2.05,2.05,2.04,2.03,2.02,2.01,2.01,2.02,4.11,4.12,4.14,4.14,4.14,4.13,4.13,4.13,4.13,4.14,129.2,0,1,1,0,0,0,-1,0,None,aggregation
26,241.76,remora2,remora1,10.19,10.19,10.19,10.2,10.19,10.19,-16.97,-16.97,-18.32,-18.32,9.76,9.76,9.76,9.76,9.77,9.77,-16.15,-16.15,-17.5,-17.5,2.04,2.04,2.03,2.02,2.01,2,1.99,2,2.02,2.04,4.16,4.16,4.16,4.16,4.15,4.15,4.15,4.16,4.17,4.18,129.15,0,1,1,0,0,0,-1,0,None,aggregation
26,242.76,remora2,remora1,10.2,10.2,10.2,10.2,10.2,10.2,10.2,-17.36,-18.32,-18.32,9.75,9.75,9.75,9.75,9.76,9.76,9.76,-16.54,-17.5,-17.5,2.05,2.04,2.04,2.03,2.02,2,2,2,2.02,2.03,4.19,4.18,4.17,4.16,4.15,4.14,4.13,4.13,4.14,4.16,129.04,0,1,1,0,0,0,-1,0,None,aggregation
26,243.76,remora2,remora1,-18.32,10.2,10.21,10.21,10.2,10.2,10.19,10.19,-17.67,-17.67,-17.5,9.75,9.74,9.74,9.75,9.75,9.77,9.77,-16.85,-16.85,2.05,2.05,2.04,2.04,2.03,2.02,2.01,2,1.99,2,4.17,4.17,4.16,4.15,4.13,4.12,4.12,4.11,4.11,4.12,128.49,0,1,1,0,0,0,-1,0,None,aggregation
26,124.76,remora2,remora9,-9.72,7.52,7.52,-7.29,-7.29,7.74,7.74,7.74,7.74,7.74,-8.9,8.2,8.2,-6.47,-6.47,8.42,8.42,8.42,8.42,8.42,1.63,1.63,1.63,1.63,1.63,1.63,1.63,1.63,1.63,1.63,4.68,4.68,4.68,4.68,4.67,4.67,4.68,4.68,4.69,4.69,111.8,0,1,1,0,0,0,-1,0,None,aggregation
26,125.76,remora2,remora9,7.74,7.51,7.27,7.27,7.27,7.27,7.04,7.04,7.04,7.04,8.42,8.19,7.95,7.95,7.95,7.96,7.73,7.73,7.73,7.73,1.63,1.63,1.63,1.63,1.63,1.63,1.63,1.63,1.63,1.63,4.69,4.7,4.7,4.71,4.71,4.72,4.73,4.74,4.74,4.75,104.44,0,1,1,0,0,0,-1,0,None,aggregation
26,126.76,remora2,remora9,7.04,6.8,6.8,6.8,6.8,6.57,6.57,6.08,6.08,6.08,7.73,7.49,7.49,7.49,7.49,7.27,7.27,6.79,6.79,6.79,1.63,1.63,1.63,1.63,1.63,1.63,1.63,1.63,1.63,1.63,4.76,4.77,4.78,4.78,4.79,4.79,4.8,4.8,4.81,4.82,95.89,0,1,1,0,0,0,-1,0,None,aggregation
26,127.76,remora2,remora9,6.08,6.09,6.09,6.09,6.09,6.09,6.09,6.1,6.33,6.33,6.79,6.79,6.8,6.8,6.8,6.8,6.8,6.81,7.04,7.04,1.64,1.64,1.64,1.64,1.64,1.64,1.64,1.65,1.65,1.65,4.82,4.83,4.83,4.84,4.84,4.85,4.86,4.87,4.87,4.88,92.82,0,1,1,0,0,0,-1,0,None,aggregation
26,128.76,remora2,remora9,6.33,6.33,6.33,6.34,6.34,6.34,-10.77,-10.77,-10.77,6.82,7.04,7.04,7.04,7.04,7.04,7.04,-9.95,-9.95,-9.95,7.52,1.65,1.65,1.65,1.65,1.65,1.66,1.66,1.66,1.66,1.66,4.88,4.89,4.89,4.9,4.91,4.92,4.92,4.92,4.92,4.92,86.02,0,1,1,0,0,0,-1,0,None,aggregation
26,129.76,remora2,remora9,6.82,-9.93,-9.93,7.07,7.54,7.54,7.77,7.77,7.77,7.77,7.52,-9.1,-9.1,7.76,8.23,8.23,8.45,8.45,8.45,8.45,1.66,1.66,1.66,1.66,1.66,1.66,1.66,1.66,1.66,1.66,4.92,4.92,4.92,4.92,4.93,4.94,4.95,4.96,4.96,4.97,82.52,0,1,1,0,0,0,-1,0,None,aggregation
26,130.76,remora2,remora9,7.77,7.77,7.77,7.78,7.78,7.78,7.78,8.02,8.02,8.02,8.45,8.45,8.45,8.45,8.45,8.46,8.46,8.69,8.69,8.7,1.66,1.66,1.66,1.67,1.67,1.67,1.67,1.67,1.67,1.67,4.98,4.99,5,5.01,5.02,5.02,5.03,5.04,5.05,5.05,80.57,0,1,1,0,0,0,-1,0,None,aggregation
26,131.76,remora2,remora9,8.25,8.25,8.25,-8.63,-8.63,8.03,8.03,8.03,8.49,8.49,8.92,8.92,8.92,-7.8,-7.8,8.7,8.7,8.7,9.16,9.16,1.67,1.67,1.67,1.67,1.67,1.67,1.67,1.67,1.67,1.67,5.06,5.07,5.08,5.08,5.08,5.08,5.09,5.09,5.1,5.11,79.16,0,1,1,0,0,0,-1,0,None,aggregation
26,132.76,remora2,remora9,8.49,8.71,8.71,8.71,-7.56,8.95,8.95,9.41,9.41,9.63,9.16,9.38,9.38,9.38,-6.74,9.61,9.61,10.06,10.06,10.27,1.67,1.67,1.67,1.67,1.67,1.68,1.68,1.67,1.67,1.67,5.12,5.12,5.13,5.13,5.13,5.12,5.12,5.13,5.13,5.13,79.78,0,1,1,0,0,0,-1,0,None,aggregation
26,133.76,remora2,remora9,9.63,9.63,9.63,9.63,9.63,9.63,9.63,9.86,9.86,9.86,10.27,10.27,10.27,10.27,10.27,10.27,10.27,10.5,10.5,10.5,1.67,1.67,1.67,1.67,1.67,1.67,1.67,1.67,1.67,1.67,5.14,5.14,5.15,5.15,5.16,5.16,5.17,5.18,5.18,5.19,80.74,0,1,1,0,0,0,-1,0,None,aggregation
26,134.76,remora2,remora9,9.86,9.86,9.86,10.07,10.07,10.07,10.07,10.07,10.07,10.07,10.5,10.5,10.5,10.71,10.71,10.71,10.71,10.71,10.71,10.71,1.67,1.67,1.67,1.67,1.67,1.67,1.67,1.67,1.67,1.66,5.2,5.2,5.2,5.21,5.21,5.22,5.22,5.22,5.23,5.23,83.15,0,1,1,0,0,0,-1,0,None,aggregation
26,135.76,remora2,remora9,10.07,10.3,10.3,10.3,10.51,10.51,10.51,10.51,10.51,10.51,10.71,10.93,10.93,10.93,11.14,11.14,11.14,11.14,11.14,11.13,1.66,1.66,1.66,1.66,1.66,1.66,1.66,1.66,1.65,1.65,5.24,5.25,5.25,5.26,5.27,5.27,5.28,5.28,5.29,5.3,86.27,0,1,1,0,0,0,-1,0,None,aggregation
26,136.76,remora2,remora9,10.51,10.51,10.73,10.73,10.73,10.94,10.94,10.94,10.94,10.93,11.13,11.13,11.36,11.35,11.35,11.56,11.56,11.56,11.56,11.55,1.65,1.65,1.65,1.65,1.65,1.64,1.64,1.64,1.64,1.64,5.3,5.31,5.32,5.32,5.33,5.33,5.34,5.35,5.36,5.37,90.46,0,1,1,0,0,0,-1,0,None,aggregation
26,137.76,remora2,remora9,10.93,11.16,11.16,11.15,11.15,11.36,11.36,11.36,11.36,11.35,11.55,11.77,11.77,11.77,11.77,11.97,11.97,11.97,11.97,11.97,1.63,1.63,1.63,1.63,1.63,1.62,1.62,1.62,1.62,1.61,5.37,5.38,5.38,5.39,5.39,5.4,5.41,5.42,5.43,5.44,95.51,0,1,1,0,0,0,-1,0,None,aggregation
26,138.76,remora2,remora9,11.35,11.57,11.57,11.57,11.57,11.57,11.77,11.77,11.98,11.98,11.97,12.18,12.18,12.18,12.18,12.18,12.38,12.37,12.58,12.58,1.61,1.61,1.61,1.6,1.6,1.6,1.59,1.59,1.59,1.59,5.44,5.45,5.45,5.46,5.47,5.48,5.48,5.49,5.5,5.51,99.65,0,1,1,0,0,0,-1,0,None,aggregation
26,139.76,remora2,remora9,11.98,11.98,11.97,11.97,12.17,12.17,12.17,12.17,12.17,12.17,12.58,12.58,12.57,12.57,12.77,12.77,12.77,12.77,12.77,12.77,1.58,1.58,1.58,1.57,1.57,1.57,1.56,1.56,1.56,1.55,5.52,5.52,5.53,5.53,5.54,5.55,5.56,5.57,5.57,5.58,103.86,0,1,1,0,0,0,-1,0,None,aggregation
26,140.76,remora2,remora9,12.38,12.38,12.38,12.37,0,0,0,0,0,0,12.97,12.97,12.97,12.97,0,0,0,0,0,0,1.55,1.54,1.54,1.54,1.53,1.53,1.53,1.53,1.53,1.53,5.59,5.6,5.61,5.62,5.63,5.63,5.63,5.63,5.62,5.62,100.74,0,1,1,0,0,0,-1,0,None,aggregation
26,141.76,remora2,remora9,0,0,0,0,0,0,0,0,0,0,0,0,0,0,0,0,0,0,0,0,1.53,1.53,1.53,1.53,1.53,1.53,1.53,1.53,1.53,1.53,5.62,5.62,5.63,5.63,5.62,5.62,5.62,5.63,5.63,5.63,92.25,0,1,1,0,0,0,-1,0,None,aggregation
26,142.76,remora2,remora9,0,0,0,0,0,0,0,0,0,0,0,0,0,0,0,0,0,0,0,0,1.53,1.53,1.53,1.53,1.53,1.53,1.53,1.53,1.53,1.53,5.63,5.62,5.62,5.63,5.63,5.63,5.63,5.63,5.63,5.63,83.14,0,1,1,0,0,0,-1,0,None,aggregation
26,143.76,remora2,remora9,0,0,0,0,0,0,0,0,0,0,0,0,0,0,0,0,0,0,0,0,1.53,1.53,1.53,1.53,1.53,1.54,1.54,1.54,1.54,1.54,5.63,5.63,5.63,5.63,5.63,5.63,5.63,5.63,5.63,5.63,73.12,0,1,1,0,0,0,-1,0,None,aggregation
26,144.76,remora2,remora9,0,0,0,0,0,0,0,0,0,0,0,0,0,0,0,0,0,0,0,0,1.54,1.54,1.54,1.54,1.54,1.54,1.54,1.54,1.54,1.54,5.63,5.63,5.63,5.64,5.64,5.64,5.64,5.64,5.64,5.64,62.79,0,1,1,0,0,0,-1,0,None,aggregation
26,145.76,remora2,remora9,0,0,0,0,0,0,0,0,0,0,0,0,0,0,0,0,0,0,0,0,1.54,1.54,1.54,1.54,1.54,1.54,1.54,1.54,1.54,1.54,5.64,5.64,5.63,5.64,5.64,5.64,5.64,5.64,5.64,5.64,52.08,0,1,1,0,0,0,-1,0,None,aggregation
26,146.76,remora2,remora9,0,0,0,0,0,0,0,0,0,0,0,0,0,0,0,0,0,0,0,0,1.54,1.54,1.54,1.54,1.54,1.54,1.54,1.54,1.54,1.54,5.64,5.64,5.64,5.64,5.64,5.64,5.64,5.64,5.64,5.64,40.98,0,1,0,0,0,0,-1,0,None,aggregation
26,147.76,remora2,remora9,4.02,4.02,4.02,4.02,4.02,4.27,4.27,4.27,4.27,4.5,3.26,3.26,3.26,3.26,3.26,3.52,3.52,3.51,3.51,3.76,1.54,1.54,1.54,1.54,1.54,1.54,1.53,1.53,1.53,1.53,5.65,5.65,5.65,5.65,5.65,5.66,5.66,5.66,5.66,5.67,33.22,0,1,0,0,0,0,-1,0,None,aggregation
26,148.76,remora2,remora9,4.5,4.76,4.76,4.75,4.75,4.75,4.99,4.99,4.99,5.23,3.76,4.01,4.01,4.01,4.01,4.01,4.24,4.24,4.24,4.5,1.53,1.53,1.53,1.52,1.52,1.52,1.52,1.52,1.52,1.52,5.67,5.68,5.68,5.68,5.69,5.69,5.69,5.7,5.7,5.71,25.73,0,1,0,0,0,0,-1,0,None,aggregation
26,149.76,remora2,remora9,5.23,5.23,5.47,5.47,5.71,5.71,5.71,5.71,5.71,5.71,4.5,4.49,4.73,4.73,4.99,4.99,4.99,4.98,4.98,4.98,1.52,1.51,1.51,1.51,1.51,1.51,1.51,1.51,1.5,1.5,5.71,5.72,5.72,5.72,5.73,5.73,5.73,5.73,5.74,5.74,18.53,0,1,0,0,0,0,-1,0,None,aggregation
26,150.76,remora2,remora9,5.71,5.94,5.94,6.18,6.18,6.18,6.41,6.41,6.41,6.66,4.98,5.22,5.22,5.46,5.46,5.46,5.7,5.7,5.7,5.94,1.5,1.5,1.5,1.5,1.5,1.5,1.49,1.49,1.49,1.49,5.75,5.75,5.76,5.76,5.76,5.77,5.77,5.78,5.78,5.79,19.31,1,0,0,0,0,0,-1,0,None,aggregation
26,151.76,remora2,remora9,6.65,6.65,6.65,6.65,6.65,7.13,7.13,7.12,7.12,7.12,5.94,5.94,5.94,5.94,5.94,6.42,6.42,6.42,6.42,6.42,1.49,1.49,1.49,1.49,1.49,1.48,1.48,1.48,1.48,1.48,5.79,5.8,5.8,5.81,5.81,5.82,5.82,5.83,5.83,5.83,25.84,1,0,0,0,0,0,-1,0,None,aggregation
26,152.76,remora2,remora9,7.12,7.35,7.35,7.59,7.59,7.58,7.58,7.59,7.59,8.05,6.42,6.65,6.65,6.89,6.89,6.89,6.89,6.89,6.89,7.36,1.48,1.48,1.48,1.48,1.48,1.47,1.47,1.47,1.47,1.47,5.83,5.84,5.84,5.84,5.85,5.86,5.86,5.87,5.88,5.88,33.03,1,0,0,0,0,0,-1,0,None,aggregation
26,153.76,remora2,remora9,8.05,8.05,8.05,8.05,8.05,8.51,8.51,8.51,8.51,8.51,7.36,7.36,7.36,7.36,7.36,7.84,7.84,7.83,7.83,7.83,1.47,1.47,1.47,1.47,1.47,1.47,1.47,1.47,1.47,1.47,5.88,5.89,5.89,5.9,5.9,5.91,5.91,5.92,5.92,5.93,40.97,1,0,0,0,0,0,-1,0,None,aggregation
26,154.76,remora2,remora9,8.51,8.73,8.73,8.96,8.96,8.96,9.18,9.18,9.18,9.42,7.83,8.06,8.06,8.29,8.29,8.29,8.52,8.52,8.52,8.76,1.47,1.46,1.46,1.46,1.46,1.46,1.46,1.46,1.46,1.46,5.93,5.94,5.94,5.95,5.96,5.96,5.97,5.97,5.98,5.98,49.62,1,0,1,0,0,0,-1,0,None,aggregation
26,155.76,remora2,remora9,9.42,9.42,9.64,9.64,9.64,9.87,9.87,9.87,10.09,10.09,8.76,8.76,8.98,8.98,8.98,9.22,9.22,9.21,9.44,9.44,1.46,1.46,1.46,1.46,1.46,1.46,1.46,1.46,1.46,1.46,5.99,5.99,6,6.01,6.02,6.02,6.03,6.03,6.03,6.04,59.04,1,0,1,0,0,0,-1,0,None,aggregation
26,156.76,remora2,remora9,10.09,10.09,10.32,10.32,10.53,10.53,10.53,10.76,10.76,10.76,9.44,9.44,9.67,9.67,9.89,9.89,9.89,10.12,10.12,10.13,1.46,1.47,1.47,1.47,1.47,1.47,1.47,1.47,1.47,1.47,6.05,6.05,6.06,6.06,6.07,6.07,6.08,6.09,6.1,6.11,69.19,1,0,1,0,0,0,-1,0,None,aggregation
26,157.76,remora2,remora9,10.76,10.76,10.98,11.2,11.2,11.2,11.64,11.64,11.64,11.64,10.13,10.13,10.35,10.57,10.57,10.58,11.02,11.02,11.02,11.02,1.47,1.47,1.47,1.47,1.47,1.48,1.48,1.48,1.48,1.48,6.12,6.12,6.13,6.14,6.14,6.15,6.16,6.17,6.17,6.18,76.35,1,0,1,0,0,0,-1,0,None,aggregation
26,158.76,remora2,remora9,11.64,11.85,11.85,12.07,12.07,12.08,12.08,12.5,12.5,12.5,11.02,11.24,11.24,11.46,11.46,11.47,11.47,11.9,11.9,11.9,1.48,1.48,1.49,1.49,1.49,1.49,1.49,1.49,1.5,1.5,6.19,6.2,6.21,6.21,6.22,6.23,6.23,6.24,6.25,6.26,83.69,1,0,1,0,0,0,-1,0,None,aggregation
26,159.76,remora2,remora9,12.5,12.71,12.93,12.93,12.93,13.14,13.14,13.35,13.56,13.56,11.9,12.12,12.34,12.34,12.34,12.55,12.55,12.77,12.97,12.97,1.5,1.5,1.5,1.51,1.51,1.51,1.51,1.52,1.52,1.52,6.27,6.28,6.29,6.29,6.3,6.31,6.32,6.33,6.34,6.35,91.27,0,1,1,0,0,0,-1,0,None,aggregation
26,160.76,remora2,remora9,13.56,13.77,13.77,13.97,14.18,14.18,14.18,14.38,14.59,14.59,12.97,13.19,13.19,13.4,13.61,13.61,13.61,13.82,14.03,14.03,1.52,1.53,1.53,1.53,1.54,1.54,1.54,1.54,1.55,1.55,6.36,6.37,6.37,6.38,6.39,6.4,6.4,6.41,6.43,6.44,99.26,0,1,1,0,0,0,-1,0,None,aggregation
26,161.76,remora2,remora9,14.59,14.79,14.79,15,15,15.19,15.19,15.4,15.4,15.79,14.03,14.23,14.23,14.44,14.44,14.65,14.65,14.86,14.86,15.25,1.56,1.56,1.56,1.57,1.57,1.57,1.58,1.58,1.59,1.59,6.45,6.46,6.47,6.48,6.49,6.5,6.51,6.52,6.53,6.54,107.56,0,1,1,0,0,0,-1,0,None,aggregation
26,124.76,remora2,remora0,-2.08,-1.81,-1.81,-1.55,-1.55,-1.28,-1.02,-1.02,-1.02,-1.02,-2.9,-2.63,-2.63,-2.37,-2.37,-2.1,-1.84,-1.84,-1.84,-1.84,1.63,1.63,1.63,1.63,1.63,1.63,1.63,1.63,1.63,1.63,5.17,5.17,5.17,5.16,5.16,5.16,5.16,5.16,5.16,5.16,141.95,0,1,1,0,0,0,-1,0,None,aggregation
26,125.76,remora2,remora0,-0.49,-0.22,0.3,0.3,0.3,0.82,1.34,1.34,1.34,1.59,-1.32,-1.04,-0.52,-0.52,-0.52,0.01,0.54,0.54,0.54,0.79,1.63,1.63,1.63,1.63,1.63,1.63,1.63,1.63,1.63,1.63,5.17,5.17,5.17,5.17,5.17,5.17,5.18,5.18,5.19,5.19,122.77,0,1,1,0,0,0,-1,0,None,aggregation
26,126.76,remora2,remora0,1.59,2.1,-14.35,-14.35,-14.35,3.11,3.11,3.87,3.87,4.11,0.79,1.31,-15.17,-15.17,-15.17,2.34,2.34,3.11,3.11,3.36,1.63,1.63,1.63,1.63,1.63,1.63,1.63,1.63,1.63,1.63,5.2,5.2,5.2,5.2,5.19,5.19,5.19,5.19,5.2,5.2,102.44,0,1,1,0,0,0,-1,0,None,aggregation
26,127.76,remora2,remora0,4.11,4.37,4.37,4.61,4.87,4.87,4.87,5.11,5.11,5.11,3.36,3.62,3.62,3.87,4.13,4.13,4.13,4.37,4.37,4.37,1.64,1.64,1.64,1.64,1.64,1.64,1.64,1.65,1.65,1.65,5.21,5.21,5.22,5.22,5.23,5.24,5.24,5.25,5.25,5.26,82.31,0,1,1,0,0,0,-1,0,None,aggregation
26,128.76,remora2,remora0,5.11,5.11,5.37,5.6,5.6,5.6,5.86,6.09,6.09,-10.66,4.37,4.37,4.63,4.87,4.87,4.87,5.13,5.37,5.37,-11.48,1.65,1.65,1.65,1.65,1.65,1.66,1.66,1.66,1.66,1.66,5.26,5.27,5.28,5.28,5.29,5.3,5.3,5.31,5.31,5.31,66.73,0,1,1,0,0,0,-1,0,None,aggregation
26,129.76,remora2,remora0,-10.66,5.86,5.86,6.09,6.09,6.09,6.09,6.1,6.1,6.35,-11.48,5.14,5.14,5.37,5.37,5.37,5.37,5.37,5.37,5.63,1.66,1.66,1.66,1.66,1.66,1.66,1.66,1.66,1.66,1.66,5.31,5.31,5.32,5.32,5.33,5.34,5.35,5.35,5.36,5.37,55.93,0,1,1,0,0,0,-1,0,None,aggregation
26,130.76,remora2,remora0,6.35,6.58,6.58,6.82,6.82,7.05,7.05,7.06,7.06,7.3,5.63,5.86,5.86,6.12,6.12,6.35,6.35,6.35,6.35,6.6,1.66,1.66,1.66,1.67,1.67,1.67,1.67,1.67,1.67,1.67,5.37,5.38,5.39,5.4,5.41,5.41,5.42,5.43,5.43,5.44,49.56,0,1,1,0,0,0,-1,0,None,aggregation
26,131.76,remora2,remora0,-8.43,-8.43,-8.43,8,8,8.24,8.24,8.24,8,8.24,-9.25,-9.25,-9.25,7.31,7.31,7.56,7.56,7.56,7.31,7.56,1.67,1.67,1.67,1.67,1.67,1.67,1.67,1.67,1.67,1.67,5.45,5.45,5.45,5.46,5.46,5.47,5.47,5.48,5.48,5.49,48.87,0,1,1,0,0,0,-1,0,None,aggregation
26,132.76,remora2,remora0,8.24,8.46,8.46,8.46,8.46,8.46,8.46,8.24,8.24,8.46,7.56,7.79,7.79,7.79,7.78,7.79,7.79,7.56,7.56,7.79,1.67,1.67,1.67,1.67,1.67,1.68,1.68,1.67,1.67,1.67,5.49,5.5,5.5,5.51,5.51,5.51,5.51,5.52,5.52,5.52,51.27,0,1,1,0,0,0,-1,0,None,aggregation
26,133.76,remora2,remora0,8.46,8.46,8.46,8.7,8.7,8.92,8.92,8.92,8.92,9.16,7.79,7.79,7.79,8.03,8.03,8.25,8.25,8.25,8.25,8.49,1.67,1.67,1.67,1.67,1.67,1.67,1.67,1.67,1.67,1.67,5.52,5.52,5.53,5.53,5.54,5.54,5.55,5.55,5.56,5.56,56.33,0,1,1,0,0,0,-1,0,None,aggregation
26,134.76,remora2,remora0,9.16,9.37,9.37,9.61,9.61,9.61,9.61,9.82,9.82,10.05,8.49,8.71,8.71,8.95,8.95,8.95,8.95,9.17,9.17,9.4,1.67,1.67,1.67,1.67,1.67,1.67,1.67,1.67,1.67,1.66,5.56,5.56,5.57,5.57,5.57,5.57,5.58,5.58,5.58,5.59,63.78,0,1,1,0,0,0,-1,0,None,aggregation
26,135.76,remora2,remora0,10.05,10.05,10.05,10.26,10.26,10.26,10.26,10.26,10.49,10.7,9.4,9.4,9.4,9.62,9.62,9.62,9.62,9.62,9.84,10.06,1.66,1.66,1.66,1.66,1.66,1.66,1.66,1.66,1.65,1.65,5.59,5.59,5.6,5.6,5.61,5.61,5.62,5.62,5.62,5.63,73.09,0,1,1,0,0,0,-1,0,None,aggregation
26,136.76,remora2,remora0,10.7,10.7,10.69,10.92,10.92,10.92,10.92,11.12,11.12,11.12,10.06,10.06,10.06,10.28,10.28,10.28,10.28,10.49,10.49,10.49,1.65,1.65,1.65,1.65,1.65,1.64,1.64,1.64,1.64,1.64,5.63,5.64,5.64,5.65,5.65,5.65,5.66,5.67,5.67,5.68,77.35,0,1,1,0,0,0,-1,0,None,aggregation
26,137.76,remora2,remora0,11.12,11.34,11.34,11.55,11.55,11.54,11.54,11.76,11.76,11.76,10.49,10.72,10.72,10.93,10.93,10.92,10.92,11.14,11.14,11.14,1.63,1.63,1.63,1.63,1.63,1.62,1.62,1.62,1.62,1.61,5.68,5.68,5.69,5.69,5.69,5.7,5.71,5.71,5.72,5.72,84.2,0,1,1,0,0,0,-1,0,None,aggregation
26,138.76,remora2,remora0,11.76,11.96,11.96,11.96,11.96,12.17,12.17,12.17,12.37,12.37,11.14,11.35,11.35,11.34,11.34,11.56,11.56,11.56,11.76,11.76,1.61,1.61,1.61,1.6,1.6,1.6,1.59,1.59,1.59,1.59,5.73,5.73,5.74,5.74,5.74,5.75,5.75,5.76,5.77,5.77,90.15,0,1,1,0,0,0,-1,0,None,aggregation
26,139.76,remora2,remora0,12.37,12.36,12.36,12.57,12.57,12.57,12.57,12.77,12.77,12.77,11.76,11.76,11.76,11.97,11.97,11.97,11.97,12.17,12.17,12.17,1.58,1.58,1.58,1.57,1.57,1.57,1.56,1.56,1.56,1.55,5.78,5.78,5.79,5.79,5.8,5.8,5.81,5.82,5.82,5.83,96.17,0,1,1,0,0,0,-1,0,None,aggregation
26,140.76,remora2,remora0,12.76,12.97,12.97,12.96,0,0,0,0,0,0,12.16,12.37,12.37,12.37,0,0,0,0,0,0,1.55,1.54,1.54,1.54,1.53,1.53,1.53,1.53,1.53,1.53,5.83,5.84,5.85,5.85,5.86,5.86,5.86,5.86,5.86,5.86,94.71,0,1,1,0,0,0,-1,0,None,aggregation
26,141.76,remora2,remora0,0,0,0,0,0,0,0,0,0,0,0,0,0,0,0,0,0,0,0,0,1.53,1.53,1.53,1.53,1.53,1.53,1.53,1.53,1.53,1.53,5.86,5.86,5.86,5.86,5.86,5.85,5.85,5.85,5.85,5.85,86.6,0,1,1,0,0,0,-1,0,None,aggregation
26,142.76,remora2,remora0,0,0,0,0,0,0,0,0,0,0,0,0,0,0,0,0,0,0,0,0,1.53,1.53,1.53,1.53,1.53,1.53,1.53,1.53,1.53,1.53,5.85,5.85,5.85,5.85,5.85,5.85,5.85,5.85,5.85,5.85,78.54,0,1,1,0,0,0,-1,0,None,aggregation
26,143.76,remora2,remora0,0,0,0,0,0,0,0,0,0,0,0,0,0,0,0,0,0,0,0,0,1.53,1.53,1.53,1.53,1.53,1.54,1.54,1.54,1.54,1.54,5.85,5.85,5.85,5.85,5.85,5.85,5.85,5.85,5.85,5.85,70.12,0,1,1,0,0,0,-1,0,None,aggregation
26,144.76,remora2,remora0,0,0,0,0,0,0,0,0,0,0,0,0,0,0,0,0,0,0,0,0,1.54,1.54,1.54,1.54,1.54,1.54,1.54,1.54,1.54,1.54,5.85,5.85,5.85,5.85,5.85,5.85,5.85,5.85,5.85,5.85,60.84,0,1,1,0,0,0,-1,0,None,aggregation
26,145.76,remora2,remora0,0,0,0,0,0,0,0,0,0,0,0,0,0,0,0,0,0,0,0,0,1.54,1.54,1.54,1.54,1.54,1.54,1.54,1.54,1.54,1.54,5.85,5.85,5.85,5.85,5.85,5.85,5.85,5.85,5.85,5.85,50.9,0,1,1,0,0,0,-1,0,None,aggregation
26,146.76,remora2,remora0,0,0,0,0,0,0,0,0,0,0,0,0,0,0,0,0,0,0,0,0,1.54,1.54,1.54,1.54,1.54,1.54,1.54,1.54,1.54,1.54,5.85,5.85,5.85,5.84,5.84,5.84,5.84,5.84,5.84,5.85,40.3,0,1,0,0,0,0,-1,0,None,aggregation
26,147.76,remora2,remora0,0,3.26,3.26,3.26,3.26,3.52,3.52,3.51,3.51,3.51,0,4.02,4.02,4.02,4.02,4.27,4.27,4.27,4.27,4.27,1.54,1.54,1.54,1.54,1.54,1.54,1.53,1.53,1.53,1.53,5.85,5.85,5.85,5.85,5.85,5.86,5.86,5.86,5.86,5.87,32.49,0,1,0,0,0,0,-1,0,None,aggregation
26,148.76,remora2,remora0,3.51,3.75,3.75,4.01,4.01,4,4,4.01,4.01,4.24,4.27,4.5,4.5,4.75,4.75,4.75,4.75,4.75,4.75,4.98,1.53,1.53,1.53,1.52,1.52,1.52,1.52,1.52,1.52,1.52,5.87,5.87,5.88,5.88,5.88,5.88,5.88,5.89,5.89,5.9,25.02,0,1,0,0,0,0,-1,0,None,aggregation
26,149.76,remora2,remora0,4.24,4.49,4.49,4.49,4.73,4.73,4.73,4.98,4.98,4.98,4.98,5.23,5.23,5.23,5.46,5.46,5.46,5.71,5.71,5.71,1.52,1.51,1.51,1.51,1.51,1.51,1.51,1.51,1.5,1.5,5.9,5.9,5.91,5.91,5.91,5.91,5.92,5.92,5.92,5.93,17.8,0,1,0,0,0,0,-1,0,None,aggregation
26,150.76,remora2,remora0,4.98,4.98,4.98,5.21,5.21,5.46,5.46,5.46,5.46,5.46,5.71,5.7,5.7,5.94,5.94,6.18,6.18,6.18,6.18,6.18,1.5,1.5,1.5,1.5,1.5,1.5,1.49,1.49,1.49,1.49,5.93,5.94,5.94,5.94,5.95,5.95,5.96,5.96,5.96,5.97,18.38,1,0,0,0,0,0,-1,0,None,aggregation
26,151.76,remora2,remora0,5.46,5.69,5.69,5.94,5.94,5.94,5.94,5.94,5.94,5.94,6.18,6.41,6.41,6.65,6.65,6.65,6.65,6.65,6.65,6.65,1.49,1.49,1.49,1.49,1.49,1.48,1.48,1.48,1.48,1.48,5.97,5.98,5.98,5.99,5.99,6,6,6.01,6.01,6.01,24.58,1,0,0,0,0,0,-1,0,None,aggregation
26,152.76,remora2,remora0,6.17,6.42,6.42,6.41,6.41,6.41,6.41,6.64,6.64,6.89,6.88,7.12,7.12,7.11,7.11,7.11,7.11,7.34,7.34,7.58,1.48,1.48,1.48,1.48,1.48,1.47,1.47,1.47,1.47,1.47,6.01,6.01,6.02,6.02,6.03,6.03,6.04,6.04,6.05,6.05,31.41,1,0,0,0,0,0,-1,0,None,aggregation
26,153.76,remora2,remora0,6.89,6.89,6.89,6.88,6.88,6.89,6.89,7.11,7.11,7.36,7.58,7.58,7.58,7.58,7.58,7.58,7.58,7.81,7.81,8.04,1.47,1.47,1.47,1.47,1.47,1.47,1.47,1.47,1.47,1.47,6.05,6.06,6.06,6.06,6.07,6.07,6.08,6.09,6.09,6.1,38.74,1,0,0,0,0,0,-1,0,None,aggregation
26,154.76,remora2,remora0,7.36,7.36,7.36,7.36,7.36,7.36,7.83,7.83,7.83,7.83,8.04,8.04,8.04,8.04,8.04,8.04,8.51,8.51,8.51,8.5,1.47,1.46,1.46,1.46,1.46,1.46,1.46,1.46,1.46,1.46,6.1,6.1,6.11,6.11,6.12,6.12,6.13,6.13,6.14,6.14,46.62,1,0,1,0,0,0,-1,0,None,aggregation
26,155.76,remora2,remora0,7.83,7.82,7.82,7.83,7.83,7.83,7.83,8.05,8.29,8.29,8.5,8.5,8.5,8.5,8.5,8.5,8.5,8.73,8.96,8.96,1.46,1.46,1.46,1.46,1.46,1.46,1.46,1.46,1.46,1.46,6.15,6.15,6.16,6.16,6.17,6.17,6.18,6.18,6.18,6.19,54.9,1,0,1,0,0,0,-1,0,None,aggregation
26,156.76,remora2,remora0,8.29,8.29,8.29,8.29,8.3,8.3,8.3,8.3,8.3,8.53,8.96,8.96,8.96,8.96,8.96,8.96,8.96,8.97,8.97,9.19,1.46,1.47,1.47,1.47,1.47,1.47,1.47,1.47,1.47,1.47,6.2,6.2,6.21,6.21,6.21,6.22,6.23,6.23,6.24,6.25,63.55,1,0,1,0,0,0,-1,0,None,aggregation
26,157.76,remora2,remora0,8.53,8.53,8.53,8.77,8.77,8.77,8.77,8.77,8.77,8.77,9.19,9.19,9.19,9.43,9.43,9.43,9.43,9.43,9.43,9.43,1.47,1.47,1.47,1.47,1.47,1.48,1.48,1.48,1.48,1.48,6.25,6.26,6.26,6.27,6.27,6.28,6.28,6.29,6.3,6.3,69.18,1,0,1,0,0,0,-1,0,None,aggregation
26,158.76,remora2,remora0,8.77,8.77,8.77,8.78,8.78,8.78,8.78,8.78,8.79,8.79,9.43,9.43,9.43,9.44,9.44,9.44,9.44,9.44,9.45,9.45,1.48,1.48,1.49,1.49,1.49,1.49,1.49,1.49,1.5,1.5,6.31,6.32,6.33,6.33,6.33,6.34,6.34,6.35,6.36,6.37,73.99,1,0,1,0,0,0,-1,0,None,aggregation
26,159.76,remora2,remora0,8.79,9.01,9.02,9.02,9.02,9.02,9.02,9.02,9.03,9.03,9.45,9.67,9.67,9.67,9.67,9.68,9.68,9.68,9.68,9.68,1.5,1.5,1.5,1.51,1.51,1.51,1.51,1.52,1.52,1.52,6.37,6.38,6.39,6.39,6.4,6.4,6.41,6.41,6.42,6.43,78.26,0,1,1,0,0,0,-1,0,None,aggregation
26,160.76,remora2,remora0,9.03,9.03,9.03,9.04,9.04,9.04,9.04,9.05,8.83,8.83,9.68,9.69,9.69,9.69,9.7,9.7,9.7,9.71,9.49,9.49,1.52,1.53,1.53,1.53,1.54,1.54,1.54,1.54,1.55,1.55,6.43,6.44,6.44,6.45,6.46,6.46,6.47,6.48,6.48,6.49,81.96,0,1,1,0,0,0,-1,0,None,aggregation
26,161.76,remora2,remora0,8.83,8.84,8.84,8.85,8.85,8.85,8.85,8.86,8.86,8.87,9.49,9.5,9.5,9.5,9.5,9.51,9.51,9.52,9.52,9.53,1.56,1.56,1.56,1.57,1.57,1.57,1.58,1.58,1.59,1.59,6.5,6.5,6.51,6.52,6.52,6.53,6.54,6.54,6.55,6.55,84.94,0,1,1,0,0,0,-1,0,None,aggregation
26,162.76,remora2,remora0,8.87,8.87,8.64,8.65,8.65,8.66,8.66,8.44,8.44,8.45,9.53,9.53,9.3,9.31,9.31,9.32,9.32,9.11,9.11,9.12,7.45,7.46,7.47,7.48,7.49,7.5,7.51,7.51,7.52,7.52,8.21,8.22,8.23,8.24,8.25,8.25,8.26,8.27,8.27,8.28,87.07,0,0,1,0,0,0,-1,0,None,aggregation
26,163.76,remora2,remora0,8.45,8.22,8.22,8.23,8.23,8.25,8.25,8.03,8.03,7.8,9.12,8.89,8.89,8.9,8.9,8.92,8.92,8.7,8.7,8.48,7.53,7.54,7.54,7.55,7.55,7.56,7.58,7.58,7.6,7.61,8.28,8.28,8.29,8.29,8.3,8.3,8.31,8.32,8.33,8.34,88.26,0,0,1,0,0,0,-1,0,None,aggregation
26,164.76,remora2,remora0,7.8,7.82,7.82,7.83,7.62,7.62,7.62,7.62,7.39,7.41,8.48,8.49,8.49,8.51,8.3,8.3,8.3,8.3,8.07,8.09,7.62,7.62,7.63,7.64,7.65,7.66,7.67,7.68,7.69,7.69,8.34,8.34,8.35,8.35,8.36,8.37,8.37,8.38,8.39,8.4,88.36,0,0,1,0,0,0,-1,0,None,aggregation
26,165.76,remora2,remora0,7.41,7.2,7.2,6.96,6.96,6.98,6.98,6.98,6.53,6.54,8.09,7.89,7.89,7.66,7.66,7.68,7.68,7.68,7.23,7.24,7.7,7.7,7.71,7.72,7.73,7.74,7.75,7.75,7.76,7.76,8.4,8.4,8.41,8.41,8.41,8.42,8.43,8.44,8.44,8.45,87.41,0,0,1,0,0,0,-1,0,None,aggregation
26,166.76,remora2,remora0,6.54,6.57,6.57,6.11,6.11,6.13,6.13,5.91,5.91,5.69,7.24,7.27,7.27,6.82,6.82,6.84,6.84,6.62,6.62,6.41,7.76,7.77,7.78,7.78,7.79,7.8,7.8,7.81,7.82,7.83,8.45,8.45,8.46,8.46,8.47,8.47,8.48,8.48,8.49,8.49,85.27,0,0,1,0,0,0,-1,0,None,aggregation
26,124.76,remora2,remora3,-25.36,-25.34,-25.34,-8.5,-8.49,-24.74,12.7,12.7,-24.26,-24.26,-26.18,-26.15,-26.15,-9.31,-9.3,-25.55,12.11,12.11,-25.07,-25.07,1.67,1.68,1.68,1.69,1.69,1.7,1.7,1.71,1.72,1.73,4.11,4.11,4.12,4.12,4.12,4.12,4.12,4.13,4.13,4.13,114.81,0,1,1,0,0,0,98.31,1,GradualMotor,aggregation
26,125.76,remora2,remora3,-7.8,-7.79,-6.53,-6.52,-23.42,-23.4,-5.89,-5.89,-5.88,-22.8,-8.61,-8.6,-7.33,-7.33,-24.22,-24.2,-6.7,-6.69,-6.68,-23.6,1.73,1.74,1.75,1.75,1.76,1.76,1.77,1.78,1.79,1.79,4.13,4.14,4.14,4.14,4.15,4.16,4.17,4.18,4.19,4.2,126.8,0,1,1,0,0,0,97.31,1,GradualMotor,aggregation
26,126.76,remora2,remora3,14.55,14.54,-4.51,-4.51,-3.33,-3.32,15.98,15.97,-1.99,-1.99,14.01,14,-5.31,-5.3,-4.12,-4.12,15.48,15.46,-2.78,-2.78,1.8,1.81,1.83,1.84,1.85,1.86,1.87,1.89,1.9,1.92,4.21,4.22,4.23,4.23,4.23,4.23,4.24,4.24,4.25,4.25,135.01,0,1,1,0,0,0,96.31,1,GradualMotor,aggregation
26,127.76,remora2,remora3,-1.98,-0.82,-20.58,-20.55,17.79,17.77,17.76,1.84,28.31,28.28,-2.77,-1.61,-21.36,-21.34,17.34,17.32,17.3,1.08,28.23,28.2,1.93,1.94,1.95,1.96,1.97,1.99,2.01,2.02,2.04,2.06,4.26,4.26,4.26,4.27,4.28,4.29,4.3,4.3,4.31,4.31,150.62,0,1,1,0,0,0,95.31,1,GradualMotor,aggregation
26,128.76,remora2,remora3,-19.72,-19.72,-19.67,4.87,19.85,19.85,19.81,2.86,20.8,20.77,-20.5,-20.5,-20.46,4.17,19.45,19.45,19.41,2.13,20.42,20.4,2.09,2.11,2.12,2.13,2.15,2.18,2.2,2.23,2.25,2.27,4.31,4.31,4.32,4.33,4.33,4.34,4.35,4.35,4.35,4.35,167.36,0,1,1,0,0,0,94.31,1,GradualMotor,aggregation
26,129.76,remora2,remora3,14.03,14.01,21.54,21.51,4.95,4.95,4.94,10.71,-19.01,-18.99,13.5,13.49,21.19,21.16,4.26,4.26,4.25,10.12,-19.77,-19.75,2.3,2.33,2.36,2.39,2.42,2.45,2.47,2.5,2.52,2.54,4.35,4.36,4.36,4.37,4.37,4.38,4.39,4.4,4.41,4.41,165.91,0,1,1,0,0,0,93.31,1,GradualMotor,aggregation
26,130.76,remora2,remora3,-18.97,12.45,6.22,6.22,6.21,13.05,13.69,13.68,13.66,-18.68,-19.73,11.91,5.56,5.56,5.55,12.52,13.17,13.16,13.15,-19.44,2.55,2.57,2.6,2.63,2.65,2.68,2.71,2.75,2.78,2.8,4.42,4.43,4.44,4.45,4.46,4.47,4.48,4.48,4.49,4.5,151.31,0,1,1,0,0,0,92.31,1,GradualMotor,aggregation
26,131.76,remora2,remora3,14.86,14.84,14.83,23.54,7.54,7.54,7.68,7.68,7.67,23.97,14.37,14.36,14.34,23.27,6.92,6.91,7.06,7.06,7.05,23.73,2.81,2.84,2.87,2.91,2.95,2.97,2.98,2.99,2.99,3.01,4.51,4.52,4.52,4.53,4.54,4.54,4.54,4.54,4.55,4.55,148.03,0,1,1,0,0,0,91.31,1,GradualMotor,aggregation
26,132.76,remora2,remora3,7.79,7.79,7.78,7.78,17.41,-18.61,17.33,17.31,17.29,-18.13,7.18,7.17,7.16,7.16,16.99,-19.35,16.91,16.89,16.87,-18.87,3.02,3.03,3.04,3.04,3.03,3.01,2.99,2.98,2.97,2.95,4.56,4.56,4.56,4.56,4.56,4.56,4.55,4.55,4.55,4.54,143.29,0,0,1,0,0,0,90.31,1,GradualMotor,aggregation
26,133.76,remora2,remora3,-18.1,-18.08,23.61,23.59,-17.36,-17.34,-17.01,-16.99,23.44,23.41,-18.85,-18.82,23.37,23.35,-18.1,-18.08,-17.74,-17.72,23.19,23.17,2.92,2.9,2.89,2.9,2.91,2.9,2.87,2.83,2.81,2.8,4.54,4.55,4.55,4.55,4.55,4.56,4.56,4.56,4.57,4.57,143.85,0,1,1,0,0,0,89.31,1,GradualMotor,aggregation
26,134.76,remora2,remora3,-15.91,-15.89,15.48,15.46,-15.51,-15.49,-15.12,-15.1,-15.08,7.85,-16.64,-16.62,15.03,15.01,-16.24,-16.22,-15.85,-15.83,-15.81,7.26,2.8,2.78,2.75,2.75,2.74,2.71,2.69,2.66,2.63,2.61,4.57,4.57,4.57,4.56,4.56,4.56,4.56,4.56,4.56,4.56,139.28,0,1,1,0,0,0,88.31,1,GradualMotor,aggregation
26,135.76,remora2,remora3,13.9,13.89,13.87,-14.24,-13.86,-13.85,22.54,22.54,12.88,12.86,13.43,13.41,13.4,-14.96,-14.58,-14.57,22.29,22.29,12.39,12.38,2.6,2.59,2.59,2.58,2.56,2.53,2.51,2.5,2.5,2.49,4.56,4.56,4.56,4.57,4.57,4.58,4.58,4.57,4.57,4.57,142.7,0,1,1,0,0,0,87.31,1,GradualMotor,aggregation
26,136.76,remora2,remora3,12.85,12.85,-13.22,-12.89,22.12,22.1,7.41,7.4,7.39,12.11,12.36,12.36,-13.93,-13.6,21.87,21.84,6.82,6.82,6.81,11.62,2.49,2.47,2.45,2.43,2.41,2.41,2.41,2.4,2.4,2.39,4.58,4.58,4.58,4.58,4.58,4.58,4.59,4.59,4.6,4.6,147.41,0,1,1,0,0,0,86.31,1,GradualMotor,aggregation
26,137.76,remora2,remora3,12.1,-11.93,-11.91,11.56,11.27,11.26,21.6,21.58,21.55,7.27,11.6,-12.64,-12.62,11.06,10.76,10.75,21.34,21.32,21.29,6.69,2.39,2.37,2.35,2.33,2.33,2.33,2.33,2.33,2.34,2.34,4.6,4.59,4.59,4.59,4.59,4.6,4.6,4.61,4.61,4.61,145.9,0,1,1,0,0,0,85.31,1,GradualMotor,aggregation
26,138.76,remora2,remora3,7.26,7.37,21.55,21.52,7.36,7.35,21.45,21.42,-10.82,-10.81,6.68,6.8,21.29,21.27,6.79,6.78,21.19,21.17,-11.51,-11.5,2.33,2.33,2.32,2.32,2.32,2.32,2.31,2.32,2.32,2.31,4.61,4.61,4.61,4.61,4.61,4.61,4.62,4.62,4.63,4.63,142.76,0,1,1,0,0,0,84.31,1,GradualMotor,aggregation
26,139.76,remora2,remora3,-10.79,10.09,-10.52,-10.51,7.04,7.03,20.79,20.76,-10.2,-10.2,-11.49,9.57,-11.21,-11.2,6.47,6.47,20.53,20.5,-10.89,-10.89,2.29,2.27,2.26,2.24,2.22,2.22,2.22,2.22,2.23,2.22,4.63,4.63,4.63,4.63,4.63,4.63,4.64,4.64,4.64,4.64,141.3,0,1,1,0,0,0,83.31,1,GradualMotor,aggregation
26,140.76,remora2,remora3,-10.18,-9.98,-9.97,-9.92,6.54,6.53,6.52,7.55,-9.48,-9.47,-10.86,-10.66,-10.65,-10.6,5.97,5.96,5.96,7,-10.16,-10.14,2.2,2.18,2.16,2.14,2.13,2.12,2.12,2.12,2.12,2.11,4.64,4.65,4.66,4.67,4.67,4.67,4.67,4.67,4.66,4.66,137.87,0,1,1,0,0,0,82.31,1,GradualMotor,aggregation
26,141.76,remora2,remora3,7.04,7.04,6.84,6.84,6.31,6.3,6.49,6.49,6.48,6.39,6.48,6.48,6.28,6.28,5.74,5.73,5.93,5.93,5.92,5.83,2.09,2.08,2.08,2.08,2.08,2.08,2.08,2.08,2.07,2.07,4.65,4.65,4.65,4.65,4.65,4.64,4.64,4.64,4.64,4.64,131.46,0,1,1,0,0,0,81.31,1,GradualMotor,aggregation
26,142.76,remora2,remora3,-9.02,-9.01,5.73,5.73,6.17,6.16,5.1,5.09,5.09,-8.63,-9.69,-9.67,5.16,5.16,5.61,5.6,4.52,4.52,4.51,-9.29,2.06,2.06,2.05,2.04,2.04,2.03,2.03,2.03,2.03,2.02,4.63,4.63,4.63,4.63,4.63,4.63,4.62,4.62,4.61,4.62,124.34,0,1,1,0,0,0,80.31,1,GradualMotor,aggregation
26,143.76,remora2,remora3,-8.62,-8.61,5.87,5.86,5.74,5.74,-8.32,-8.31,-8.42,-8.41,-9.28,-9.27,5.31,5.3,5.18,5.18,-8.97,-8.96,-9.07,-9.06,2.01,2,1.99,1.98,1.99,1.99,1.99,1.98,1.97,1.96,4.62,4.62,4.63,4.63,4.62,4.62,4.62,4.61,4.61,4.61,111.75,0,1,1,0,0,0,79.31,1,GradualMotor,aggregation
26,144.76,remora2,remora3,-8.4,-8.39,5.51,5.5,-8.36,-8.35,-8.3,-8.29,-8.28,-8.38,-9.05,-9.04,4.95,4.94,-9.01,-9,-8.95,-8.94,-8.93,-9.02,1.96,1.95,1.94,1.94,1.93,1.93,1.92,1.92,1.91,1.9,4.61,4.61,4.61,4.62,4.62,4.62,4.62,4.62,4.62,4.61,104.86,0,1,1,0,0,0,78.31,1,GradualMotor,aggregation
26,145.76,remora2,remora3,17.11,17.08,4.87,4.86,-8.27,-8.26,-8.17,-8.16,16.7,16.68,16.79,16.77,4.31,4.3,-8.91,-8.9,-8.81,-8.8,16.39,16.36,1.89,1.89,1.9,1.9,1.9,1.9,1.89,1.89,1.88,1.89,4.61,4.61,4.6,4.6,4.61,4.61,4.62,4.62,4.62,4.61,100.48,0,1,1,0,0,0,77.31,1,GradualMotor,aggregation
26,146.76,remora2,remora3,16.66,16.63,4.78,4.78,16.8,16.78,-8.06,-8.05,-8.04,-8.04,16.34,16.32,4.23,4.23,16.5,16.48,-8.69,-8.68,-8.66,-8.66,1.89,1.9,1.91,1.91,1.91,1.92,1.93,1.92,1.92,1.91,4.61,4.6,4.59,4.59,4.59,4.58,4.58,4.58,4.59,4.59,98.43,0,1,1,0,0,0,76.31,1,GradualMotor,aggregation
26,147.76,remora2,remora3,-7.98,-7.97,-7.96,4.6,1.3,1.3,0.78,0.78,-8.04,-8.03,-8.6,-8.59,-8.58,4.05,0.7,0.7,0.16,0.16,-8.66,-8.64,1.91,1.9,1.9,1.9,1.9,1.9,1.9,1.89,1.89,1.89,4.6,4.6,4.6,4.6,4.6,4.6,4.6,4.6,4.6,4.6,89.2,0,1,1,0,0,0,75.31,1,GradualMotor,aggregation
26,148.76,remora2,remora3,-8.02,-8.12,15.73,15.71,0.06,0.06,0.06,-8.14,-8.1,-8.09,-8.63,-8.74,15.41,15.39,-0.56,-0.56,-0.56,-8.75,-8.71,-8.7,1.88,1.88,1.88,1.88,1.89,1.89,1.89,1.89,1.89,1.88,4.61,4.61,4.62,4.62,4.62,4.61,4.61,4.62,4.63,4.64,82.99,0,1,1,0,0,0,74.31,1,GradualMotor,aggregation
26,149.76,remora2,remora3,-8.09,3.64,-0.14,-0.14,-7.99,-7.98,-7.98,-0.26,-0.64,-0.64,-8.7,3.09,-0.75,-0.75,-8.6,-8.59,-8.59,-0.87,-1.25,-1.24,1.88,1.87,1.88,1.88,1.88,1.87,1.87,1.87,1.87,1.87,4.65,4.65,4.65,4.65,4.65,4.65,4.65,4.65,4.66,4.66,75.13,0,1,1,0,0,0,73.31,1,GradualMotor,aggregation
26,150.76,remora2,remora3,3.33,3.32,3.32,-8.08,-8.24,-8.23,-8.16,-8.15,-8.06,-8.05,2.78,2.78,2.77,-8.68,-8.84,-8.83,-8.76,-8.75,-8.65,-8.64,1.87,1.87,1.87,1.87,1.87,1.87,1.86,1.86,1.85,1.85,4.67,4.67,4.67,4.67,4.67,4.68,4.69,4.69,4.7,4.7,73.25,0,1,1,0,0,0,72.31,1,GradualMotor,aggregation
26,151.76,remora2,remora3,-1.21,-1.21,-1.2,-8.24,-8.22,-8.16,-8.14,2.87,13.81,13.81,-1.8,-1.8,-1.8,-8.83,-8.81,-8.74,-8.73,2.32,13.49,13.49,1.85,1.85,1.85,1.85,1.84,1.83,1.83,1.83,1.83,1.84,4.7,4.71,4.72,4.72,4.73,4.74,4.74,4.74,4.74,4.74,73.74,0,1,1,0,0,0,71.31,1,GradualMotor,aggregation
26,152.76,remora2,remora3,13.77,13.76,-7.75,-7.74,-0.49,-0.49,-0.24,-0.24,14.2,14.18,13.45,13.43,-8.33,-8.32,-1.07,-1.07,-0.82,-0.82,13.89,13.87,1.84,1.84,1.85,1.85,1.84,1.84,1.84,1.84,1.84,1.85,4.73,4.73,4.73,4.73,4.74,4.75,4.75,4.76,4.77,4.77,74.67,0,1,1,0,0,0,70.31,1,GradualMotor,aggregation
26,153.76,remora2,remora3,3.53,3.53,3.52,0.32,-7.42,-7.41,-7.39,-7.2,-7.19,3.91,3.01,3.01,3,-0.25,-7.99,-7.98,-7.97,-7.77,-7.76,3.4,1.85,1.85,1.85,1.85,1.85,1.85,1.84,1.84,1.84,1.84,4.77,4.77,4.77,4.77,4.77,4.78,4.79,4.79,4.79,4.8,72.35,0,1,1,0,0,0,69.3,1,GradualMotor,aggregation
26,154.76,remora2,remora3,3.83,3.82,0.65,0.65,0.65,0.63,1.42,1.41,1.41,14.72,3.32,3.32,0.09,0.09,0.09,0.07,0.87,0.87,0.87,14.44,1.84,1.84,1.84,1.84,1.84,1.83,1.83,1.83,1.83,1.83,4.8,4.8,4.8,4.8,4.81,4.82,4.82,4.83,4.83,4.83,67.03,0,1,1,0,0,0,68.3,1,GradualMotor,aggregation
26,155.76,remora2,remora3,14.7,14.88,1.92,1.92,1.91,1.9,1.9,2.24,2.54,2.54,14.42,14.61,1.39,1.39,1.38,1.38,1.38,1.72,2.03,2.02,1.84,1.85,1.86,1.86,1.86,1.86,1.86,1.86,1.86,1.86,4.82,4.83,4.83,4.84,4.84,4.84,4.85,4.85,4.85,4.85,60.41,0,1,1,0,0,0,67.3,1,GradualMotor,aggregation
26,156.76,remora2,remora3,2.53,2.53,5.69,5.68,-5.78,-5.78,-5.77,-5.78,-5.77,2.88,2.02,2.02,5.23,5.22,-6.33,-6.32,-6.31,-6.33,-6.32,2.38,1.86,1.87,1.88,1.88,1.88,1.88,1.87,1.87,1.87,1.87,4.85,4.85,4.85,4.85,4.85,4.85,4.86,4.86,4.87,4.88,54.37,0,1,1,0,0,0,66.3,1,GradualMotor,aggregation
26,157.76,remora2,remora3,2.87,15.37,15.69,15.67,15.65,3.9,-5.26,-5.26,-5.12,-5.11,2.38,15.13,15.46,15.44,15.42,3.43,-5.8,-5.8,-5.66,-5.65,1.86,1.87,1.87,1.88,1.89,1.9,1.91,1.9,1.9,1.89,4.89,4.9,4.9,4.9,4.9,4.9,4.9,4.9,4.91,4.92,58.5,0,1,1,0,0,0,65.3,1,GradualMotor,aggregation
26,158.76,remora2,remora3,-5.1,4.15,15.79,15.76,15.74,6.98,-4.74,-4.73,-4.55,-4.55,-5.64,3.68,15.57,15.55,15.52,6.57,-5.27,-5.26,-5.08,-5.07,1.89,1.89,1.89,1.9,1.91,1.91,1.91,1.91,1.91,1.91,4.93,4.93,4.94,4.93,4.93,4.94,4.94,4.95,4.96,4.97,59.37,0,1,1,0,0,0,64.3,1,GradualMotor,aggregation
26,159.76,remora2,remora3,-4.54,-4.46,4.98,4.98,4.97,16.07,16.04,7.85,5.75,5.75,-5.07,-4.99,4.54,4.54,4.53,15.88,15.85,7.46,5.32,5.32,1.9,1.9,1.89,1.89,1.9,1.9,1.91,1.92,1.93,1.93,4.97,4.98,4.98,4.98,4.98,4.99,4.99,5,5,5.01,62.82,0,1,1,0,0,0,63.3,1,GradualMotor,aggregation
26,160.76,remora2,remora3,5.73,-3.83,-3.88,-3.87,-3.74,-3.74,8.54,8.53,-3.4,-3.39,5.31,-4.35,-4.39,-4.39,-4.25,-4.25,8.18,8.16,-3.91,-3.9,1.94,1.94,1.93,1.93,1.92,1.92,1.91,1.92,1.92,1.92,5.01,5.01,5.02,5.02,5.02,5.03,5.03,5.04,5.05,5.06,60.99,0,1,1,0,0,0,62.3,1,GradualMotor,aggregation
26,161.76,remora2,remora3,6.99,6.98,6.96,7.08,-3.2,-3.19,16.55,16.52,16.49,16.58,6.6,6.59,6.58,6.69,-3.71,-3.7,16.4,16.37,16.34,16.43,1.92,1.92,1.93,1.93,1.94,1.94,1.93,1.94,1.96,1.97,5.06,5.07,5.07,5.07,5.07,5.08,5.09,5.09,5.1,5.1,64.15,0,1,1,0,0,0,61.3,1,GradualMotor,aggregation
26,162.76,remora2,remora3,-2.78,-2.78,-2.85,-2.84,-2.73,-2.73,-2.72,-2.64,16.64,16.62,-3.28,-3.28,-3.35,-3.34,-3.23,-3.22,-3.22,-3.13,16.51,16.48,1.98,1.98,1.98,1.98,1.98,1.97,1.97,1.97,1.96,1.97,4.28,4.28,4.28,4.29,4.3,4.3,4.3,4.3,4.3,4.3,62.47,0,1,1,0,0,0,60.3,1,GradualMotor,aggregation
26,163.76,remora2,remora3,16.59,9.73,9.71,8.38,8.53,8.51,8.5,-2.23,8.73,8.72,16.46,9.41,9.4,8.03,8.19,8.17,8.16,-2.72,8.4,8.39,1.99,2,2.01,2.01,2.02,2.03,2.04,2.04,2.04,2.04,4.29,4.29,4.29,4.28,4.28,4.29,4.29,4.3,4.3,4.31,66.17,0,1,1,0,0,0,59.3,1,GradualMotor,aggregation
26,164.76,remora2,remora3,16.71,16.69,8.99,8.98,-1.9,-1.9,-1.9,-1.9,-1.74,-1.73,16.6,16.58,8.67,8.66,-2.39,-2.39,-2.38,-2.38,-2.22,-2.21,2.05,2.06,2.08,2.09,2.1,2.1,2.1,2.09,2.09,2.09,4.31,4.31,4.3,4.31,4.31,4.32,4.32,4.33,4.34,4.34,69.85,0,1,1,0,0,0,58.3,1,GradualMotor,aggregation
26,165.76,remora2,remora3,16.69,16.67,16.64,16.64,-1.54,-1.54,-1.54,-1.54,-1.54,9.91,16.6,16.57,16.54,16.55,-2.02,-2.02,-2.01,-2.01,-2.01,9.62,2.09,2.1,2.11,2.13,2.14,2.14,2.14,2.14,2.14,2.14,4.34,4.34,4.33,4.34,4.34,4.34,4.35,4.35,4.35,4.35,73.96,0,1,1,0,0,0,57.3,1,GradualMotor,aggregation
26,166.76,remora2,remora3,-1.33,-1.33,-1.3,-1.3,-1.21,-1.21,10.3,10.28,10.43,10.42,-1.8,-1.8,-1.77,-1.76,-1.67,-1.67,10.03,10.01,10.16,10.15,2.15,2.15,2.15,2.15,2.15,2.15,2.15,2.16,2.17,2.18,4.35,4.35,4.36,4.36,4.36,4.36,4.37,4.37,4.37,4.37,74.12,0,1,1,0,0,0,56.3,1,GradualMotor,aggregation
26,167.76,remora2,remora3,-1,-1,10.62,10.62,11.21,11.19,10.64,10.62,10.6,10.6,-1.47,-1.46,10.36,10.36,10.96,10.94,10.38,10.36,10.34,10.34,2.19,2.19,2.19,2.2,2.2,2.22,2.23,2.24,2.25,2.25,4.37,4.37,2.55,2.56,2.56,2.57,2.57,2.57,2.56,2.56,73.87,0,1,1,0,0,0,55.3,1,GradualMotor,aggregation
26,168.76,remora2,remora3,-0.73,-0.73,10.8,10.78,-0.42,-0.41,10.91,10.89,10.91,10.89,-1.18,-1.18,10.55,10.53,-0.87,-0.86,10.67,10.65,10.67,10.65,2.25,2.25,2.25,2.26,2.27,2.27,2.27,2.28,2.29,2.3,2.55,2.56,2.57,2.58,2.59,2.59,2.59,2.58,2.58,2.57,72.36,0,1,1,0,0,0,54.3,1,GradualMotor,aggregation
26,169.76,remora2,remora3,-0.39,-0.39,-0.39,-0.48,-0.43,-0.43,11.01,11.01,10.97,11.06,-0.83,-0.83,-0.83,-0.92,-0.87,-0.87,10.77,10.77,10.73,10.83,2.32,2.32,2.32,2.32,2.32,2.32,2.32,2.33,2.34,2.35,2.57,2.56,2.56,2.56,2.57,2.57,2.58,2.58,2.57,2.57,69.66,0,1,1,0,0,0,53.3,1,GradualMotor,aggregation
26,170.76,remora2,remora3,-0.22,-0.22,-0.26,-0.26,-0.22,-0.22,-0.25,-0.25,11.33,11.31,-0.65,-0.65,-0.69,-0.69,-0.66,-0.66,-0.68,-0.68,11.12,11.1,2.36,2.36,2.36,2.36,2.36,2.36,2.36,2.37,2.37,2.37,2.57,2.57,2.58,2.57,2.57,2.56,2.56,2.57,2.57,2.58,67.28,0,1,1,0,0,0,52.3,1,GradualMotor,aggregation
26,171.76,remora2,remora3,11.4,11.38,-0.05,-0.05,-0.11,-0.11,-0.11,-0.1,0.06,0.06,11.19,11.17,-0.48,-0.48,-0.53,-0.53,-0.53,-0.53,-0.36,-0.36,2.39,2.4,2.41,2.41,2.41,2.41,2.41,2.41,2.41,2.41,2.58,2.58,2.58,2.57,2.57,2.57,2.58,2.59,2.59,2.59,59.75,0,1,1,0,0,0,51.3,1,GradualMotor,aggregation
26,172.76,remora2,remora3,0.04,0.04,0.04,0.04,11.51,11.49,11.57,11.55,11.62,11.59,-0.38,-0.38,-0.38,-0.38,11.32,11.29,11.38,11.36,11.43,11.41,2.41,2.42,2.42,2.42,2.42,2.43,2.44,2.45,2.46,2.47,2.59,2.58,2.58,2.57,2.57,2.57,2.58,2.59,2.59,2.59,60.97,0,1,1,0,0,0,50.3,1,GradualMotor,aggregation
26,173.76,remora2,remora3,0.12,0.12,11.45,11.43,0.17,0.17,0.13,0.12,0.1,0.1,-0.29,-0.29,11.27,11.24,-0.24,-0.24,-0.28,-0.28,-0.31,-0.31,2.49,2.49,2.49,2.5,2.51,2.51,2.52,2.52,2.52,2.52,2.59,2.58,2.58,4.43,4.43,4.42,4.41,4.4,4.39,4.39,54.45,0,1,1,0,0,0,49.3,1,GradualMotor,aggregation
26,174.76,remora2,remora3,11.52,11.49,0.34,0.34,0.25,0.25,0.24,0.24,0.29,0.29,11.34,11.32,-0.06,-0.06,-0.15,-0.15,-0.16,-0.16,-0.11,-0.11,2.52,2.53,2.54,2.54,2.54,2.55,2.55,2.55,2.55,2.55,4.39,4.38,4.37,4.36,4.35,4.34,4.34,4.34,4.33,4.32,50.45,0,1,1,0,0,0,48.3,1,GradualMotor,aggregation
26,175.76,remora2,remora3,11.8,11.78,11.63,11.61,0.32,0.32,0.26,0.26,11.49,11.47,11.64,11.62,11.47,11.45,-0.07,-0.07,-0.13,-0.13,11.33,11.31,2.55,2.56,2.57,2.59,2.57,2.58,2.59,2.61,2.61,2.61,4.31,4.3,4.3,4.29,4.28,4.28,4.27,4.27,4.27,4.27,48.91,0,1,1,0,0,0,47.3,1,GradualMotor,aggregation
26,176.76,remora2,remora3,11.44,0.45,0.45,11.44,11.46,11.44,0.45,0.45,0.47,0.47,11.29,0.07,0.07,11.29,11.31,11.29,0.07,0.07,0.09,0.09,2.6,2.58,2.57,2.55,2.54,2.54,2.54,2.56,2.58,2.57,4.27,4.26,4.26,4.26,4.25,4.26,4.27,4.27,4.28,4.27,48.63,0,1,1,0,0,0,46.3,1,GradualMotor,aggregation
26,177.76,remora2,remora3,11.29,11.27,11.25,0.61,0.61,11.08,11.05,0.68,0.61,0.61,11.14,11.12,11.1,0.24,0.24,10.92,10.9,0.32,0.25,0.25,2.56,2.54,2.52,2.51,2.5,2.51,2.51,2.5,2.49,2.48,4.26,4.25,4.24,4.23,4.22,4.22,4.23,4.23,4.23,4.22,45.65,0,1,1,0,0,0,45.3,1,GradualMotor,aggregation
26,178.76,remora2,remora3,0.59,0.59,10.94,10.92,0.8,0.8,10.94,10.94,0.85,0.85,0.22,0.22,10.79,10.77,0.44,0.44,10.79,10.79,0.5,0.5,2.47,2.47,2.48,2.49,2.49,2.48,2.47,2.46,2.44,2.44,4.21,4.2,4.21,4.22,4.22,4.22,4.21,4.2,4.19,4.19,43.57,0,1,0,0,0,0,44.3,1,GradualMotor,aggregation
26,179.76,remora2,remora3,0.79,0.79,10.88,10.85,10.83,1.01,1.01,10.72,1.05,1.05,0.44,0.43,10.73,10.71,10.69,0.67,0.67,10.58,0.71,0.7,2.46,2.47,2.49,2.47,2.45,2.44,2.43,2.42,2.4,2.4,4.19,4.19,4.18,4.18,4.17,4.16,4.15,4.14,4.13,4.13,43.6,0,1,0,0,0,0,43.3,1,GradualMotor,aggregation
26,180.76,remora2,remora3,1.04,10.34,1.19,1.18,1.18,1.12,-9.7,-9.7,-9.65,-9.65,0.7,10.2,0.85,0.85,0.85,0.79,-10.05,-10.05,-10,-10,2.41,2.4,2.38,2.37,2.36,2.36,2.38,2.41,2.43,2.43,4.13,4.12,4.12,4.12,4.12,4.12,4.11,4.11,4.1,4.1,46.45,0,1,1,0,0,0,42.3,1,GradualMotor,aggregation
26,181.76,remora2,remora3,1.33,1.32,1.31,1.3,1.3,10.36,1.36,1.36,1.42,1.41,1,1,0.98,0.98,0.98,10.23,1.04,1.04,1.1,1.09,2.42,2.41,2.4,2.39,2.38,2.38,2.39,2.4,2.41,2.4,4.1,4.09,4.09,4.08,4.07,4.07,4.07,4.07,4.08,4.07,46.07,0,1,1,0,0,0,41.3,1,GradualMotor,aggregation
26,182.76,remora2,remora3,1.41,1.41,1.49,1.49,10.21,10.18,10.16,1.54,10.01,9.99,1.09,1.09,1.18,1.18,10.08,10.05,10.03,1.23,9.88,9.86,2.39,2.38,2.36,2.35,2.34,2.35,2.35,2.35,2.34,2.32,4.07,4.07,4.06,4.05,4.05,4.06,4.07,4.07,4.06,4.06,44.81,0,1,0,0,0,0,40.3,1,GradualMotor,aggregation
26,183.76,remora2,remora3,1.68,1.67,-5.73,-5.71,1.66,1.65,1.67,1.66,9.95,9.93,1.38,1.37,-6.05,-6.04,1.36,1.35,1.37,1.37,9.83,9.81,2.3,2.31,2.33,2.35,2.37,2.36,2.35,2.34,2.33,2.31,4.06,4.06,4.07,4.07,4.07,4.06,4.05,4.04,4.03,4.02,46.54,0,1,1,0,0,0,39.3,1,GradualMotor,aggregation
26,184.76,remora2,remora3,9.79,9.77,9.74,1.67,9.62,9.59,9.59,1.78,1.82,1.81,9.67,9.64,9.62,1.37,9.49,9.47,9.47,1.49,1.53,1.53,2.29,2.28,2.26,2.27,2.28,2.3,2.32,2.32,2.31,2.3,4.01,4,4,4,4.01,4.02,4.03,4.03,4.03,4.02,50.62,0,1,1,0,0,0,38.3,1,GradualMotor,aggregation
26,185.76,remora2,remora3,9.45,9.42,1.88,1.88,-7.94,-7.92,-7.9,-7.9,9.07,9.04,9.33,9.3,1.6,1.6,-8.25,-8.23,-8.21,-8.21,8.94,8.92,2.29,2.27,2.25,2.24,2.23,2.22,2.22,2.24,2.26,2.28,4.02,4.01,4.01,4.01,4,3.98,3.97,3.96,3.96,3.96,50.9,0,1,1,0,0,0,37.3,1,GradualMotor,aggregation
26,186.76,remora2,remora3,9.1,9.1,9.05,9.05,1.92,1.91,8.9,8.9,2.01,2,8.98,8.98,8.93,8.93,1.65,1.64,8.78,8.78,1.74,1.74,2.29,2.28,2.26,2.25,2.24,2.23,2.22,2.2,2.18,2.19,3.96,3.96,3.95,3.94,3.93,3.92,3.91,3.91,3.91,3.91,52.29,0,1,1,0,0,0,36.3,1,GradualMotor,aggregation
26,187.76,remora2,remora3,1.98,1.98,2.04,2.03,2.01,2.01,8.58,8.56,8.38,8.36,1.72,1.71,1.78,1.77,1.75,1.75,8.46,8.44,8.26,8.23,2.21,2.22,2.24,2.23,2.22,2.2,2.19,2.18,2.16,2.17,3.92,3.92,3.92,3.91,3.9,3.89,3.88,3.87,3.87,3.87,51,0,1,1,0,0,0,35.3,1,GradualMotor,aggregation
26,188.76,remora2,remora3,-4.19,-4.18,2.02,2.02,2.01,2.01,2.01,2.01,-4.05,-4.04,-4.48,-4.47,1.77,1.76,1.76,1.76,1.76,1.76,-4.34,-4.32,2.18,2.2,2.22,2.21,2.2,2.19,2.18,2.17,2.16,2.15,3.87,3.87,3.88,3.87,3.87,3.87,3.87,3.86,3.85,3.85,49.16,0,1,1,0,0,0,34.3,1,GradualMotor,aggregation
26,189.76,remora2,remora3,-4.03,1.93,1.92,1.94,1.94,1.94,1.94,1.94,1.88,1.88,-4.31,1.68,1.67,1.69,1.7,1.69,1.69,1.7,1.64,1.64,2.15,2.16,2.18,2.2,2.21,2.21,2.2,2.19,2.17,2.16,3.84,3.84,3.84,3.85,3.86,3.86,3.85,3.85,3.84,3.83,46.43,0,1,1,0,0,0,33.3,1,GradualMotor,aggregation
26,190.76,remora2,remora3,1.89,1.88,1.8,1.8,1.8,1.8,1.79,-3.74,-3.73,1.77,1.65,1.64,1.56,1.56,1.56,1.56,1.55,-4.01,-4,1.54,2.15,2.14,2.13,2.14,2.16,2.17,2.19,2.19,2.18,2.17,3.82,3.81,3.8,3.8,3.8,3.8,3.8,3.79,3.78,3.77,43.11,0,1,0,0,0,0,32.3,1,GradualMotor,aggregation
26,191.76,remora2,remora3,1.77,1.77,7.87,7.72,1.79,1.79,1.78,1.82,1.81,-3.54,1.53,1.53,7.77,7.61,1.56,1.56,1.55,1.59,1.58,-3.8,2.16,2.14,2.14,2.15,2.17,2.16,2.15,2.14,2.13,2.12,3.76,3.75,3.76,3.76,3.77,3.77,3.77,3.77,3.76,3.75,44.1,0,1,0,0,0,0,31.3,1,GradualMotor,aggregation
26,192.76,remora2,remora3,1.78,1.78,1.77,1.78,-3.45,-3.44,-3.43,-3.43,1.66,1.66,1.56,1.55,1.55,1.55,-3.7,-3.69,-3.68,-3.68,1.44,1.44,2.11,2.12,2.14,2.13,2.12,2.11,2.1,2.11,2.13,2.15,3.75,3.75,3.75,3.74,3.74,3.73,3.72,3.72,3.72,3.73,40.82,0,1,0,0,0,0,30.3,1,GradualMotor,aggregation
26,193.76,remora2,remora3,1.7,1.69,1.69,1.69,-3.41,-3.4,1.7,1.7,-5.4,-5.38,1.48,1.47,1.47,1.47,-3.66,-3.64,1.48,1.48,-5.64,-5.62,2.18,2.17,2.16,2.15,2.14,2.13,2.12,2.11,2.1,2.12,3.74,3.73,3.73,3.72,3.71,3.7,3.69,3.68,3.68,3.68,39.52,0,1,0,0,0,0,29.3,1,GradualMotor,aggregation
26,194.76,remora2,remora3,-5.36,-5.35,1.55,1.54,1.56,1.55,1.55,-3.3,1.51,1.51,-5.6,-5.58,1.34,1.33,1.35,1.34,1.34,-3.53,1.31,1.3,2.14,2.16,2.18,2.18,2.17,2.16,2.15,2.14,2.13,2.14,3.69,3.68,3.68,3.68,3.67,3.67,3.67,3.66,3.65,3.65,35.54,0,1,0,0,0,0,28.3,1,GradualMotor,aggregation
26,195.76,remora2,remora3,6.65,6.65,6.63,6.61,6.48,6.45,6.43,1.57,1.57,1.56,6.55,6.55,6.53,6.51,6.38,6.35,6.33,1.37,1.37,1.36,2.15,2.17,2.18,2.17,2.16,2.14,2.13,2.11,2.1,2.09,3.66,3.66,3.67,3.67,3.66,3.66,3.66,3.66,3.66,3.65,33.28,0,1,0,0,0,0,27.3,1,GradualMotor,aggregation
26,196.76,remora2,remora3,1.56,1.55,6.01,5.99,6,5.98,5.96,-2.86,1.62,1.61,1.36,1.36,5.9,5.88,5.9,5.88,5.85,-3.08,1.43,1.42,2.09,2.1,2.11,2.13,2.14,2.13,2.12,2.1,2.1,2.09,3.64,3.64,3.64,3.64,3.65,3.64,3.63,3.63,3.62,3.61,31.04,0,1,0,0,0,0,26.3,1,GradualMotor,aggregation
26,197.76,remora2,remora3,1.58,1.58,1.57,1.57,1.6,-2.72,1.58,1.58,1.57,1.57,1.4,1.39,1.38,1.38,1.41,-2.93,1.4,1.39,1.38,1.38,2.08,2.09,2.11,2.1,2.09,2.08,2.08,2.07,2.06,2.07,3.61,3.61,3.62,3.62,3.61,3.61,3.6,3.6,3.6,3.61,28.17,0,1,0,0,0,0,25.3,1,GradualMotor,aggregation
26,198.76,remora2,remora3,-4.38,-4.36,5.26,5.24,5.22,5.2,1.61,1.6,1.6,1.6,-4.59,-4.57,5.16,5.13,5.11,5.09,1.43,1.43,1.42,1.42,2.09,2.11,2.13,2.12,2.11,2.09,2.08,2.07,2.06,2.07,3.61,3.61,3.61,3.6,3.6,3.59,3.58,3.57,3.57,3.57,28.9,0,1,0,0,0,0,24.3,1,GradualMotor,aggregation
26,199.76,remora2,remora3,1.57,1.57,-2.42,-2.42,0.14,0.14,1.56,1.55,-2.35,-2.34,1.4,1.39,-2.61,-2.61,-0.06,-0.05,1.39,1.38,-2.54,-2.53,2.08,2.08,2.07,2.06,2.05,2.06,2.08,2.1,2.11,2.11,3.57,3.56,3.56,3.55,3.54,3.54,3.54,3.55,3.55,3.55,28.46,0,1,0,0,0,0,23.3,1,GradualMotor,aggregation
26,200.76,remora2,remora3,-2.33,-2.32,1.53,1.52,1.51,1.48,1.48,-2.27,-3.78,-3.76,-2.52,-2.51,1.36,1.36,1.35,1.32,1.32,-2.46,-3.96,-3.95,2.1,2.09,2.08,2.07,2.06,2.05,2.04,2.05,2.07,2.09,3.55,3.54,3.54,3.53,3.53,3.52,3.52,3.52,3.52,3.53,28.53,0,1,0,0,0,0,22.3,1,GradualMotor,aggregation
26,201.76,remora2,remora3,-3.75,4.29,4.27,4.25,-2.14,-2.14,-2.1,-2.09,1.45,1.45,-3.93,4.19,4.17,4.15,-2.32,-2.32,-2.28,-2.27,1.3,1.29,2.11,2.1,2.09,2.07,2.06,2.05,2.04,2.05,2.07,2.09,3.53,3.53,3.53,3.53,3.52,3.52,3.52,3.52,3.52,3.53,28.25,0,1,0,0,0,0,21.3,1,GradualMotor,aggregation
26,202.76,remora2,remora3,0.24,0.24,3.13,3.11,1.42,1.41,3.06,3.05,3.05,3.02,0.07,0.07,3.01,3,1.27,1.26,2.95,2.93,2.93,2.91,2.1,2.09,2.08,2.07,2.06,2.05,2.04,2.05,2.07,2.08,3.54,3.53,3.53,3.52,3.52,3.52,3.51,3.52,3.53,3.53,27.95,0,1,0,0,0,0,20.3,1,GradualMotor,aggregation
26,203.76,remora2,remora3,4.87,4.84,4.81,4.81,4.75,4.73,-1.81,-1.8,1.39,1.38,4.8,4.77,4.75,4.75,4.68,4.66,-1.97,-1.96,1.25,1.24,2.1,2.09,2.07,2.06,2.05,2.03,2.02,2.04,2.05,2.05,3.54,3.54,3.54,3.53,3.53,3.53,3.53,3.54,3.54,3.54,28.69,0,1,0,0,0,0,19.3,1,GradualMotor,aggregation
26,204.76,remora2,remora3,1.37,-1.73,1.35,1.34,1.34,1.33,3.39,3.37,3.35,3.35,1.24,-1.88,1.21,1.21,1.21,1.2,3.3,3.28,3.26,3.26,2.04,2.03,2.03,2.04,2.06,2.05,2.04,2.03,2.02,2.01,3.54,3.53,3.53,3.54,3.54,3.54,3.54,3.54,3.54,3.53,28.4,0,1,0,0,0,0,18.3,1,GradualMotor,aggregation
26,205.76,remora2,remora3,3.21,3.19,-1.59,-1.58,-1.56,-1.56,-1.55,1.26,1.24,1.23,3.12,3.1,-1.74,-1.73,-1.71,-1.7,-1.69,1.13,1.12,1.11,2,2.01,2.03,2.04,2.06,2.05,2.04,2.03,2.02,2.01,3.53,3.54,3.55,3.55,3.55,3.55,3.55,3.55,3.54,3.54,25.21,0,1,0,0,0,0,17.3,1,GradualMotor,aggregation
26,206.76,remora2,remora3,0.33,0.33,-1.48,-1.47,-1.46,-1.45,-1.44,-1.44,-1.43,-1.42,0.2,0.2,-1.62,-1.61,-1.6,-1.59,-1.58,-1.58,-1.56,-1.55,2.01,2.02,2.03,2.03,2.03,2.02,2.01,2.02,2.04,2.06,3.53,3.53,3.54,3.54,3.53,3.53,3.52,3.53,3.53,3.54,22.62,0,1,0,0,0,0,16.3,1,GradualMotor,aggregation
26,207.76,remora2,remora3,1.18,1.17,1.15,1.14,-1.37,-1.36,-1.35,-1.35,-1.34,-1.31,1.06,1.06,1.04,1.03,-1.5,-1.49,-1.48,-1.47,-1.46,-1.43,2.08,2.07,2.06,2.05,2.04,2.03,2.02,2.01,2,2.01,3.54,3.54,3.54,3.54,3.54,3.53,3.53,3.52,3.52,3.52,22.29,0,1,0,0,0,0,15.3,1,GradualMotor,aggregation
26,208.76,remora2,remora3,-1.3,0.32,0.32,0.31,0.31,1.04,1.04,1.03,1.03,-1.22,-1.42,0.2,0.2,0.2,0.19,0.94,0.94,0.93,0.92,-1.34,2.03,2.05,2.06,2.05,2.04,2.03,2.02,2.01,2,2.02,3.52,3.53,3.54,3.54,3.53,3.53,3.53,3.53,3.53,3.53,19.48,0,1,0,0,0,0,14.3,1,GradualMotor,aggregation
26,209.76,remora2,remora3,-1.21,-1.21,1,0.99,-2.11,-2.09,-2.08,-2.06,-2.05,-2.04,-1.33,-1.32,0.9,0.89,-2.22,-2.2,-2.19,-2.17,-2.16,-2.14,2.03,2.06,2.07,2.07,2.06,2.05,2.04,2.03,2.03,2.04,3.53,3.54,3.54,3.54,3.54,3.54,3.53,3.53,3.53,3.53,19.61,0,1,0,0,0,0,13.3,1,GradualMotor,aggregation
26,210.76,remora2,remora3,2.18,2.17,2.15,2.13,-1.06,-1.05,0.31,0.31,0.32,0.31,2.11,2.1,2.08,2.06,-1.17,-1.16,0.21,0.21,0.22,0.22,2.05,2.05,2.03,2.02,2.01,2.03,2.04,2.06,2.08,2.07,3.54,3.53,3.53,3.53,3.53,3.53,3.54,3.54,3.55,3.55,18.58,0,1,0,0,0,0,12.3,1,GradualMotor,aggregation
26,211.76,remora2,remora3,0.31,0.31,0.85,0.84,0.83,0.82,0.81,0.79,0.79,0.78,0.22,0.22,0.77,0.76,0.74,0.74,0.73,0.71,0.71,0.7,2.06,2.05,2.04,2.03,2.02,2.01,2,2.01,2.03,2.05,3.55,3.54,3.54,3.54,3.54,3.53,3.53,3.54,3.54,3.55,16.44,0,1,0,0,0,0,11.3,1,GradualMotor,aggregation
26,212.76,remora2,remora3,-0.92,-0.92,-0.91,0.75,0.73,0.73,0.72,0.72,0.7,0.69,-1.02,-1.01,-1,0.67,0.66,0.65,0.64,0.64,0.63,0.62,2.06,2.05,2.04,2.03,2.02,2.01,2,2.02,2.03,2.05,3.55,3.55,3.55,3.55,3.55,3.54,3.54,3.55,3.55,3.56,15.1,0,1,0,0,0,0,10.3,1,GradualMotor,aggregation
26,213.76,remora2,remora3,0.69,0.69,0.26,0.26,0.25,0.26,-0.78,-0.78,1.4,1.38,0.61,0.61,0.18,0.18,0.18,0.18,-0.86,-0.85,1.34,1.33,2.06,2.06,2.05,2.04,2.03,2.02,2.01,2.02,2.04,2.04,3.57,3.57,3.56,3.56,3.56,3.56,3.56,3.56,3.57,3.57,12.25,0,1,0,0,0,0,9.3,1,GradualMotor,aggregation
26,214.76,remora2,remora3,1.36,1.35,-0.72,-0.71,-0.71,-0.7,-1.29,-1.28,0.47,0.46,1.31,1.3,-0.8,-0.79,-0.78,-0.77,-1.36,-1.35,0.41,0.4,2.03,2.02,2.01,2.02,2.04,2.05,2.07,2.07,2.06,2.05,3.57,3.57,3.57,3.57,3.58,3.58,3.59,3.58,3.58,3.58,11.02,0,1,0,0,0,0,8.3,1,GradualMotor,aggregation
26,215.76,remora2,remora3,0.46,0.45,1.14,1.14,1.11,1.1,1.08,1.07,1.05,0.41,0.4,0.39,1.09,1.09,1.07,1.05,1.04,1.03,1.01,0.36,2.04,2.03,2.02,2.01,2,2.01,2.02,2.04,2.06,2.05,3.57,3.57,3.57,3.56,3.55,3.56,3.57,3.57,3.58,3.58,10.09,0,1,0,0,0,0,7.3,1,GradualMotor,aggregation
26,216.76,remora2,remora3,0.41,0.41,0.39,0.39,-0.53,-0.53,-0.51,-0.96,-0.95,0.36,0.36,0.35,0.34,0.34,-0.58,-0.58,-0.57,-1.01,-1,0.31,2.04,2.03,2.02,2.01,2,2.02,2.03,2.05,2.07,2.07,3.58,3.58,3.57,3.57,3.57,3.58,3.58,3.58,3.59,3.58,9.37,0,1,0,0,0,0,6.3,1,GradualMotor,aggregation
26,217.76,remora2,remora3,0.35,0.35,-0.89,-0.87,-0.86,-0.46,-0.83,-0.81,-0.81,-0.41,0.31,0.31,-0.93,-0.92,-0.9,-0.5,-0.87,-0.86,-0.86,-0.45,2.06,2.05,2.04,2.03,2.02,2.01,2,2.02,2.04,2.04,3.58,3.58,3.58,3.58,3.57,3.57,3.56,3.56,3.57,3.57,8.76,0,1,0,0,0,0,5.3,1,GradualMotor,aggregation
26,218.76,remora2,remora3,-0.4,-0.39,-0.39,-0.38,-0.37,-0.36,-0.36,-0.35,-0.34,-0.33,-0.45,-0.44,-0.43,-0.42,-0.41,-0.4,-0.39,-0.39,-0.38,-0.37,2.03,2.02,2.01,2.03,2.04,2.04,2.03,2.02,2.01,2.02,3.56,3.56,3.55,3.55,3.55,3.55,3.55,3.54,3.54,3.53,8.39,0,1,0,0,0,0,4.3,1,GradualMotor,aggregation
26,219.76,remora2,remora3,-0.33,0.56,0.57,0.56,-0.56,-0.55,0.11,0.11,0.48,0.46,-0.36,0.54,0.55,0.54,-0.59,-0.58,0.08,0.08,0.46,0.45,2.03,2.05,2.06,2.05,2.04,2.04,2.03,2.02,2.01,2.02,3.53,3.54,3.54,3.54,3.53,4.8,4.79,4.77,4.76,4.76,7.1,0,1,0,0,0,0,3.3,1,GradualMotor,aggregation
26,220.76,remora2,remora3,0.45,0.45,0.41,0.39,0.4,0.38,0.37,0.36,0.15,0.15,0.43,0.43,0.39,0.38,0.38,0.37,0.35,0.34,0.14,0.13,2.04,2.03,2.02,2.01,2,2.01,2.03,2.05,2.06,2.06,4.75,4.74,4.73,4.72,4.71,4.7,4.69,4.69,4.69,4.69,6.26,0,1,0,0,0,0,2.3,1,GradualMotor,aggregation
26,221.76,remora2,remora3,0.14,-0.31,-0.3,-0.3,-0.14,-0.13,-0.12,-0.12,-0.12,0.18,0.13,-0.33,-0.31,-0.31,-0.15,-0.15,-0.14,-0.13,-0.13,0.17,2.05,2.04,2.03,2.02,2.01,2.02,2.04,2.04,2.03,2.02,4.69,4.68,4.67,4.66,4.64,4.64,4.63,4.62,4.61,4.61,5.78,0,1,0,0,0,0,1.3,1,GradualMotor,aggregation
26,222.76,remora2,remora3,0.16,0.15,-0.08,-0.07,-0.06,0.02,0.08,0.08,0.03,0.02,0.16,0.14,-0.09,-0.08,-0.07,0.02,0.08,0.08,0.03,0.02,2.01,2,2,2.01,2.03,2.05,2.06,2.06,2.05,2.04,4.6,4.59,4.58,4.58,4.57,4.57,4.57,4.56,4.55,4.54,5.09,0,1,0,0,0,0,0.3,1,GradualMotor,aggregation
26,223.76,remora2,remora3,0.02,0.01,0,0,0,0,0,0,0,0,0.01,0.01,0,0,0,0,0,0,0,0,2.03,2.02,2.01,2.02,2.04,2.04,2.03,2.02,2.01,2,4.53,4.52,4.51,4.5,4.5,4.5,4.49,4.47,4.46,4.44,4.44,0,1,0,0,0,0,0,1,GradualMotor,aggregation
26,224.76,remora2,remora3,0,0,0,0,0,0,0,0,0,0,0,0,0,0,0,0,0,0,0,0,1.99,2,2.02,2.04,2.06,2.06,2.05,2.04,2.03,2.02,4.43,4.42,4.42,4.42,4.41,4.4,4.39,4.38,4.36,4.35,3.53,0,1,0,0,0,0,0,1,GradualMotor,aggregation
26,225.76,remora2,remora3,0,0,0,0,0,0,0,0,0,0,0,0,0,0,0,0,0,0,0,0,2.01,2.01,2.03,2.05,2.06,2.06,2.05,2.04,2.03,2.02,4.34,4.34,4.34,4.34,4.33,4.32,4.31,4.29,4.28,4.26,2.65,0,1,0,0,0,0,0,1,GradualMotor,aggregation
26,226.76,remora2,remora3,0,0,0,0,0,0,0,0,0,0,0,0,0,0,0,0,0,0,0,0,2.01,2.02,2.03,2.03,2.02,2.01,2,2,2.02,2.04,4.25,4.24,4.23,4.22,4.21,4.2,4.19,4.19,4.18,4.18,2.1,0,1,0,0,0,0,0,1,GradualMotor,aggregation
26,227.76,remora2,remora3,0,0,0,0,0,0,0,0,0,0,0,0,0,0,0,0,0,0,0,0,2.06,2.06,2.05,2.04,2.03,2.02,2.01,2.02,2.03,2.03,4.17,4.15,4.14,4.12,4.11,4.1,4.09,4.09,4.09,4.09,1.42,0,1,0,0,0,0,0,1,GradualMotor,aggregation
26,228.76,remora2,remora3,0,0,0,0,0,0,0,0,0,0,0,0,0,0,0,0,0,0,0,0,2.02,2.01,2,2.01,2.03,2.05,2.07,2.06,2.05,2.04,4.08,4.08,4.06,4.05,4.05,4.04,4.03,4.02,4.01,4,1.04,0,1,0,0,0,0,0,1,GradualMotor,aggregation
26,229.76,remora2,remora3,0,0,0,0,0,0,0,0,0,0,0,0,0,0,0,0,0,0,0,0,2.04,2.03,2.02,2.01,2,2.01,2.03,2.05,2.07,2.07,3.99,3.98,3.96,3.95,3.95,3.94,3.94,3.94,3.93,3.92,0.61,0,1,0,0,0,0,0,1,GradualMotor,aggregation
26,230.76,remora2,remora3,0,0,0,0,0,0,0,0,0,0,0,0,0,0,0,0,0,0,0,0,2.06,2.05,2.04,2.03,2.02,2.01,2,2.01,2.02,2.04,3.91,3.9,3.88,3.87,3.85,3.84,3.83,3.82,3.81,3.8,0.27,0,1,0,0,0,0,0,1,GradualMotor,aggregation
26,231.76,remora2,remora3,0,0,0,0,0,0,0,0,0,0,0,0,0,0,0,0,0,0,0,0,2.05,2.05,2.04,2.03,2.02,2.01,2,2.02,2.03,2.03,3.79,3.78,3.76,3.75,3.74,3.73,3.73,3.72,3.72,3.71,0.08,0,1,0,0,0,0,0,1,GradualMotor,aggregation
26,232.76,remora2,remora3,0,0,0,0,0,0,0,0,0,0,0,0,0,0,0,0,0,0,0,0,2.02,2.01,2,2.01,2.03,2.04,2.06,2.05,2.04,2.03,3.7,3.69,3.69,3.68,3.68,3.67,3.67,3.66,3.64,3.63,0,0,1,0,0,0,0,0,1,GradualMotor,aggregation
26,233.76,remora2,remora3,0,0,0,0,0,0,0,0,0,0,0,0,0,0,0,0,0,0,0,0,2.02,2.01,2,2.01,2.03,2.04,2.06,2.05,2.04,2.03,3.62,3.61,3.6,3.59,3.59,3.59,3.58,3.57,3.56,3.55,0,0,1,0,0,0,0,0,1,GradualMotor,aggregation
26,234.76,remora2,remora3,0,0,0,0,0,0,0,0,0,0,0,0,0,0,0,0,0,0,0,0,2.02,2.01,2,2.02,2.03,2.02,2.01,2,1.99,1.98,3.54,3.53,3.52,3.51,3.51,3.5,3.49,3.48,3.47,3.46,0,0,1,0,0,0,0,0,1,GradualMotor,aggregation
26,235.76,remora2,remora3,0,0,0,0,0,0,0,0,0,0,0,0,0,0,0,0,0,0,0,0,1.96,1.95,1.93,1.91,1.9,1.89,1.87,1.86,1.85,1.83,3.46,3.46,3.46,3.45,3.44,3.43,3.42,3.41,3.4,3.39,0,0,1,0,0,0,0,0,1,GradualMotor,aggregation
26,236.76,remora2,remora3,0,0,0,0,0,0,0,0,0,0,0,0,0,0,0,0,0,0,0,0,1.82,1.8,1.79,1.78,1.77,1.75,1.74,1.73,1.72,1.71,3.38,3.38,3.37,3.37,3.36,3.35,3.34,3.33,3.32,3.32,0,0,1,0,0,0,0,0,1,GradualMotor,aggregation
26,237.76,remora2,remora3,0,0,0,0,0,0,0,0,0,0,0,0,0,0,0,0,0,0,0,0,1.69,1.68,1.66,1.65,1.64,1.62,1.62,1.6,1.59,1.58,3.32,3.32,3.31,3.3,3.29,3.29,3.28,3.27,3.26,3.26,0,0,1,0,0,0,0,0,1,GradualMotor,aggregation
26,238.76,remora2,remora3,0,0,0,0,0,0,0,0,0,0,0,0,0,0,0,0,0,0,0,0,1.57,1.56,1.55,1.54,1.53,1.52,1.51,1.51,1.51,1.51,3.26,3.25,3.25,3.24,3.24,3.24,3.24,3.25,3.25,3.25,0,0,1,0,0,0,0,0,1,GradualMotor,aggregation
26,239.76,remora2,remora3,0,0,0,0,0,0,0,0,0,0,0,0,0,0,0,0,0,0,0,0,1.51,1.51,1.51,1.51,1.51,1.51,1.51,1.51,1.51,1.51,3.25,3.25,3.25,3.24,3.24,3.24,3.24,3.23,3.23,3.24,0,0,1,0,0,0,0,0,1,GradualMotor,aggregation
26,240.76,remora2,remora3,0,0,0,0,0,0,0,0,0,0,0,0,0,0,0,0,0,0,0,0,1.51,1.51,1.51,1.51,1.51,1.51,1.51,1.51,1.51,1.51,3.24,3.25,3.25,3.25,3.25,3.25,3.25,3.25,3.25,3.25,0,0,1,0,0,0,0,0,1,GradualMotor,aggregation
26,241.76,remora2,remora3,0,0,0,0,0,0,0,0,0,0,0,0,0,0,0,0,0,0,0,0,1.51,1.51,1.51,1.51,1.51,1.51,1.51,1.51,1.51,1.51,3.26,3.26,3.26,3.25,3.25,3.25,3.25,3.25,3.25,3.25,0,0,1,0,0,0,0,0,1,GradualMotor,aggregation
26,242.76,remora2,remora3,0,0,0,0,0,0,0,0,0,0,0,0,0,0,0,0,0,0,0,0,1.51,1.51,1.51,1.51,1.51,1.51,1.51,1.51,1.51,1.51,3.25,3.24,3.24,3.23,3.22,3.21,3.21,3.2,3.2,3.2,0,0,1,0,0,0,0,0,1,GradualMotor,aggregation
26,243.76,remora2,remora3,0,0,0,0,0,0,0,0,0,0,0,0,0,0,0,0,0,0,0,0,1.51,1.51,1.51,1.51,1.51,1.51,1.51,1.51,1.51,1.51,3.2,3.2,3.19,3.18,3.17,3.17,3.17,3.17,3.17,3.17,0,0,1,0,0,0,0,0,1,GradualMotor,aggregation
26,183.76,remora2,remora5,0,0,30,30,30,30,30,30,30,30,0,0,30,30,30,30,30,30,30,30,4.41,4.41,4.42,4.41,4.39,4.38,4.37,4.36,4.35,4.34,6.73,6.73,6.74,6.73,6.71,6.69,6.67,6.65,6.62,6.6,192,0,0,1,0,0,0,-1,0,None,aggregation
26,184.76,remora2,remora5,30,30,30,0,0,0,0,0,0,22.1,30,30,30,0,0,0,0,0,0,21.71,4.33,4.32,4.31,4.31,4.31,4.32,4.32,4.32,4.31,4.3,6.59,6.57,6.55,6.54,6.55,6.56,6.57,6.57,6.57,6.56,173.19,0,0,1,0,0,0,-1,0,None,aggregation
26,185.76,remora2,remora5,0,0,30,30,30,30,30,30,30,30,0,0,30,30,30,30,30,30,30,30,4.3,4.3,4.3,4.3,4.29,4.27,4.24,4.21,4.19,4.18,6.54,6.54,6.54,6.52,6.5,6.48,6.45,6.42,6.4,6.39,170.19,0,0,1,0,0,0,-1,0,None,aggregation
26,186.76,remora2,remora5,30,30,30,30,30,30,30,30,0,0,30,30,30,30,30,30,30,30,0,0,4.17,4.16,4.16,4.15,4.15,4.13,4.11,4.09,4.07,4.08,6.38,6.36,6.34,6.32,6.31,6.28,6.26,6.24,6.23,6.24,185.19,0,0,1,0,0,0,-1,0,None,aggregation
26,187.76,remora2,remora5,30,30,30,30,30,30,30,30,30,30,30,30,30,30,30,30,30,30,30,30,4.08,4.08,4.07,4.07,4.08,4.08,4.07,4.05,4.04,4.03,6.25,6.24,6.23,6.21,6.2,6.18,6.16,6.14,6.11,6.1,194.19,0,0,1,0,0,0,-1,0,None,aggregation
26,188.76,remora2,remora5,0,0,0,0,0,0,18.94,18.94,18.92,18.92,0,0,0,0,0,0,18.47,18.47,18.45,18.45,4.02,4.03,4.04,4.05,4.05,4.06,4.04,4.04,4.04,4.03,6.1,6.1,6.1,6.1,6.1,6.1,6.1,6.08,6.07,6.06,183.67,0,0,1,0,0,0,-1,0,None,aggregation
26,189.76,remora2,remora5,18.92,0,0,0,0,0,0,30,30,30,18.45,0,0,0,0,0,0,30,30,30,4.03,4.04,4.07,4.08,4.08,4.08,4.09,4.1,4.1,4.1,6.04,6.05,6.06,6.07,6.07,6.08,6.08,6.07,6.05,6.03,164.54,0,0,1,0,0,0,-1,0,None,aggregation
26,190.76,remora2,remora5,30,30,30,30,30,30,30,30,30,30,30,30,30,30,30,30,30,30,30,30,4.09,4.1,4.1,4.1,4.1,4.1,4.1,4.09,4.07,4.04,6.01,6,5.98,5.97,5.96,5.95,5.94,5.92,5.9,5.87,179.54,0,0,1,0,0,0,-1,0,None,aggregation
26,191.76,remora2,remora5,0,0,0,0,0,0,16.52,16.52,16.47,16.47,0,0,0,0,0,0,16,16,15.94,15.94,4.02,4,3.99,3.99,4,3.98,3.96,3.94,3.92,3.91,5.85,5.83,5.83,5.83,5.85,5.84,5.83,5.82,5.8,5.79,171.03,0,0,1,0,0,0,-1,0,None,aggregation
26,192.76,remora2,remora5,16.47,16.44,16.44,0,30,30,30,0,0,0,15.94,15.91,15.91,0,30,30,30,0,0,0,3.91,3.9,3.9,3.9,3.91,3.9,3.88,3.86,3.85,3.85,5.77,5.77,5.76,5.76,5.76,5.74,5.72,5.7,5.7,5.71,181.89,0,0,1,0,0,0,-1,0,None,aggregation
26,193.76,remora2,remora5,0,30,30,30,30,30,0,0,0,0,0,30,30,30,30,30,0,0,0,0,3.86,3.86,3.83,3.8,3.77,3.77,3.78,3.77,3.76,3.77,5.72,5.71,5.68,5.66,5.63,5.61,5.6,5.59,5.58,5.59,172.89,0,0,1,0,0,0,-1,0,None,aggregation
26,194.76,remora2,remora5,30,30,30,0,0,0,0,30,30,0,30,30,30,0,0,0,0,30,30,0,3.78,3.77,3.76,3.76,3.77,3.78,3.79,3.8,3.8,3.8,5.59,5.58,5.57,5.56,5.56,5.56,5.56,5.56,5.54,5.53,176.7,0,0,1,0,0,0,-1,0,None,aggregation
26,195.76,remora2,remora5,0,0,30,30,0,0,0,0,30,30,0,0,30,30,0,0,0,0,30,30,3.8,3.79,3.77,3.75,3.73,3.72,3.72,3.72,3.72,3.7,5.54,5.54,5.54,5.53,5.51,5.5,5.5,5.5,5.49,5.47,164.7,0,0,1,0,0,0,-1,0,None,aggregation
26,196.76,remora2,remora5,30,30,30,30,30,30,30,30,0,0,30,30,30,30,30,30,30,30,0,0,3.67,3.66,3.67,3.66,3.65,3.64,3.62,3.62,3.63,3.64,5.45,5.44,5.43,5.42,5.41,5.39,5.37,5.35,5.34,5.34,164.7,0,0,1,0,0,0,-1,0,None,aggregation
26,197.76,remora2,remora5,0,0,0,0,30,0,0,0,0,0,0,0,0,0,30,0,0,0,0,0,3.64,3.64,3.64,3.61,3.59,3.57,3.55,3.53,3.51,3.49,5.34,5.34,5.35,5.33,5.31,5.3,5.29,5.28,5.27,5.26,137.7,0,0,1,0,0,0,-1,0,None,aggregation
26,198.76,remora2,remora5,30,30,30,30,30,30,30,30,30,30,30,30,30,30,30,30,30,30,30,30,3.48,3.46,3.45,3.43,3.41,3.4,3.42,3.41,3.39,3.37,5.24,5.23,5.22,5.2,5.17,5.16,5.15,5.13,5.11,5.09,160.22,0,0,1,0,0,0,-1,0,None,aggregation
26,199.76,remora2,remora5,30,30,30,30,30,30,30,0,0,0,30,30,30,30,30,30,30,0,0,0,3.36,3.36,3.35,3.35,3.37,3.35,3.32,3.31,3.3,3.29,5.08,5.07,5.05,5.03,5.02,5.01,4.99,4.98,4.98,4.98,170.35,0,0,1,0,0,0,-1,0,None,aggregation
26,200.76,remora2,remora5,0,30,30,0,0,23.11,6.37,6.37,6.39,6.39,0,30,30,0,0,22.75,5.65,5.65,5.67,5.67,3.28,3.26,3.24,3.22,3.21,3.22,3.24,3.24,3.21,3.19,4.97,4.95,4.93,4.92,4.91,4.91,4.9,4.9,4.89,4.89,151.05,0,0,1,0,0,0,-1,0,None,aggregation
26,201.76,remora2,remora5,6.39,10.27,6.3,6.3,6.29,6.29,6.29,6.28,6.28,6.24,5.67,9.62,5.59,5.59,5.58,5.58,5.58,5.56,5.56,5.52,3.18,3.18,3.17,3.17,3.16,3.15,3.15,3.13,3.11,3.09,4.88,4.88,4.87,4.86,4.86,4.85,4.84,4.83,4.83,4.82,150.89,0,0,1,0,0,0,-1,0,None,aggregation
26,202.76,remora2,remora5,0,0,0,0,17.48,17.48,0,0,0,0,0,0,0,0,16.98,16.98,0,0,0,0,3.09,3.1,3.12,3.13,3.12,3.12,3.12,3.12,3.11,3.11,4.82,4.83,4.83,4.83,4.83,4.82,4.81,4.81,4.82,4.82,140.48,0,0,1,0,0,0,-1,0,None,aggregation
26,203.76,remora2,remora5,5.74,5.74,5.74,5.74,10.14,10.14,5.69,5.69,5.68,5.68,5.01,5.01,5.01,5.01,9.49,9.49,4.96,4.96,4.95,4.95,3.11,3.11,3.11,3.1,3.1,3.09,3.07,3.08,3.1,3.09,4.83,4.82,4.82,4.82,4.81,4.8,4.79,4.8,4.8,4.8,131.72,0,0,1,0,0,0,-1,0,None,aggregation
26,204.76,remora2,remora5,5.68,5.7,5.64,5.64,5.64,5.65,10.27,10.27,10.27,10.27,4.95,4.97,4.91,4.91,4.91,4.92,9.63,9.63,9.63,9.63,3.07,3.05,3.05,3.05,3.06,3.04,3.02,3.01,3.01,3,4.79,4.78,4.77,4.77,4.78,4.77,4.76,4.75,4.74,4.73,123.88,0,0,1,0,0,0,-1,0,None,aggregation
26,205.76,remora2,remora5,17.58,5.56,5.03,5.03,5.03,5.03,5.03,5,17.49,17.49,17.08,4.83,4.29,4.29,4.29,4.29,4.29,4.26,16.99,16.99,2.98,2.97,2.96,2.96,2.96,2.94,2.92,2.92,2.94,2.95,4.72,4.71,4.72,4.72,4.72,4.71,4.69,4.69,4.69,4.69,120.37,0,1,1,0,0,0,-1,0,None,aggregation
26,206.76,remora2,remora5,5,5,5,5,10.15,10.15,5.01,5.01,5.01,17.81,4.26,4.26,4.26,4.26,9.5,9.5,4.27,4.27,4.27,17.31,2.95,2.95,2.95,2.95,2.95,2.95,2.95,2.95,2.95,2.94,4.68,4.68,4.68,4.68,4.67,4.67,4.66,4.66,4.66,4.66,103.34,0,1,1,0,0,0,-1,0,None,aggregation
26,207.76,remora2,remora5,4.99,4.99,4.47,4.47,4.47,4.45,4.41,4.41,4.41,4.41,4.25,4.25,3.72,3.72,3.72,3.7,3.66,3.66,3.66,3.66,2.93,2.92,2.91,2.9,2.88,2.88,2.88,2.88,2.88,2.88,4.65,4.64,4.63,4.63,4.62,4.61,4.6,4.6,4.59,4.59,104.51,0,1,1,0,0,0,-1,0,None,aggregation
26,208.76,remora2,remora5,10.05,10.05,4.4,4.4,4.4,4.37,4.36,4.36,4.36,4.33,9.4,9.4,3.65,3.65,3.65,3.62,3.61,3.61,3.61,3.58,2.88,2.87,2.85,2.85,2.85,2.84,2.83,2.82,2.82,2.82,4.6,4.59,4.59,4.58,4.58,4.57,4.56,4.56,4.55,4.56,79.66,0,1,1,0,0,0,-1,0,None,aggregation
26,209.76,remora2,remora5,4.33,10.2,10.2,4.34,4.34,4.33,4.33,4.3,4.29,4.29,3.58,9.56,9.56,3.59,3.59,3.58,3.58,3.55,3.54,3.54,2.82,2.83,2.83,2.82,2.81,2.8,2.8,2.79,2.78,2.77,4.56,4.56,4.56,4.55,4.55,4.54,4.53,4.53,4.52,4.52,63.79,0,1,1,0,0,0,-1,0,None,aggregation
26,210.76,remora2,remora5,18.26,18.26,3.77,3.77,10.11,10.11,3.74,3.74,3.73,3.73,17.77,17.77,3,3,9.46,9.46,2.98,2.98,2.97,2.97,2.77,2.77,2.76,2.76,2.76,2.75,2.74,2.74,2.74,2.74,4.52,4.51,4.49,4.49,4.49,4.48,4.48,4.48,4.48,4.48,60.66,0,1,1,0,0,0,-1,0,None,aggregation
26,211.76,remora2,remora5,3.73,18.29,18.29,3.19,3.19,3.19,3.19,3.17,18.35,18.35,2.97,17.81,17.81,2.42,2.41,2.41,2.41,2.4,17.86,17.86,2.72,2.72,2.71,2.71,2.7,2.7,2.7,2.7,2.69,2.68,4.47,4.46,4.45,4.44,4.43,4.43,4.43,4.43,4.43,4.42,63.29,0,1,1,0,0,0,-1,0,None,aggregation
26,212.76,remora2,remora5,2.63,2.63,2.63,2.12,2.1,2.1,2.1,2.1,18.23,2.07,1.85,1.85,1.85,1.32,1.31,1.31,1.31,1.31,17.75,1.28,2.67,2.66,2.65,2.65,2.65,2.65,2.64,2.64,2.63,2.63,4.41,4.41,4.4,4.39,4.39,4.39,4.38,4.38,4.38,4.37,63.34,0,1,1,0,0,0,-1,0,None,aggregation
26,213.76,remora2,remora5,2.07,2.07,2.06,1.81,18.18,18.18,1.51,1.51,1.51,1.51,1.28,1.28,1.27,1.01,17.69,17.69,0.71,0.71,0.7,0.7,2.62,2.62,2.62,2.61,2.61,2.6,2.6,2.6,2.59,2.58,4.37,4.37,4.37,4.36,4.36,4.35,4.34,4.34,4.34,4.33,61.77,0,1,1,0,0,0,-1,0,None,aggregation
26,214.76,remora2,remora5,1.51,1.25,18.49,18.49,18.49,9.31,9.08,9.08,9.08,9.08,0.7,0.44,18.01,18.01,18.01,8.65,8.41,8.41,8.42,8.42,2.58,2.57,2.57,2.56,2.56,2.56,2.56,2.56,2.56,2.56,4.33,4.32,4.32,4.31,4.31,4.3,4.3,4.3,4.29,4.28,64.68,0,1,1,0,0,0,-1,0,None,aggregation
26,215.76,remora2,remora5,17.92,17.92,17.96,17.96,8.63,8.63,8.63,8.66,-1.17,-1.17,17.43,17.43,17.47,17.47,7.95,7.95,7.95,7.98,-1.99,-1.99,2.55,2.56,2.56,2.57,2.57,2.57,2.56,2.56,2.56,2.56,4.27,4.26,4.25,4.25,4.24,4.24,4.23,4.23,4.23,4.23,66.9,0,1,1,0,0,0,-1,0,None,aggregation
26,216.76,remora2,remora5,-1.17,-1.17,-1.18,-1.18,8.58,8.58,-1.19,-1.19,-1.19,18.18,-1.99,-1.99,-2,-2,7.9,7.9,-2.01,-2.01,-2.01,17.69,2.55,2.55,2.55,2.55,2.54,2.54,2.54,2.55,2.55,2.56,4.23,4.23,4.22,4.22,4.22,4.22,4.22,4.22,4.23,4.23,64.49,0,1,1,0,0,0,-1,0,None,aggregation
26,217.76,remora2,remora5,18.18,-0.64,-1.17,-1.17,-1.17,8.82,18.49,18.49,18.49,-1.16,17.69,-1.46,-1.99,-1.99,-1.99,8.15,18.01,18.01,18.01,-1.98,2.56,2.56,2.55,2.55,2.55,2.55,2.55,2.56,2.57,2.57,4.22,4.21,4.21,4.2,4.2,4.2,4.19,4.19,4.19,4.19,69.17,0,1,1,0,0,0,-1,0,None,aggregation
26,218.76,remora2,remora5,-1.16,-1.16,18.8,18.8,-0.61,-0.61,-0.61,15.36,9.41,9.41,-1.98,-1.98,18.33,18.33,-1.43,-1.43,-1.43,14.81,8.75,8.75,2.57,2.57,2.57,2.58,2.58,2.58,2.58,2.58,2.59,2.6,4.18,4.18,4.18,4.18,4.18,4.18,4.17,4.17,4.16,4.16,71.68,0,1,1,0,0,0,-1,0,None,aggregation
26,219.76,remora2,remora5,9.41,19.7,19.72,19.72,19.71,19.71,19.23,19.23,19.35,19.35,8.75,19.24,19.27,19.27,19.25,19.25,18.77,18.77,18.89,18.89,2.61,2.61,2.61,2.62,2.62,2.63,2.64,2.65,2.66,2.67,4.16,4.16,4.15,4.14,4.13,4.7,4.69,4.68,4.67,4.66,84.83,0,1,1,0,0,0,-1,0,None,aggregation
26,220.76,remora2,remora5,19.35,19.35,19.46,19.46,19.7,19.7,19.47,19.47,-2.5,-2.5,18.89,18.89,19.01,19.01,19.25,19.25,19.02,19.02,-3.32,-3.32,2.68,2.68,2.69,2.7,2.71,2.72,2.73,2.74,2.75,2.75,4.65,4.64,4.64,4.63,4.62,4.61,4.61,4.61,4.61,4.61,93.24,0,1,1,0,0,0,-1,0,None,aggregation
26,221.76,remora2,remora5,-2.5,-2.49,-2.49,20.1,20.1,12.62,9.09,9.09,9.09,20.43,-3.32,-3.31,-3.31,19.65,19.65,12.02,8.42,8.42,8.42,20,2.75,2.75,2.75,2.76,2.77,2.78,2.79,2.8,2.81,2.81,4.61,4.6,4.59,4.58,4.57,4.57,4.57,4.56,4.56,4.56,95,0,1,1,0,0,0,-1,0,None,aggregation
26,222.76,remora2,remora5,20.49,20.49,20.83,20.83,-1.24,-1.24,21.37,21.37,21.37,21.44,20.06,20.06,20.4,20.4,-2.06,-2.06,20.96,20.96,20.96,21.03,2.82,2.83,2.84,2.86,2.87,2.87,2.88,2.88,2.89,2.9,4.56,4.55,4.55,4.55,4.56,4.56,4.55,4.55,4.55,4.54,108.5,0,1,1,0,0,0,-1,0,None,aggregation
26,223.76,remora2,remora5,21.51,21.51,9.7,9.7,9.7,21.06,28.73,28.73,22.15,22.15,21.11,21.11,9.04,9.04,9.04,20.64,28.57,28.57,21.76,21.76,2.92,2.93,2.94,2.94,2.95,2.96,2.97,2.98,3,3.01,4.54,4.53,4.52,4.52,4.53,4.52,4.52,4.52,4.51,4.5,123.1,0,1,1,0,0,0,-1,0,None,aggregation
26,224.76,remora2,remora5,21.09,21.09,21.09,24.42,-0.4,-0.4,28.68,28.68,21.35,21.35,20.67,20.67,20.67,24.09,-1.22,-1.22,28.51,28.51,20.94,20.94,3.02,3.03,3.04,3.05,3.06,3.07,3.07,3.08,3.1,3.11,4.49,4.49,4.49,4.49,4.49,4.49,4.48,4.47,4.46,4.46,131.83,0,0,1,0,0,0,-1,0,None,aggregation
26,225.76,remora2,remora5,21.35,24.81,24.81,24.86,9.57,9.57,23.41,23.41,23.41,25.11,20.94,24.49,24.49,24.54,8.91,8.91,23.05,23.05,23.05,24.8,3.12,3.13,3.13,3.14,3.15,3.16,3.17,3.18,3.19,3.2,4.45,4.45,4.45,4.45,4.45,4.44,4.43,4.42,4.41,4.4,141.95,0,0,1,0,0,0,-1,0,None,aggregation
26,226.76,remora2,remora5,25.11,21.48,29.87,29.87,28.65,28.65,28.65,25.37,25.37,24.27,24.8,21.07,29.92,29.92,28.49,28.49,28.49,25.07,25.07,23.93,3.21,3.22,3.23,3.24,3.25,3.27,3.28,3.29,3.3,3.31,4.39,4.39,4.39,4.39,4.38,4.38,4.38,4.38,4.38,4.38,164.02,0,0,1,0,0,0,-1,0,None,aggregation
26,227.76,remora2,remora5,23.28,23.28,25.66,25.66,25.66,21.62,25.68,25.68,23.28,23.28,22.92,22.92,25.37,25.37,25.37,21.21,25.39,25.39,22.92,22.92,3.32,3.33,3.34,3.35,3.37,3.37,3.38,3.39,3.4,3.41,4.37,4.37,4.36,4.35,4.34,4.33,4.32,4.32,4.32,4.32,179.31,0,0,1,0,0,0,-1,0,None,aggregation
26,228.76,remora2,remora5,23.28,25.85,28.54,28.54,28.54,27.99,27.99,25.63,27.98,27.98,22.92,25.56,28.38,28.38,28.38,27.8,27.8,25.34,27.79,27.79,3.42,3.41,3.4,3.38,3.37,3.36,3.34,3.33,3.32,3.3,4.32,4.31,4.3,4.3,4.29,4.29,4.29,4.28,4.28,4.28,198.77,0,0,1,0,0,0,-1,0,None,aggregation
26,229.76,remora2,remora5,27.98,21.52,26.1,26.1,21.57,21.57,21.57,21.54,26.46,26.46,27.79,21.12,25.83,25.83,21.17,21.17,21.17,21.13,26.2,26.2,3.29,3.28,3.27,3.26,3.25,3.24,3.23,3.22,3.21,3.2,4.28,4.27,4.27,4.26,4.26,4.26,4.27,4.26,4.26,4.26,204.42,0,0,1,0,0,0,-1,0,None,aggregation
26,230.76,remora2,remora5,27.91,27.91,27.87,27.87,21.65,21.65,21.65,21.65,23.17,28.56,27.71,27.71,27.67,27.67,21.24,21.24,21.24,21.24,22.81,28.4,3.19,3.17,3.16,3.15,3.14,3.13,3.12,3.11,3.11,3.1,4.26,4.26,4.25,4.25,4.24,4.23,4.23,4.22,4.22,4.21,213.27,0,0,1,0,0,0,-1,0,None,aggregation
26,231.76,remora2,remora5,27.81,27.81,29.21,29.21,29.21,29.16,27.69,27.69,0,0,27.61,27.61,29.32,29.32,29.32,29.28,27.48,27.48,0,0,3.09,3.08,3.07,3.06,3.05,3.04,3.03,3.02,3.01,3.01,4.21,4.2,4.19,4.19,4.19,4.19,4.19,4.19,4.19,4.18,225.3,0,0,1,0,0,0,-1,0,None,aggregation
26,232.76,remora2,remora5,0,0,0,0,0,0,0,0,0,0,0,0,0,0,0,0,0,0,0,0,3.01,3,3,3.01,3.01,3.01,3.01,3,3,3,4.18,4.18,4.18,4.17,4.17,4.16,4.16,4.15,4.14,4.14,208.32,0,0,1,0,0,0,-1,0,None,aggregation
26,233.76,remora2,remora5,0,0,0,0,0,0,0,0,0,0,0,0,0,0,0,0,0,0,0,0,3,3,3,3,3,3,3,3,3,3,4.13,4.12,4.11,4.11,4.1,4.1,4.09,4.09,4.08,4.07,189.04,0,0,1,0,0,0,-1,0,None,aggregation
26,234.76,remora2,remora5,0,0,0,0,0,0,0,0,0,0,0,0,0,0,0,0,0,0,0,0,3,3,3,3,3,3,3,3,3,3,4.07,4.06,4.05,4.05,4.04,4.03,4.03,4.02,4.01,4.01,170.24,0,0,1,0,0,0,-1,0,None,aggregation
26,235.76,remora2,remora5,0,0,0,0,0,0,0,0,0,0,0,0,0,0,0,0,0,0,0,0,3,3,3,3,3,3,3,3,3,3,4.01,4,4,3.99,3.99,3.98,3.97,3.97,3.96,3.95,149.42,0,0,1,0,0,0,-1,0,None,aggregation
26,236.76,remora2,remora5,0,0,0,0,0,0,0,0,0,0,0,0,0,0,0,0,0,0,0,0,3,3,3,3,3,3,3,3,3,3,3.95,3.94,3.94,3.93,3.93,3.92,3.91,3.91,3.9,3.9,122.79,0,1,1,0,0,0,-1,0,None,aggregation
26,237.76,remora2,remora5,0,0,0,0,0,0,0,0,0,0,0,0,0,0,0,0,0,0,0,0,3,3,3,3,3,3,3,3,3,3,3.89,3.89,3.89,3.88,3.87,3.87,3.86,3.86,3.85,3.85,98.65,0,1,1,0,0,0,-1,0,None,aggregation
26,238.76,remora2,remora5,0,0,0,0,0,0,0,0,0,0,0,0,0,0,0,0,0,0,0,0,3,3,3,3,3,3,3,3,3,3,3.84,3.84,3.84,3.84,3.84,3.85,3.85,3.85,3.86,3.86,71.52,0,1,1,0,0,0,-1,0,None,aggregation
26,239.76,remora2,remora5,0,0,0,0,0,0,0,0,-20.81,-20.81,0,0,0,0,0,0,0,0,-19.99,-19.99,3,2.99,2.99,2.99,2.99,2.99,2.99,2.99,2.99,3,3.86,3.86,3.85,3.85,3.85,3.85,3.85,3.85,3.85,3.85,51.68,0,1,1,0,0,0,-1,0,None,aggregation
26,240.76,remora2,remora5,-20.81,-20.74,-20.74,-20.67,-26.23,-26.23,-26.23,-17.84,-20.73,-20.73,-19.99,-19.92,-19.92,-19.85,-25.4,-25.4,-25.4,-17.01,-19.91,-19.91,3.01,3.01,3.02,3.02,3.03,3.04,3.04,3.05,3.06,3.06,3.85,3.85,3.86,3.86,3.85,3.85,3.85,3.85,3.85,3.85,48.52,0,0,1,0,0,0,-1,0,None,aggregation
26,241.76,remora2,remora5,-20.73,-26.02,-26.02,-28.29,-20.7,-20.7,-25.94,-25.94,-25.94,-25.94,-19.91,-25.2,-25.2,-27.47,-19.87,-19.87,-25.12,-25.12,-25.12,-25.12,3.07,3.08,3.09,3.1,3.11,3.12,3.12,3.13,3.14,3.15,3.86,3.86,3.85,3.85,3.85,3.85,3.85,3.85,3.85,3.85,49.97,0,0,1,0,0,0,-1,0,None,aggregation
26,242.76,remora2,remora5,-28.45,-28.45,-14.73,-14.73,-25.95,-25.95,-24.45,-24.45,-25.87,-25.87,-29.27,-29.27,-13.91,-13.91,-25.13,-25.13,-23.63,-23.63,-25.04,-25.04,3.16,3.17,3.18,3.19,3.2,3.21,3.22,3.23,3.24,3.25,3.84,3.84,3.83,3.83,3.82,3.81,3.81,3.8,3.8,3.8,73.62,0,0,1,0,0,0,-1,0,None,aggregation
26,243.76,remora2,remora5,-25.87,-22.98,-22.98,-6.82,-6.82,-10.8,-10.8,-25.69,-25.69,-10.09,-25.04,-22.15,-22.15,-5.99,-5.99,-9.98,-9.98,-24.87,-24.87,-9.27,3.26,3.27,3.28,3.29,3.29,3.29,3.3,3.31,3.32,3.33,3.8,3.79,3.79,3.78,3.78,3.77,3.77,3.77,3.77,3.77,90.06,0,0,1,0,0,0,-1,0,None,aggregation
26,229.76,remora2,remora6,0,30,0,0,0,0,0,30,0,0,0,30,0,0,0,0,0,30,0,0,4.6,4.61,4.62,4.63,4.64,4.66,4.67,4.69,4.7,4.72,7.04,7.04,7.03,7.03,7.04,7.05,7.06,7.06,7.06,7.07,129,0,0,1,0,0,0,-1,0,None,aggregation
26,230.76,remora2,remora6,0,0,30,30,30,30,30,30,30,30,0,0,30,30,30,30,30,30,30,30,4.74,4.77,4.79,4.8,4.81,4.82,4.83,4.84,4.85,4.86,7.08,7.09,7.1,7.09,7.08,7.07,7.06,7.05,7.04,7.04,135,0,0,1,0,0,0,-1,0,None,aggregation
26,231.76,remora2,remora6,30,30,0,0,0,0,30,30,0,0,30,30,0,0,0,0,30,30,0,0,4.87,4.88,4.89,4.91,4.93,4.94,4.95,4.96,4.97,4.99,7.03,7.03,7.02,7.02,7.03,7.04,7.04,7.05,7.04,7.04,132,0,0,1,0,0,0,-1,0,None,aggregation
26,232.76,remora2,remora6,0,0,30,30,30,30,30,30,30,30,0,0,30,30,30,30,30,30,30,30,5.01,5.03,5.04,5.06,5.07,5.08,5.09,5.1,5.11,5.12,7.04,7.05,7.05,7.04,7.04,7.03,7.01,7,6.98,6.97,153,0,0,1,0,0,0,-1,0,None,aggregation
26,233.76,remora2,remora6,30,30,30,30,30,30,30,30,30,30,30,30,30,30,30,30,30,30,30,30,5.13,5.14,5.14,5.15,5.16,5.17,5.18,5.18,5.19,5.2,6.95,6.94,6.92,6.91,6.9,6.89,6.88,6.86,6.85,6.83,168,0,0,1,0,0,0,-1,0,None,aggregation
26,234.76,remora2,remora6,30,30,30,30,30,30,30,30,30,30,30,30,30,30,30,30,30,30,30,30,5.21,5.22,5.23,5.24,5.25,5.26,5.26,5.28,5.29,5.31,6.82,6.8,6.79,6.78,6.77,6.75,6.74,6.72,6.71,6.7,186,0,0,1,0,0,0,-1,0,None,aggregation
26,235.76,remora2,remora6,30,30,30,30,30,30,30,30,30,30,30,30,30,30,30,30,30,30,30,30,5.32,5.34,5.35,5.36,5.37,5.38,5.39,5.4,5.41,5.42,6.7,6.69,6.68,6.67,6.65,6.64,6.62,6.61,6.6,6.58,195,0,0,1,0,0,0,-1,0,None,aggregation
26,236.76,remora2,remora6,30,30,30,30,30,30,30,30,30,30,30,30,30,30,30,30,30,30,30,30,5.44,5.45,5.46,5.47,5.48,5.49,5.51,5.52,5.53,5.54,6.57,6.56,6.56,6.54,6.53,6.52,6.5,6.49,6.48,6.47,219,0,0,1,0,0,0,-1,0,None,aggregation
26,237.76,remora2,remora6,30,30,30,30,30,30,30,30,30,30,30,30,30,30,30,30,30,30,30,30,5.55,5.57,5.59,5.6,5.61,5.58,5.56,5.54,5.51,5.49,6.46,6.46,6.45,6.44,6.43,6.41,6.4,6.39,6.38,6.37,231,0,0,1,0,0,0,-1,0,None,aggregation
26,238.76,remora2,remora6,30,0.94,0.94,1.16,1.78,1.78,2.42,2.42,2.42,3.08,30,-9.53,-9.53,-9.31,-8.68,-8.68,-8.04,-8.04,-8.04,-7.38,5.47,5.46,5.46,5.46,5.46,5.47,5.47,5.47,5.47,5.47,6.36,6.36,6.36,6.37,6.37,6.38,6.39,6.4,6.41,6.41,222.01,0,0,1,0,0,0,-1,0,None,aggregation
26,239.76,remora2,remora6,3.76,3.76,4.44,4.44,4.44,5.12,5.62,5.62,6.06,6.06,-6.71,-6.71,-6.03,-6.03,-6.03,-5.34,-4.46,-4.46,-3.57,-3.57,5.48,5.48,5.48,5.48,5.48,5.48,5.48,5.48,5.48,5.46,6.41,6.41,6.4,6.4,6.4,6.4,6.4,6.39,6.39,6.39,216.92,0,0,1,0,0,0,-1,0,None,aggregation
26,240.76,remora2,remora6,6.06,6.49,6.89,6.89,7.27,7.27,7.27,7.61,7.93,7.93,-3.57,-2.71,-1.89,-1.89,-1.12,-1.12,-1.12,-0.39,0.29,0.29,5.44,5.42,5.4,5.37,5.35,5.33,5.3,5.27,5.25,5.23,6.39,6.38,6.38,6.37,6.36,6.35,6.34,6.33,6.32,6.32,195.84,0,0,1,0,0,0,-1,0,None,aggregation
26,241.76,remora2,remora6,7.93,8.23,8.23,8.51,0,0,30,30,30,30,0.29,0.94,0.94,1.55,0,0,30,30,30,30,5.21,5.18,5.15,5.12,5.09,5.06,5.04,5,4.95,4.9,6.31,6.3,6.29,6.28,6.26,6.26,6.25,6.23,6.2,6.16,197.67,0,0,1,0,0,0,-1,0,None,aggregation
26,242.76,remora2,remora6,30,30,30,30,30,30,30,30,30,30,30,30,30,30,30,30,30,30,30,30,4.85,4.79,4.75,4.7,4.66,4.6,4.56,4.5,4.45,4.4,6.13,6.09,6.06,6.03,5.99,5.95,5.92,5.89,5.85,5.82,203.67,0,0,1,0,0,0,-1,0,None,aggregation
26,243.76,remora2,remora6,30,30,30,30,30,0,0,0,0,30,30,30,30,30,30,0,0,0,0,30,4.35,4.3,4.25,4.21,4.18,4.16,4.15,4.13,4.1,4.07,5.79,5.76,5.72,5.69,5.66,5.64,5.63,5.62,5.62,5.6,191.67,0,0,1,0,0,0,-1,0,None,aggregation
26,124.76,remora1,remora8,17.5,18.4,18.4,18.41,21.65,21.65,18.59,18.59,18.94,18.94,17,17.92,17.92,17.93,21.24,21.24,18.11,18.11,18.47,18.47,1.67,1.68,1.68,1.69,1.69,1.7,1.7,1.71,1.72,1.73,5.13,5.14,5.14,5.15,5.16,5.16,5.17,5.18,5.19,5.2,170.36,0,1,1,0,0,0,-1,0,None,aggregation
26,125.76,remora1,remora8,18.94,22.15,19.29,19.29,19.29,19.63,22.53,22.53,22.53,24.8,18.47,21.76,18.83,18.83,18.83,19.18,22.15,22.15,22.15,24.48,1.73,1.74,1.75,1.75,1.76,1.76,1.77,1.78,1.79,1.79,5.21,5.22,5.23,5.24,5.25,5.26,5.26,5.28,5.29,5.3,178.92,0,1,1,0,0,0,-1,0,None,aggregation
26,126.76,remora1,remora8,24.8,22.79,25.19,25.19,25.19,20.95,20.95,21.26,21.26,21.58,24.48,22.41,24.88,24.88,24.88,20.53,20.53,20.85,20.85,21.17,1.8,1.81,1.83,1.84,1.85,1.86,1.87,1.89,1.9,1.92,5.31,5.32,5.33,5.34,5.35,5.36,5.37,5.39,5.4,5.41,188.03,0,1,1,0,0,0,-1,0,None,aggregation
26,127.76,remora1,remora8,21.58,22.17,22.46,22.46,22.75,22.75,22.75,23.03,23.58,23.58,21.17,21.78,22.08,22.08,22.37,22.37,22.37,22.66,23.22,23.22,1.93,1.94,1.95,1.96,1.97,1.99,2.01,2.02,2.04,2.06,5.43,5.44,5.45,5.46,5.47,5.49,5.51,5.52,5.54,5.55,195.73,0,1,1,0,0,0,-1,0,None,aggregation
26,128.76,remora1,remora8,23.85,23.85,23.85,24.36,24.48,24.48,24.85,24.85,25.21,25.21,23.5,23.5,23.5,24.03,24.16,24.16,24.54,24.54,24.9,24.9,2.09,2.11,2.12,2.13,2.15,2.18,2.2,2.23,2.25,2.27,5.57,5.59,5.6,5.61,5.63,5.65,5.66,5.68,5.69,5.71,203.14,0,1,1,0,0,0,-1,0,None,aggregation
26,129.76,remora1,remora8,25.21,25.55,25.55,25.88,26.2,26.2,26.2,26.5,26.5,26.7,24.9,25.26,25.26,25.6,25.93,25.93,25.93,26.24,26.24,26.45,2.3,2.33,2.36,2.39,2.42,2.45,2.47,2.5,2.52,2.54,5.73,5.74,5.76,5.78,5.8,5.82,5.84,5.86,5.88,5.9,210.23,0,1,1,0,0,0,-1,0,None,aggregation
26,130.76,remora1,remora8,26.7,26.89,26.9,26.9,26.9,27.08,27.08,27.26,27.26,27.44,26.45,26.65,26.65,26.65,26.65,26.85,26.85,27.03,27.03,27.22,2.55,2.57,2.6,2.63,2.65,2.68,2.71,2.75,2.78,2.8,5.91,5.93,5.95,5.97,6,6.02,6.04,6.06,6.09,6.11,217.97,0,1,1,0,0,0,-1,0,None,aggregation
26,131.76,remora1,remora8,27.61,27.61,27.61,27.61,27.61,0,0,0,0,0,27.39,27.39,27.39,27.4,27.4,0,0,0,0,0,2.81,2.84,2.87,2.91,2.95,2.97,2.98,2.99,2.99,3.01,6.12,6.14,6.16,6.19,6.21,6.22,6.23,6.23,6.23,6.24,213.85,0,1,1,0,0,0,-1,0,None,aggregation
26,132.76,remora1,remora8,0,0,0,0,-22.55,-22.55,-22.57,-22.57,-22.57,-22.12,0,0,0,0,-21.73,-21.73,-21.75,-21.75,-21.75,-21.3,3.02,3.03,3.04,3.04,3.03,3.01,2.99,2.98,2.97,2.95,6.25,6.25,6.25,6.25,6.24,6.22,6.21,6.2,6.19,6.17,210.17,0,0,1,0,0,0,-1,0,None,aggregation
26,133.76,remora1,remora8,0,0,0,0,0,-21.7,-21.7,-21.7,-20.77,-20.77,0,0,0,0,0,-20.88,-20.88,-20.88,-19.95,-19.95,2.92,2.9,2.89,2.9,2.91,2.9,2.87,2.83,2.81,2.8,6.16,6.16,6.15,6.16,6.16,6.15,6.14,6.12,6.11,6.1,199.65,0,1,1,0,0,0,-1,0,None,aggregation
26,134.76,remora1,remora8,-20.77,-20.8,-20.8,-20.32,-20.08,-20.08,-20.08,-19.88,-19.14,-19.14,-19.95,-19.98,-19.98,-19.5,-19.26,-19.26,-19.26,-19.05,-18.32,-18.32,2.8,2.78,2.75,2.75,2.74,2.71,2.69,2.66,2.63,2.61,6.09,6.08,6.06,6.05,6.04,6.03,6.02,6.01,5.99,5.98,200.47,0,1,1,0,0,0,-1,0,None,aggregation
26,135.76,remora1,remora8,-19.14,-18.67,-18.67,-18.44,-18.18,-18.18,-18.18,-18.18,-26.55,-17.2,-18.32,-17.85,-17.85,-17.62,-17.36,-17.36,-17.36,-17.36,-25.73,-16.38,2.6,2.59,2.59,2.58,2.56,2.53,2.51,2.5,2.5,2.49,5.97,5.97,5.96,5.95,5.94,5.93,5.92,5.91,5.9,5.9,198.31,0,1,1,0,0,0,-1,0,None,aggregation
26,136.76,remora1,remora8,-17.2,-17.2,-16.95,-16.69,-15.95,-15.95,-15.69,-15.69,-15.69,-15.43,-16.38,-16.38,-16.13,-15.87,-15.12,-15.12,-14.87,-14.87,-14.87,-14.61,2.49,2.47,2.45,2.43,2.41,2.41,2.41,2.4,2.4,2.39,5.89,5.88,5.87,5.86,5.85,5.85,5.84,5.84,5.84,5.83,191.41,0,1,1,0,0,0,-1,0,None,aggregation
26,137.76,remora1,remora8,-25.73,-25.73,-25.73,-14.92,-14.92,-14.13,-13.87,-13.87,-13.87,-13.87,-24.91,-24.91,-24.91,-14.1,-14.1,-13.31,-13.05,-13.05,-13.05,-13.05,2.39,2.37,2.35,2.33,2.33,2.33,2.33,2.33,2.34,2.34,5.83,5.82,5.81,5.8,5.8,5.8,5.79,5.79,5.79,5.79,186.14,0,1,1,0,0,0,-1,0,None,aggregation
26,138.76,remora1,remora8,-13.87,-13.86,-25.03,-25.03,-13.04,-13.04,-12.78,-12.78,-19.19,-19.19,-13.05,-13.04,-24.21,-24.21,-12.21,-12.21,-11.96,-11.96,-18.37,-18.37,2.33,2.33,2.32,2.32,2.32,2.32,2.31,2.32,2.32,2.31,5.79,5.79,5.79,5.78,5.78,5.78,5.78,5.78,5.78,5.77,178.18,0,1,1,0,0,0,-1,0,None,aggregation
26,139.76,remora1,remora8,-19.19,-24.58,-24.58,-24.39,-10.92,-10.92,-10.92,-10.4,-10.4,-10.4,-18.37,-23.76,-23.76,-23.57,-10.1,-10.1,-10.1,-9.58,-9.58,-9.58,2.29,2.27,2.26,2.24,2.22,2.22,2.22,2.22,2.23,2.22,5.76,5.75,5.75,5.74,5.73,5.73,5.73,5.74,5.74,5.73,167.53,0,1,1,0,0,0,-1,0,None,aggregation
26,140.76,remora1,remora8,-23.75,-23.66,-23.66,-9.08,-8.28,-8.28,-8.28,-7.74,-7.74,-22.51,-22.93,-22.84,-22.84,-8.26,-7.46,-7.46,-7.46,-6.92,-6.92,-21.69,2.2,2.18,2.16,2.14,2.13,2.12,2.12,2.12,2.12,2.11,5.73,5.72,5.72,5.71,5.71,5.7,5.7,5.7,5.69,5.69,154.5,0,1,1,0,0,0,-1,0,None,aggregation
26,141.76,remora1,remora8,-22.28,-22.28,-6.7,-6.7,-6.7,-6.16,-14.21,-14.21,-14.21,-21.48,-21.46,-21.46,-5.87,-5.87,-5.87,-5.34,-13.39,-13.39,-13.39,-20.66,2.09,2.08,2.08,2.08,2.08,2.08,2.08,2.08,2.07,2.07,5.68,5.67,5.66,5.66,5.65,5.65,5.64,5.64,5.64,5.64,153.83,0,1,1,0,0,0,-1,0,None,aggregation
26,142.76,remora1,remora8,-21.48,-5.07,-5.07,-5.07,-20.82,-20.59,-3.5,-3.5,-3.5,-12.13,-20.66,-4.25,-4.25,-4.25,-20,-19.76,-2.67,-2.67,-2.67,-11.31,2.06,2.06,2.05,2.04,2.04,2.03,2.03,2.03,2.03,2.02,5.63,5.62,5.62,5.61,5.6,5.6,5.59,5.59,5.59,5.59,150.24,0,1,1,0,0,0,-1,0,None,aggregation
26,143.76,remora1,remora8,-19.94,-19.94,-19.94,-1.93,-1.42,-1.42,-1.42,-18.98,-18.98,-0.89,-19.12,-19.12,-19.12,-1.11,-0.6,-0.6,-0.6,-18.16,-18.16,-0.07,2.01,2,1.99,1.98,1.99,1.99,1.99,1.98,1.97,1.96,5.58,5.57,5.56,5.56,5.56,5.56,5.56,5.56,5.55,5.55,149.85,0,1,1,0,0,0,-1,0,None,aggregation
26,144.76,remora1,remora8,-18.23,-18.23,-17.93,-17.93,1.15,1.15,1.15,-18.67,-18.67,-16.76,-17.41,-17.41,-17.11,-17.11,1.94,1.94,1.94,-17.85,-17.85,-15.94,1.96,1.95,1.94,1.94,1.93,1.93,1.92,1.92,1.91,1.9,5.55,5.54,5.54,5.53,5.53,5.52,5.52,5.52,5.51,5.5,142.98,0,1,1,0,0,0,-1,0,None,aggregation
26,145.76,remora1,remora8,-16.76,2.64,2.64,-15.9,-15.9,3.15,-15.4,-15.4,-15.4,4.14,-15.94,3.41,3.41,-15.08,-15.08,3.91,-14.58,-14.58,-14.58,4.88,1.89,1.89,1.9,1.9,1.9,1.9,1.89,1.89,1.88,1.89,5.5,5.5,5.5,5.5,5.5,5.5,5.5,5.5,5.5,5.5,134.89,0,1,1,0,0,0,-1,0,None,aggregation
26,146.76,remora1,remora8,4.14,-14.56,-14.56,-14.56,-14.91,4.66,-16.35,-16.35,5.17,5.17,4.88,-13.74,-13.74,-13.74,-14.09,5.39,-15.53,-15.53,5.89,5.89,1.89,1.9,1.91,1.91,1.91,1.92,1.93,1.92,1.92,1.91,5.5,5.5,5.5,5.5,5.49,5.49,5.5,5.5,5.5,5.5,130,0,1,1,0,0,0,-1,0,None,aggregation
26,147.76,remora1,remora8,5.17,-13.65,-13.65,-13.62,-13.62,-12.78,-12.78,-3.41,-3.41,-11.97,5.89,-12.83,-12.83,-12.8,-12.8,-11.95,-11.95,-2.59,-2.59,-11.15,1.91,1.9,1.9,1.9,1.9,1.9,1.9,1.89,1.89,1.89,5.5,5.5,5.5,5.5,5.5,5.5,5.5,5.5,5.5,5.5,122.82,0,1,1,0,0,0,-1,0,None,aggregation
26,148.76,remora1,remora8,-14.08,-14.08,-11.12,-11.12,-11.12,-1.72,-10.64,-10.64,-10.64,-1.23,-13.26,-13.26,-10.3,-10.3,-10.3,-0.9,-9.82,-9.82,-9.82,-0.41,1.88,1.88,1.88,1.88,1.89,1.89,1.89,1.89,1.89,1.88,5.5,5.51,5.51,5.51,5.51,5.52,5.52,5.52,5.52,5.52,115.67,0,1,1,0,0,0,-1,0,None,aggregation
26,149.76,remora1,remora8,-1.23,-9.77,-9.4,-9.4,0,0,0,-8.53,-11.29,-11.29,-0.41,-8.94,-8.58,-8.58,0.81,0.81,0.81,-7.71,-10.47,-10.47,1.88,1.87,1.88,1.88,1.88,1.87,1.87,1.87,1.87,1.87,5.53,5.53,5.53,5.53,5.53,5.54,5.54,5.54,5.55,5.55,106.34,0,1,1,0,0,0,-1,0,None,aggregation
26,150.76,remora1,remora8,-11.29,-7.95,-7.95,-10.56,-10.56,12.43,-9.81,-9.81,-9.81,-9.76,-10.47,-7.13,-7.13,-9.74,-9.74,13.02,-8.99,-8.99,-8.99,-8.94,1.87,1.87,1.87,1.87,1.87,1.87,1.86,1.86,1.85,1.85,5.56,5.56,5.56,5.57,5.57,5.57,5.58,5.58,5.59,5.59,102.1,0,1,1,0,0,0,-1,0,None,aggregation
26,151.76,remora1,remora8,-5.54,-5.54,-5.54,14.06,14.06,-4.94,-4.94,-4.51,14.45,14.45,-4.72,-4.72,-4.72,14.62,14.62,-4.12,-4.12,-3.68,15,15,1.85,1.85,1.85,1.85,1.84,1.83,1.83,1.83,1.83,1.84,5.59,5.6,5.6,5.61,5.61,5.62,5.62,5.63,5.63,5.64,97.68,0,1,1,0,0,0,-1,0,None,aggregation
26,152.76,remora1,remora8,14.45,-4.23,-4.23,14.05,-4.27,-4.27,-4.27,-4.19,-4.19,14.45,15,-3.41,-3.41,14.61,-3.45,-3.45,-3.45,-3.37,-3.37,15.01,1.84,1.84,1.85,1.85,1.84,1.84,1.84,1.84,1.84,1.85,5.65,5.65,5.66,5.67,5.67,5.68,5.68,5.69,5.7,5.71,95.08,0,1,1,0,0,0,-1,0,None,aggregation
26,153.76,remora1,remora8,14.45,14.45,-7.34,14.06,14.06,-3.62,-3.62,-3.53,-3.53,4.23,15.01,15.01,-6.52,14.62,14.62,-2.8,-2.8,-2.71,-2.71,4.97,1.85,1.85,1.85,1.85,1.85,1.85,1.84,1.84,1.84,1.84,5.71,5.72,5.73,5.73,5.74,5.75,5.75,5.76,5.76,5.77,93.24,0,1,1,0,0,0,-1,0,None,aggregation
26,154.76,remora1,remora8,-2.57,-2.57,-2.57,14.85,14.85,14.85,-2.5,-2.5,-2.5,-2.4,-1.74,-1.74,-1.74,15.39,15.39,15.39,-1.67,-1.67,-1.67,-1.57,1.84,1.84,1.84,1.84,1.84,1.83,1.83,1.83,1.83,1.83,5.77,5.78,5.79,5.8,5.8,5.81,5.81,5.82,5.83,5.84,86.42,0,1,1,0,0,0,-1,0,None,aggregation
26,155.76,remora1,remora8,-2.4,4.44,-2.49,-2.49,-2.49,14.07,14.07,14.07,-2.5,-2.5,-1.57,5.18,-1.67,-1.67,-1.67,14.63,14.63,14.63,-1.67,-1.67,1.84,1.85,1.86,1.86,1.86,1.86,1.86,1.86,1.86,1.86,5.85,5.86,5.87,5.88,5.88,5.89,5.89,5.9,5.91,5.91,81.81,0,1,1,0,0,0,-1,0,None,aggregation
26,156.76,remora1,remora8,-2.5,-2.5,13.67,13.67,-2.19,-2.19,-2.19,-5.68,13.67,13.67,-1.67,-1.67,14.24,14.24,-1.37,-1.37,-1.37,-4.86,14.24,14.24,1.86,1.87,1.88,1.88,1.88,1.88,1.87,1.87,1.87,1.87,5.92,5.93,5.94,5.94,5.95,5.96,5.96,5.97,5.97,5.98,77.92,0,1,1,0,0,0,-1,0,None,aggregation
26,157.76,remora1,remora8,13.67,13.67,14.07,-5.39,-5.39,-2.06,13.29,13.29,13.29,-1.83,14.24,14.24,14.63,-4.57,-4.57,-1.24,13.86,13.86,13.86,-1,1.86,1.87,1.87,1.88,1.89,1.9,1.91,1.9,1.9,1.89,5.99,6,6.01,6.02,6.03,6.03,6.04,6.05,6.06,6.06,77.45,0,1,1,0,0,0,-1,0,None,aggregation
26,158.76,remora1,remora8,-1.83,-1.74,-1.74,13.28,13.28,13.28,13.28,-1.79,-1.71,-1.71,-1,-0.92,-0.92,13.85,13.86,13.86,13.86,-0.96,-0.88,-0.88,1.89,1.89,1.89,1.9,1.91,1.91,1.91,1.91,1.91,1.91,6.07,6.08,6.08,6.09,6.1,6.11,6.12,6.13,6.13,6.14,74.45,0,1,1,0,0,0,-1,0,None,aggregation
26,159.76,remora1,remora8,-1.71,12.88,13.07,13.07,13.07,3.95,3.95,-1.64,3.66,3.66,-0.88,13.46,13.65,13.65,13.65,4.69,4.69,-0.82,4.41,4.41,1.9,1.9,1.89,1.89,1.9,1.9,1.91,1.92,1.93,1.93,6.15,6.15,6.16,6.17,6.18,6.18,6.19,6.19,6.2,6.2,75.78,0,1,1,0,0,0,-1,0,None,aggregation
26,160.76,remora1,remora8,3.66,12.48,12.48,12.49,12.05,12.05,12.05,12.04,-2.09,-2.09,4.41,13.07,13.07,13.08,12.65,12.65,12.65,12.64,-1.27,-1.27,1.94,1.94,1.93,1.93,1.92,1.92,1.91,1.92,1.92,1.92,6.21,6.21,6.21,6.22,6.22,6.23,6.23,6.24,6.25,6.25,75.64,0,1,1,0,0,0,-1,0,None,aggregation
26,161.76,remora1,remora8,-2.09,-2.06,-2.06,11.62,11.62,11.63,11.63,3.22,3.22,2.92,-1.27,-1.24,-1.24,12.23,12.23,12.24,12.24,3.98,3.98,3.69,1.92,1.92,1.93,1.93,1.94,1.94,1.93,1.94,1.96,1.97,6.25,6.26,6.26,6.27,6.27,6.28,6.28,6.29,6.3,6.31,73.29,0,1,1,0,0,0,-1,0,None,aggregation
26,162.76,remora1,remora8,2.92,2.92,-2.27,11.24,11.24,11.24,11.24,11.23,11.23,10.79,3.69,3.69,-1.44,11.86,11.85,11.85,11.85,11.85,11.85,11.42,1.98,1.98,1.98,1.98,1.98,1.97,1.97,1.97,1.96,1.97,6.32,6.33,6.33,6.34,6.34,6.35,6.35,6.35,6.35,6.36,75.12,0,1,1,0,0,0,-1,0,None,aggregation
26,163.76,remora1,remora8,10.79,10.8,10.8,2.44,2.44,10.17,10.17,-3.05,9.98,9.98,11.42,11.42,11.42,3.21,3.21,10.8,10.8,-2.22,10.61,10.61,1.99,2,2.01,2.01,2.02,2.03,2.04,2.04,2.04,2.04,6.37,6.37,6.38,6.39,6.39,6.4,6.41,6.41,6.42,6.43,75.21,0,1,1,0,0,0,-1,0,None,aggregation
26,164.76,remora1,remora8,9.98,9.98,9.98,9.77,9.58,9.58,9.58,9.58,-3.27,9.35,10.62,10.62,10.62,10.41,10.22,10.22,10.22,10.22,-2.45,10,2.05,2.06,2.08,2.09,2.1,2.1,2.1,2.09,2.09,2.09,6.43,6.44,6.45,6.46,6.47,6.48,6.48,6.49,6.49,6.5,78.51,0,1,1,0,0,0,-1,0,None,aggregation
26,165.76,remora1,remora8,9.58,9.58,9.58,9.36,1.77,1.77,1.63,1.63,1.63,9.18,10.23,10.23,10.23,10.01,2.55,2.55,2.41,2.41,2.41,9.84,2.09,2.1,2.11,2.13,2.14,2.14,2.14,2.14,2.14,2.14,6.5,6.51,6.52,6.53,6.54,6.54,6.55,6.55,6.56,6.56,78.42,0,1,1,0,0,0,-1,0,None,aggregation
26,166.76,remora1,remora8,9.18,9.19,9.19,8.96,8.74,8.74,8.74,8.73,8.73,8.75,9.84,9.84,9.84,9.61,9.4,9.4,9.4,9.39,9.39,9.41,2.15,2.15,2.15,2.15,2.15,2.15,2.15,2.16,2.17,2.18,6.57,6.57,6.58,6.58,6.59,6.59,6.6,6.6,6.61,6.62,80.58,0,1,1,0,0,0,-1,0,None,aggregation
26,167.76,remora1,remora8,8.75,8.53,8.32,8.32,8.32,8.33,8.11,8.11,8.11,8.11,9.41,9.19,8.98,8.98,8.98,8.99,8.78,8.78,8.78,8.78,2.19,2.19,2.19,2.2,2.2,2.22,2.23,2.24,2.25,2.25,6.62,6.63,6.63,6.64,6.64,6.65,6.66,6.67,6.67,6.68,79.61,0,1,1,0,0,0,-1,0,None,aggregation
26,168.76,remora1,remora8,-3.98,-3.98,8.15,8.15,8.15,8.16,8.16,8.17,8.17,7.96,-3.16,-3.16,8.82,8.82,8.82,8.83,8.83,8.84,8.84,8.64,2.25,2.25,2.25,2.26,2.27,2.27,2.27,2.28,2.29,2.3,6.69,6.69,6.7,6.7,6.71,6.72,6.72,6.73,6.74,6.75,80.87,0,1,1,0,0,0,-1,0,None,aggregation
26,169.76,remora1,remora8,7.96,1.32,1.32,7.76,7.76,8,7.76,7.76,7.76,7.77,8.64,2.11,2.11,8.44,8.44,8.68,8.44,8.44,8.44,8.45,2.32,2.32,2.32,2.32,2.32,2.32,2.32,2.33,2.34,2.35,6.76,5.68,5.68,5.69,5.69,5.69,5.69,5.69,5.7,5.71,80.49,0,1,1,0,0,0,-1,0,None,aggregation
26,170.76,remora1,remora8,7.77,7.79,7.79,7.59,7.59,7.59,7.59,7.59,7.59,1.23,8.45,8.47,8.47,8.27,8.27,8.27,8.27,8.27,8.27,2.02,2.36,2.36,2.36,2.36,2.36,2.36,2.36,2.37,2.37,2.37,5.71,5.72,5.72,5.72,5.72,5.72,5.73,5.73,5.73,5.74,78.33,0,1,1,0,0,0,-1,0,None,aggregation
26,171.76,remora1,remora8,1.23,1.1,1.1,7.63,7.64,7.64,7.64,7.64,7.4,7.4,2.02,1.89,1.89,8.31,8.32,8.32,8.32,8.33,8.09,8.09,2.39,2.4,2.41,2.41,2.41,2.41,2.41,2.41,2.41,2.41,5.74,5.75,5.75,5.76,5.76,5.76,5.76,5.76,5.77,5.77,78.01,0,1,1,0,0,0,-1,0,None,aggregation
26,172.76,remora1,remora8,7.4,7.4,7.4,7.4,7.4,7.4,7.4,7.42,7.42,7.45,8.09,8.09,8.09,8.09,8.09,8.09,8.09,8.1,8.1,8.13,2.41,2.42,2.42,2.42,2.42,2.43,2.44,2.45,2.46,2.47,5.77,5.77,5.78,5.78,5.78,5.78,5.79,5.8,5.8,5.81,76.88,0,1,1,0,0,0,-1,0,None,aggregation
26,173.76,remora1,remora8,7.48,7.48,7.27,7.27,7.28,7.28,7.3,7.3,7.3,7.06,8.16,8.16,7.96,7.96,7.97,7.97,7.99,7.99,7.99,7.75,2.49,2.49,2.49,2.5,2.51,2.51,2.52,2.52,2.52,2.52,5.81,5.82,5.82,5.83,5.84,5.85,5.85,5.86,5.86,5.86,76.21,0,1,1,0,0,0,-1,0,None,aggregation
26,174.76,remora1,remora8,7.06,7.06,7.07,7.07,7.07,7.09,7.09,7.09,7.09,7.09,7.75,7.75,7.76,7.76,7.76,7.78,7.78,7.78,7.78,7.78,2.52,2.53,2.54,2.54,2.54,2.55,2.55,2.55,2.55,2.55,5.86,5.86,5.87,5.88,5.88,5.89,5.89,5.89,5.9,5.91,74.32,0,1,1,0,0,0,-1,0,None,aggregation
26,175.76,remora1,remora8,7.09,7.09,7.11,7.11,9.7,9.7,9.7,7.16,7.16,7.17,7.78,7.78,7.8,7.8,10.34,10.34,10.34,7.85,7.85,7.86,2.55,2.56,2.57,2.59,2.6,2.6,2.6,2.61,2.61,2.62,5.92,5.75,5.75,5.75,5.75,5.75,5.75,5.74,5.73,5.73,76.63,0,1,1,0,0,0,-1,0,None,aggregation
26,176.76,remora1,remora8,7.17,6.96,6.96,6.98,7,7,7,-3.1,7.26,7.26,7.86,7.65,7.65,7.68,7.69,7.69,7.69,-2.28,7.95,7.95,2.63,2.63,2.64,2.64,2.65,2.67,2.68,2.68,2.68,2.68,5.74,5.74,5.75,5.75,5.75,5.75,5.76,5.76,5.77,5.77,74.34,0,1,1,0,0,0,-1,0,None,aggregation
26,177.76,remora1,remora8,7.26,5.42,5.42,7.27,7.27,7.29,1.78,1.78,2.2,2.2,7.95,6.14,6.14,7.96,7.96,7.98,2.57,2.57,2.97,2.97,2.68,2.69,2.7,2.71,2.71,2.72,2.73,2.73,2.73,2.73,5.76,5.76,5.76,5.76,5.76,5.76,5.76,5.77,5.77,4.35,70.86,0,1,1,0,0,0,-1,0,None,aggregation
26,178.76,remora1,remora8,2.2,7.33,7.33,7.34,7.34,7.35,7.37,7.37,7.37,7.38,2.97,8.02,8.02,8.02,8.02,8.04,8.05,8.05,8.05,8.07,2.74,2.74,2.74,2.75,2.76,2.76,2.76,2.77,2.78,2.79,4.35,4.35,4.35,5.76,5.76,5.76,5.75,5.75,5.74,5.74,70.56,0,1,1,0,0,0,-1,0,None,aggregation
26,179.76,remora1,remora8,2.03,2.03,2.03,7.41,7.41,-3.43,-3.43,-4.66,-4.66,2.56,2.81,2.81,2.81,8.09,8.09,-2.61,-2.61,-3.84,-3.84,3.33,2.79,2.79,2.79,2.8,2.81,2.82,2.82,2.82,2.83,2.84,5.73,5.72,5.72,5.71,5.71,5.7,5.69,5.69,5.68,5.68,67.71,0,1,1,0,0,0,-1,0,None,aggregation
26,180.76,remora1,remora8,2.56,8.4,8.4,8.4,8.4,8.42,8.42,8.42,8.43,8.43,3.33,9.06,9.06,9.07,9.07,9.09,9.09,9.09,9.09,9.09,2.84,2.85,2.86,2.86,2.86,2.86,2.86,2.86,2.85,2.85,5.67,5.67,5.67,5.67,5.67,5.67,5.66,5.66,5.65,5.65,68.52,0,1,1,0,0,0,-1,0,None,aggregation
26,181.76,remora1,remora8,7.94,7.94,7.95,7.95,7.95,2.79,2.79,7.96,7.98,7.98,8.62,8.62,8.62,8.62,8.62,3.55,3.55,8.64,8.66,8.66,2.85,2.85,2.85,2.85,2.86,2.86,2.87,2.87,2.88,2.88,5.64,5.64,5.65,5.64,5.64,5.64,5.63,5.63,5.63,5.63,69.79,0,1,1,0,0,0,-1,0,None,aggregation
26,182.76,remora1,remora8,7.98,7.98,7.99,8,8,-1.95,-1.95,0,0,0,8.66,8.66,8.66,8.67,8.67,-1.13,-1.13,0,0,0,2.88,2.89,2.9,2.9,2.91,2.92,2.92,2.93,2.93,2.94,5.63,5.63,5.63,5.63,5.63,5.63,5.63,5.63,5.63,5.63,66.51,0,1,1,0,0,0,-1,0,None,aggregation
26,183.76,remora1,remora8,8.52,8.52,8.52,3.36,8.54,8.54,8.53,8.53,8.54,8.54,9.19,9.19,9.19,4.12,9.2,9.2,9.2,9.2,9.2,9.2,2.95,2.96,2.96,2.95,2.95,2.95,2.95,2.96,2.96,2.97,5.63,5.63,5.64,5.63,5.63,5.63,5.62,5.62,5.62,5.62,67.22,0,1,1,0,0,0,-1,0,None,aggregation
26,184.76,remora1,remora8,8.55,8.55,8.58,8.58,8.6,8.6,8.6,-16.11,-16.11,8.63,9.22,9.22,9.24,9.24,9.26,9.26,9.26,-15.29,-15.29,9.29,2.97,2.98,2.99,3,3,3.01,3.02,3.02,3.03,3.03,5.62,5.62,5.62,5.62,5.62,5.62,5.63,5.63,5.63,5.63,70.07,0,0,1,0,0,0,-1,0,None,aggregation
26,185.76,remora1,remora8,8.63,9.09,9.1,9.1,-15.98,-15.98,-16.32,-16.32,9.54,9.54,9.29,9.74,9.76,9.76,-15.15,-15.15,-15.5,-15.5,10.18,10.18,3.03,3.04,3.05,3.05,3.05,3.05,3.04,3.03,3.03,3.03,5.63,5.63,5.63,5.63,5.63,5.62,5.62,5.61,5.61,5.61,73.82,0,0,1,0,0,0,-1,0,None,aggregation
26,186.76,remora1,remora8,9.54,9.54,9.55,9.55,9.57,-16.79,-16.79,-16.79,10.04,10.04,10.18,10.18,10.2,10.2,10.22,-15.96,-15.96,-15.96,10.68,10.68,3.04,3.05,3.05,3.06,3.06,3.06,3.07,3.07,3.08,3.08,5.61,5.61,5.61,5.61,5.61,5.61,5.6,5.6,5.6,5.61,78.8,0,0,1,0,0,0,-1,0,None,aggregation
26,187.76,remora1,remora8,0,0,30,30,0,0,0,-10.37,10.08,10.08,0,0,30,30,0,0,0,-9.55,10.72,10.72,3.09,3.09,3.09,3.09,3.09,3.09,3.1,3.1,3.11,3.12,5.61,5.61,5.61,5.61,5.61,5.61,5.61,5.62,5.62,5.62,82.73,0,0,1,0,0,0,-1,0,None,aggregation
26,188.76,remora1,remora8,10.09,10.09,10.09,10.1,10.1,-17.15,-17.15,-17.15,0,0,10.73,10.73,10.73,10.74,10.74,-16.33,-16.33,-16.33,0,0,3.13,3.13,3.12,3.12,3.13,3.13,3.13,3.13,3.13,3.13,5.62,5.62,5.63,5.63,5.64,5.64,5.64,5.64,5.65,5.65,85.77,0,0,1,0,0,0,-1,0,None,aggregation
26,189.76,remora1,remora8,30,30,30,0,9.68,9.68,9.68,9.68,9.68,9.68,30,30,30,0,10.32,10.32,10.32,10.32,10.32,10.32,3.13,3.13,3.13,3.13,3.13,3.13,3.14,3.14,3.14,3.14,5.65,5.65,5.65,4.29,4.29,4.29,4.3,4.3,4.31,4.31,96.75,0,0,1,0,0,0,-1,0,None,aggregation
26,190.76,remora1,remora8,9.68,9.68,9.68,9.69,9.69,9.69,9.69,-17,-17,-16.99,10.32,10.33,10.33,10.33,10.34,10.34,10.34,-16.18,-16.18,-16.17,3.14,3.15,3.15,3.15,3.15,3.15,3.16,3.15,3.15,3.15,4.31,4.32,4.32,4.32,4.33,4.33,4.34,4.33,4.32,4.31,100.57,0,0,1,0,0,0,-1,0,None,aggregation
26,191.76,remora1,remora8,-16.63,-16.63,-16.63,10.58,-24.51,-24.51,-24.51,-15.95,-15.95,0,-15.8,-15.8,-15.8,11.2,-25.34,-25.34,-25.34,-15.13,-15.13,0,3.15,3.16,3.16,3.17,3.18,3.18,3.18,3.18,3.19,3.19,4.31,4.3,4.3,4.3,4.31,4.3,4.29,4.29,4.28,4.27,109.83,0,0,1,0,0,0,-1,0,None,aggregation
26,192.76,remora1,remora8,0,0,0,11.46,-15.76,-15.76,-15.69,-15.69,11.88,11.88,0,0,0,12.07,-14.94,-14.94,-14.87,-14.87,12.48,12.48,3.18,3.18,3.18,3.18,3.19,3.18,3.18,3.18,3.18,3.17,4.27,4.27,4.27,4.28,4.28,4.28,4.27,4.27,4.26,4.26,115.1,0,0,1,0,0,0,-1,0,None,aggregation
26,193.76,remora1,remora8,11.88,-25.9,-25.9,-23.5,12.31,12.31,12.31,12.31,12.7,12.7,12.48,-26.72,-26.72,-22.68,12.9,12.9,12.9,12.9,13.29,13.29,3.17,3.18,3.18,3.18,3.19,3.18,3.18,3.18,3.18,3.18,4.27,4.27,4.26,4.25,4.24,4.24,4.25,4.25,4.24,4.25,123.18,0,0,1,0,0,0,-1,0,None,aggregation
26,194.76,remora1,remora8,12.7,-14.5,12.7,12.7,13.1,13.1,13.1,0,0,0,13.29,-13.68,13.29,13.29,13.68,13.68,13.68,0,0,0,3.17,3.17,3.16,3.16,3.16,3.16,3.16,3.16,3.16,3.16,4.25,4.25,4.25,4.25,4.26,4.26,4.26,4.26,4.26,4.26,122.23,0,0,1,0,0,0,-1,0,None,aggregation
26,195.76,remora1,remora8,-13.96,-13.96,-21.71,-21.71,0,0,0,0,0,-28.24,-13.13,-13.13,-20.89,-20.89,0,0,0,0,0,-29.06,3.16,3.17,3.17,3.18,3.19,3.2,3.2,3.21,3.21,3.21,4.26,4.26,4.26,4.25,4.24,4.24,4.24,4.25,4.25,4.24,120.07,0,0,1,0,0,0,-1,0,None,aggregation
26,196.76,remora1,remora8,-28.24,13.95,-13.14,-13.14,-13.14,-13.02,-13.02,14.36,14.36,0,-29.06,14.52,-12.32,-12.32,-12.32,-12.2,-12.2,14.92,14.92,0,3.22,3.22,3.22,3.22,3.23,3.24,3.24,3.25,3.24,3.24,4.23,4.22,4.22,4.22,4.22,4.21,4.21,4.21,4.21,4.22,121.71,0,0,1,0,0,0,-1,0,None,aggregation
26,197.76,remora1,remora8,0,0,-29.22,-29.22,-29.22,-12.02,-12.02,-12.02,-29.34,-29.34,0,0,-30.04,-30.04,-30.04,-11.2,-11.2,-11.2,-30.17,-30.17,3.24,3.24,3.25,3.25,3.26,3.26,3.26,3.26,3.27,3.28,4.22,4.22,4.22,4.21,4.2,4.19,4.19,4.18,4.17,4.16,130.96,0,0,1,0,0,0,-1,0,None,aggregation
26,198.76,remora1,remora8,-11.85,-11.67,-11.67,-29.44,-29.44,15.93,15.93,-29.56,-10.65,-10.65,-11.03,-10.85,-10.85,-30.27,-30.27,16.46,16.46,-30.38,-9.83,-9.83,3.28,3.28,3.28,3.29,3.3,3.3,3.31,3.31,3.32,3.32,4.16,4.15,4.15,4.14,4.13,4.13,4.14,4.14,4.13,4.12,138.38,0,0,1,0,0,0,-1,0,None,aggregation
26,199.76,remora1,remora8,-10.65,-10.65,-10.65,-10.65,-30.27,-30.27,-30.27,-9.33,-9.33,-8.94,-9.83,-9.83,-9.83,-9.83,-29.45,-29.45,-29.45,-8.5,-8.5,-8.12,3.33,3.33,3.33,3.33,3.33,3.33,3.32,3.31,3.3,3.29,4.12,4.12,4.12,4.12,4.12,4.12,4.11,4.1,4.1,4.1,139.07,0,0,1,0,0,0,-1,0,None,aggregation
26,200.76,remora1,remora8,-8.94,-29.93,-29.93,-8.59,-8.59,18.13,18.13,-29.6,-29.6,-7.45,-8.12,-29.11,-29.11,-7.77,-7.77,18.61,18.61,-28.78,-28.78,-6.63,3.28,3.26,3.24,3.22,3.21,3.22,3.24,3.24,3.21,3.19,4.09,4.09,4.08,4.07,4.07,4.08,4.08,4.08,4.07,4.06,145.7,0,0,1,0,0,0,-1,0,None,aggregation
26,201.76,remora1,remora8,-7.45,-7.24,-7.14,-7.14,-6.61,-6.61,-6.61,-28.96,-28.96,-1.2,-6.63,-6.42,-6.32,-6.32,-5.79,-5.79,-5.79,-28.13,-28.13,-0.38,3.18,3.18,3.17,3.17,3.16,3.15,3.15,3.13,3.11,3.09,4.06,4.06,4.06,4.06,4.05,4.05,4.05,4.04,4.04,4.03,139.54,0,0,1,0,0,0,-1,0,None,aggregation
26,202.76,remora1,remora8,-1.2,19.8,19.8,-5.83,-5.83,-5.75,0,0,0,0,-0.38,20.24,20.24,-5.01,-5.01,-4.92,0,0,0,0,3.09,3.1,3.12,3.13,3.12,3.12,3.12,3.12,3.11,3.11,4.03,4.04,4.04,4.04,4.04,4.04,4.04,4.04,4.05,4.05,135.51,0,0,1,0,0,0,-1,0,None,aggregation
26,203.76,remora1,remora8,-5.29,-5.29,-5.29,-5.29,-5.29,-27.84,20.45,20.45,-27.52,-27.52,-4.47,-4.47,-4.47,-4.47,-4.47,-27.02,20.88,20.88,-26.7,-26.7,3.11,3.11,3.11,3.1,3.1,3.09,3.07,3.08,3.1,3.09,4.05,4.05,4.05,4.05,4.05,4.05,4.04,4.05,4.05,4.05,133.81,0,0,1,0,0,0,-1,0,None,aggregation
26,204.76,remora1,remora8,-27.52,0,0,0,0,-27.19,-3.86,-3.86,-3.86,-3.86,-26.7,0,0,0,0,-26.37,-3.04,-3.04,-3.04,-3.04,3.07,3.05,3.05,3.05,3.06,3.04,3.02,3.01,3.01,3,4.05,4.04,4.04,4.04,4.04,4.04,4.03,4.03,4.03,4.03,131.26,0,0,1,0,0,0,-1,0,None,aggregation
26,205.76,remora1,remora8,-26.85,-3.57,-3.18,-3.18,-25.74,-25.74,-25.74,21.97,21.97,-2.36,-26.03,-2.75,-2.36,-2.36,-24.92,-24.92,-24.92,22.36,22.36,-1.54,2.98,2.97,2.96,2.96,2.96,2.94,2.92,2.92,2.94,2.95,4.03,4.03,4.03,4.03,4.03,4.03,4.02,4.02,4.02,4.03,137.16,0,1,1,0,0,0,-1,0,None,aggregation
26,206.76,remora1,remora8,-2.36,0,0,0,-1.97,-1.97,-1.79,-1.79,-1.79,-24.47,-1.54,0,0,0,-1.15,-1.15,-0.97,-0.97,-0.97,-23.65,2.95,2.95,2.95,2.95,2.95,2.95,2.95,2.95,2.95,2.94,4.03,4.03,4.03,4.03,4.03,4.03,4.03,4.03,4.03,4.03,126.93,0,1,1,0,0,0,-1,0,None,aggregation
26,207.76,remora1,remora8,-24.47,-1.31,-1.31,-23.61,-23.61,-0.78,-0.35,-0.35,-0.35,-0.37,-23.65,-0.49,-0.49,-22.78,-22.78,0.04,0.47,0.47,0.47,0.45,2.93,2.92,2.91,2.9,2.88,2.88,2.88,2.88,2.88,2.88,4.02,4.02,4.02,4.02,4.02,4.02,4.02,4.02,4.02,4.02,115.89,0,1,1,0,0,0,-1,0,None,aggregation
26,208.76,remora1,remora8,-0.37,-22.22,0.16,0.16,0.16,-21.76,0.75,0.75,0.75,0.96,0.45,-21.39,0.97,0.97,0.97,-20.94,1.55,1.55,1.55,1.76,2.88,2.87,2.85,2.85,2.85,2.84,2.83,2.82,2.82,2.82,4.01,4.01,4.01,4.01,4.01,4.01,4.01,4.01,4.01,4.01,103.21,0,1,1,0,0,0,-1,0,None,aggregation
26,209.76,remora1,remora8,0.96,1.18,1.18,-20.77,-20.77,1.67,1.67,-19.78,-19.78,2.09,1.76,1.98,1.98,-19.95,-19.95,2.46,2.46,-18.96,-18.96,2.87,2.82,2.83,2.83,2.82,2.81,2.8,2.8,2.79,2.78,2.77,4.01,4.02,4.01,4.01,4.01,4.01,4.01,4,4,4,96.58,0,1,1,0,0,0,-1,0,None,aggregation
26,210.76,remora1,remora8,2.09,-19.29,2.69,2.69,-18.25,-18.25,3.32,3.32,-17.44,-17.44,2.87,-18.47,3.45,3.45,-17.43,-17.43,4.08,4.08,-16.62,-16.62,2.77,2.77,2.76,2.76,2.76,2.75,2.74,2.74,2.74,2.74,4,4,4,4,4,4,4,4,4,4.01,88.44,0,1,1,0,0,0,-1,0,None,aggregation
26,211.76,remora1,remora8,-17.44,-8.75,-8.75,-16.68,4.33,4.33,4.33,-15.61,-15.61,-15.61,-16.62,-7.93,-7.93,-15.86,5.07,5.07,5.07,-14.79,-14.79,-14.79,2.72,2.72,2.71,2.71,2.7,2.7,2.7,2.7,2.69,2.68,4.01,4.01,4.01,4.01,4.01,4.01,4.01,4.01,4.01,4.01,89.02,0,1,1,0,0,0,-1,0,None,aggregation
26,212.76,remora1,remora8,-15.08,-15.08,-15.08,5.54,5.54,-14.01,-13.44,-13.44,-13.44,-13.17,-14.25,-14.25,-14.25,6.26,6.26,-13.18,-12.62,-12.62,-12.62,-12.35,2.67,2.66,2.65,2.65,2.65,2.65,2.64,2.64,2.63,2.63,4.02,4.02,4.02,4.02,4.02,4.02,4.02,4.02,4.03,4.03,95.44,0,1,1,0,0,0,-1,0,None,aggregation
26,213.76,remora1,remora8,-13.17,-13.17,-12.38,-12.38,-12.38,-11.83,-11.83,-11.28,-11.28,-10.74,-12.35,-12.35,-11.56,-11.56,-11.56,-11.01,-11.01,-10.46,-10.46,-9.91,2.62,2.62,2.62,2.61,2.61,2.6,2.6,2.6,2.59,2.58,4.03,4.03,4.03,4.03,4.04,4.04,4.04,4.05,4.06,4.06,92.34,0,1,1,0,0,0,-1,0,None,aggregation
26,214.76,remora1,remora8,-10.74,-10.19,-9.91,-9.91,-9.91,-9.1,-8.55,-8.55,-8.55,-8,-9.91,-9.37,-9.09,-9.09,-9.09,-8.27,-7.72,-7.72,-7.72,-7.17,2.58,2.57,2.57,2.56,2.56,2.56,2.56,2.56,2.56,2.56,4.06,4.06,4.06,4.06,4.06,4.06,4.06,4.06,4.06,4.06,94.49,0,1,1,0,0,0,-1,0,None,aggregation
26,215.76,remora1,remora8,-8,-7.44,-7.44,-7.44,-25.03,-25.03,-25.03,-5.76,-5.23,-5.23,-7.17,-6.62,-6.62,-6.62,-24.21,-24.21,-24.21,-4.94,-4.41,-4.41,2.55,2.56,2.56,2.57,2.57,2.57,2.56,2.56,2.56,2.56,4.06,4.07,4.07,4.07,4.07,4.08,4.08,4.09,4.09,4.09,90.51,0,1,1,0,0,0,-1,0,None,aggregation
26,216.76,remora1,remora8,-5.23,-4.69,-4.69,-4.69,-4.16,-4.16,-4.16,11.42,11.42,-3.62,-4.41,-3.87,-3.87,-3.87,-3.34,-3.34,-3.34,12.03,12.03,-2.8,2.55,2.55,2.55,2.55,2.54,2.54,2.54,2.55,2.55,2.56,4.09,4.09,4.09,4.09,4.09,4.1,4.1,4.1,4.1,4.1,92.74,0,1,1,0,0,0,-1,0,None,aggregation
26,217.76,remora1,remora8,-3.62,-23.64,-23.64,11.96,11.96,-2.54,-2.53,-2.53,-2.53,-1.98,-2.8,-22.82,-22.82,12.56,12.56,-1.72,-1.71,-1.71,-1.71,-1.16,2.56,2.56,2.55,2.55,2.55,2.55,2.55,2.56,2.57,2.57,4.1,4.11,4.12,4.11,4.11,4.11,4.1,4.1,4.11,4.11,93.88,0,1,1,0,0,0,-1,0,None,aggregation
26,218.76,remora1,remora8,-1.98,12.76,-1.44,-1.44,-1.43,-1.43,-1.43,8.1,8.1,13.32,-1.16,13.35,-0.62,-0.62,-0.61,-0.61,-0.61,8.78,8.78,13.9,2.57,2.57,2.57,2.58,2.58,2.58,2.58,2.58,2.59,2.6,4.1,4.1,4.09,4.1,4.1,4.1,4.1,4.1,4.1,4.1,93.93,0,1,1,0,0,0,-1,0,None,aggregation
26,219.76,remora1,remora8,13.32,-23.08,-0.33,-0.33,9,9,1.28,1.28,1.58,1.58,13.9,-22.26,0.49,0.49,9.66,9.66,2.07,2.07,2.37,2.37,2.61,2.61,2.61,2.62,2.62,2.63,2.64,2.65,2.66,2.67,4.1,4.11,4.12,4.12,4.12,4.12,4.12,4.12,4.13,4.13,91.11,0,1,1,0,0,0,-1,0,None,aggregation
26,220.76,remora1,remora8,2.12,2.12,9.54,9.54,9.54,2.91,2.91,3.44,3.44,3.96,2.89,2.89,10.18,10.18,10.18,3.67,3.67,4.19,4.19,4.71,2.68,2.68,2.69,2.7,2.71,2.72,2.73,2.74,2.75,2.75,4.13,4.13,4.13,4.14,4.22,4.21,4.21,4.21,4.21,4.21,85.96,0,1,1,0,0,0,-1,0,None,aggregation
26,221.76,remora1,remora8,3.96,16.11,16.11,16.11,16.18,16.18,16.24,16.24,16.24,9.36,4.71,16.63,16.63,16.63,16.7,16.7,16.76,16.76,16.76,10.01,2.75,2.75,2.75,2.76,2.77,2.78,2.79,2.8,2.81,2.81,4.21,4.2,4.19,4.19,4.18,4.18,4.17,4.17,4.16,4.16,89.55,0,1,1,0,0,0,-1,0,None,aggregation
26,222.76,remora1,remora8,9.36,16.35,16.61,16.61,16.61,16.66,9.77,9.77,9.77,16.76,10.01,16.87,17.12,17.12,17.12,17.17,10.41,10.41,10.41,17.26,2.82,2.83,2.84,2.86,2.87,2.87,2.88,2.88,2.89,2.9,4.17,4.17,4.17,4.17,4.17,4.16,4.15,4.16,4.16,4.16,91.53,0,1,1,0,0,0,-1,0,None,aggregation
26,223.76,remora1,remora8,9.67,9.67,17.05,17.05,17.05,17.09,17.09,9.82,17.41,17.41,10.32,10.32,17.55,17.55,17.55,17.59,17.59,10.47,17.9,17.9,2.92,2.93,2.94,2.94,2.95,2.96,2.97,2.98,3,3.01,4.16,4.16,4.15,4.15,4.15,4.15,4.15,4.15,4.15,4.15,95.1,0,1,1,0,0,0,-1,0,None,aggregation
26,224.76,remora1,remora8,17.41,17.45,17.45,17.53,17.74,17.74,17.74,17.79,17.84,17.84,17.9,17.94,17.94,18.02,18.23,18.23,18.23,18.28,18.32,18.32,3.02,3.03,3.04,3.05,3.06,3.07,3.07,3.08,3.1,3.11,4.14,4.14,4.14,4.14,4.14,4.14,4.13,4.13,4.12,4.12,104.07,0,0,1,0,0,0,-1,0,None,aggregation
26,225.76,remora1,remora8,17.84,-18.77,-18.77,18.11,18.11,18.29,18.29,18.34,18.34,18.39,18.32,-17.95,-17.95,18.58,18.58,18.77,18.77,18.82,18.82,18.86,3.12,3.13,3.13,3.14,3.15,3.16,3.17,3.18,3.19,3.2,4.13,4.13,4.14,4.13,4.13,4.12,4.12,4.11,4.11,4.1,110.75,0,0,1,0,0,0,-1,0,None,aggregation
26,226.76,remora1,remora8,18.39,28.22,28.22,8,8,15.59,15.59,28.08,28.08,18.42,18.86,28.4,28.4,8.68,8.68,16.12,16.12,28.26,28.26,18.89,3.21,3.22,3.23,3.24,3.25,3.27,3.28,3.29,3.27,3.25,4.1,4.1,4.1,4.1,4.1,4.1,4.1,4.1,4.11,4.1,125.06,0,0,1,0,0,0,-1,0,None,aggregation
26,227.76,remora1,remora8,18.85,18.85,18.91,18.91,18.91,-23.24,9.96,9.96,-15.75,-15.75,19.31,19.31,19.37,19.37,19.37,-24.06,10.6,10.6,-14.93,-14.93,3.23,3.21,3.2,3.18,3.16,3.16,3.18,3.18,3.17,3.18,4.1,4.1,4.09,4.09,4.08,4.08,4.08,4.08,4.08,4.09,133.68,0,0,1,0,0,0,-1,0,None,aggregation
26,228.76,remora1,remora8,-15.75,19.48,19.48,19.66,19.66,26.59,26.59,19.89,11.09,11.09,-14.93,19.93,19.93,20.1,20.1,26.84,26.84,20.33,11.71,11.71,3.19,3.19,3.17,3.16,3.14,3.12,3.1,3.07,3.06,3.04,4.09,4.09,4.09,4.08,4.08,4.08,4.08,4.08,4.08,4.08,147.74,0,0,1,0,0,0,-1,0,None,aggregation
26,229.76,remora1,remora8,11.09,27.89,12.08,12.08,12.08,20.02,20.02,26.18,26.35,26.35,11.71,28.08,12.67,12.67,12.67,20.45,20.45,26.44,26.6,26.6,3.03,3.02,3,2.98,2.97,2.96,2.94,2.92,2.9,2.87,4.08,4.08,4.08,4.08,4.08,4.08,4.08,4.08,4.07,4.07,161.12,0,1,1,0,0,0,-1,0,None,aggregation
26,230.76,remora1,remora8,25.46,25.46,27.71,27.71,23.46,23.46,23.2,23.2,27.37,27.37,25.75,25.75,27.91,27.91,23.81,23.81,23.56,23.56,27.59,27.59,2.85,2.83,2.81,2.79,2.76,2.74,2.72,2.7,2.68,2.66,4.07,4.08,4.08,4.07,4.07,4.07,4.07,4.06,4.06,4.06,181.39,0,1,1,0,0,0,-1,0,None,aggregation
26,231.76,remora1,remora8,27.36,27.36,19.73,19.73,19.73,11.75,11.75,22.61,22.61,19.86,27.58,27.58,20.17,20.17,20.17,12.35,12.35,22.98,22.98,20.3,2.64,2.61,2.59,2.57,2.56,2.54,2.53,2.52,2.5,2.48,4.06,4.05,4.05,4.05,4.05,4.06,4.06,4.06,4.06,4.06,187.3,0,1,1,0,0,0,-1,0,None,aggregation
26,232.76,remora1,remora8,19.86,20.31,26.99,26.99,19.46,19.46,26.7,26.7,26.7,26.7,20.3,20.74,27.22,27.22,19.91,19.91,26.95,26.95,26.95,26.95,2.47,2.45,2.43,2.41,2.39,2.37,2.36,2.34,2.32,2.3,4.05,4.05,4.05,4.05,4.05,4.04,4.04,4.03,4.03,4.03,197.33,0,1,1,0,0,0,-1,0,None,aggregation
26,233.76,remora1,remora8,19.75,18.9,18.9,18.81,18.81,24.53,16.98,16.98,16.98,26.08,20.19,19.36,19.36,19.27,19.27,24.84,17.49,17.49,17.49,26.34,2.28,2.27,2.25,2.24,2.22,2.21,2.19,2.17,2.16,2.14,4.02,4.02,4.02,4.01,4.01,4.01,4.01,4,4,4,202.02,0,1,1,0,0,0,-1,0,None,aggregation
26,234.76,remora1,remora8,18.12,18.12,18.12,18.12,20.72,18.59,25.63,25.63,25.41,25.41,18.6,18.6,18.6,18.6,21.13,19.06,25.91,25.91,25.7,25.7,2.13,2.11,2.1,2.08,2.07,2.05,2.04,2.02,2,1.98,3.99,3.99,3.99,3.99,3.99,3.98,3.98,3.98,3.98,3.98,205.71,0,1,1,0,0,0,-1,0,None,aggregation
26,235.76,remora1,remora8,25.41,23.44,23.44,16.71,19.69,19.69,19.69,17.38,17.38,24.44,25.7,23.79,23.79,17.22,20.13,20.13,20.13,17.87,17.87,24.76,1.96,1.95,1.93,1.91,1.9,1.89,1.87,1.86,1.85,1.83,3.97,3.97,3.97,3.97,3.97,3.97,3.97,3.97,3.97,3.96,208.21,0,1,1,0,0,0,-1,0,None,aggregation
26,236.76,remora1,remora8,19.12,19.12,19.12,16.85,16.85,23.92,23.92,12.45,12.45,23.38,19.58,19.58,19.58,17.36,17.36,24.25,24.25,13.04,13.04,23.73,1.82,1.8,1.79,1.78,1.77,1.75,1.74,1.73,1.72,1.71,3.96,3.96,3.96,3.96,3.96,3.96,3.96,3.96,3.96,3.96,207.3,0,1,1,0,0,0,-1,0,None,aggregation
26,237.76,remora1,remora8,23.37,23.37,22.96,22.96,22.96,13.94,22.38,22.38,22.38,22.09,23.72,23.72,23.32,23.32,23.32,14.5,22.76,22.76,22.76,22.47,1.69,1.68,1.66,1.65,1.64,1.62,1.62,1.6,1.59,1.58,3.96,3.96,3.96,3.96,3.96,3.96,3.96,3.97,3.97,3.97,212.32,0,1,1,0,0,0,-1,0,None,aggregation
26,238.76,remora1,remora8,22.09,10.58,10.58,20.19,21.32,21.32,21.32,0,0,0,22.47,11.2,11.2,20.62,21.72,21.72,21.72,0,0,0,1.57,1.56,1.55,1.54,1.53,1.52,1.51,1.51,1.51,1.51,3.97,3.97,3.97,3.98,3.98,3.98,3.98,3.99,3.99,3.99,206.14,0,1,1,0,0,0,-1,0,None,aggregation
26,239.76,remora1,remora8,0,0,0,0,0,0,0,0,0,0,0,0,0,0,0,0,0,0,0,0,1.51,1.51,1.51,1.51,1.51,1.51,1.51,1.51,1.51,1.51,3.99,3.99,3.99,3.99,3.99,3.99,3.99,3.99,3.99,3.99,186.51,0,1,1,0,0,0,-1,0,None,aggregation
26,240.76,remora1,remora8,0,0,0,0,0,0,0,0,0,0,0,0,0,0,0,0,0,0,0,0,1.51,1.51,1.51,1.51,1.51,1.51,1.51,1.51,1.51,1.51,3.99,3.99,3.99,3.99,3.99,3.99,3.99,3.99,3.99,3.98,160.93,0,1,1,0,0,0,-1,0,None,aggregation
26,241.76,remora1,remora8,0,0,0,0,0,0,0,0,0,0,0,0,0,0,0,0,0,0,0,0,1.51,1.51,1.51,1.51,1.51,1.51,1.51,1.51,1.51,1.51,3.98,3.98,3.98,3.98,3.98,3.98,3.98,3.98,3.97,3.96,140.48,0,1,1,0,0,0,-1,0,None,aggregation
26,242.76,remora1,remora8,0,0,0,0,0,0,0,0,0,0,0,0,0,0,0,0,0,0,0,0,1.51,1.51,1.51,1.51,1.51,1.51,1.51,1.51,1.51,1.51,3.96,3.95,3.94,3.94,3.93,3.92,3.92,3.91,3.9,3.9,116.33,0,1,1,0,0,0,-1,0,None,aggregation
26,243.76,remora1,remora8,0,0,0,0,0,0,0,0,0,0,0,0,0,0,0,0,0,0,0,0,1.51,1.51,1.51,1.51,1.51,1.51,1.51,1.51,1.51,1.51,3.89,3.88,3.88,3.87,3.87,3.86,3.86,3.86,3.86,3.86,96.44,0,1,1,0,0,0,-1,0,None,aggregation
26,124.76,remora1,remora9,-9.72,7.52,7.52,-7.29,-7.29,7.74,7.74,7.74,7.74,7.74,-8.9,8.2,8.2,-6.47,-6.47,8.42,8.42,8.42,8.42,8.42,1.63,1.63,1.63,1.63,1.63,1.63,1.63,1.63,1.63,1.63,5.02,5.02,5.03,5.03,5.03,5.03,5.04,5.04,5.05,5.06,111.8,0,1,1,0,0,0,-1,0,None,aggregation
26,125.76,remora1,remora9,7.74,7.51,7.27,7.27,7.27,7.27,7.04,7.04,7.04,7.04,8.42,8.19,7.95,7.95,7.95,7.96,7.73,7.73,7.73,7.73,1.63,1.63,1.63,1.63,1.63,1.63,1.63,1.63,1.63,1.63,5.06,5.07,5.08,5.09,5.09,5.1,5.11,5.11,5.12,5.13,104.44,0,1,1,0,0,0,-1,0,None,aggregation
26,126.76,remora1,remora9,7.04,6.8,6.8,6.8,6.8,6.57,6.57,6.08,6.08,6.08,7.73,7.49,7.49,7.49,7.49,7.27,7.27,6.79,6.79,6.79,1.63,1.63,1.63,1.63,1.63,1.63,1.63,1.63,1.63,1.63,5.14,5.15,5.15,5.16,5.17,5.18,5.18,5.19,5.2,5.21,95.89,0,1,1,0,0,0,-1,0,None,aggregation
26,127.76,remora1,remora9,6.08,6.09,6.09,6.09,6.09,6.09,6.09,6.1,6.33,6.33,6.79,6.79,6.8,6.8,6.8,6.8,6.8,6.81,7.04,7.04,1.64,1.64,1.64,1.64,1.64,1.64,1.64,1.65,1.65,1.65,5.21,5.22,5.23,5.23,5.24,5.25,5.26,5.27,5.27,5.28,92.82,0,1,1,0,0,0,-1,0,None,aggregation
26,128.76,remora1,remora9,6.33,6.33,6.33,6.34,6.34,6.34,-10.77,-10.77,-10.77,6.82,7.04,7.04,7.04,7.04,7.04,7.04,-9.95,-9.95,-9.95,7.52,1.65,1.65,1.65,1.65,1.65,1.66,1.66,1.66,1.66,1.66,5.29,5.3,5.3,5.31,5.32,5.33,5.34,5.34,5.34,5.34,86.02,0,1,1,0,0,0,-1,0,None,aggregation
26,129.76,remora1,remora9,6.82,-9.93,-9.93,7.07,7.54,7.54,7.77,7.77,7.77,7.77,7.52,-9.1,-9.1,7.76,8.23,8.23,8.45,8.45,8.45,8.45,1.66,1.66,1.66,1.66,1.66,1.66,1.66,1.66,1.66,1.66,5.35,5.35,5.35,5.35,5.36,5.36,5.37,5.38,5.39,5.4,82.52,0,1,1,0,0,0,-1,0,None,aggregation
26,130.76,remora1,remora9,7.77,7.77,7.77,7.78,7.78,7.78,7.78,8.02,8.02,8.02,8.45,8.45,8.45,8.45,8.45,8.46,8.46,8.69,8.69,8.7,1.66,1.66,1.66,1.67,1.67,1.67,1.67,1.67,1.67,1.67,5.41,5.42,5.43,5.44,5.45,5.46,5.47,5.48,5.49,5.5,80.57,0,1,1,0,0,0,-1,0,None,aggregation
26,131.76,remora1,remora9,8.25,8.25,8.25,-8.63,-8.63,8.03,8.03,8.03,8.49,8.49,8.92,8.92,8.92,-7.8,-7.8,8.7,8.7,8.7,9.16,9.16,1.67,1.67,1.67,1.67,1.67,1.67,1.67,1.67,1.67,1.67,5.5,5.51,5.52,5.53,5.53,5.53,5.54,5.54,5.55,5.56,79.16,0,1,1,0,0,0,-1,0,None,aggregation
26,132.76,remora1,remora9,8.49,8.71,8.71,8.71,-7.56,8.95,8.95,9.41,9.41,9.63,9.16,9.38,9.38,9.38,-6.74,9.61,9.61,10.06,10.06,10.27,1.67,1.67,1.67,1.67,1.67,1.68,1.68,1.67,1.67,1.67,5.56,5.57,5.58,5.58,5.57,5.57,5.58,5.58,5.59,5.59,79.78,0,1,1,0,0,0,-1,0,None,aggregation
26,133.76,remora1,remora9,9.63,9.63,9.63,9.63,9.63,9.63,9.63,9.86,9.86,9.86,10.27,10.27,10.27,10.27,10.27,10.27,10.27,10.5,10.5,10.5,1.67,1.67,1.67,1.67,1.67,1.67,1.67,1.67,1.67,1.67,5.6,5.6,5.61,5.62,5.63,5.64,5.64,5.65,5.65,5.66,80.74,0,1,1,0,0,0,-1,0,None,aggregation
26,134.76,remora1,remora9,9.86,9.86,9.86,10.07,10.07,10.07,10.07,10.07,10.07,10.07,10.5,10.5,10.5,10.71,10.71,10.71,10.71,10.71,10.71,10.71,1.67,1.67,1.67,1.67,1.67,1.67,1.67,1.67,1.67,1.66,5.67,5.67,5.68,5.69,5.69,5.7,5.71,5.71,5.72,5.72,83.15,0,1,1,0,0,0,-1,0,None,aggregation
26,135.76,remora1,remora9,10.07,10.3,10.3,10.3,10.51,10.51,10.51,10.51,10.51,10.51,10.71,10.93,10.93,10.93,11.14,11.14,11.14,11.14,11.14,11.13,1.66,1.66,1.66,1.66,1.66,1.66,1.66,1.66,1.65,1.65,5.73,5.74,5.75,5.75,5.76,5.77,5.77,5.78,5.79,5.79,86.27,0,1,1,0,0,0,-1,0,None,aggregation
26,136.76,remora1,remora9,10.51,10.51,10.73,10.73,10.73,10.94,10.94,10.94,10.94,10.93,11.13,11.13,11.36,11.35,11.35,11.56,11.56,11.56,11.56,11.55,1.65,1.65,1.65,1.65,1.65,1.64,1.64,1.64,1.64,1.64,5.8,5.81,5.82,5.83,5.83,5.84,5.85,5.85,5.86,5.87,90.46,0,1,1,0,0,0,-1,0,None,aggregation
26,137.76,remora1,remora9,10.93,11.16,11.16,11.15,11.15,11.36,11.36,11.36,11.36,11.35,11.55,11.77,11.77,11.77,11.77,11.97,11.97,11.97,11.97,11.97,1.63,1.63,1.63,1.63,1.63,1.62,1.62,1.62,1.62,1.61,5.88,5.88,5.89,5.9,5.9,5.91,5.92,5.93,5.94,5.95,95.51,0,1,1,0,0,0,-1,0,None,aggregation
26,138.76,remora1,remora9,11.35,11.57,11.57,11.57,11.57,11.57,11.77,11.77,11.98,11.98,11.97,12.18,12.18,12.18,12.18,12.18,12.38,12.37,12.58,12.58,1.61,1.61,1.61,1.6,1.6,1.6,1.59,1.59,1.59,1.59,5.95,5.96,5.97,5.98,5.99,5.99,6,6.01,6.02,6.03,99.65,0,1,1,0,0,0,-1,0,None,aggregation
26,139.76,remora1,remora9,11.98,11.98,11.97,11.97,12.17,12.17,12.17,12.17,12.17,12.17,12.58,12.58,12.57,12.57,12.77,12.77,12.77,12.77,12.77,12.77,1.58,1.58,1.58,1.57,1.57,1.57,1.56,1.56,1.56,1.55,6.04,6.04,6.05,6.06,6.07,6.08,6.08,6.09,6.1,6.11,103.86,0,1,1,0,0,0,-1,0,None,aggregation
26,140.76,remora1,remora9,12.38,12.38,12.38,12.37,0,0,0,0,0,0,12.97,12.97,12.97,12.97,0,0,0,0,0,0,1.55,1.54,1.54,1.54,1.53,1.53,1.53,1.53,1.53,1.53,6.12,6.13,6.13,6.14,6.15,6.16,6.16,6.16,6.16,6.16,100.74,0,1,1,0,0,0,-1,0,None,aggregation
26,141.76,remora1,remora9,0,0,0,0,0,0,0,0,0,0,0,0,0,0,0,0,0,0,0,0,1.53,1.53,1.53,1.53,1.53,1.53,1.53,1.53,1.53,1.53,6.16,6.16,6.16,6.16,6.16,6.16,6.16,6.16,6.16,6.16,92.25,0,1,1,0,0,0,-1,0,None,aggregation
26,142.76,remora1,remora9,0,0,0,0,0,0,0,0,0,0,0,0,0,0,0,0,0,0,0,0,1.53,1.53,1.53,1.53,1.53,1.53,1.53,1.53,1.53,1.53,6.16,6.16,6.16,6.16,6.17,6.17,6.17,6.17,6.17,6.17,83.14,0,1,1,0,0,0,-1,0,None,aggregation
26,143.76,remora1,remora9,0,0,0,0,0,0,0,0,0,0,0,0,0,0,0,0,0,0,0,0,1.53,1.53,1.53,1.53,1.53,1.54,1.54,1.54,1.54,1.54,6.17,6.17,6.17,6.17,6.17,6.17,6.17,6.17,6.17,6.17,73.12,0,1,1,0,0,0,-1,0,None,aggregation
26,144.76,remora1,remora9,0,0,0,0,0,0,0,0,0,0,0,0,0,0,0,0,0,0,0,0,1.54,1.54,1.54,1.54,1.54,1.54,1.54,1.54,1.54,1.54,6.17,6.17,6.17,6.17,6.17,6.17,6.17,6.17,6.18,6.18,62.79,0,1,1,0,0,0,-1,0,None,aggregation
26,145.76,remora1,remora9,0,0,0,0,0,0,0,0,0,0,0,0,0,0,0,0,0,0,0,0,1.54,1.54,1.54,1.54,1.54,1.54,1.54,1.54,1.54,1.54,6.18,6.18,6.18,6.18,6.18,6.18,6.18,6.18,6.18,6.18,52.08,0,1,1,0,0,0,-1,0,None,aggregation
26,146.76,remora1,remora9,0,0,0,0,0,0,0,0,0,0,0,0,0,0,0,0,0,0,0,0,1.54,1.54,1.54,1.54,1.54,1.54,1.54,1.54,1.54,1.54,6.18,6.18,6.18,6.18,6.18,6.18,6.18,6.18,6.18,6.18,40.98,0,1,0,0,0,0,-1,0,None,aggregation
26,147.76,remora1,remora9,4.02,4.02,4.02,4.02,4.02,4.27,4.27,4.27,4.27,4.5,3.26,3.26,3.26,3.26,3.26,3.52,3.52,3.51,3.51,3.76,1.54,1.54,1.54,1.54,1.54,1.54,1.53,1.53,1.53,1.53,6.18,6.18,6.18,6.19,6.19,6.19,6.19,6.2,6.2,6.2,33.22,0,1,0,0,0,0,-1,0,None,aggregation
26,148.76,remora1,remora9,4.5,4.76,4.76,4.75,4.75,4.75,4.99,4.99,4.99,5.23,3.76,4.01,4.01,4.01,4.01,4.01,4.24,4.24,4.24,4.5,1.53,1.53,1.53,1.52,1.52,1.52,1.52,1.52,1.52,1.52,6.21,6.21,6.21,6.22,6.22,6.22,6.23,6.23,6.23,6.24,25.73,0,1,0,0,0,0,-1,0,None,aggregation
26,149.76,remora1,remora9,5.23,5.23,5.47,5.47,5.71,5.71,5.71,5.71,5.71,5.71,4.5,4.49,4.73,4.73,4.99,4.99,4.99,4.98,4.98,4.98,1.52,1.51,1.51,1.51,1.51,1.51,1.51,1.51,1.5,1.5,6.24,6.24,6.25,6.25,6.26,6.26,6.26,6.27,6.27,6.28,18.53,0,1,0,0,0,0,-1,0,None,aggregation
26,150.76,remora1,remora9,5.71,5.94,5.94,6.18,6.18,6.18,6.41,6.41,6.41,6.66,4.98,5.22,5.22,5.46,5.46,5.46,5.7,5.7,5.7,5.94,1.5,1.5,1.5,1.5,1.5,1.5,1.49,1.49,1.49,1.49,6.28,6.28,6.29,6.29,6.3,6.3,6.31,6.31,6.31,6.32,19.31,1,0,0,0,0,0,-1,0,None,aggregation
26,151.76,remora1,remora9,6.65,6.65,6.65,6.65,6.65,7.13,7.13,7.12,7.12,7.12,5.94,5.94,5.94,5.94,5.94,6.42,6.42,6.42,6.42,6.42,1.49,1.49,1.49,1.49,1.49,1.48,1.48,1.48,1.48,1.48,6.33,6.33,6.34,6.34,6.34,6.35,6.35,6.36,6.36,6.37,25.84,1,0,0,0,0,0,-1,0,None,aggregation
26,152.76,remora1,remora9,7.12,7.35,7.35,7.59,7.59,7.58,7.58,7.59,7.59,8.05,6.42,6.65,6.65,6.89,6.89,6.89,6.89,6.89,6.89,7.36,1.48,1.48,1.48,1.48,1.48,1.47,1.47,1.47,1.47,1.47,6.37,6.37,6.38,6.38,6.38,6.39,6.4,6.4,6.41,6.41,33.03,1,0,0,0,0,0,-1,0,None,aggregation
26,153.76,remora1,remora9,8.05,8.05,8.05,8.05,8.05,8.51,8.51,8.51,8.51,8.51,7.36,7.36,7.36,7.36,7.36,7.84,7.84,7.83,7.83,7.83,1.47,1.47,1.47,1.47,1.47,1.47,1.47,1.47,1.47,1.47,6.41,6.42,6.43,6.43,6.43,6.44,6.45,6.45,6.46,6.47,40.97,1,0,0,0,0,0,-1,0,None,aggregation
26,154.76,remora1,remora9,8.51,8.73,8.73,8.96,8.96,8.96,9.18,9.18,9.18,9.42,7.83,8.06,8.06,8.29,8.29,8.29,8.52,8.52,8.52,8.76,1.47,1.46,1.46,1.46,1.46,1.46,1.46,1.46,1.46,1.46,6.47,6.48,6.48,6.49,6.49,6.5,6.5,6.51,6.52,6.52,49.62,1,0,1,0,0,0,-1,0,None,aggregation
26,155.76,remora1,remora9,9.42,9.42,9.64,9.64,9.64,9.87,9.87,9.87,10.09,10.09,8.76,8.76,8.98,8.98,8.98,9.22,9.22,9.21,9.44,9.44,1.46,1.46,1.46,1.46,1.46,1.46,1.46,1.46,1.46,1.46,6.53,6.53,6.54,6.55,6.55,6.56,6.56,6.57,6.58,6.58,59.04,1,0,1,0,0,0,-1,0,None,aggregation
26,156.76,remora1,remora9,10.09,10.09,10.32,10.32,10.53,10.53,10.53,10.76,10.76,10.76,9.44,9.44,9.67,9.67,9.89,9.89,9.89,10.12,10.12,10.13,1.46,1.47,1.47,1.47,1.47,1.47,1.47,1.47,1.47,1.47,6.59,6.6,6.61,6.61,6.62,6.62,6.63,6.64,6.65,6.66,69.19,1,0,1,0,0,0,-1,0,None,aggregation
26,157.76,remora1,remora9,10.76,10.76,10.98,11.2,11.2,11.2,11.64,11.64,11.64,11.64,10.13,10.13,10.35,10.57,10.57,10.58,11.02,11.02,11.02,11.02,1.47,1.47,1.47,1.47,1.47,1.48,1.48,1.48,1.48,1.48,6.66,6.67,6.68,6.68,6.69,6.7,6.71,6.72,6.72,6.73,76.35,1,0,1,0,0,0,-1,0,None,aggregation
26,158.76,remora1,remora9,11.64,11.85,11.85,12.07,12.07,12.08,12.08,12.5,12.5,12.5,11.02,11.24,11.24,11.46,11.46,11.47,11.47,11.9,11.9,11.9,1.48,1.48,1.49,1.49,1.49,1.49,1.49,1.49,1.5,1.5,6.74,6.75,6.76,6.77,6.77,6.78,6.79,6.8,6.81,6.82,83.69,1,0,1,0,0,0,-1,0,None,aggregation
26,159.76,remora1,remora9,12.5,12.71,12.93,12.93,12.93,13.14,13.14,13.35,13.56,13.56,11.9,12.12,12.34,12.34,12.34,12.55,12.55,12.77,12.97,12.97,1.5,1.5,1.5,1.51,1.51,1.51,1.51,1.52,1.52,1.52,6.83,6.84,6.85,6.85,6.86,6.87,6.88,6.89,6.9,6.9,91.27,0,1,1,0,0,0,-1,0,None,aggregation
26,160.76,remora1,remora9,13.56,13.77,13.77,13.97,14.18,14.18,14.18,14.38,14.59,14.59,12.97,13.19,13.19,13.4,13.61,13.61,13.61,13.82,14.03,14.03,1.52,1.53,1.53,1.53,1.54,1.54,1.54,1.54,1.55,1.55,6.91,6.92,6.93,6.94,6.95,6.96,6.97,6.97,6.98,5.99,99.26,0,1,1,0,0,0,-1,0,None,aggregation
26,161.76,remora1,remora9,14.59,14.79,14.79,15,15,15.19,15.19,15.4,15.4,15.79,14.03,14.23,14.23,14.44,14.44,14.65,14.65,14.86,14.86,15.25,1.56,1.56,1.56,1.57,1.57,1.57,1.58,1.58,1.59,1.59,6,6.01,6.02,6.03,6.03,6.04,6.05,6.06,6.07,6.08,107.56,0,1,1,0,0,0,-1,0,None,aggregation
26,162.76,remora1,remora9,15.79,15.79,15.98,16.18,16.37,16.37,16.37,16.75,16.75,16.95,15.25,15.25,15.45,15.65,15.85,15.85,15.85,16.24,16.24,16.44,1.6,1.6,1.6,1.61,1.61,1.62,1.62,1.63,1.63,1.64,6.08,6.1,6.11,6.12,6.13,6.14,6.15,6.16,6.17,6.17,116.44,0,1,1,0,0,0,-1,0,None,aggregation
26,163.76,remora1,remora9,16.95,17.13,17.5,17.5,17.5,17.7,17.7,17.88,18.24,18.24,16.44,16.63,17,17,17,17.2,17.2,17.38,17.75,17.75,1.65,1.65,1.66,1.66,1.67,1.68,1.68,1.69,1.7,1.7,6.18,6.19,6.2,6.21,6.22,6.23,6.24,6.25,6.27,6.28,125.89,0,1,1,0,0,0,-1,0,None,aggregation
26,164.76,remora1,remora9,18.24,18.42,18.42,18.6,18.95,18.95,18.95,19.29,19.29,19.48,17.75,17.94,17.94,18.12,18.48,18.48,18.48,18.83,18.83,19.02,1.71,1.72,1.72,1.73,1.74,1.75,1.75,1.76,1.77,1.78,6.29,6.3,6.31,6.32,6.33,6.34,6.35,6.37,6.38,6.4,135.87,0,1,1,0,0,0,-1,0,None,aggregation
26,165.76,remora1,remora9,19.48,19.64,19.64,19.98,19.98,20.31,20.63,20.63,20.63,20.8,19.02,19.19,19.19,19.53,19.53,19.87,20.2,20.2,20.2,20.38,1.79,1.79,1.8,1.81,1.82,1.83,1.84,1.85,1.86,1.87,6.41,6.42,6.43,6.44,6.45,6.47,6.48,6.5,6.52,6.53,146.39,0,1,1,0,0,0,-1,0,None,aggregation
26,166.76,remora1,remora9,20.8,20.96,20.96,21.28,21.58,21.58,21.58,21.89,21.89,22.04,20.38,20.54,20.54,20.86,21.18,21.18,21.18,21.49,21.49,21.65,1.88,1.89,1.9,1.91,1.92,1.93,1.94,1.95,1.97,1.98,6.54,6.55,6.57,6.58,6.6,6.61,6.63,6.64,6.65,6.67,157.5,0,1,1,0,0,0,-1,0,None,aggregation
26,167.76,remora1,remora9,22.04,22.2,22.2,22.2,22.49,22.78,23.06,23.06,23.06,23.2,21.65,21.81,21.81,21.81,22.11,22.4,22.69,22.69,22.69,22.84,1.99,2,2.01,2.03,2.04,2.05,2.07,2.08,2.09,2.11,6.68,6.7,6.71,6.73,6.74,6.76,6.77,6.79,6.8,6.82,168.99,0,1,1,0,0,0,-1,0,None,aggregation
26,168.76,remora1,remora9,23.47,23.47,23.47,23.62,23.62,23.88,23.88,24.14,24.14,24.27,23.12,23.12,23.12,23.27,23.27,23.54,23.54,23.81,23.81,23.94,2.12,2.13,2.15,2.16,2.18,2.19,2.21,2.22,2.24,2.25,6.84,6.86,6.88,6.89,6.91,6.93,6.94,6.96,6.98,6.99,180.8,0,1,1,0,0,0,-1,0,None,aggregation
26,169.76,remora1,remora9,24.27,24.52,24.52,24.66,24.66,24.9,24.9,24.9,25.02,25.25,23.94,24.2,24.2,24.33,24.33,24.58,24.58,24.58,24.71,24.95,2.27,2.28,2.3,2.32,2.33,2.35,2.37,2.39,2.4,2.42,7.01,5.54,5.56,5.58,5.6,5.62,5.64,5.66,5.68,5.7,192.62,0,1,1,0,0,0,-1,0,None,aggregation
26,170.76,remora1,remora9,25.25,25.48,25.48,25.6,25.6,25.72,25.72,25.93,25.93,26.05,24.95,25.19,25.19,25.31,25.31,25.43,25.43,25.65,25.65,25.77,2.44,2.46,2.47,2.49,2.51,2.53,2.55,2.57,2.58,2.6,5.72,5.74,5.76,5.78,5.8,5.82,5.85,5.87,5.89,5.91,204.32,0,1,1,0,0,0,-1,0,None,aggregation
26,171.76,remora1,remora9,26.05,26.15,26.15,26.36,26.56,26.56,26.56,26.57,26.57,26.76,25.77,25.88,25.88,26.09,26.3,26.3,26.3,26.31,26.31,26.51,2.62,2.64,2.66,2.68,2.7,2.72,2.74,2.76,2.78,2.8,5.93,5.95,5.97,5.99,6.02,6.04,6.06,6.08,6.11,6.13,215.78,0,1,1,0,0,0,-1,0,None,aggregation
26,186.76,remora1,remora9,5.75,5.75,5.76,6.02,6.02,6.24,6.24,6.24,6.25,6.73,6.47,6.47,6.47,6.73,6.73,6.95,6.95,6.95,6.95,7.42,2.62,2.62,2.63,2.63,2.63,2.63,2.63,2.63,2.63,2.63,7.18,7.18,7.18,7.18,7.18,7.19,7.2,7.21,7.21,7.22,45.6,0,1,1,0,0,0,-1,0,None,aggregation
26,187.76,remora1,remora9,6.73,6.73,6.73,6.73,7.2,7.2,7.2,7.2,7.46,7.46,7.42,7.42,7.43,7.43,7.89,7.89,7.89,7.89,8.15,8.15,2.63,2.64,2.64,2.64,2.64,2.64,2.64,2.64,2.64,2.64,7.22,7.22,7.23,7.22,7.22,7.22,7.23,7.23,7.24,7.24,42.9,0,1,0,0,0,0,-1,0,None,aggregation
26,188.76,remora1,remora9,7.46,7.68,7.68,7.68,7.68,7.69,7.69,7.69,8.14,8.14,8.15,8.36,8.36,8.36,8.36,8.37,8.37,8.37,8.82,8.82,2.64,2.64,2.64,2.65,2.65,2.65,2.65,2.65,2.65,2.65,7.24,7.25,7.25,7.25,7.25,7.26,7.27,7.27,7.27,7.28,43.75,0,1,0,0,0,0,-1,0,None,aggregation
26,124.76,remora1,remora3,-25.36,-25.34,-25.34,-8.5,-8.49,-24.74,12.7,12.7,-24.26,-24.26,-26.18,-26.15,-26.15,-9.31,-9.3,-25.55,12.11,12.11,-25.07,-25.07,1.67,1.68,1.68,1.69,1.69,1.7,1.7,1.71,1.72,1.73,4.15,4.16,4.16,4.17,4.17,4.17,4.18,4.18,4.18,4.19,114.81,0,1,1,0,0,0,98.31,1,GradualMotor,aggregation
26,125.76,remora1,remora3,-7.8,-7.79,-6.53,-6.52,-23.42,-23.4,-5.89,-5.89,-5.88,-22.8,-8.61,-8.6,-7.33,-7.33,-24.22,-24.2,-6.7,-6.69,-6.68,-23.6,1.73,1.74,1.75,1.75,1.76,1.76,1.77,1.78,1.79,1.79,4.2,4.2,4.21,4.21,4.22,4.22,4.23,4.24,4.24,4.25,126.8,0,1,1,0,0,0,97.31,1,GradualMotor,aggregation
26,126.76,remora1,remora3,14.55,14.54,-4.51,-4.51,-3.33,-3.32,15.98,15.97,-1.99,-1.99,14.01,14,-5.31,-5.3,-4.12,-4.12,15.48,15.46,-2.78,-2.78,1.8,1.81,1.83,1.84,1.85,1.86,1.87,1.89,1.9,1.92,4.25,4.26,4.26,4.26,4.26,4.27,4.27,4.27,4.28,4.28,135.01,0,1,1,0,0,0,96.31,1,GradualMotor,aggregation
26,127.76,remora1,remora3,-1.98,-0.82,-20.58,-20.55,17.79,17.77,17.76,1.84,28.31,28.28,-2.77,-1.61,-21.36,-21.34,17.34,17.32,17.3,1.08,28.23,28.2,1.93,1.94,1.95,1.96,1.97,1.99,2.01,2.02,2.04,2.06,4.29,4.29,4.3,4.3,4.31,4.31,4.32,4.32,4.33,4.33,150.62,0,1,1,0,0,0,95.31,1,GradualMotor,aggregation
26,128.76,remora1,remora3,-19.72,-19.72,-19.67,4.87,19.85,19.85,19.81,2.86,20.8,20.77,-20.5,-20.5,-20.46,4.17,19.45,19.45,19.41,2.13,20.42,20.4,2.09,2.11,2.12,2.13,2.15,2.18,2.2,2.23,2.25,2.27,4.33,4.34,4.35,4.35,4.36,4.36,4.37,4.37,4.37,4.37,167.36,0,1,1,0,0,0,94.31,1,GradualMotor,aggregation
26,129.76,remora1,remora3,14.03,14.01,21.54,21.51,4.95,4.95,4.94,10.71,-19.01,-18.99,13.5,13.49,21.19,21.16,4.26,4.26,4.25,10.12,-19.77,-19.75,2.3,2.33,2.36,2.39,2.42,2.45,2.47,2.5,2.52,2.54,4.38,4.38,4.38,4.38,4.39,4.4,4.4,4.41,4.42,4.43,165.91,0,1,1,0,0,0,93.31,1,GradualMotor,aggregation
26,130.76,remora1,remora3,-18.97,12.45,6.22,6.22,6.21,13.05,13.69,13.68,13.66,-18.68,-19.73,11.91,5.56,5.56,5.55,12.52,13.17,13.16,13.15,-19.44,2.55,2.57,2.6,2.63,2.65,2.68,2.71,2.75,2.78,2.8,4.44,4.44,4.45,4.46,4.47,4.47,4.48,4.49,4.5,4.51,151.31,0,1,1,0,0,0,92.31,1,GradualMotor,aggregation
26,131.76,remora1,remora3,14.86,14.84,14.83,23.54,7.54,7.54,7.68,7.68,7.67,23.97,14.37,14.36,14.34,23.27,6.92,6.91,7.06,7.06,7.05,23.73,2.81,2.84,2.87,2.91,2.95,2.97,2.98,2.99,2.99,3.01,4.52,4.52,4.53,4.53,4.54,4.54,4.54,4.55,4.55,4.55,148.03,0,1,1,0,0,0,91.31,1,GradualMotor,aggregation
26,132.76,remora1,remora3,7.79,7.79,7.78,7.78,17.41,-18.61,17.33,17.31,17.29,-18.13,7.18,7.17,7.16,7.16,16.99,-19.35,16.91,16.89,16.87,-18.87,3.02,3.03,3.04,3.04,3.03,3.01,2.99,2.98,2.97,2.95,4.55,4.56,4.56,4.56,4.55,4.55,4.55,4.55,4.54,4.54,143.29,0,0,1,0,0,0,90.31,1,GradualMotor,aggregation
26,133.76,remora1,remora3,-18.1,-18.08,23.61,23.59,-17.36,-17.34,-17.01,-16.99,23.44,23.41,-18.85,-18.82,23.37,23.35,-18.1,-18.08,-17.74,-17.72,23.19,23.17,2.92,2.9,2.89,2.9,2.91,2.9,2.87,2.83,2.81,2.8,4.54,4.55,4.55,4.55,4.56,4.56,4.56,4.56,4.56,4.56,143.85,0,1,1,0,0,0,89.31,1,GradualMotor,aggregation
26,134.76,remora1,remora3,-15.91,-15.89,15.48,15.46,-15.51,-15.49,-15.12,-15.1,-15.08,7.85,-16.64,-16.62,15.03,15.01,-16.24,-16.22,-15.85,-15.83,-15.81,7.26,2.8,2.78,2.75,2.75,2.74,2.71,2.69,2.66,2.63,2.61,4.55,4.55,4.55,4.55,4.55,4.55,4.55,4.55,4.55,4.55,139.28,0,1,1,0,0,0,88.31,1,GradualMotor,aggregation
26,135.76,remora1,remora3,13.9,13.89,13.87,-14.24,-13.86,-13.85,22.54,22.54,12.88,12.86,13.43,13.41,13.4,-14.96,-14.58,-14.57,22.29,22.29,12.39,12.38,2.6,2.59,2.59,2.58,2.56,2.53,2.51,2.5,2.5,2.49,4.55,4.55,4.55,4.55,4.55,4.56,4.56,4.56,4.56,4.55,142.7,0,1,1,0,0,0,87.31,1,GradualMotor,aggregation
26,136.76,remora1,remora3,12.85,12.85,-13.22,-12.89,22.12,22.1,7.41,7.4,7.39,12.11,12.36,12.36,-13.93,-13.6,21.87,21.84,6.82,6.82,6.81,11.62,2.49,2.47,2.45,2.43,2.41,2.41,2.41,2.4,2.4,2.39,4.55,4.55,4.56,4.56,4.56,4.56,4.56,4.56,4.56,4.56,147.41,0,1,1,0,0,0,86.31,1,GradualMotor,aggregation
26,137.76,remora1,remora3,12.1,-11.93,-11.91,11.56,11.27,11.26,21.6,21.58,21.55,7.27,11.6,-12.64,-12.62,11.06,10.76,10.75,21.34,21.32,21.29,6.69,2.39,2.37,2.35,2.33,2.33,2.33,2.33,2.33,2.34,2.34,4.57,4.57,4.57,4.57,4.57,4.57,4.57,4.57,4.57,4.58,145.9,0,1,1,0,0,0,85.31,1,GradualMotor,aggregation
26,138.76,remora1,remora3,7.26,7.37,21.55,21.52,7.36,7.35,21.45,21.42,-10.82,-10.81,6.68,6.8,21.29,21.27,6.79,6.78,21.19,21.17,-11.51,-11.5,2.33,2.33,2.32,2.32,2.32,2.32,2.31,2.32,2.32,2.31,4.58,4.58,4.58,4.58,4.58,4.59,4.59,4.59,4.59,4.59,142.76,0,1,1,0,0,0,84.31,1,GradualMotor,aggregation
26,139.76,remora1,remora3,-10.79,10.09,-10.52,-10.51,7.04,7.03,20.79,20.76,-10.2,-10.2,-11.49,9.57,-11.21,-11.2,6.47,6.47,20.53,20.5,-10.89,-10.89,2.29,2.27,2.26,2.24,2.22,2.22,2.22,2.22,2.23,2.22,4.6,4.6,4.6,4.6,4.6,4.61,4.61,4.61,4.62,4.62,141.3,0,1,1,0,0,0,83.31,1,GradualMotor,aggregation
26,140.76,remora1,remora3,-10.18,-9.98,-9.97,-9.92,6.54,6.53,6.52,7.55,-9.48,-9.47,-10.86,-10.66,-10.65,-10.6,5.97,5.96,5.96,7,-10.16,-10.14,2.2,2.18,2.16,2.14,2.13,2.12,2.12,2.12,2.12,2.11,4.62,4.62,4.63,4.63,4.63,4.63,4.63,4.63,4.63,4.63,137.87,0,1,1,0,0,0,82.31,1,GradualMotor,aggregation
26,141.76,remora1,remora3,7.04,7.04,6.84,6.84,6.31,6.3,6.49,6.49,6.48,6.39,6.48,6.48,6.28,6.28,5.74,5.73,5.93,5.93,5.92,5.83,2.09,2.08,2.08,2.08,2.08,2.08,2.08,2.08,2.07,2.07,4.63,4.62,4.62,4.62,4.62,4.61,4.61,4.61,4.61,4.61,131.46,0,1,1,0,0,0,81.31,1,GradualMotor,aggregation
26,142.76,remora1,remora3,-9.02,-9.01,5.73,5.73,6.17,6.16,5.1,5.09,5.09,-8.63,-9.69,-9.67,5.16,5.16,5.61,5.6,4.52,4.52,4.51,-9.29,2.06,2.06,2.05,2.04,2.04,2.03,2.03,2.03,2.03,2.02,4.6,4.6,4.6,4.6,4.6,4.59,4.59,4.59,4.59,4.59,124.34,0,1,1,0,0,0,80.31,1,GradualMotor,aggregation
26,143.76,remora1,remora3,-8.62,-8.61,5.87,5.86,5.74,5.74,-8.32,-8.31,-8.42,-8.41,-9.28,-9.27,5.31,5.3,5.18,5.18,-8.97,-8.96,-9.07,-9.06,2.01,2,1.99,1.98,1.99,1.99,1.99,1.98,1.97,1.96,4.59,4.59,4.58,4.58,4.58,4.58,4.58,4.58,4.58,4.58,111.75,0,1,1,0,0,0,79.31,1,GradualMotor,aggregation
26,144.76,remora1,remora3,-8.4,-8.39,5.51,5.5,-8.36,-8.35,-8.3,-8.29,-8.28,-8.38,-9.05,-9.04,4.95,4.94,-9.01,-9,-8.95,-8.94,-8.93,-9.02,1.96,1.95,1.94,1.94,1.93,1.93,1.92,1.92,1.91,1.9,4.58,4.58,4.58,4.58,4.58,4.58,4.58,4.58,4.58,4.58,104.86,0,1,1,0,0,0,78.31,1,GradualMotor,aggregation
26,145.76,remora1,remora3,17.11,17.08,4.87,4.86,-8.27,-8.26,-8.17,-8.16,16.7,16.68,16.79,16.77,4.31,4.3,-8.91,-8.9,-8.81,-8.8,16.39,16.36,1.89,1.89,1.9,1.9,1.9,1.9,1.89,1.89,1.88,1.89,4.58,4.58,4.58,4.58,4.57,4.58,4.58,4.58,4.58,4.58,100.48,0,1,1,0,0,0,77.31,1,GradualMotor,aggregation
26,146.76,remora1,remora3,16.66,16.63,4.78,4.78,16.8,16.78,-8.06,-8.05,-8.04,-8.04,16.34,16.32,4.23,4.23,16.5,16.48,-8.69,-8.68,-8.66,-8.66,1.89,1.9,1.91,1.91,1.91,1.92,1.93,1.92,1.92,1.91,4.58,4.57,4.57,4.57,4.57,4.57,4.57,4.57,4.57,4.57,98.43,0,1,1,0,0,0,76.31,1,GradualMotor,aggregation
26,147.76,remora1,remora3,-7.98,-7.97,-7.96,4.6,1.3,1.3,0.78,0.78,-8.04,-8.03,-8.6,-8.59,-8.58,4.05,0.7,0.7,0.16,0.16,-8.66,-8.64,1.91,1.9,1.9,1.9,1.9,1.9,1.9,1.89,1.89,1.89,4.57,4.57,4.58,4.58,4.58,4.58,4.59,4.59,4.59,4.59,89.2,0,1,1,0,0,0,75.31,1,GradualMotor,aggregation
26,148.76,remora1,remora3,-8.02,-8.12,15.73,15.71,0.06,0.06,0.06,-8.14,-8.1,-8.09,-8.63,-8.74,15.41,15.39,-0.56,-0.56,-0.56,-8.75,-8.71,-8.7,1.88,1.88,1.88,1.88,1.89,1.89,1.89,1.89,1.89,1.88,4.59,4.6,4.6,4.6,4.6,4.6,4.61,4.61,4.61,4.62,82.99,0,1,1,0,0,0,74.31,1,GradualMotor,aggregation
26,149.76,remora1,remora3,-8.09,3.64,-0.14,-0.14,-7.99,-7.98,-7.98,-0.26,-0.64,-0.64,-8.7,3.09,-0.75,-0.75,-8.6,-8.59,-8.59,-0.87,-1.25,-1.24,1.88,1.87,1.88,1.88,1.88,1.87,1.87,1.87,1.87,1.87,4.62,4.63,4.63,4.63,4.63,4.64,4.64,4.65,4.65,4.66,75.13,0,1,1,0,0,0,73.31,1,GradualMotor,aggregation
26,150.76,remora1,remora3,3.33,3.32,3.32,-8.08,-8.24,-8.23,-8.16,-8.15,-8.06,-8.05,2.78,2.78,2.77,-8.68,-8.84,-8.83,-8.76,-8.75,-8.65,-8.64,1.87,1.87,1.87,1.87,1.87,1.87,1.86,1.86,1.85,1.85,4.66,4.66,4.67,4.67,4.68,4.68,4.69,4.69,4.7,4.71,73.25,0,1,1,0,0,0,72.31,1,GradualMotor,aggregation
26,151.76,remora1,remora3,-1.21,-1.21,-1.2,-8.24,-8.22,-8.16,-8.14,2.87,13.81,13.81,-1.8,-1.8,-1.8,-8.83,-8.81,-8.74,-8.73,2.32,13.49,13.49,1.85,1.85,1.85,1.85,1.84,1.83,1.83,1.83,1.83,1.84,4.71,4.72,4.72,4.73,4.73,4.74,4.75,4.75,4.76,4.76,73.74,0,1,1,0,0,0,71.31,1,GradualMotor,aggregation
26,152.76,remora1,remora3,13.77,13.76,-7.75,-7.74,-0.49,-0.49,-0.24,-0.24,14.2,14.18,13.45,13.43,-8.33,-8.32,-1.07,-1.07,-0.82,-0.82,13.89,13.87,1.84,1.84,1.85,1.85,1.84,1.84,1.84,1.84,1.84,1.85,4.76,4.76,4.76,4.77,4.78,4.78,4.79,4.79,4.8,4.8,74.67,0,1,1,0,0,0,70.31,1,GradualMotor,aggregation
26,153.76,remora1,remora3,3.53,3.53,3.52,0.32,-7.42,-7.41,-7.39,-7.2,-7.19,3.91,3.01,3.01,3,-0.25,-7.99,-7.98,-7.97,-7.77,-7.76,3.4,1.85,1.85,1.85,1.85,1.85,1.85,1.84,1.84,1.84,1.84,4.8,4.81,4.81,4.82,4.82,4.83,4.84,4.84,4.85,4.86,72.35,0,1,1,0,0,0,69.3,1,GradualMotor,aggregation
26,154.76,remora1,remora3,3.83,3.82,0.65,0.65,0.65,0.63,1.42,1.41,1.41,14.72,3.32,3.32,0.09,0.09,0.09,0.07,0.87,0.87,0.87,14.44,1.84,1.84,1.84,1.84,1.84,1.83,1.83,1.83,1.83,1.83,4.86,4.87,4.87,4.88,4.88,4.89,4.89,4.9,4.91,4.91,67.03,0,1,1,0,0,0,68.3,1,GradualMotor,aggregation
26,155.76,remora1,remora3,14.7,14.88,1.92,1.92,1.91,1.9,1.9,2.24,2.54,2.54,14.42,14.61,1.39,1.39,1.38,1.38,1.38,1.72,2.03,2.02,1.84,1.85,1.86,1.86,1.86,1.86,1.86,1.86,1.86,1.86,4.92,4.92,4.92,4.93,4.94,4.94,4.94,4.95,4.95,4.96,60.41,0,1,1,0,0,0,67.3,1,GradualMotor,aggregation
26,156.76,remora1,remora3,2.53,2.53,5.69,5.68,-5.78,-5.78,-5.77,-5.78,-5.77,2.88,2.02,2.02,5.23,5.22,-6.33,-6.32,-6.31,-6.33,-6.32,2.38,1.86,1.87,1.88,1.88,1.88,1.88,1.87,1.87,1.87,1.87,4.96,4.97,4.97,4.98,4.98,4.99,5,5,5.01,5.02,54.37,0,1,1,0,0,0,66.3,1,GradualMotor,aggregation
26,157.76,remora1,remora3,2.87,15.37,15.69,15.67,15.65,3.9,-5.26,-5.26,-5.12,-5.11,2.38,15.13,15.46,15.44,15.42,3.43,-5.8,-5.8,-5.66,-5.65,1.86,1.87,1.87,1.88,1.89,1.9,1.91,1.9,1.9,1.89,5.03,5.03,5.03,5.04,5.04,5.04,5.05,5.06,5.07,5.07,58.5,0,1,1,0,0,0,65.3,1,GradualMotor,aggregation
26,158.76,remora1,remora3,-5.1,4.15,15.79,15.76,15.74,6.98,-4.74,-4.73,-4.55,-4.55,-5.64,3.68,15.57,15.55,15.52,6.57,-5.27,-5.26,-5.08,-5.07,1.89,1.89,1.89,1.9,1.91,1.91,1.91,1.91,1.91,1.91,5.08,5.09,5.1,5.1,5.1,5.11,5.11,5.12,5.13,5.14,59.37,0,1,1,0,0,0,64.3,1,GradualMotor,aggregation
26,159.76,remora1,remora3,-4.54,-4.46,4.98,4.98,4.97,16.07,16.04,7.85,5.75,5.75,-5.07,-4.99,4.54,4.54,4.53,15.88,15.85,7.46,5.32,5.32,1.9,1.9,1.89,1.89,1.9,1.9,1.91,1.92,1.93,1.93,5.15,5.16,5.16,5.17,5.18,5.18,5.18,5.18,5.18,5.19,62.82,0,1,1,0,0,0,63.3,1,GradualMotor,aggregation
26,160.76,remora1,remora3,5.73,-3.83,-3.88,-3.87,-3.74,-3.74,8.54,8.53,-3.4,-3.39,5.31,-4.35,-4.39,-4.39,-4.25,-4.25,8.18,8.16,-3.91,-3.9,1.94,1.94,1.93,1.93,1.92,1.92,1.91,1.92,1.92,1.92,5.19,5.2,5.2,5.21,5.21,5.22,5.23,5.23,5.24,5.24,60.99,0,1,1,0,0,0,62.3,1,GradualMotor,aggregation
26,161.76,remora1,remora3,6.99,6.98,6.96,7.08,-3.2,-3.19,16.55,16.52,16.49,16.58,6.6,6.59,6.58,6.69,-3.71,-3.7,16.4,16.37,16.34,16.43,1.92,1.92,1.93,1.93,1.94,1.94,1.93,1.94,1.96,1.97,5.25,5.25,5.25,5.26,5.26,5.27,5.27,5.28,5.28,5.28,64.15,0,1,1,0,0,0,61.3,1,GradualMotor,aggregation
26,162.76,remora1,remora3,-2.78,-2.78,-2.85,-2.84,-2.73,-2.73,-2.72,-2.64,16.64,16.62,-3.28,-3.28,-3.35,-3.34,-3.23,-3.22,-3.22,-3.13,16.51,16.48,1.98,1.98,1.98,1.98,1.98,1.97,1.97,1.97,1.96,1.97,5.29,5.3,5.3,5.31,5.32,5.32,5.33,5.33,5.34,5.34,62.47,0,1,1,0,0,0,60.3,1,GradualMotor,aggregation
26,163.76,remora1,remora3,16.59,9.73,9.71,8.38,8.53,8.51,8.5,-2.23,8.73,8.72,16.46,9.41,9.4,8.03,8.19,8.17,8.16,-2.72,8.4,8.39,1.99,2,2.01,2.01,2.02,2.03,2.04,2.04,2.04,2.04,5.34,5.35,5.35,5.36,5.36,5.37,5.37,5.38,5.38,5.39,66.17,0,1,1,0,0,0,59.3,1,GradualMotor,aggregation
26,164.76,remora1,remora3,16.71,16.69,8.99,8.98,-1.9,-1.9,-1.9,-1.9,-1.74,-1.73,16.6,16.58,8.67,8.66,-2.39,-2.39,-2.38,-2.38,-2.22,-2.21,2.05,2.06,2.08,2.09,2.1,2.1,2.1,2.09,2.09,2.09,5.4,5.4,5.41,5.41,5.42,5.43,5.43,5.44,5.44,5.45,69.85,0,1,1,0,0,0,58.3,1,GradualMotor,aggregation
26,165.76,remora1,remora3,16.69,16.67,16.64,16.64,-1.54,-1.54,-1.54,-1.54,-1.54,9.91,16.6,16.57,16.54,16.55,-2.02,-2.02,-2.01,-2.01,-2.01,9.62,2.09,2.1,2.11,2.13,2.14,2.14,2.14,2.14,2.14,2.14,5.46,5.46,5.47,5.47,5.48,5.48,5.49,5.5,5.5,5.51,73.96,0,1,1,0,0,0,57.3,1,GradualMotor,aggregation
26,166.76,remora1,remora3,-1.33,-1.33,-1.3,-1.3,-1.21,-1.21,10.3,10.28,10.43,10.42,-1.8,-1.8,-1.77,-1.76,-1.67,-1.67,10.03,10.01,10.16,10.15,2.15,2.15,2.15,2.15,2.15,2.15,2.15,2.16,2.17,2.18,5.51,5.52,5.53,5.53,5.54,5.55,5.55,5.56,5.56,5.57,74.12,0,1,1,0,0,0,56.3,1,GradualMotor,aggregation
26,167.76,remora1,remora3,-1,-1,10.62,10.62,11.21,11.19,10.64,10.62,10.6,10.6,-1.47,-1.46,10.36,10.36,10.96,10.94,10.38,10.36,10.34,10.34,2.19,2.19,2.19,2.2,2.2,2.22,2.23,2.24,2.25,2.25,5.57,5.58,5.59,5.59,5.6,5.6,5.61,5.62,5.62,5.63,73.87,0,1,1,0,0,0,55.3,1,GradualMotor,aggregation
26,168.76,remora1,remora3,-0.73,-0.73,10.8,10.78,-0.42,-0.41,10.91,10.89,10.91,10.89,-1.18,-1.18,10.55,10.53,-0.87,-0.86,10.67,10.65,10.67,10.65,2.25,2.25,2.25,2.26,2.27,2.27,2.27,2.28,2.29,2.3,5.63,5.64,5.65,5.65,5.66,5.67,5.67,5.68,5.69,5.69,72.36,0,1,1,0,0,0,54.3,1,GradualMotor,aggregation
26,169.76,remora1,remora3,-0.39,-0.39,-0.39,-0.48,-0.43,-0.43,11.01,11.01,10.97,11.06,-0.83,-0.83,-0.83,-0.92,-0.87,-0.87,10.77,10.77,10.73,10.83,2.32,2.32,2.32,2.32,2.32,2.32,2.32,2.33,2.34,2.35,5.7,5.71,5.71,5.72,5.73,5.73,5.74,5.75,5.75,5.76,69.66,0,1,1,0,0,0,53.3,1,GradualMotor,aggregation
26,170.76,remora1,remora3,-0.22,-0.22,-0.26,-0.26,-0.22,-0.22,-0.25,-0.25,11.33,11.31,-0.65,-0.65,-0.69,-0.69,-0.66,-0.66,-0.68,-0.68,11.12,11.1,2.36,2.36,2.36,2.36,2.36,2.36,2.36,2.37,2.37,2.37,5.77,5.77,5.78,5.79,5.8,5.8,5.81,5.82,5.83,5.83,67.28,0,1,1,0,0,0,52.3,1,GradualMotor,aggregation
26,171.76,remora1,remora3,11.4,11.38,-0.05,-0.05,-0.11,-0.11,-0.11,-0.1,0.06,0.06,11.19,11.17,-0.48,-0.48,-0.53,-0.53,-0.53,-0.53,-0.36,-0.36,2.39,2.4,2.41,2.41,2.41,2.41,2.41,2.41,2.41,2.41,5.84,5.84,5.85,5.86,5.87,5.87,5.88,5.89,5.9,5.9,59.75,0,1,1,0,0,0,51.3,1,GradualMotor,aggregation
26,172.76,remora1,remora3,0.04,0.04,0.04,0.04,11.51,11.49,11.57,11.55,11.62,11.59,-0.38,-0.38,-0.38,-0.38,11.32,11.29,11.38,11.36,11.43,11.41,2.41,2.42,2.42,2.42,2.42,2.43,2.44,2.45,2.46,2.47,5.91,5.92,4.73,4.73,4.73,4.73,4.73,4.73,4.73,4.73,60.97,0,1,1,0,0,0,50.3,1,GradualMotor,aggregation
26,173.76,remora1,remora3,0.12,0.12,11.45,11.43,0.17,0.17,0.13,0.12,0.1,0.1,-0.29,-0.29,11.27,11.24,-0.24,-0.24,-0.28,-0.28,-0.31,-0.31,2.49,2.49,2.49,2.5,2.51,2.51,2.52,2.52,2.52,2.52,4.74,4.74,4.75,4.75,4.76,4.76,4.77,4.77,4.77,4.77,54.45,0,1,1,0,0,0,49.3,1,GradualMotor,aggregation
26,174.76,remora1,remora3,11.52,11.49,0.34,0.34,0.25,0.25,0.24,0.24,0.29,0.29,11.34,11.32,-0.06,-0.06,-0.15,-0.15,-0.16,-0.16,-0.11,-0.11,2.52,2.53,2.54,2.54,2.54,2.55,2.55,2.55,2.55,2.55,4.77,4.78,4.78,4.79,4.79,4.8,4.8,4.8,4.81,4.82,50.45,0,1,1,0,0,0,48.3,1,GradualMotor,aggregation
26,175.76,remora1,remora3,11.8,11.78,11.63,11.61,0.32,0.32,0.26,0.26,11.49,11.47,11.64,11.62,11.47,11.45,-0.07,-0.07,-0.13,-0.13,11.33,11.31,2.55,2.56,2.57,2.59,2.6,2.6,2.6,2.61,2.61,2.62,4.83,5.56,5.56,5.55,5.56,5.55,5.55,5.54,5.53,5.53,48.91,0,1,1,0,0,0,47.3,1,GradualMotor,aggregation
26,176.76,remora1,remora3,11.44,0.45,0.45,11.44,11.46,11.44,0.45,0.45,0.47,0.47,11.29,0.07,0.07,11.29,11.31,11.29,0.07,0.07,0.09,0.09,2.63,2.63,2.64,2.64,2.65,2.67,2.68,2.68,2.68,2.68,5.54,5.54,5.54,5.55,6.33,6.33,6.33,6.34,6.33,6.33,48.63,0,1,1,0,0,0,46.3,1,GradualMotor,aggregation
26,177.76,remora1,remora3,11.29,11.27,11.25,0.61,0.61,11.08,11.05,0.68,0.61,0.61,11.14,11.12,11.1,0.24,0.24,10.92,10.9,0.32,0.25,0.25,2.68,2.69,2.7,2.71,2.71,2.72,2.73,2.73,2.73,2.73,6.33,6.32,6.32,6.32,6.31,6.31,6.31,6.31,6.31,6.31,45.65,0,1,1,0,0,0,45.3,1,GradualMotor,aggregation
26,178.76,remora1,remora3,0.59,0.59,10.94,10.92,0.8,0.8,10.94,10.94,0.85,0.85,0.22,0.22,10.79,10.77,0.44,0.44,10.79,10.79,0.5,0.5,2.74,2.74,2.74,2.75,2.76,2.76,2.76,2.77,2.78,2.79,6.3,6.3,6.3,6.3,6.31,6.3,6.3,6.3,6.3,6.29,43.57,0,1,0,0,0,0,44.3,1,GradualMotor,aggregation
26,179.76,remora1,remora3,0.79,0.79,10.88,10.85,10.83,1.01,1.01,10.72,1.05,1.05,0.44,0.43,10.73,10.71,10.69,0.67,0.67,10.58,0.71,0.7,2.79,2.79,2.79,2.8,2.81,2.82,2.82,2.82,2.83,2.84,6.29,6.28,6.28,6.28,6.28,6.27,6.27,6.27,6.26,6.26,43.6,0,1,0,0,0,0,43.3,1,GradualMotor,aggregation
26,180.76,remora1,remora3,1.04,10.34,1.19,1.18,1.18,1.12,-9.7,-9.7,-9.65,-9.65,0.7,10.2,0.85,0.85,0.85,0.79,-10.05,-10.05,-10,-10,2.84,2.85,2.86,2.86,2.86,2.86,2.86,2.86,2.85,2.85,6.26,6.26,6.26,6.26,6.26,6.26,6.26,6.25,6.25,6.25,46.45,0,1,1,0,0,0,42.3,1,GradualMotor,aggregation
26,181.76,remora1,remora3,1.33,1.32,1.31,1.3,1.3,10.36,1.36,1.36,1.42,1.41,1,1,0.98,0.98,0.98,10.23,1.04,1.04,1.1,1.09,2.85,2.85,2.85,2.85,2.86,2.86,2.87,2.87,2.88,2.88,6.25,6.25,6.25,6.25,6.25,6.24,6.24,6.24,6.24,6.25,46.07,0,1,1,0,0,0,41.3,1,GradualMotor,aggregation
26,182.76,remora1,remora3,1.41,1.41,1.49,1.49,10.21,10.18,10.16,1.54,10.01,9.99,1.09,1.09,1.18,1.18,10.08,10.05,10.03,1.23,9.88,9.86,2.88,2.89,2.9,2.9,2.91,2.92,2.92,2.93,2.93,2.94,6.25,6.25,6.25,6.25,6.25,6.25,6.26,6.26,6.25,6.26,44.81,0,1,0,0,0,0,40.3,1,GradualMotor,aggregation
26,183.76,remora1,remora3,1.68,1.67,-5.73,-5.71,1.66,1.65,1.67,1.66,9.95,9.93,1.38,1.37,-6.05,-6.04,1.36,1.35,1.37,1.37,9.83,9.81,2.95,2.96,2.96,2.95,2.95,2.95,2.95,2.96,2.96,2.97,6.26,6.26,6.27,6.26,6.26,6.26,6.26,6.25,6.25,6.25,46.54,0,1,1,0,0,0,39.3,1,GradualMotor,aggregation
26,184.76,remora1,remora3,9.79,9.77,9.74,1.67,9.62,9.59,9.59,1.78,1.82,1.81,9.67,9.64,9.62,1.37,9.49,9.47,9.47,1.49,1.53,1.53,2.97,2.98,2.99,3,3,3.01,3.02,3.02,3.03,3.03,6.25,6.25,6.25,6.25,6.25,6.26,6.26,6.26,6.27,6.27,50.62,0,0,1,0,0,0,38.3,1,GradualMotor,aggregation
26,185.76,remora1,remora3,9.45,9.42,1.88,1.88,-7.94,-7.92,-7.9,-7.9,9.07,9.04,9.33,9.3,1.6,1.6,-8.25,-8.23,-8.21,-8.21,8.94,8.92,3.03,3.04,3.05,3.05,3.05,3.05,3.04,3.03,3.03,3.03,6.27,6.27,6.27,6.27,6.27,6.27,6.27,6.26,6.26,6.26,50.9,0,0,1,0,0,0,37.3,1,GradualMotor,aggregation
26,186.76,remora1,remora3,9.1,9.1,9.05,9.05,1.92,1.91,8.9,8.9,2.01,2,8.98,8.98,8.93,8.93,1.65,1.64,8.78,8.78,1.74,1.74,3.04,3.05,3.05,3.06,3.06,3.06,3.07,3.07,3.08,3.08,6.26,6.26,6.26,6.26,6.26,6.26,6.26,6.26,6.26,6.26,52.29,0,0,1,0,0,0,36.3,1,GradualMotor,aggregation
26,187.76,remora1,remora3,1.98,1.98,2.04,2.03,2.01,2.01,8.58,8.56,8.38,8.36,1.72,1.71,1.78,1.77,1.75,1.75,8.46,8.44,8.26,8.23,3.09,3.09,3.09,3.09,3.09,3.09,3.1,3.1,3.11,3.12,6.27,6.27,6.27,6.27,6.27,6.27,6.27,6.27,6.27,6.27,51,0,0,1,0,0,0,35.3,1,GradualMotor,aggregation
26,188.76,remora1,remora3,-4.19,-4.18,2.02,2.02,2.01,2.01,2.01,2.01,-4.05,-4.04,-4.48,-4.47,1.77,1.76,1.76,1.76,1.76,1.76,-4.34,-4.32,3.13,3.13,3.12,3.12,3.13,3.13,3.13,3.13,3.13,3.13,6.27,6.27,6.27,6.28,6.28,6.29,6.29,6.29,6.29,6.29,49.16,0,0,1,0,0,0,34.3,1,GradualMotor,aggregation
26,189.76,remora1,remora3,-4.03,1.93,1.92,1.94,1.94,1.94,1.94,1.94,1.88,1.88,-4.31,1.68,1.67,1.69,1.7,1.69,1.69,1.7,1.64,1.64,3.13,3.13,3.13,3.13,3.13,3.13,3.14,3.14,3.14,3.14,6.29,6.3,6.3,5.53,5.53,5.53,5.54,5.54,5.54,5.53,46.43,0,0,1,0,0,0,33.3,1,GradualMotor,aggregation
26,190.76,remora1,remora3,1.89,1.88,1.8,1.8,1.8,1.8,1.79,-3.74,-3.73,1.77,1.65,1.64,1.56,1.56,1.56,1.56,1.55,-4.01,-4,1.54,3.14,3.15,3.15,3.15,3.15,3.15,3.16,3.15,3.15,3.15,5.53,5.53,5.53,5.53,5.52,5.52,5.52,5.52,5.52,5.51,43.11,0,0,0,0,0,0,32.3,1,GradualMotor,aggregation
26,191.76,remora1,remora3,1.77,1.77,7.87,7.72,1.79,1.79,1.78,1.82,1.81,-3.54,1.53,1.53,7.77,7.61,1.56,1.56,1.55,1.59,1.58,-3.8,3.15,3.16,3.16,3.17,3.18,3.18,3.18,3.18,3.19,3.19,5.51,5.52,5.52,5.52,5.53,5.53,5.54,5.54,5.54,5.54,44.1,0,0,0,0,0,0,31.3,1,GradualMotor,aggregation
26,192.76,remora1,remora3,1.78,1.78,1.77,1.78,-3.45,-3.44,-3.43,-3.43,1.66,1.66,1.56,1.55,1.55,1.55,-3.7,-3.69,-3.68,-3.68,1.44,1.44,3.18,3.18,3.18,3.18,3.19,3.18,3.18,3.18,3.18,3.17,5.54,5.54,5.54,5.54,5.55,5.55,5.54,5.54,5.55,5.55,40.82,0,0,0,0,0,0,30.3,1,GradualMotor,aggregation
26,193.76,remora1,remora3,1.7,1.69,1.69,1.69,-3.41,-3.4,1.7,1.7,-5.4,-5.38,1.48,1.47,1.47,1.47,-3.66,-3.64,1.48,1.48,-5.64,-5.62,3.17,3.18,3.18,3.18,3.19,3.18,3.18,3.18,3.18,3.18,5.55,5.56,5.56,5.56,5.55,5.55,5.55,5.55,5.56,5.56,39.52,0,0,0,0,0,0,29.3,1,GradualMotor,aggregation
26,194.76,remora1,remora3,-5.36,-5.35,1.55,1.54,1.56,1.55,1.55,-3.3,1.51,1.51,-5.6,-5.58,1.34,1.33,1.35,1.34,1.34,-3.53,1.31,1.3,3.17,3.17,3.16,3.16,3.16,3.16,3.16,3.16,3.16,3.16,5.56,5.56,5.56,5.56,5.56,5.57,5.57,4.11,4.1,4.1,35.54,0,0,0,0,0,0,28.3,1,GradualMotor,aggregation
26,195.76,remora1,remora3,6.65,6.65,6.63,6.61,6.48,6.45,6.43,1.57,1.57,1.56,6.55,6.55,6.53,6.51,6.38,6.35,6.33,1.37,1.37,1.36,3.16,3.17,3.17,3.18,3.19,3.2,3.2,3.21,3.21,3.21,4.1,4.1,4.11,4.11,4.11,4.11,4.11,4.12,4.12,4.11,33.28,0,0,0,0,0,0,27.3,1,GradualMotor,aggregation
26,196.76,remora1,remora3,1.56,1.55,6.01,5.99,6,5.98,5.96,-2.86,1.62,1.61,1.36,1.36,5.9,5.88,5.9,5.88,5.85,-3.08,1.43,1.42,3.22,3.22,3.22,3.22,3.23,3.24,3.24,3.25,3.24,3.24,4.11,4.1,4.1,4.09,4.09,4.09,4.09,4.08,4.07,4.07,31.04,0,0,0,0,0,0,26.3,1,GradualMotor,aggregation
26,197.76,remora1,remora3,1.58,1.58,1.57,1.57,1.6,-2.72,1.58,1.58,1.57,1.57,1.4,1.39,1.38,1.38,1.41,-2.93,1.4,1.39,1.38,1.38,3.24,3.24,3.25,3.25,3.26,3.26,3.26,3.26,3.27,3.28,4.07,4.07,4.07,4.07,4.07,4.07,4.07,4.07,4.07,4.07,28.17,0,0,0,0,0,0,25.3,1,GradualMotor,aggregation
26,198.76,remora1,remora3,-4.38,-4.36,5.26,5.24,5.22,5.2,1.61,1.6,1.6,1.6,-4.59,-4.57,5.16,5.13,5.11,5.09,1.43,1.43,1.42,1.42,3.28,3.28,3.28,3.29,3.3,3.3,3.31,3.31,3.32,3.32,4.07,4.06,4.05,4.05,4.05,4.05,4.04,4.04,4.04,4.03,28.9,0,0,0,0,0,0,24.3,1,GradualMotor,aggregation
26,199.76,remora1,remora3,1.57,1.57,-2.42,-2.42,0.14,0.14,1.56,1.55,-2.35,-2.34,1.4,1.39,-2.61,-2.61,-0.06,-0.05,1.39,1.38,-2.54,-2.53,3.33,3.33,3.33,3.33,3.33,3.33,3.34,3.35,3.35,3.35,4.03,4.03,4.02,4.01,4.01,4,4,4,4,4,28.46,0,0,0,0,0,0,23.3,1,GradualMotor,aggregation
26,200.76,remora1,remora3,-2.33,-2.32,1.53,1.52,1.51,1.48,1.48,-2.27,-3.78,-3.76,-2.52,-2.51,1.36,1.36,1.35,1.32,1.32,-2.46,-3.96,-3.95,3.35,3.36,3.36,3.37,3.37,3.37,3.37,3.37,3.38,3.38,4,4,4,4,4,4,3.99,3.99,3.99,3.99,28.53,0,0,0,0,0,0,22.3,1,GradualMotor,aggregation
26,201.76,remora1,remora3,-3.75,4.29,4.27,4.25,-2.14,-2.14,-2.1,-2.09,1.45,1.45,-3.93,4.19,4.17,4.15,-2.32,-2.32,-2.28,-2.27,1.3,1.29,3.38,3.38,3.39,3.39,3.4,3.4,3.4,3.41,3.42,3.42,3.98,3.98,3.99,3.99,3.99,3.99,3.99,3.99,3.99,3.99,28.25,0,0,0,0,0,0,21.3,1,GradualMotor,aggregation
26,202.76,remora1,remora3,0.24,0.24,3.13,3.11,1.42,1.41,3.06,3.05,3.05,3.02,0.07,0.07,3.01,3,1.27,1.26,2.95,2.93,2.93,2.91,3.42,3.42,3.41,3.41,3.42,3.42,3.42,3.43,3.43,3.43,3.99,3.99,3.98,3.99,3.99,3.99,3.99,3.99,3.99,3.99,27.95,0,0,0,0,0,0,20.3,1,GradualMotor,aggregation
26,203.76,remora1,remora3,4.87,4.84,4.81,4.81,4.75,4.73,-1.81,-1.8,1.39,1.38,4.8,4.77,4.75,4.75,4.68,4.66,-1.97,-1.96,1.25,1.24,3.44,3.44,3.45,3.45,3.46,3.46,3.45,3.45,3.45,3.45,3.99,4,4,4,4,4.01,4.01,4.01,4,4,28.69,0,0,0,0,0,0,19.3,1,GradualMotor,aggregation
26,204.76,remora1,remora3,1.37,-1.73,1.35,1.34,1.34,1.33,3.39,3.37,3.35,3.35,1.24,-1.88,1.21,1.21,1.21,1.2,3.3,3.28,3.26,3.26,3.45,3.45,3.45,3.45,3.45,3.45,3.45,3.45,3.45,3.45,4.01,4.01,4.01,4.01,4,4.01,4.01,4.01,4.01,4.02,28.4,0,0,0,0,0,0,18.3,1,GradualMotor,aggregation
26,205.76,remora1,remora3,3.21,3.19,-1.59,-1.58,-1.56,-1.56,-1.55,1.26,1.24,1.23,3.12,3.1,-1.74,-1.73,-1.71,-1.7,-1.69,1.13,1.12,1.11,3.45,3.45,3.45,3.45,3.45,3.45,3.45,3.45,3.45,3.45,4.02,4.02,4.02,4.02,4.02,4.02,4.02,4.02,4.02,4.02,25.21,0,0,0,0,0,0,17.3,1,GradualMotor,aggregation
26,206.76,remora1,remora3,0.33,0.33,-1.48,-1.47,-1.46,-1.45,-1.44,-1.44,-1.43,-1.42,0.2,0.2,-1.62,-1.61,-1.6,-1.59,-1.58,-1.58,-1.56,-1.55,3.45,3.45,3.45,3.45,3.45,3.45,3.45,3.45,3.46,3.45,4.01,4.01,4.01,4.01,4.01,4.01,4,4,4,4,22.62,0,0,0,0,0,0,16.3,1,GradualMotor,aggregation
26,207.76,remora1,remora3,1.18,1.17,1.15,1.14,-1.37,-1.36,-1.35,-1.35,-1.34,-1.31,1.06,1.06,1.04,1.03,-1.5,-1.49,-1.48,-1.47,-1.46,-1.43,3.45,3.45,3.45,3.45,3.45,3.45,3.45,3.45,3.45,3.45,4,4,4,4,4.01,4.01,4.01,4,4,4,22.29,0,0,0,0,0,0,15.3,1,GradualMotor,aggregation
26,208.76,remora1,remora3,-1.3,0.32,0.32,0.31,0.31,1.04,1.04,1.03,1.03,-1.22,-1.42,0.2,0.2,0.2,0.19,0.94,0.94,0.93,0.92,-1.34,3.45,3.45,3.45,3.45,3.45,3.45,3.45,3.45,3.45,3.45,4,4,4,4,4,4,4.01,4.01,4.01,4.01,19.48,0,0,0,0,0,0,14.3,1,GradualMotor,aggregation
26,209.76,remora1,remora3,-1.21,-1.21,1,0.99,-2.11,-2.09,-2.08,-2.06,-2.05,-2.04,-1.33,-1.32,0.9,0.89,-2.22,-2.2,-2.19,-2.17,-2.16,-2.14,3.45,3.45,3.45,3.45,3.45,3.45,3.45,3.44,3.44,3.44,4.01,4,4,4,4,4,4,4,4,4,19.61,0,0,0,0,0,0,13.3,1,GradualMotor,aggregation
26,210.76,remora1,remora3,2.18,2.17,2.15,2.13,-1.06,-1.05,0.31,0.31,0.32,0.31,2.11,2.1,2.08,2.06,-1.17,-1.16,0.21,0.21,0.22,0.22,3.44,3.44,3.44,3.44,3.44,3.44,3.44,3.44,3.44,3.44,4,4,4,4,4,4,4,4,4,4,18.58,0,0,0,0,0,0,12.3,1,GradualMotor,aggregation
26,211.76,remora1,remora3,0.31,0.31,0.85,0.84,0.83,0.82,0.81,0.79,0.79,0.78,0.22,0.22,0.77,0.76,0.74,0.74,0.73,0.71,0.71,0.7,3.44,3.44,3.44,3.44,3.44,3.44,3.44,3.44,3.44,3.44,4.01,4.01,4.01,4.01,4.01,4.01,4.01,4.01,4.01,4.02,16.44,0,0,0,0,0,0,11.3,1,GradualMotor,aggregation
26,212.76,remora1,remora3,-0.92,-0.92,-0.91,0.75,0.73,0.73,0.72,0.72,0.7,0.69,-1.02,-1.01,-1,0.67,0.66,0.65,0.64,0.64,0.63,0.62,3.44,3.44,3.44,3.44,3.44,3.44,3.44,3.44,3.44,3.44,4.02,4.02,4.02,4.02,4.02,4.02,4.02,4.03,4.03,4.03,15.1,0,0,0,0,0,0,10.3,1,GradualMotor,aggregation
26,213.76,remora1,remora3,0.69,0.69,0.26,0.26,0.25,0.26,-0.78,-0.78,1.4,1.38,0.61,0.61,0.18,0.18,0.18,0.18,-0.86,-0.85,1.34,1.33,3.45,3.45,3.45,3.45,3.45,3.45,3.45,3.45,3.46,3.46,4.03,4.03,4.03,4.03,4.04,4.04,4.04,4.04,4.04,4.04,12.25,0,0,0,0,0,0,9.3,1,GradualMotor,aggregation
26,214.76,remora1,remora3,1.36,1.35,-0.72,-0.71,-0.71,-0.7,-1.29,-1.28,0.47,0.46,1.31,1.3,-0.8,-0.79,-0.78,-0.77,-1.36,-1.35,0.41,0.4,3.46,3.45,3.45,3.45,3.45,3.45,3.44,3.44,3.44,3.44,4.05,4.05,4.05,4.05,4.05,4.04,4.04,4.04,4.04,4.04,11.02,0,0,0,0,0,0,8.3,1,GradualMotor,aggregation
26,215.76,remora1,remora3,0.46,0.45,1.14,1.14,1.11,1.1,1.08,1.07,1.05,0.41,0.4,0.39,1.09,1.09,1.07,1.05,1.04,1.03,1.01,0.36,3.44,3.44,3.44,3.44,3.44,3.44,3.44,3.44,3.44,3.44,4.04,4.04,4.04,4.04,4.03,4.03,4.04,4.04,4.04,4.04,10.09,0,0,0,0,0,0,7.3,1,GradualMotor,aggregation
26,216.76,remora1,remora3,0.41,0.41,0.39,0.39,-0.53,-0.53,-0.51,-0.96,-0.95,0.36,0.36,0.35,0.34,0.34,-0.58,-0.58,-0.57,-1.01,-1,0.31,3.44,3.44,3.44,3.44,3.44,3.44,3.44,3.44,3.44,3.44,4.04,4.05,4.05,4.05,4.05,4.05,4.05,4.05,4.04,4.04,9.37,0,0,0,0,0,0,6.3,1,GradualMotor,aggregation
26,217.76,remora1,remora3,0.35,0.35,-0.89,-0.87,-0.86,-0.46,-0.83,-0.81,-0.81,-0.41,0.31,0.31,-0.93,-0.92,-0.9,-0.5,-0.87,-0.86,-0.86,-0.45,3.44,3.44,3.44,3.44,3.44,3.44,3.44,3.44,3.44,3.44,4.04,4.04,4.05,4.05,4.05,4.04,4.04,4.04,4.03,4.03,8.76,0,0,0,0,0,0,5.3,1,GradualMotor,aggregation
26,218.76,remora1,remora3,-0.4,-0.39,-0.39,-0.38,-0.37,-0.36,-0.36,-0.35,-0.34,-0.33,-0.45,-0.44,-0.43,-0.42,-0.41,-0.4,-0.39,-0.39,-0.38,-0.37,3.44,3.44,3.44,3.44,3.44,3.44,3.44,3.44,3.44,3.44,4.03,4.03,4.03,4.02,4.02,4.02,4.02,4.02,4.01,4.01,8.39,0,0,0,0,0,0,4.3,1,GradualMotor,aggregation
26,219.76,remora1,remora3,-0.33,0.56,0.57,0.56,-0.56,-0.55,0.11,0.11,0.48,0.46,-0.36,0.54,0.55,0.54,-0.59,-0.58,0.08,0.08,0.46,0.45,3.44,3.44,3.44,3.44,3.44,3.44,3.43,3.44,3.44,3.44,4,4,4,4,3.99,3.99,3.98,3.98,3.97,3.97,7.1,0,0,0,0,0,0,3.3,1,GradualMotor,aggregation
26,220.76,remora1,remora3,0.45,0.45,0.41,0.39,0.4,0.38,0.37,0.36,0.15,0.15,0.43,0.43,0.39,0.38,0.38,0.37,0.35,0.34,0.14,0.13,3.44,3.43,3.43,3.44,3.44,3.44,3.44,3.44,3.44,3.44,3.96,3.96,3.95,3.95,5.06,5.06,5.05,5.04,5.04,5.04,6.26,0,0,0,0,0,0,2.3,1,GradualMotor,aggregation
26,221.76,remora1,remora3,0.14,-0.31,-0.3,-0.3,-0.14,-0.13,-0.12,-0.12,-0.12,0.18,0.13,-0.33,-0.31,-0.31,-0.15,-0.15,-0.14,-0.13,-0.13,0.17,3.44,3.43,3.43,3.43,3.43,3.43,3.43,3.43,3.43,3.43,5.04,5.03,5.02,5.01,5,4.99,4.98,4.97,4.96,4.96,5.78,0,0,0,0,0,0,1.3,1,GradualMotor,aggregation
26,222.76,remora1,remora3,0.16,0.15,-0.08,-0.07,-0.06,0.02,0.08,0.08,0.03,0.02,0.16,0.14,-0.09,-0.08,-0.07,0.02,0.08,0.08,0.03,0.02,3.43,3.43,3.43,3.43,3.43,3.43,3.43,3.43,3.43,3.43,4.95,4.95,4.94,4.93,4.93,4.92,4.91,4.9,4.9,4.89,5.09,0,0,0,0,0,0,0.3,1,GradualMotor,aggregation
26,223.76,remora1,remora3,0.02,0.01,0,0,0,0,0,0,0,0,0.01,0.01,0,0,0,0,0,0,0,0,3.43,3.43,3.43,3.43,3.43,3.43,3.43,3.43,3.43,3.43,4.88,4.87,4.86,4.86,4.85,4.84,4.84,4.83,4.81,4.8,4.44,0,0,0,0,0,0,0,1,GradualMotor,aggregation
26,224.76,remora1,remora3,0,0,0,0,0,0,0,0,0,0,0,0,0,0,0,0,0,0,0,0,3.43,3.43,3.43,3.43,3.43,3.43,3.43,3.43,3.43,3.43,4.79,4.78,4.77,4.76,4.76,4.75,4.74,4.73,4.71,4.71,3.53,0,0,0,0,0,0,0,1,GradualMotor,aggregation
26,225.76,remora1,remora3,0,0,0,0,0,0,0,0,0,0,0,0,0,0,0,0,0,0,0,0,3.43,3.43,3.43,3.43,3.43,3.43,3.43,3.43,3.43,3.42,4.7,4.69,4.69,4.69,4.67,4.66,4.65,4.64,4.63,4.61,2.65,0,0,0,0,0,0,0,1,GradualMotor,aggregation
26,226.76,remora1,remora3,0,0,0,0,0,0,0,0,0,0,0,0,0,0,0,0,0,0,0,0,3.4,3.38,3.36,3.34,3.33,3.32,3.31,3.29,3.27,3.25,4.6,4.59,4.58,4.57,4.56,4.56,4.55,4.54,4.53,4.52,2.1,0,0,0,0,0,0,0,1,GradualMotor,aggregation
26,227.76,remora1,remora3,0,0,0,0,0,0,0,0,0,0,0,0,0,0,0,0,0,0,0,0,3.23,3.21,3.2,3.18,3.16,3.16,3.18,3.18,3.17,3.18,4.51,4.49,4.48,4.47,4.46,4.45,4.45,4.44,4.43,4.43,1.42,0,0,0,0,0,0,0,1,GradualMotor,aggregation
26,228.76,remora1,remora3,0,0,0,0,0,0,0,0,0,0,0,0,0,0,0,0,0,0,0,0,3.19,3.19,3.17,3.16,3.14,3.12,3.1,3.07,3.06,3.04,4.43,4.43,4.42,4.4,4.39,4.38,4.36,4.35,4.35,4.34,1.04,0,0,0,0,0,0,0,1,GradualMotor,aggregation
26,229.76,remora1,remora3,0,0,0,0,0,0,0,0,0,0,0,0,0,0,0,0,0,0,0,0,3.03,3.02,3,2.98,2.97,2.96,2.94,2.92,2.9,2.87,4.33,4.32,4.31,4.3,4.3,4.29,4.29,4.28,4.26,4.26,0.61,0,1,0,0,0,0,0,1,GradualMotor,aggregation
26,230.76,remora1,remora3,0,0,0,0,0,0,0,0,0,0,0,0,0,0,0,0,0,0,0,0,2.85,2.83,2.81,2.79,2.76,2.74,2.72,2.7,2.68,2.66,4.25,4.24,4.23,4.22,4.2,4.19,4.18,4.17,4.16,4.15,0.27,0,1,0,0,0,0,0,1,GradualMotor,aggregation
26,231.76,remora1,remora3,0,0,0,0,0,0,0,0,0,0,0,0,0,0,0,0,0,0,0,0,2.64,2.61,2.59,2.57,2.56,2.54,2.53,2.52,2.5,2.48,4.13,4.12,4.11,4.1,4.09,4.09,4.08,4.07,4.06,4.05,0.08,0,1,0,0,0,0,0,1,GradualMotor,aggregation
26,232.76,remora1,remora3,0,0,0,0,0,0,0,0,0,0,0,0,0,0,0,0,0,0,0,0,2.47,2.45,2.43,2.41,2.39,2.37,2.36,2.34,2.32,2.3,4.05,4.04,4.04,4.03,4.02,4.01,4,3.99,3.99,3.98,0,0,1,0,0,0,0,0,1,GradualMotor,aggregation
26,233.76,remora1,remora3,0,0,0,0,0,0,0,0,0,0,0,0,0,0,0,0,0,0,0,0,2.28,2.27,2.25,2.24,2.22,2.21,2.19,2.17,2.16,2.14,3.97,3.96,3.95,3.94,3.94,3.93,3.92,3.91,3.9,3.89,0,0,1,0,0,0,0,0,1,GradualMotor,aggregation
26,234.76,remora1,remora3,0,0,0,0,0,0,0,0,0,0,0,0,0,0,0,0,0,0,0,0,2.13,2.11,2.1,2.08,2.07,2.05,2.04,2.02,2,1.98,3.89,3.88,3.87,3.86,3.85,3.85,3.84,3.83,3.82,3.81,0,0,1,0,0,0,0,0,1,GradualMotor,aggregation
26,235.76,remora1,remora3,0,0,0,0,0,0,0,0,0,0,0,0,0,0,0,0,0,0,0,0,1.96,1.95,1.93,1.91,1.9,1.89,1.87,1.86,1.85,1.83,3.8,3.8,3.79,3.78,3.77,3.77,3.76,3.75,3.75,3.74,0,0,1,0,0,0,0,0,1,GradualMotor,aggregation
26,236.76,remora1,remora3,0,0,0,0,0,0,0,0,0,0,0,0,0,0,0,0,0,0,0,0,1.82,1.8,1.79,1.78,1.77,1.75,1.74,1.73,1.72,1.71,3.73,3.72,3.72,3.71,3.7,3.7,3.69,3.68,3.68,3.67,0,0,1,0,0,0,0,0,1,GradualMotor,aggregation
26,237.76,remora1,remora3,0,0,0,0,0,0,0,0,0,0,0,0,0,0,0,0,0,0,0,0,1.69,1.68,1.66,1.65,1.64,1.62,1.62,1.6,1.59,1.58,3.66,3.66,3.65,3.64,3.64,3.63,3.62,3.62,3.61,3.6,0,0,1,0,0,0,0,0,1,GradualMotor,aggregation
26,238.76,remora1,remora3,0,0,0,0,0,0,0,0,0,0,0,0,0,0,0,0,0,0,0,0,1.57,1.56,1.55,1.54,1.53,1.52,1.51,1.51,1.51,1.51,3.6,3.6,3.59,3.59,3.59,3.59,3.59,3.59,3.59,3.59,0,0,1,0,0,0,0,0,1,GradualMotor,aggregation
26,239.76,remora1,remora3,0,0,0,0,0,0,0,0,0,0,0,0,0,0,0,0,0,0,0,0,1.51,1.51,1.51,1.51,1.51,1.51,1.51,1.51,1.51,1.51,3.59,3.59,3.59,3.59,3.59,3.59,3.59,3.59,3.59,3.59,0,0,1,0,0,0,0,0,1,GradualMotor,aggregation
26,240.76,remora1,remora3,0,0,0,0,0,0,0,0,0,0,0,0,0,0,0,0,0,0,0,0,1.51,1.51,1.51,1.51,1.51,1.51,1.51,1.51,1.51,1.51,3.59,3.59,3.59,3.59,3.59,3.6,3.6,3.6,3.6,3.6,0,0,1,0,0,0,0,0,1,GradualMotor,aggregation
26,241.76,remora1,remora3,0,0,0,0,0,0,0,0,0,0,0,0,0,0,0,0,0,0,0,0,1.51,1.51,1.51,1.51,1.51,1.51,1.51,1.51,1.51,1.51,3.6,3.6,3.6,3.6,3.6,3.61,3.61,3.6,3.6,3.59,0,0,1,0,0,0,0,0,1,GradualMotor,aggregation
26,242.76,remora1,remora3,0,0,0,0,0,0,0,0,0,0,0,0,0,0,0,0,0,0,0,0,1.51,1.51,1.51,1.51,1.51,1.51,1.51,1.51,1.51,1.51,3.59,3.58,3.58,3.57,3.57,3.56,3.56,3.55,3.55,3.54,0,0,1,0,0,0,0,0,1,GradualMotor,aggregation
26,243.76,remora1,remora3,0,0,0,0,0,0,0,0,0,0,0,0,0,0,0,0,0,0,0,0,1.51,1.51,1.51,1.51,1.51,1.51,1.51,1.51,1.51,1.51,3.54,3.53,3.53,3.52,3.52,3.51,3.51,3.52,3.52,3.52,0,0,1,0,0,0,0,0,1,GradualMotor,aggregation
26,124.76,remora1,remora2,-21.38,-21.38,-21.38,-8.89,-8.89,-0.16,-8.6,-8.6,-8.33,-8.33,-20.56,-20.56,-20.56,-8.06,-8.06,0.66,-7.78,-7.78,-7.51,-7.51,3.87,3.89,3.91,3.92,3.93,3.95,3.97,3.97,3.96,3.98,5.52,5.53,5.55,5.55,5.56,5.57,5.58,5.59,5.6,5.61,80.91,0,0,1,0,0,0,-1,0,None,aggregation
26,125.76,remora1,remora2,-20.59,-20.59,-8.03,-8.03,-7.86,-7.86,-8.02,-8.02,-8.02,-20.78,-19.77,-19.77,-7.2,-7.2,-7.04,-7.04,-7.19,-7.19,-7.19,-19.96,4,4.01,4.01,4.02,4.02,4.04,4.06,4.07,4.08,4.09,5.62,5.63,5.64,5.66,5.66,5.68,5.69,5.7,5.71,5.73,82.08,0,0,1,0,0,0,-1,0,None,aggregation
26,126.76,remora1,remora2,-21.49,-21.49,-9,-9,-9.23,-9.23,-8.91,-8.91,-8.99,-8.99,-20.67,-20.67,-8.18,-8.18,-8.41,-8.41,-8.09,-8.09,-8.17,-8.17,4.11,4.1,4.08,4.08,4.08,4.09,4.09,4.07,4.06,4.06,5.74,5.75,5.76,5.77,5.77,5.78,5.79,5.79,5.8,5.81,87.07,0,0,1,0,0,0,-1,0,None,aggregation
26,127.76,remora1,remora2,-8.99,-9.1,-21.87,-21.87,-8.77,-8.77,-9,-9,-0.48,-0.48,-8.17,-8.28,-21.05,-21.05,-7.95,-7.95,-8.17,-8.17,0.34,0.34,4.06,4.06,4.06,4.07,4.08,4.06,4.05,4.04,4.03,4.01,5.82,5.83,5.84,5.85,5.86,5.87,5.88,5.88,5.89,5.9,91.64,0,0,1,0,0,0,-1,0,None,aggregation
26,128.76,remora1,remora2,-22.28,-22.28,-21.81,-21.81,-8.48,-8.48,-8.38,-8.38,-8.47,-8.47,-21.46,-21.46,-20.98,-20.98,-7.65,-7.65,-7.56,-7.56,-7.65,-7.65,3.99,3.99,4,4,3.99,3.97,3.95,3.94,3.94,3.92,5.9,5.91,5.93,5.94,5.95,5.96,5.96,5.97,5.97,5.97,99.02,0,0,1,0,0,0,-1,0,None,aggregation
26,129.76,remora1,remora2,-8.26,-8.26,-8.18,-8.18,-0.19,-0.19,-0.19,-8.05,-21.7,-21.7,-7.43,-7.43,-7.36,-7.36,0.63,0.63,0.63,-7.23,-20.88,-20.88,3.9,3.88,3.87,3.85,3.83,3.82,3.82,3.81,3.8,3.8,5.98,5.98,5.98,5.98,5.99,6,6.01,6.02,6.02,6.04,97.92,0,0,1,0,0,0,-1,0,None,aggregation
26,130.76,remora1,remora2,-21.7,-7.98,-7.94,-7.94,-8.03,-8.03,-7.98,-7.98,-7.77,-7.77,-20.88,-7.16,-7.11,-7.11,-7.21,-7.21,-7.16,-7.16,-6.95,-6.95,3.82,3.82,3.8,3.8,3.79,3.78,3.76,3.75,3.73,3.74,6.06,6.07,6.07,6.08,6.09,6.1,6.11,6.12,6.13,6.14,99.81,0,0,1,0,0,0,-1,0,None,aggregation
26,131.76,remora1,remora2,-7.61,-7.61,-7.61,-7.61,-7.53,-7.53,-7.45,-7.45,-7.26,-7.26,-6.79,-6.79,-6.79,-6.79,-6.71,-6.71,-6.63,-6.63,-6.44,-6.44,3.75,3.75,3.73,3.71,3.69,3.68,3.67,3.66,3.65,3.63,6.15,6.16,6.17,6.17,6.17,6.17,6.18,6.18,6.18,6.18,97.28,0,0,1,0,0,0,-1,0,None,aggregation
26,132.76,remora1,remora2,-7.19,-7.19,-7.19,-7.19,-7.23,-7.23,-7.19,-7.19,-7.19,-7.01,-6.37,-6.37,-6.37,-6.37,-6.41,-6.41,-6.37,-6.37,-6.37,-6.19,3.61,3.6,3.59,3.58,3.56,3.56,3.57,3.55,3.54,3.54,6.18,6.19,6.19,6.18,6.18,6.17,6.17,6.17,6.17,6.17,96.98,0,0,1,0,0,0,-1,0,None,aggregation
26,133.76,remora1,remora2,-6.86,-6.86,-20.28,-20.28,-20.26,-20.26,-6.5,-6.5,-4,-4,-6.04,-6.04,-19.45,-19.45,-19.44,-19.44,-5.68,-5.68,-3.18,-3.18,3.55,3.57,3.58,3.57,3.55,3.55,3.56,3.58,3.59,3.57,6.17,6.18,6.19,6.19,6.19,6.2,6.2,6.2,6.21,6.2,98.74,0,0,1,0,0,0,-1,0,None,aggregation
26,134.76,remora1,remora2,-20.7,-20.7,-20.68,-20.68,-6.58,-6.58,-6.38,-6.38,-6.3,-6.3,-19.88,-19.88,-19.86,-19.86,-5.76,-5.76,-5.56,-5.56,-5.48,-5.48,3.55,3.55,3.56,3.54,3.53,3.54,3.55,3.56,3.57,3.58,6.2,6.2,6.2,6.2,6.2,6.2,6.21,6.21,6.21,6.22,99.22,0,0,1,0,0,0,-1,0,None,aggregation
26,135.76,remora1,remora2,-20.11,-20.11,-20.11,-6.24,-6.24,-6.24,2.23,2.23,2.23,-20.04,-19.28,-19.28,-19.28,-5.42,-5.42,-5.42,3.01,3.01,3.01,-19.22,3.57,3.56,3.54,3.53,3.54,3.55,3.56,3.55,3.53,3.52,6.22,6.21,6.21,6.21,6.22,6.22,6.22,6.22,6.21,6.21,98.26,0,0,1,0,0,0,-1,0,None,aggregation
26,136.76,remora1,remora2,-20.04,-20.04,-5.98,-5.98,-5.96,-5.96,-5.94,-5.94,-5.94,-5.87,-19.22,-19.22,-5.16,-5.16,-5.14,-5.14,-5.12,-5.12,-5.12,-5.05,3.5,3.5,3.51,3.51,3.52,3.51,3.5,3.49,3.48,3.47,6.21,6.21,6.22,6.22,6.22,6.22,6.22,6.22,6.22,6.22,95.51,0,0,1,0,0,0,-1,0,None,aggregation
26,137.76,remora1,remora2,3.15,3.15,-5.83,-5.83,-19.42,-19.42,-5.51,-5.51,-5.67,-5.67,3.91,3.91,-5.01,-5.01,-18.6,-18.6,-4.69,-4.69,-4.85,-4.85,3.46,3.46,3.47,3.47,3.46,3.44,3.43,3.41,3.39,3.38,6.22,6.22,6.22,6.22,6.22,6.22,6.22,6.22,6.22,6.22,93.75,0,0,1,0,0,0,-1,0,None,aggregation
26,138.76,remora1,remora2,-5.67,-5.62,3.86,3.86,-5.17,-5.17,-5.05,-5.05,-19.32,-19.32,-4.85,-4.8,4.61,4.61,-4.35,-4.35,-4.23,-4.23,-18.5,-18.5,3.37,3.37,3.36,3.35,3.33,3.32,3.31,3.3,3.28,3.28,6.22,6.22,6.22,6.22,6.21,6.21,6.21,6.21,6.21,6.22,87.83,0,0,1,0,0,0,-1,0,None,aggregation
26,139.76,remora1,remora2,1.89,1.89,2.32,2.32,-4.92,-4.92,-4.9,-4.9,-4.62,-4.62,2.67,2.67,3.09,3.09,-4.1,-4.1,-4.08,-4.08,-3.8,-3.8,3.29,3.29,3.28,3.29,3.29,3.29,3.28,3.27,3.25,3.25,6.22,6.22,6.22,6.22,6.22,6.22,6.22,6.22,6.22,6.23,83.26,0,0,1,0,0,0,-1,0,None,aggregation
26,140.76,remora1,remora2,4.96,4.96,-18.2,-18.2,-4.31,-4.31,-4.27,-4.27,-4.25,-4.25,5.69,5.69,-17.38,-17.38,-3.49,-3.49,-3.45,-3.45,-3.42,-3.42,3.26,3.27,3.28,3.28,3.28,3.28,3.28,3.27,3.27,3.27,6.23,6.23,6.23,6.24,6.24,6.24,6.24,6.24,6.23,6.23,81.3,0,0,1,0,0,0,-1,0,None,aggregation
26,141.76,remora1,remora2,5.74,5.74,-17.61,-17.61,-17.6,-17.6,16.25,16.25,16.25,6.14,6.46,6.46,-16.79,-16.79,-16.78,-16.78,16.77,16.77,16.77,6.85,3.27,3.27,3.27,3.26,3.25,3.24,3.24,3.23,3.23,3.23,6.23,6.22,6.22,6.21,6.21,6.2,6.2,6.2,6.19,6.19,87.92,0,0,1,0,0,0,-1,0,None,aggregation
26,142.76,remora1,remora2,-17.04,-17.04,-3.14,-3.14,-3.35,-3.35,6.81,6.81,6.81,-3.11,-16.22,-16.22,-2.32,-2.32,-2.52,-2.52,7.5,7.5,7.5,-2.29,3.23,3.23,3.23,3.23,3.22,3.22,3.22,3.21,3.21,3.21,6.18,6.18,6.18,6.18,6.17,6.16,6.16,6.16,6.15,6.15,88.03,0,0,1,0,0,0,-1,0,None,aggregation
26,143.76,remora1,remora2,-15.92,-15.92,7.37,7.37,7.42,7.42,-2.57,-2.57,7.99,7.99,-15.1,-15.1,8.05,8.05,8.11,8.11,-1.75,-1.75,8.67,8.67,3.22,3.22,3.22,3.22,3.22,3.22,3.22,3.22,3.23,3.24,6.15,6.15,6.14,6.14,6.14,6.14,6.14,6.14,6.13,6.13,85.15,0,0,1,0,0,0,-1,0,None,aggregation
26,144.76,remora1,remora2,-2.09,-2.09,-1.57,-1.57,8.42,8.42,-15.36,-15.36,-1.27,-1.27,-1.27,-1.27,-0.75,-0.75,9.09,9.09,-14.54,-14.54,-0.44,-0.44,3.24,3.25,3.26,3.25,3.25,3.25,3.26,3.26,3.26,3.27,6.14,6.13,6.13,6.13,6.12,6.12,6.12,6.12,6.12,6.11,78.91,0,0,1,0,0,0,-1,0,None,aggregation
26,145.76,remora1,remora2,9.01,9.01,8.3,8.3,9.46,9.46,8.57,8.57,-0.51,-0.51,9.66,9.66,8.97,8.97,10.11,10.11,9.23,9.23,0.31,0.31,3.27,3.27,3.26,3.26,3.26,3.27,3.28,3.28,3.29,3.29,6.11,6.11,6.11,6.1,6.1,6.1,6.1,6.1,6.1,6.1,75.86,0,0,1,0,0,0,-1,0,None,aggregation
26,146.76,remora1,remora2,-0.51,8.99,-13.19,-13.19,9.67,9.67,9.68,9.68,0.47,0.47,0.31,9.65,-12.37,-12.37,10.32,10.32,10.32,10.32,1.27,1.27,3.28,3.27,3.26,3.25,3.24,3.23,3.23,3.23,3.24,3.25,6.1,6.1,6.09,6.08,6.08,6.08,6.08,6.07,6.07,6.08,75.17,0,0,1,0,0,0,-1,0,None,aggregation
26,147.76,remora1,remora2,9.93,9.93,10.84,10.84,11.28,11.28,-11.59,-11.59,10.89,10.89,10.57,10.57,11.46,11.46,11.9,11.9,-10.77,-10.77,11.51,11.51,3.25,3.26,3.27,3.28,3.28,3.28,3.29,3.28,3.28,3.29,6.08,6.08,6.08,6.08,6.08,6.09,6.09,6.08,6.08,6.08,78.59,0,0,1,0,0,0,-1,0,None,aggregation
26,148.76,remora1,remora2,10.89,11.84,2.14,2.14,2.14,12.19,12.19,-10.51,12.69,12.69,11.51,12.45,2.92,2.92,2.92,12.79,12.79,-9.69,13.28,13.28,3.3,3.31,3.32,3.31,3.3,3.3,3.31,3.31,3.31,3.31,6.09,6.09,6.09,6.09,6.09,6.09,6.09,6.1,6.1,6.1,80.23,0,0,1,0,0,0,-1,0,None,aggregation
26,149.76,remora1,remora2,12.69,-10.51,12.97,12.97,13.08,13.08,13.08,3.55,13.71,13.71,13.28,-9.69,13.56,13.56,13.66,13.66,13.66,4.31,14.28,14.28,3.32,3.32,3.3,3.3,3.3,3.31,3.32,3.33,3.32,3.33,6.11,6.11,6.11,6.11,6.11,6.12,6.13,6.13,6.13,6.14,88.75,0,0,1,0,0,0,-1,0,None,aggregation
26,150.76,remora1,remora2,3.98,3.98,14.12,14.12,4.66,4.66,14.49,14.49,5.12,5.12,4.73,4.73,14.68,14.68,5.39,5.39,15.05,15.05,5.85,5.85,3.33,3.33,3.32,3.33,3.33,3.34,3.35,3.36,3.37,3.37,6.14,6.14,6.14,6.15,6.15,6.16,6.17,6.18,6.18,6.19,90.62,0,0,1,0,0,0,-1,0,None,aggregation
26,151.76,remora1,remora2,13.59,13.59,5.76,5.76,5.76,15.4,13.97,13.97,6.63,6.63,14.16,14.16,6.47,6.47,6.47,15.93,14.53,14.53,7.33,7.33,3.36,3.37,3.38,3.39,3.41,3.42,3.43,3.44,3.45,3.46,6.19,6.2,6.2,6.21,6.22,6.23,6.24,6.25,6.25,6.26,87.34,0,0,1,0,0,0,-1,0,None,aggregation
26,152.76,remora1,remora2,14.45,14.45,16.09,16.09,7.49,7.49,16.39,16.39,14.75,14.75,15,15,16.61,16.61,8.18,8.18,16.9,16.9,15.29,15.29,3.48,3.5,3.51,3.53,3.55,3.57,3.57,3.58,3.59,3.61,6.26,6.27,6.28,6.29,6.3,6.31,6.31,6.32,6.33,6.34,94.57,0,0,1,0,0,0,-1,0,None,aggregation
26,153.76,remora1,remora2,8.14,8.14,15.17,15.17,17,17,-2.35,-2.35,17.32,17.32,8.81,8.81,15.71,15.71,17.51,17.51,-1.52,-1.52,17.81,17.81,3.61,3.62,3.62,3.63,3.64,3.65,3.67,3.67,3.68,3.69,6.35,6.35,6.36,6.37,6.38,6.39,6.4,6.41,6.41,6.42,98.41,0,0,1,0,0,0,-1,0,None,aggregation
26,154.76,remora1,remora2,15.71,15.71,9.94,9.94,16.14,16.14,17.9,17.9,16.16,16.16,16.24,16.24,10.58,10.58,16.66,16.66,18.39,18.39,16.68,16.68,3.7,3.71,3.72,3.72,3.73,3.74,3.75,3.76,3.77,3.78,6.43,6.44,6.45,6.46,6.47,6.49,6.5,6.51,6.52,6.53,108.37,0,0,1,0,0,0,-1,0,None,aggregation
26,155.76,remora1,remora2,10.84,10.84,16.62,16.62,1.22,1.22,11.48,11.48,1.97,1.97,11.46,11.46,17.13,17.13,2.02,2.02,12.09,12.09,2.75,2.75,3.78,3.78,3.78,3.78,3.79,3.79,3.79,3.8,3.8,3.81,6.54,6.55,6.56,6.57,6.57,6.58,6.59,6.6,6.61,6.62,109.78,0,0,1,0,0,0,-1,0,None,aggregation
26,156.76,remora1,remora2,18.98,18.98,12.34,12.34,3.73,3.73,3.73,13.1,17.99,17.99,19.44,19.44,12.94,12.94,4.48,4.48,4.48,13.68,18.47,18.47,3.81,3.81,3.81,3.82,3.82,3.83,3.84,3.85,3.86,3.88,6.62,6.63,6.64,6.65,6.66,6.67,6.68,6.69,6.7,6.71,114.69,0,0,1,0,0,0,-1,0,None,aggregation
26,157.76,remora1,remora2,13.36,13.36,4.69,4.69,4.92,4.92,18.36,18.36,14.2,14.2,13.93,13.93,5.43,5.43,5.65,5.65,18.83,18.83,14.76,14.76,3.89,3.89,3.89,3.89,3.88,3.88,3.88,3.89,3.91,3.92,6.73,6.74,6.75,6.76,6.76,6.77,6.78,6.79,6.81,6.82,115.03,0,0,1,0,0,0,-1,0,None,aggregation
26,158.76,remora1,remora2,6.14,6.14,6.36,6.36,6.36,18.94,7.31,7.31,15.18,15.18,6.84,6.84,7.06,7.06,7.06,19.4,7.99,7.99,15.72,15.72,3.94,3.95,3.95,3.95,3.94,3.94,3.95,3.96,3.97,3.99,6.83,6.84,6.85,6.86,6.87,6.88,6.89,6.91,6.92,6.93,115.68,0,0,1,0,0,0,-1,0,None,aggregation
26,159.76,remora1,remora2,15.18,7.77,21.12,21.12,-4.77,-4.77,-4.76,-4.76,-4.71,-4.71,15.72,8.45,21.53,21.53,-15.23,-15.23,-15.22,-15.22,-15.17,-15.17,4,4.01,4.02,4.04,4.05,4.04,4.02,4,3.99,3.98,6.94,6.96,6.97,6.99,7,7.01,7.01,7.01,7,7,116.13,0,0,1,0,0,0,-1,0,None,aggregation
26,160.76,remora1,remora2,3.41,3.41,2.9,2.9,3.17,3.17,11.43,11.43,-4.57,-4.57,4.16,4.16,3.67,3.67,3.93,3.93,12.04,12.04,-15.04,-15.04,3.97,3.97,3.97,3.98,3.98,3.99,3.99,3.99,4,3.99,7.01,7.01,7.02,7.03,7.04,7.05,7.06,7.07,7.08,6.11,113.75,0,0,1,0,0,0,-1,0,None,aggregation
26,161.76,remora1,remora2,-4.5,-4.5,0.32,0.32,-0.45,-0.45,-0.45,-0.45,-0.46,-0.46,-14.96,-14.96,1.13,1.13,0.37,0.37,0.37,0.37,0.37,0.37,3.99,3.98,3.97,3.96,3.96,3.96,3.96,3.95,3.93,3.92,6.11,6.11,6.1,6.11,6.11,6.11,6.12,6.12,6.12,6.12,105.45,0,0,1,0,0,0,-1,0,None,aggregation
26,162.76,remora1,remora2,12.2,12.2,8.22,8.22,-4.29,-4.29,-4.29,-4.18,-2.86,-2.86,12.79,12.79,8.89,8.89,-14.76,-14.76,-14.76,-14.64,-2.04,-2.04,3.91,3.92,3.93,3.93,3.94,3.94,3.93,3.93,3.93,3.92,6.12,6.13,6.14,6.15,6.15,6.16,6.16,6.16,6.17,6.17,99.83,0,0,1,0,0,0,-1,0,None,aggregation
26,163.76,remora1,remora2,-2.86,-3.65,-3.39,-3.39,-2.85,-2.85,-2.85,-2.84,9.56,9.56,-2.04,-2.83,-2.57,-2.57,-2.02,-2.02,-2.02,-2.02,10.21,10.21,3.9,3.89,3.88,3.88,3.87,3.86,3.86,3.85,3.85,3.85,6.17,6.17,6.17,6.17,6.17,6.18,6.18,6.18,6.18,6.19,91.81,0,0,1,0,0,0,-1,0,None,aggregation
26,164.76,remora1,remora2,5.11,5.11,5.23,5.23,5.49,5.49,-2.34,-2.34,-3.96,-3.96,5.83,5.83,5.95,5.95,6.21,6.21,-1.52,-1.52,-14.43,-14.43,3.85,3.84,3.84,3.83,3.83,3.83,3.83,3.83,3.83,3.83,6.19,6.2,6.2,6.21,6.21,6.22,6.22,6.23,6.23,6.23,81.98,0,0,1,0,0,0,-1,0,None,aggregation
26,165.76,remora1,remora2,4.6,4.6,3.72,3.72,3.87,3.87,-3.77,-3.77,-3.77,-5.31,5.34,5.34,4.47,4.47,4.62,4.62,-14.24,-14.24,-14.24,-4.49,3.83,3.82,3.82,3.81,3.8,3.8,3.8,3.8,3.8,3.79,6.23,4.35,4.35,4.35,4.35,4.36,4.36,4.36,4.35,4.35,79.08,0,0,1,0,0,0,-1,0,None,aggregation
26,166.76,remora1,remora2,1.83,1.83,1.83,1.83,-6.14,-6.14,-6.13,-6.13,-6.13,-6.13,2.61,2.61,2.62,2.62,-5.31,-5.31,-5.31,-5.31,-5.31,-5.31,3.78,3.78,3.79,3.79,3.79,3.79,3.79,3.78,3.77,3.76,4.35,4.35,4.36,4.36,4.37,4.37,4.37,4.37,4.36,4.36,70.81,0,0,1,0,0,0,-1,0,None,aggregation
26,167.76,remora1,remora2,-6.12,-6.12,-5.82,-5.82,-5.81,-5.81,6.44,6.44,-6.09,-6.09,-5.3,-5.3,-5,-5,-4.99,-4.99,7.14,7.14,-5.27,-5.27,3.75,3.75,3.75,3.74,3.74,3.73,3.72,3.71,3.71,3.71,4.36,4.36,4.36,4.36,4.35,4.35,4.35,4.35,4.35,4.35,65.2,0,0,1,0,0,0,-1,0,None,aggregation
26,168.76,remora1,remora2,-5.54,-5.54,-5.54,-5.54,2.31,2.31,2.32,2.32,2.59,2.59,-4.72,-4.72,-4.72,-4.72,3.09,3.09,3.1,3.1,3.36,3.36,3.71,3.7,3.7,3.7,3.69,3.69,3.69,3.68,3.68,3.68,4.35,4.35,4.34,4.34,4.34,4.34,4.34,4.35,4.35,4.35,59.08,0,0,1,0,0,0,-1,0,None,aggregation
26,169.76,remora1,remora2,2.74,2.74,-4.7,-4.7,-4.44,-4.44,3.26,3.26,9.06,9.06,3.51,3.51,-3.88,-3.88,-3.62,-3.62,4.02,4.02,9.72,9.72,3.67,3.67,3.67,3.67,3.67,3.67,3.67,3.66,3.66,3.66,4.35,4.36,4.36,4.36,4.36,4.36,4.36,4.36,4.37,4.37,51.37,0,0,1,0,0,0,-1,0,None,aggregation
26,170.76,remora1,remora2,3.52,3.52,-3.91,-3.91,4.03,4.03,4.15,4.15,-3.09,-3.09,4.28,4.28,-3.09,-3.09,4.77,4.77,4.89,4.89,-2.27,-2.27,3.66,3.66,3.66,3.66,3.66,3.66,3.66,3.66,3.66,3.66,4.37,4.38,4.38,4.39,4.39,4.39,4.4,4.4,4.41,4.41,48.73,0,0,1,0,0,0,-1,0,None,aggregation
26,171.76,remora1,remora2,4.38,4.38,4.53,4.53,4.79,4.79,-2.31,-2.31,5.14,5.14,5.12,5.12,5.27,5.27,5.52,5.52,-1.49,-1.49,5.86,5.86,3.65,3.65,3.64,3.64,3.65,3.65,3.65,3.65,3.65,3.65,4.4,4.4,4.4,4.41,4.41,4.42,4.43,4.43,4.43,4.44,51.06,0,0,1,0,0,0,-1,0,None,aggregation
26,172.76,remora1,remora2,5.13,5.13,-1.79,-1.79,5.88,5.88,5.88,5.88,-4.15,-4.15,5.86,5.86,-0.97,-0.97,6.6,6.6,6.59,6.59,-14.62,-14.62,3.65,3.66,3.66,3.66,3.66,3.66,3.65,3.65,3.65,3.64,4.44,4.45,4.45,4.46,4.46,4.46,4.47,4.47,4.47,4.47,48.31,0,0,1,0,0,0,-1,0,None,aggregation
26,173.76,remora1,remora2,-4.04,-4.04,3.02,3.02,1.85,1.85,1.99,1.99,-4.74,-4.74,-14.5,-14.5,3.78,3.78,2.63,2.63,2.77,2.77,-3.92,-3.92,3.63,3.63,3.62,3.62,3.61,3.61,3.61,3.61,3.61,3.61,4.46,4.46,4.46,4.46,4.46,4.46,4.46,4.47,4.47,4.47,48.51,0,0,1,0,0,0,-1,0,None,aggregation
26,174.76,remora1,remora2,-5.03,-5.03,6.02,6.02,2.64,2.64,2.78,2.78,-4.49,-4.49,-4.21,-4.21,6.73,6.73,3.41,3.41,3.54,3.54,-3.67,-3.67,3.61,3.6,3.6,3.6,3.6,3.6,3.6,3.6,3.6,3.6,4.47,4.47,4.47,4.47,4.48,4.48,4.48,4.49,4.49,4.49,47.15,0,0,1,0,0,0,-1,0,None,aggregation
26,175.76,remora1,remora2,3.02,3.02,3.14,3.14,3.41,3.41,-3.86,-3.86,-3.71,-3.71,3.78,3.78,3.9,3.9,4.17,4.17,-14.33,-14.33,-14.17,-14.17,3.6,3.6,3.59,3.59,3.58,3.58,3.58,3.58,3.58,3.57,4.49,6.2,6.19,6.19,6.18,6.17,6.17,6.15,6.14,6.13,47.05,0,0,1,0,0,0,-1,0,None,aggregation
26,176.76,remora1,remora2,-3.71,0.04,-1.37,-1.37,-1.24,-1.24,-1.09,-1.09,-1.24,-1.24,-14.17,0.86,-0.55,-0.55,-0.42,-0.42,-0.27,-0.27,-0.42,-0.42,3.56,3.56,3.56,3.56,3.55,3.55,3.54,3.54,3.54,3.54,6.12,6.12,6.12,6.12,6.11,6.11,6.1,6.1,6.1,6.09,44.33,0,0,0,0,0,0,-1,0,None,aggregation
26,177.76,remora1,remora2,-8.32,-8.32,-8.02,-8.02,-0.94,-0.94,-0.94,-0.93,-0.93,-0.93,-7.5,-7.5,-7.2,-7.2,-0.12,-0.12,-0.12,-0.11,-0.11,-0.11,3.54,3.53,3.53,3.52,3.52,3.52,3.51,3.51,3.51,3.51,6.08,6.07,6.06,6.04,6.03,6.02,6.02,6.02,6.02,6.01,41.95,0,0,0,0,0,0,-1,0,None,aggregation
26,178.76,remora1,remora2,-7.18,-7.18,-7.18,-7.18,-7.43,-7.43,3.2,3.2,-7.15,-7.15,-6.36,-6.36,-6.35,-6.35,-6.6,-6.6,3.96,3.96,-6.33,-6.33,3.51,3.51,3.51,3.5,3.5,3.49,3.49,3.49,3.49,3.49,6,6,5.99,5.99,5.99,5.98,5.97,5.96,5.95,5.94,44.4,0,0,0,0,0,0,-1,0,None,aggregation
26,179.76,remora1,remora2,-7.15,-7.15,-7.4,-7.4,-7.4,-7.68,-7.12,-7.12,-7.1,-7.1,-6.33,-6.33,-6.58,-6.58,-6.58,-6.86,-6.3,-6.3,-6.28,-6.28,3.48,3.48,3.48,3.48,3.47,3.47,3.47,3.46,3.46,3.46,5.93,5.92,5.9,5.89,5.87,5.86,5.85,5.83,5.82,5.8,46.35,0,0,1,0,0,0,-1,0,None,aggregation
26,180.76,remora1,remora2,-0.56,-0.56,-7.09,-7.09,-6.53,-6.53,-6.52,-6.52,-6.52,-6.52,0.26,0.26,-6.26,-6.26,-5.71,-5.71,-5.7,-5.7,-5.7,-5.7,3.45,3.45,3.45,3.45,3.45,3.44,3.44,3.44,3.45,3.45,5.79,5.79,5.79,5.78,5.78,5.77,5.76,5.75,5.74,5.74,47.59,0,0,1,0,0,0,-1,0,None,aggregation
26,181.76,remora1,remora2,-0.25,-0.25,0.02,0.02,-6.2,-6.2,-5.94,-5.94,-6.48,-6.48,0.57,0.57,0.83,0.83,-5.38,-5.38,-5.12,-5.12,-5.66,-5.66,3.44,3.44,3.44,3.44,3.44,3.44,3.44,3.44,3.43,3.43,5.73,5.73,5.74,5.73,5.72,5.71,5.7,5.69,5.69,5.69,46.74,0,0,1,0,0,0,-1,0,None,aggregation
26,182.76,remora1,remora2,-6.48,-6.48,-5.91,-5.91,-5.9,-5.9,-5.9,-5.9,0.35,0.35,-5.66,-5.66,-5.09,-5.09,-5.08,-5.08,-5.08,-5.07,1.16,1.16,3.43,3.43,3.42,3.42,3.42,3.42,3.41,3.41,3.41,3.41,5.68,5.67,5.66,5.66,5.66,5.65,5.65,5.64,5.63,5.63,45.65,0,0,1,0,0,0,-1,0,None,aggregation
26,183.76,remora1,remora2,0.5,0.5,-5.33,-5.33,0.62,0.62,0.63,0.63,0.88,0.88,1.3,1.3,-4.51,-4.51,1.42,1.42,1.43,1.43,1.68,1.68,3.41,3.4,3.4,3.4,3.4,3.41,3.41,3.41,3.4,3.4,5.62,5.63,5.63,5.62,5.61,5.6,5.59,5.59,5.58,5.57,43.16,0,0,0,0,0,0,-1,0,None,aggregation
26,184.76,remora1,remora2,-4.78,-4.78,-4.49,-4.49,-4.48,-4.48,-4.48,-5.02,-5.02,-5.3,-3.96,-3.96,-3.67,-3.67,-3.66,-3.66,-3.66,-4.2,-4.2,-4.48,3.4,3.4,3.4,3.39,3.39,3.39,3.39,3.39,3.38,3.38,5.56,5.55,5.54,5.54,5.54,5.53,5.53,5.53,5.52,5.52,43.23,0,0,0,0,0,0,-1,0,None,aggregation
26,185.76,remora1,remora2,-4.75,-4.75,-4.74,-4.74,-4.2,-4.2,-3.9,-3.9,7.02,7.02,-3.93,-3.93,-3.92,-3.92,-3.37,-3.37,-3.08,-3.08,7.71,7.71,3.38,3.38,3.38,3.38,3.37,3.37,3.37,3.38,3.38,3.38,5.51,5.5,5.5,5.49,5.48,5.47,5.45,5.44,5.43,5.42,42.15,0,0,0,0,0,0,-1,0,None,aggregation
26,186.76,remora1,remora2,-4.18,-4.18,-4.18,-4.18,-3.64,-3.64,-3.63,-3.63,2.5,2.5,-3.36,-3.36,-3.36,-3.36,-2.82,-2.82,-2.81,-2.81,3.27,3.27,3.38,3.38,3.37,3.37,3.37,3.37,3.37,3.37,3.36,3.36,5.42,5.41,5.4,5.39,5.38,5.36,5.35,5.34,5.33,5.33,43.92,0,0,0,0,0,0,-1,0,None,aggregation
26,187.76,remora1,remora2,2.51,2.51,2.51,2.51,-3.09,-3.09,3.02,3.02,3.16,3.16,3.28,3.28,3.28,3.28,-2.27,-2.27,3.78,3.78,3.92,3.92,3.37,3.37,3.37,3.37,3.37,3.37,3.37,3.37,3.37,3.37,5.34,5.33,5.33,5.32,5.32,5.31,5.3,5.29,5.28,5.27,43.59,0,0,0,0,0,0,-1,0,None,aggregation
26,188.76,remora1,remora2,3.27,3.27,8.24,8.24,8.24,3.52,3.52,3.52,-1.23,-1.23,4.03,4.03,8.91,8.91,8.91,4.28,4.28,4.28,-0.41,-0.41,3.37,3.37,3.37,3.37,3.37,3.37,3.38,3.38,3.38,3.38,5.27,5.27,5.27,5.28,5.29,5.29,5.29,5.29,5.29,5.28,42.05,0,0,0,0,0,0,-1,0,None,aggregation
26,189.76,remora1,remora2,4.41,4.41,4.41,4.41,4.52,4.52,4.52,4.66,-0.19,-0.19,5.15,5.15,5.14,5.14,5.25,5.25,5.25,5.39,0.63,0.63,3.38,3.38,3.38,3.38,3.38,3.38,3.39,3.39,3.39,3.39,5.28,5.28,5.29,5.29,5.3,5.3,5.31,5.3,5.3,5.29,39.12,0,0,0,0,0,0,-1,0,None,aggregation
26,190.76,remora1,remora2,5.26,5.26,5.51,5.51,0.84,0.84,5.75,5.75,5.75,5.75,5.98,5.98,6.23,6.23,1.64,1.64,6.46,6.46,6.46,6.46,3.39,3.39,3.39,3.39,3.4,3.4,3.4,3.4,3.4,3.4,5.29,5.28,5.28,5.27,5.27,5.26,5.26,5.25,5.24,5.23,39.07,0,0,0,0,0,0,-1,0,None,aggregation
26,191.76,remora1,remora2,6.24,6.24,6.48,6.48,1.85,1.85,1.85,1.85,7.1,7.1,6.95,6.95,7.18,7.18,2.63,2.63,2.63,2.63,7.79,7.79,3.41,3.41,3.41,3.41,3.41,3.41,3.41,3.41,3.41,3.42,5.23,5.23,5.23,5.23,5.24,5.24,5.23,5.23,5.22,5.22,40.55,0,0,0,0,0,0,-1,0,None,aggregation
26,192.76,remora1,remora2,2.6,2.6,7.69,7.69,7.68,7.68,8.16,8.16,4.08,4.08,3.37,3.37,8.37,8.37,8.36,8.36,8.83,8.83,4.83,4.83,3.42,3.42,3.42,3.42,3.43,3.43,3.44,3.44,3.44,3.45,5.22,5.22,5.21,5.22,5.22,5.22,5.22,5.22,5.22,5.22,42.29,0,0,0,0,0,0,-1,0,None,aggregation
26,193.76,remora1,remora2,8.52,8.52,4.08,4.08,9.1,9.1,9.33,9.33,9.8,9.8,9.18,9.18,4.82,4.82,9.75,9.75,9.98,9.98,10.44,10.44,3.45,3.45,3.45,3.46,3.46,3.46,3.47,3.47,3.48,3.48,5.23,5.23,5.22,5.21,5.21,5.2,5.2,5.21,5.21,5.22,48.96,0,0,1,0,0,0,-1,0,None,aggregation
26,194.76,remora1,remora2,9.8,5.79,5.79,10.14,-4.71,-4.71,-4.71,-4.66,3.06,3.06,10.44,6.51,6.51,10.78,-15.18,-15.18,-15.18,-15.13,3.82,3.82,3.49,3.49,3.5,3.5,3.5,3.5,3.49,3.49,3.49,3.48,5.23,5.23,5.22,5.23,5.23,5.23,5.22,5.21,5.2,5.19,52.58,0,0,1,0,0,0,-1,0,None,aggregation
26,195.76,remora1,remora2,3.06,3.06,1.8,1.8,1.8,1.8,6.79,6.79,-4.5,-4.5,3.82,3.82,2.58,2.58,2.58,2.58,7.48,7.48,-14.96,-14.96,3.48,3.48,3.49,3.49,3.48,3.48,3.48,3.49,3.49,3.48,5.19,5.19,5.2,5.19,5.18,5.18,5.18,5.18,5.18,5.17,52.86,0,0,1,0,0,0,-1,0,None,aggregation
26,196.76,remora1,remora2,-4.42,-4.42,4.05,4.05,-1.87,-1.87,2.77,2.77,2.89,2.89,-14.89,-14.89,4.8,4.8,-1.05,-1.05,3.53,3.53,3.65,3.65,3.48,3.48,3.47,3.47,3.47,3.47,3.47,3.47,3.47,3.47,5.15,5.13,5.12,5.11,5.1,5.09,5.08,5.07,5.06,5.06,53.88,0,0,1,0,0,0,-1,0,None,aggregation
26,197.76,remora1,remora2,-1.1,-1.1,-1.1,-1.1,3.4,3.4,3.65,3.65,-4.21,-4.21,-0.28,-0.28,-0.28,-0.28,4.15,4.15,4.41,4.41,-14.68,-14.68,3.47,3.47,3.47,3.47,3.47,3.47,3.47,3.47,3.47,3.47,5.06,5.06,5.06,5.06,5.04,5.04,5.04,5.04,5.04,5.02,54.52,0,0,1,0,0,0,-1,0,None,aggregation
26,198.76,remora1,remora2,2.63,2.63,1.33,1.33,-2.95,-2.95,-2.7,-2.7,-2.7,-2.7,3.4,3.4,2.12,2.12,-2.13,-2.13,-1.88,-1.88,-1.88,-1.88,3.47,3.47,3.47,3.47,3.46,3.46,3.46,3.46,3.46,3.46,5.01,5,4.99,4.98,4.97,4.96,4.95,4.93,4.92,4.91,52.25,0,0,1,0,0,0,-1,0,None,aggregation
26,199.76,remora1,remora2,2,2,2.12,2.12,-1.62,-1.62,2.63,2.63,2.51,2.51,2.78,2.78,2.9,2.9,-0.8,-0.8,3.4,3.4,3.28,3.28,3.46,3.46,3.46,3.46,3.46,3.46,3.46,3.46,3.46,3.46,4.9,4.89,4.88,4.87,4.86,4.85,4.84,4.83,4.83,4.83,50.73,0,0,1,0,0,0,-1,0,None,aggregation
26,200.76,remora1,remora2,-1.88,-1.88,3.02,3.02,3.02,3.14,-4.17,-4.17,-1.63,-1.63,-1.06,-1.06,3.79,3.79,3.79,3.9,-14.63,-14.63,-0.81,-0.81,3.46,3.46,3.46,3.46,3.46,3.46,3.47,3.46,3.46,3.46,4.83,4.83,4.82,4.81,4.81,4.81,4.81,4.8,4.79,4.78,49.54,0,0,1,0,0,0,-1,0,None,aggregation
26,201.76,remora1,remora2,0.95,0.95,-3.23,-3.23,-2.95,-2.95,1.6,1.6,1.75,1.75,1.75,1.75,-2.41,-2.41,-2.13,-2.13,2.39,2.39,2.53,2.53,3.46,3.46,3.46,3.46,3.46,3.46,3.46,3.46,3.46,3.46,4.78,4.77,4.77,4.77,4.76,4.76,4.75,4.75,4.75,4.75,46.64,0,0,1,0,0,0,-1,0,None,aggregation
26,202.76,remora1,remora2,-2.7,-2.7,1.85,1.85,2.12,2.12,2.38,2.38,2.38,-1.63,-1.87,-1.87,2.64,2.64,2.9,2.9,3.15,3.15,3.15,-0.81,3.46,3.46,3.46,3.46,3.46,3.46,3.46,3.46,3.46,3.46,4.74,4.74,4.74,4.74,4.75,4.74,4.74,4.74,4.74,4.74,42.6,0,0,0,0,0,0,-1,0,None,aggregation
26,203.76,remora1,remora2,2.51,2.51,2.51,2.51,-4.12,-4.12,1.86,1.86,0.7,0.7,3.28,3.28,3.28,3.28,-14.59,-14.59,2.64,2.64,1.5,1.5,3.46,3.46,3.46,3.46,3.46,3.46,3.45,3.45,3.45,3.45,4.74,4.74,4.74,4.74,4.74,4.73,4.72,4.72,4.72,4.72,37.8,0,0,0,0,0,0,-1,0,None,aggregation
26,204.76,remora1,remora2,0.7,-3.23,-2.95,-2.95,1.08,1.08,1.08,1.08,-2.7,-2.7,1.5,-2.41,-2.13,-2.13,1.88,1.88,1.88,1.88,-1.87,-1.87,3.45,3.45,3.45,3.45,3.45,3.45,3.45,3.45,3.45,3.45,4.71,4.71,4.71,4.7,4.7,4.7,4.7,4.69,4.69,4.69,31.8,0,0,0,0,0,0,-1,0,None,aggregation
26,205.76,remora1,remora2,-2.16,-2.16,1.87,1.87,1.6,1.6,1.6,-2.41,2.26,2.26,-1.34,-1.34,2.65,2.65,2.39,2.39,2.39,-1.59,3.04,3.04,3.45,3.45,3.45,3.45,3.45,3.45,3.45,3.45,3.45,3.45,4.68,4.67,4.67,4.67,4.67,4.67,4.67,4.67,4.66,4.66,28.99,0,0,0,0,0,0,-1,0,None,aggregation
26,206.76,remora1,remora2,2.39,2.39,-1.35,-1.35,2.77,2.77,2.9,2.9,-4.16,-4.16,3.16,3.16,-0.53,-0.53,3.54,3.54,3.66,3.66,-14.62,-14.62,3.45,3.45,3.45,3.45,3.45,3.45,3.45,3.45,3.46,3.45,4.66,4.65,4.65,4.65,4.65,4.65,4.65,4.65,4.65,4.64,28.51,0,0,0,0,0,0,-1,0,None,aggregation
26,207.76,remora1,remora2,2.11,2.11,-3.49,-3.49,-3.49,1.08,1.35,1.35,1.35,-2.41,2.89,2.89,-2.67,-2.67,-2.67,1.87,2.14,2.14,2.14,-1.59,3.45,3.45,3.45,3.45,3.45,3.45,3.45,3.45,3.45,3.45,4.63,4.63,4.62,4.62,4.62,4.62,4.61,4.61,4.61,4.61,27.08,0,0,0,0,0,0,-1,0,None,aggregation
26,208.76,remora1,remora2,-2.41,1.87,1.74,1.74,-2.16,-2.16,2.26,2.26,2.26,2.38,-1.59,2.65,2.53,2.53,-1.34,-1.34,3.04,3.04,3.04,3.16,3.45,3.45,3.45,3.45,3.45,3.45,3.45,3.45,3.45,3.45,4.61,4.61,4.61,4.61,4.6,4.6,4.6,4.6,4.6,4.6,26.98,0,0,0,0,0,0,-1,0,None,aggregation
26,209.76,remora1,remora2,2.38,-1.35,-4.1,-4.1,-3.23,-3.23,-3.23,-3.77,0.57,0.57,3.16,-0.53,-14.57,-14.57,-2.41,-2.41,-2.41,-2.94,1.37,1.37,3.45,3.45,3.45,3.45,3.45,3.45,3.45,3.44,3.44,3.44,4.6,4.6,4.6,4.59,4.58,4.58,4.57,4.57,4.57,4.57,28.19,0,0,0,0,0,0,-1,0,None,aggregation
26,210.76,remora1,remora2,0.71,0.71,-3.47,-3.47,-3.22,-3.22,1.24,1.24,1.09,1.09,1.51,1.51,-2.65,-2.65,-2.4,-2.4,2.03,2.03,1.89,1.89,3.44,3.44,3.44,3.44,3.44,3.44,3.44,3.44,3.44,3.44,4.56,4.56,4.56,4.55,4.55,4.54,4.54,4.54,4.54,4.54,26.42,0,0,0,0,0,0,-1,0,None,aggregation
26,211.76,remora1,remora2,1.09,-3.22,1.61,1.61,1.76,1.76,1.76,-2.14,-2.14,-1.87,1.89,-2.4,2.4,2.4,2.54,2.54,2.54,-1.32,-1.32,-1.04,3.44,3.44,3.44,3.44,3.44,3.44,3.44,3.44,3.44,3.44,4.54,4.54,4.53,4.53,4.53,4.53,4.53,4.53,4.53,4.52,26.22,0,0,0,0,0,0,-1,0,None,aggregation
26,212.76,remora1,remora2,2.13,2.13,2.13,2.13,-1.62,-1.62,2.91,2.91,2.91,2.91,2.91,2.91,2.91,2.91,-0.8,-0.8,3.67,3.67,3.67,3.67,3.44,3.44,3.44,3.44,3.44,3.44,3.44,3.44,3.44,3.44,4.51,4.51,4.52,4.52,4.52,4.52,4.52,4.52,4.51,4.51,26.43,0,0,0,0,0,0,-1,0,None,aggregation
26,213.76,remora1,remora2,-1.09,-1.09,3.16,3.16,3.42,3.42,17.7,17.7,-4.24,-4.24,-0.27,-0.27,3.92,3.92,4.17,4.17,18.19,18.19,-14.7,-14.7,3.45,3.45,3.45,3.45,3.45,3.45,3.45,3.45,3.46,3.46,4.52,4.52,4.51,4.52,4.52,4.52,4.52,4.53,4.54,4.54,29.81,0,0,0,0,0,0,-1,0,None,aggregation
26,214.76,remora1,remora2,-4.15,-4.15,-3.9,-3.9,-5.11,-5.11,-6.76,-6.76,-2.19,-2.19,-14.62,-14.62,-14.36,-14.36,-4.29,-4.29,-5.93,-5.93,-1.36,-1.36,3.46,3.45,3.45,3.45,3.45,3.45,3.44,3.44,3.44,3.44,4.53,4.53,4.52,4.51,4.5,4.49,4.48,4.48,4.47,4.47,34.13,0,0,0,0,0,0,-1,0,None,aggregation
26,215.76,remora1,remora2,9.21,9.21,-1.79,-1.79,-5.4,-5.4,9.97,9.97,-1.54,-1.54,9.87,9.87,-0.97,-0.97,-4.57,-4.57,10.61,10.61,-0.71,-0.71,3.44,3.44,3.44,3.44,3.44,3.44,3.44,3.44,3.44,3.44,4.46,4.46,4.46,4.46,4.45,4.45,4.44,4.45,4.45,4.45,37.47,0,0,0,0,0,0,-1,0,None,aggregation
26,216.76,remora1,remora2,-5.66,-5.66,-5.66,-5.66,10.45,10.45,-0.75,-0.75,-0.75,-0.5,-4.84,-4.84,-4.84,-4.84,11.08,11.08,0.07,0.07,0.07,0.32,3.44,3.44,3.44,3.44,3.44,3.44,3.44,3.44,3.44,3.44,4.45,4.45,4.45,4.45,4.45,4.45,4.45,4.45,4.45,4.45,37.92,0,0,0,0,0,0,-1,0,None,aggregation
26,217.76,remora1,remora2,-0.5,10.75,-3.7,-3.7,-3.61,-3.61,-2.86,-2.86,-2.86,-8.71,0.32,11.37,-14.16,-14.16,-14.08,-14.08,-2.04,-2.04,-2.04,-7.89,3.44,3.44,3.44,3.44,3.44,3.44,3.44,3.44,3.44,3.44,4.44,4.45,4.46,4.46,4.45,4.44,4.43,4.43,4.42,4.41,41.86,0,0,0,0,0,0,-1,0,None,aggregation
26,218.76,remora1,remora2,-8.71,-8.71,12.78,12.78,-4.17,-4.17,-4.03,-4.03,13.25,13.25,-7.89,-7.88,13.37,13.37,-3.35,-3.35,-3.21,-3.21,13.83,13.83,3.44,3.44,3.44,3.44,3.44,3.44,3.44,3.44,3.44,3.44,4.41,4.4,4.4,4.4,4.4,4.4,4.4,4.39,4.39,4.39,48.04,0,0,1,0,0,0,-1,0,None,aggregation
26,219.76,remora1,remora2,13.25,8.34,-7.88,-7.88,-3.13,-3.13,8.8,8.8,-2.86,-2.86,13.83,9.01,-7.06,-7.06,-2.31,-2.31,9.46,9.46,-2.04,-2.04,3.44,3.44,3.44,3.44,3.44,3.44,3.43,3.44,3.44,3.44,4.39,4.39,4.39,4.38,4.37,4.36,4.36,4.35,4.35,4.34,51,0,0,1,0,0,0,-1,0,None,aggregation
26,220.76,remora1,remora2,-7.06,-7.06,9.45,9.45,9.65,9.65,-3.41,-3.41,-3.25,-3.25,-6.23,-6.23,10.09,10.09,10.29,10.29,-13.88,-13.88,-13.72,-13.72,3.44,3.43,3.43,3.44,3.44,3.44,3.44,3.44,3.44,3.44,4.34,4.32,4.32,4.32,5.72,5.71,5.7,5.69,5.68,5.68,57.68,0,0,1,0,0,0,-1,0,None,aggregation
26,221.76,remora1,remora2,-3.25,-5.26,5.85,5.85,-10.95,-10.95,-6.32,-6.32,-6.32,6.41,-13.72,-4.44,6.56,6.56,-10.13,-10.13,-5.5,-5.5,-5.5,7.11,3.44,3.43,3.43,3.43,3.43,3.43,3.43,3.43,3.43,3.43,5.67,5.66,5.65,5.64,5.64,5.62,5.6,5.59,5.58,5.58,62.85,0,0,1,0,0,0,-1,0,None,aggregation
26,222.76,remora1,remora2,6.55,6.55,-10.09,-10.09,-10.08,-10.08,12.76,12.76,7.09,7.09,7.25,7.25,-9.26,-9.26,-9.26,-9.26,13.35,13.35,7.78,7.78,3.43,3.43,3.43,3.43,3.43,3.43,3.43,3.43,3.43,3.43,5.58,5.57,5.57,5.56,5.55,5.53,5.52,5.52,5.52,5.52,69.63,0,0,1,0,0,0,-1,0,None,aggregation
26,223.76,remora1,remora2,-10.09,-10.09,-9.82,-9.82,-9.82,13.51,7.88,7.88,13.77,13.77,-9.27,-9.27,-9,-9,-9,14.09,8.56,8.56,14.34,14.34,3.43,3.43,3.43,3.43,3.42,3.41,3.41,3.39,3.37,3.36,5.52,5.5,5.48,5.47,5.46,5.45,5.46,5.45,5.44,5.43,73.14,0,0,1,0,0,0,-1,0,None,aggregation
26,224.76,remora1,remora2,-4.45,-4.45,-3.03,-3.03,13.55,13.55,-11.52,-11.52,12.82,12.82,-3.63,-3.63,-13.49,-13.49,14.12,14.12,-10.7,-10.7,13.41,13.41,3.35,3.33,3.31,3.28,3.25,3.24,3.25,3.22,3.19,3.17,5.43,5.42,5.41,5.4,5.39,5.38,5.38,5.36,5.34,5.34,76.94,0,0,1,0,0,0,-1,0,None,aggregation
26,225.76,remora1,remora2,12.82,9.83,-2.69,-2.69,-2.44,-2.44,4.28,4.28,3.41,3.41,13.41,10.47,-13.15,-13.15,-12.91,-12.91,5.02,5.02,4.17,4.17,3.16,3.15,3.13,3.11,3.07,3.05,3.04,3.02,3,2.98,5.34,5.34,5.34,5.32,5.31,5.29,5.27,5.26,5.25,5.24,78.61,0,0,1,0,0,0,-1,0,None,aggregation
26,226.76,remora1,remora2,9.95,9.95,-1.83,-1.83,-1.52,-1.52,7.61,7.61,0.06,0.06,10.59,10.59,-12.29,-12.29,-11.98,-11.98,8.29,8.29,0.87,0.87,2.96,2.94,2.93,2.9,2.86,2.83,2.79,2.77,2.75,2.73,5.22,5.22,5.21,5.2,5.19,5.17,5.16,5.16,5.15,5.14,80.75,0,1,1,0,0,0,-1,0,None,aggregation
26,227.76,remora1,remora2,-0.8,-0.8,-1.01,-1.01,-1.97,-1.97,5.26,5.26,-1.46,-1.46,-11.27,-11.27,-0.19,-0.19,-1.15,-1.15,5.98,5.98,-0.64,-0.64,2.7,2.68,2.65,2.62,2.6,2.57,2.55,2.53,2.51,2.49,5.12,5.11,5.09,5.08,5.06,5.05,5.04,5.03,5.02,5.02,77.49,0,1,1,0,0,0,-1,0,None,aggregation
26,228.76,remora1,remora2,-1.41,-1.41,-1.18,-1.18,5.77,5.77,-0.81,-0.81,-0.75,-0.75,-0.59,-0.59,-0.36,-0.36,6.48,6.48,0.01,0.01,0.07,0.07,2.46,2.44,2.41,2.38,2.36,2.33,2.31,2.28,2.26,2.23,5.01,5,4.99,4.97,4.96,4.94,4.93,4.92,4.91,4.9,70.75,0,1,1,0,0,0,-1,0,None,aggregation
26,229.76,remora1,remora2,-0.75,6.18,-0.57,-0.57,-0.37,-0.37,-3.05,-3.05,-4.25,-4.25,0.07,6.89,-11.03,-11.03,-10.83,-10.83,-2.23,-2.23,-3.43,-3.43,2.2,2.18,2.17,2.14,2.11,2.08,2.06,2.04,2.01,1.99,4.9,4.89,4.88,4.87,4.86,4.85,4.84,4.83,4.81,4.8,68.44,0,1,1,0,0,0,-1,0,None,aggregation
26,230.76,remora1,remora2,-4.33,-4.33,2.59,2.59,2.85,2.85,-3.56,-3.56,-3.5,-3.5,-3.51,-3.51,3.36,3.36,3.61,3.61,-2.74,-2.74,-2.68,-2.68,1.96,1.93,1.9,1.87,1.85,1.83,1.81,1.79,1.76,1.74,4.79,4.78,4.77,4.76,4.74,4.73,4.72,4.7,4.69,4.67,63.02,0,1,1,0,0,0,-1,0,None,aggregation
26,231.76,remora1,remora2,2.98,2.98,-2.14,-2.14,-3.19,-3.19,3.09,3.09,3,3,3.74,3.74,-1.32,-1.32,-2.37,-2.37,3.85,3.85,3.76,3.76,1.71,1.68,1.66,1.63,1.6,1.57,1.54,1.52,1.5,1.49,4.66,4.64,4.63,4.62,4.61,4.6,4.59,4.58,4.57,4.56,58.83,0,1,1,0,0,0,-1,0,None,aggregation
26,232.76,remora1,remora2,-2.97,-2.97,3.35,3.35,3.35,3.35,-1.49,-1.49,3.67,3.67,-2.15,-2.15,4.11,4.11,4.1,4.1,-0.67,-0.67,4.42,4.42,1.49,1.49,1.49,1.49,1.49,1.49,1.49,1.49,1.49,1.5,4.56,4.56,4.56,4.55,4.54,4.54,4.53,4.52,4.51,4.5,52.51,1,0,1,0,0,0,-1,0,None,aggregation
26,233.76,remora1,remora2,-1.94,-1.94,-1.77,-1.77,-1.71,-1.71,3.12,3.12,3.12,-1.47,-1.12,-1.12,-0.95,-0.95,-0.88,-0.88,3.89,3.89,3.89,-0.64,1.5,1.5,1.5,1.49,1.49,1.49,1.49,1.49,1.49,1.5,4.5,4.49,4.48,4.47,4.47,4.46,4.45,4.44,4.44,4.43,43.91,1,0,0,0,0,0,-1,0,None,aggregation
26,234.76,remora1,remora2,-1.32,-1.32,4.83,4.83,-0.9,-0.9,-0.73,-0.73,5.31,5.31,-0.5,-0.5,5.56,5.56,-0.07,-0.07,0.09,0.09,6.03,6.03,1.5,1.49,1.49,1.5,1.5,1.5,1.5,1.5,1.5,1.5,4.42,4.41,4.41,4.4,4.39,4.39,4.38,4.37,4.36,4.36,36.36,1,0,0,0,0,0,-1,0,None,aggregation
26,235.76,remora1,remora2,-0.3,-0.3,-0.65,-0.65,-1.49,-1.49,-1.49,-2.01,-2.01,-1.86,0.52,0.52,-11.12,-11.12,-0.66,-0.66,-0.66,-1.19,-1.19,-1.03,1.5,1.51,1.51,1.5,1.5,1.5,1.5,1.5,1.49,1.49,4.35,4.34,4.34,4.33,4.32,4.31,4.3,4.3,4.29,4.28,31.21,1,0,0,0,0,0,-1,0,None,aggregation
26,236.76,remora1,remora2,2.19,2.19,-1.52,-1.52,-1.33,-1.33,4.83,4.83,-0.92,-0.92,2.97,2.97,-0.7,-0.7,-0.51,-0.51,5.56,5.56,-0.1,-0.1,1.49,1.49,1.5,1.5,1.5,1.49,1.49,1.5,1.5,1.5,4.28,4.27,4.26,4.26,4.25,4.24,4.23,4.23,4.22,4.22,26.77,1,0,0,0,0,0,-1,0,None,aggregation
26,237.76,remora1,remora2,-0.73,-0.73,2.56,2.56,-0.52,-0.52,-0.3,-0.3,5.79,5.79,0.09,0.09,3.33,3.33,0.3,0.3,0.52,0.52,6.5,6.5,1.5,1.5,1.5,1.5,1.5,1.5,1.5,1.5,1.5,1.51,4.21,4.2,4.2,4.19,4.18,4.18,4.17,4.16,4.16,4.15,25.72,0,1,0,0,0,0,-1,0,None,aggregation
26,238.76,remora1,remora2,-0.71,-0.71,-0.45,-0.45,-2.93,-2.93,-3.88,-3.88,-3.88,2.16,-11.18,-11.18,-10.92,-10.92,-2.11,-2.11,-3.06,-3.06,-3.06,2.93,1.51,1.51,1.5,1.5,1.5,1.49,1.49,1.49,1.49,1.49,4.15,4.14,4.14,4.14,4.14,4.14,4.14,4.14,4.14,4.14,28.12,1,0,0,0,0,0,-1,0,None,aggregation
26,239.76,remora1,remora2,2.16,2.12,-4.57,-4.57,-3.42,-3.42,2.86,2.86,-2.98,-2.98,2.93,2.9,-3.75,-3.75,-2.6,-2.6,3.62,3.62,-2.16,-2.16,1.49,1.49,1.49,1.49,1.49,1.49,1.48,1.48,1.49,1.5,4.14,4.14,4.14,4.14,4.14,4.14,4.14,4.14,4.14,4.14,26.96,1,0,0,0,0,0,-1,0,None,aggregation
26,240.76,remora1,remora2,-2.98,-3.87,-2.93,-2.93,3.46,3.46,-2.39,-2.39,-2.12,-2.12,-2.16,-3.05,-2.11,-2.11,4.22,4.22,-1.57,-1.57,-1.29,-1.29,1.52,1.54,1.55,1.57,1.59,1.61,1.64,1.66,1.67,1.69,4.15,4.15,4.15,4.16,4.16,4.17,4.17,4.18,4.18,4.18,26.3,0,1,0,0,0,0,-1,0,None,aggregation
26,241.76,remora1,remora2,4.24,4.24,4.24,4.36,-2.68,-2.68,5.06,5.06,-1.14,-1.14,4.98,4.98,4.98,5.1,-1.86,-1.86,5.79,5.79,-0.32,-0.32,1.71,1.73,1.76,1.79,1.82,1.84,1.86,1.88,1.91,1.94,4.19,4.19,4.2,4.2,4.21,4.21,4.22,4.22,4.22,4.22,26.89,0,1,0,0,0,0,-1,0,None,aggregation
26,242.76,remora1,remora2,-1.14,-1.14,5.5,5.5,-0.72,-0.72,-1.67,-1.67,6.24,6.24,-0.32,-0.32,6.22,6.22,0.1,0.1,-0.85,-0.85,6.95,6.95,1.95,1.98,2,2.03,2.04,2.07,2.09,2.11,2.14,2.17,4.22,4.22,4.22,4.22,4.21,4.21,4.21,4.21,4.21,4.21,26.82,0,1,0,0,0,0,-1,0,None,aggregation
26,243.76,remora1,remora2,6.24,-0.28,-0.57,-0.57,5.62,5.62,-2.21,-2.21,4.87,4.87,6.95,0.53,-11.03,-11.03,6.34,6.34,-1.39,-1.39,5.6,5.6,2.2,2.22,2.24,2.25,2.26,2.27,2.28,2.3,2.32,2.34,4.21,4.21,4.21,4.21,4.2,4.2,4.2,4.21,4.21,4.21,29.26,0,1,0,0,0,0,-1,0,None,aggregation
26,124.76,remora1,remora0,-2.08,-1.81,-1.81,-1.55,-1.55,-1.28,-1.02,-1.02,-1.02,-1.02,-2.9,-2.63,-2.63,-2.37,-2.37,-2.1,-1.84,-1.84,-1.84,-1.84,1.63,1.63,1.63,1.63,1.63,1.63,1.63,1.63,1.63,1.63,5.55,5.55,5.56,5.56,5.56,5.56,5.56,5.56,5.56,5.57,141.95,0,1,1,0,0,0,-1,0,None,aggregation
26,125.76,remora1,remora0,-0.49,-0.22,0.3,0.3,0.3,0.82,1.34,1.34,1.34,1.59,-1.32,-1.04,-0.52,-0.52,-0.52,0.01,0.54,0.54,0.54,0.79,1.63,1.63,1.63,1.63,1.63,1.63,1.63,1.63,1.63,1.63,5.57,5.57,5.58,5.58,5.59,5.59,5.59,5.6,5.6,5.61,122.77,0,1,1,0,0,0,-1,0,None,aggregation
26,126.76,remora1,remora0,1.59,2.1,-14.35,-14.35,-14.35,3.11,3.11,3.87,3.87,4.11,0.79,1.31,-15.17,-15.17,-15.17,2.34,2.34,3.11,3.11,3.36,1.63,1.63,1.63,1.63,1.63,1.63,1.63,1.63,1.63,1.63,5.62,5.62,5.63,5.63,5.62,5.62,5.63,5.63,5.64,5.64,102.44,0,1,1,0,0,0,-1,0,None,aggregation
26,127.76,remora1,remora0,4.11,4.37,4.37,4.61,4.87,4.87,4.87,5.11,5.11,5.11,3.36,3.62,3.62,3.87,4.13,4.13,4.13,4.37,4.37,4.37,1.64,1.64,1.64,1.64,1.64,1.64,1.64,1.65,1.65,1.65,5.65,5.66,5.66,5.67,5.68,5.69,5.7,5.7,5.71,5.72,82.31,0,1,1,0,0,0,-1,0,None,aggregation
26,128.76,remora1,remora0,5.11,5.11,5.37,5.6,5.6,5.6,5.86,6.09,6.09,-10.66,4.37,4.37,4.63,4.87,4.87,4.87,5.13,5.37,5.37,-11.48,1.65,1.65,1.65,1.65,1.65,1.66,1.66,1.66,1.66,1.66,5.72,5.73,5.74,5.75,5.76,5.77,5.78,5.79,5.79,5.8,66.73,0,1,1,0,0,0,-1,0,None,aggregation
26,129.76,remora1,remora0,-10.66,5.86,5.86,6.09,6.09,6.09,6.09,6.1,6.1,6.35,-11.48,5.14,5.14,5.37,5.37,5.37,5.37,5.37,5.37,5.63,1.66,1.66,1.66,1.66,1.66,1.66,1.66,1.66,1.66,1.66,5.79,5.8,5.8,5.81,5.82,5.82,5.83,5.84,5.85,5.86,55.93,0,1,1,0,0,0,-1,0,None,aggregation
26,130.76,remora1,remora0,6.35,6.58,6.58,6.82,6.82,7.05,7.05,7.06,7.06,7.3,5.63,5.86,5.86,6.12,6.12,6.35,6.35,6.35,6.35,6.6,1.66,1.66,1.66,1.67,1.67,1.67,1.67,1.67,1.67,1.67,5.87,5.88,5.89,5.9,5.91,5.92,5.92,5.93,5.94,5.95,49.56,0,1,1,0,0,0,-1,0,None,aggregation
26,131.76,remora1,remora0,-8.43,-8.43,-8.43,8,8,8.24,8.24,8.24,8,8.24,-9.25,-9.25,-9.25,7.31,7.31,7.56,7.56,7.56,7.31,7.56,1.67,1.67,1.67,1.67,1.67,1.67,1.67,1.67,1.67,1.67,5.96,5.96,5.96,5.97,5.98,5.98,5.99,6,6,6.01,48.87,0,1,1,0,0,0,-1,0,None,aggregation
26,132.76,remora1,remora0,8.24,8.46,8.46,8.46,8.46,8.46,8.46,8.24,8.24,8.46,7.56,7.79,7.79,7.79,7.78,7.79,7.79,7.56,7.56,7.79,1.67,1.67,1.67,1.67,1.67,1.68,1.68,1.67,1.67,1.67,6.01,6.02,6.03,6.03,6.03,6.04,6.04,6.04,6.05,6.05,51.27,0,1,1,0,0,0,-1,0,None,aggregation
26,133.76,remora1,remora0,8.46,8.46,8.46,8.7,8.7,8.92,8.92,8.92,8.92,9.16,7.79,7.79,7.79,8.03,8.03,8.25,8.25,8.25,8.25,8.49,1.67,1.67,1.67,1.67,1.67,1.67,1.67,1.67,1.67,1.67,6.05,6.06,6.07,6.07,6.08,6.09,6.09,6.1,6.1,6.11,56.33,0,1,1,0,0,0,-1,0,None,aggregation
26,134.76,remora1,remora0,9.16,9.37,9.37,9.61,9.61,9.61,9.61,9.82,9.82,10.05,8.49,8.71,8.71,8.95,8.95,8.95,8.95,9.17,9.17,9.4,1.67,1.67,1.67,1.67,1.67,1.67,1.67,1.67,1.67,1.66,6.11,6.11,6.12,6.13,6.13,6.14,6.14,6.15,6.15,6.16,63.78,0,1,1,0,0,0,-1,0,None,aggregation
26,135.76,remora1,remora0,10.05,10.05,10.05,10.26,10.26,10.26,10.26,10.26,10.49,10.7,9.4,9.4,9.4,9.62,9.62,9.62,9.62,9.62,9.84,10.06,1.66,1.66,1.66,1.66,1.66,1.66,1.66,1.66,1.65,1.65,6.16,6.17,6.17,6.18,6.18,6.19,6.2,6.2,6.2,6.2,73.09,0,1,1,0,0,0,-1,0,None,aggregation
26,136.76,remora1,remora0,10.7,10.7,10.69,10.92,10.92,10.92,10.92,11.12,11.12,11.12,10.06,10.06,10.06,10.28,10.28,10.28,10.28,10.49,10.49,10.49,1.65,1.65,1.65,1.65,1.65,1.64,1.64,1.64,1.64,1.64,6.21,6.22,6.23,6.23,6.24,6.24,6.25,6.25,6.26,6.26,77.35,0,1,1,0,0,0,-1,0,None,aggregation
26,137.76,remora1,remora0,11.12,11.34,11.34,11.55,11.55,11.54,11.54,11.76,11.76,11.76,10.49,10.72,10.72,10.93,10.93,10.92,10.92,11.14,11.14,11.14,1.63,1.63,1.63,1.63,1.63,1.62,1.62,1.62,1.62,1.61,6.27,6.27,6.28,6.28,6.29,6.3,6.3,6.31,6.31,6.32,84.2,0,1,1,0,0,0,-1,0,None,aggregation
26,138.76,remora1,remora0,11.76,11.96,11.96,11.96,11.96,12.17,12.17,12.17,12.37,12.37,11.14,11.35,11.35,11.34,11.34,11.56,11.56,11.56,11.76,11.76,1.61,1.61,1.61,1.6,1.6,1.6,1.59,1.59,1.59,1.59,6.33,6.33,6.34,6.34,6.34,6.35,6.36,6.36,6.37,6.37,90.15,0,1,1,0,0,0,-1,0,None,aggregation
26,139.76,remora1,remora0,12.37,12.36,12.36,12.57,12.57,12.57,12.57,12.77,12.77,12.77,11.76,11.76,11.76,11.97,11.97,11.97,11.97,12.17,12.17,12.17,1.58,1.58,1.58,1.57,1.57,1.57,1.56,1.56,1.56,1.55,6.38,6.39,6.39,6.4,6.41,6.41,6.42,6.42,6.43,6.44,96.17,0,1,1,0,0,0,-1,0,None,aggregation
26,140.76,remora1,remora0,12.76,12.97,12.97,12.96,0,0,0,0,0,0,12.16,12.37,12.37,12.37,0,0,0,0,0,0,1.55,1.54,1.54,1.54,1.53,1.53,1.53,1.53,1.53,1.53,6.44,6.45,6.46,6.46,6.47,6.48,6.48,6.48,6.48,6.48,94.71,0,1,1,0,0,0,-1,0,None,aggregation
26,141.76,remora1,remora0,0,0,0,0,0,0,0,0,0,0,0,0,0,0,0,0,0,0,0,0,1.53,1.53,1.53,1.53,1.53,1.53,1.53,1.53,1.53,1.53,6.48,6.47,6.47,6.47,6.47,6.48,6.48,6.48,6.47,6.47,86.6,0,1,1,0,0,0,-1,0,None,aggregation
26,142.76,remora1,remora0,0,0,0,0,0,0,0,0,0,0,0,0,0,0,0,0,0,0,0,0,1.53,1.53,1.53,1.53,1.53,1.53,1.53,1.53,1.53,1.53,6.47,6.47,6.47,6.47,6.47,6.47,6.47,6.47,6.47,6.47,78.54,0,1,1,0,0,0,-1,0,None,aggregation
26,143.76,remora1,remora0,0,0,0,0,0,0,0,0,0,0,0,0,0,0,0,0,0,0,0,0,1.53,1.53,1.53,1.53,1.53,1.54,1.54,1.54,1.54,1.54,6.47,6.47,6.47,6.47,6.47,6.47,6.47,6.47,6.47,6.47,70.12,0,1,1,0,0,0,-1,0,None,aggregation
26,144.76,remora1,remora0,0,0,0,0,0,0,0,0,0,0,0,0,0,0,0,0,0,0,0,0,1.54,1.54,1.54,1.54,1.54,1.54,1.54,1.54,1.54,1.54,6.47,6.47,6.47,6.47,6.47,6.47,6.47,6.47,6.47,6.47,60.84,0,1,1,0,0,0,-1,0,None,aggregation
26,145.76,remora1,remora0,0,0,0,0,0,0,0,0,0,0,0,0,0,0,0,0,0,0,0,0,1.54,1.54,1.54,1.54,1.54,1.54,1.54,1.54,1.54,1.54,6.48,6.47,6.47,6.47,6.47,6.47,6.47,6.47,6.47,6.47,50.9,0,1,1,0,0,0,-1,0,None,aggregation
26,146.76,remora1,remora0,0,0,0,0,0,0,0,0,0,0,0,0,0,0,0,0,0,0,0,0,1.54,1.54,1.54,1.54,1.54,1.54,1.54,1.54,1.54,1.54,6.47,6.47,6.46,6.46,6.47,6.46,6.46,6.46,6.46,6.46,40.3,0,1,0,0,0,0,-1,0,None,aggregation
26,147.76,remora1,remora0,0,3.26,3.26,3.26,3.26,3.52,3.52,3.51,3.51,3.51,0,4.02,4.02,4.02,4.02,4.27,4.27,4.27,4.27,4.27,1.54,1.54,1.54,1.54,1.54,1.54,1.53,1.53,1.53,1.53,6.46,6.46,6.47,6.47,6.47,6.47,6.47,6.47,6.48,6.48,32.49,0,1,0,0,0,0,-1,0,None,aggregation
26,148.76,remora1,remora0,3.51,3.75,3.75,4.01,4.01,4,4,4.01,4.01,4.24,4.27,4.5,4.5,4.75,4.75,4.75,4.75,4.75,4.75,4.98,1.53,1.53,1.53,1.52,1.52,1.52,1.52,1.52,1.52,1.52,6.48,6.48,6.49,6.49,6.49,6.49,6.49,6.5,6.5,6.5,25.02,0,1,0,0,0,0,-1,0,None,aggregation
26,149.76,remora1,remora0,4.24,4.49,4.49,4.49,4.73,4.73,4.73,4.98,4.98,4.98,4.98,5.23,5.23,5.23,5.46,5.46,5.46,5.71,5.71,5.71,1.52,1.51,1.51,1.51,1.51,1.51,1.51,1.51,1.5,1.5,6.5,6.51,6.51,6.51,6.52,6.52,6.52,6.53,6.53,6.53,17.8,0,1,0,0,0,0,-1,0,None,aggregation
26,150.76,remora1,remora0,4.98,4.98,4.98,5.21,5.21,5.46,5.46,5.46,5.46,5.46,5.71,5.7,5.7,5.94,5.94,6.18,6.18,6.18,6.18,6.18,1.5,1.5,1.5,1.5,1.5,1.5,1.49,1.49,1.49,1.49,6.53,6.54,6.54,6.54,6.55,6.55,6.55,6.56,6.56,6.57,18.38,1,0,0,0,0,0,-1,0,None,aggregation
26,151.76,remora1,remora0,5.46,5.69,5.69,5.94,5.94,5.94,5.94,5.94,5.94,5.94,6.18,6.41,6.41,6.65,6.65,6.65,6.65,6.65,6.65,6.65,1.49,1.49,1.49,1.49,1.49,1.48,1.48,1.48,1.48,1.48,6.57,6.57,6.58,6.58,6.59,6.59,6.59,6.6,6.6,6.6,24.58,1,0,0,0,0,0,-1,0,None,aggregation
26,152.76,remora1,remora0,6.17,6.42,6.42,6.41,6.41,6.41,6.41,6.64,6.64,6.89,6.88,7.12,7.12,7.11,7.11,7.11,7.11,7.34,7.34,7.58,1.48,1.48,1.48,1.48,1.48,1.47,1.47,1.47,1.47,1.47,6.6,6.61,6.61,6.61,6.62,6.62,6.62,6.63,6.63,6.64,31.41,1,0,0,0,0,0,-1,0,None,aggregation
26,153.76,remora1,remora0,6.89,6.89,6.89,6.88,6.88,6.89,6.89,7.11,7.11,7.36,7.58,7.58,7.58,7.58,7.58,7.58,7.58,7.81,7.81,8.04,1.47,1.47,1.47,1.47,1.47,1.47,1.47,1.47,1.47,1.47,6.64,6.64,6.65,6.65,6.65,6.66,6.66,6.67,6.67,6.68,38.74,1,0,0,0,0,0,-1,0,None,aggregation
26,154.76,remora1,remora0,7.36,7.36,7.36,7.36,7.36,7.36,7.83,7.83,7.83,7.83,8.04,8.04,8.04,8.04,8.04,8.04,8.51,8.51,8.51,8.5,1.47,1.46,1.46,1.46,1.46,1.46,1.46,1.46,1.46,1.46,6.68,6.69,6.69,6.7,6.7,6.7,6.71,6.71,6.72,6.72,46.62,1,0,1,0,0,0,-1,0,None,aggregation
26,155.76,remora1,remora0,7.83,7.82,7.82,7.83,7.83,7.83,7.83,8.05,8.29,8.29,8.5,8.5,8.5,8.5,8.5,8.5,8.5,8.73,8.96,8.96,1.46,1.46,1.46,1.46,1.46,1.46,1.46,1.46,1.46,1.46,6.73,6.73,6.73,6.74,6.74,6.75,6.75,6.76,6.76,6.77,54.9,1,0,1,0,0,0,-1,0,None,aggregation
26,156.76,remora1,remora0,8.29,8.29,8.29,8.29,8.3,8.3,8.3,8.3,8.3,8.53,8.96,8.96,8.96,8.96,8.96,8.96,8.96,8.97,8.97,9.19,1.46,1.47,1.47,1.47,1.47,1.47,1.47,1.47,1.47,1.47,6.77,6.78,6.78,6.79,6.79,6.8,6.81,6.81,6.82,6.83,63.55,1,0,1,0,0,0,-1,0,None,aggregation
26,157.76,remora1,remora0,8.53,8.53,8.53,8.77,8.77,8.77,8.77,8.77,8.77,8.77,9.19,9.19,9.19,9.43,9.43,9.43,9.43,9.43,9.43,9.43,1.47,1.47,1.47,1.47,1.47,1.48,1.48,1.48,1.48,1.48,6.83,6.84,6.84,6.84,6.85,6.86,6.86,6.87,6.87,6.88,69.18,1,0,1,0,0,0,-1,0,None,aggregation
26,158.76,remora1,remora0,8.77,8.77,8.77,8.78,8.78,8.78,8.78,8.78,8.79,8.79,9.43,9.43,9.43,9.44,9.44,9.44,9.44,9.44,9.45,9.45,1.48,1.48,1.49,1.49,1.49,1.49,1.49,1.49,1.5,1.5,6.89,6.9,6.9,6.91,6.91,6.92,6.92,6.93,6.93,6.94,73.99,1,0,1,0,0,0,-1,0,None,aggregation
26,159.76,remora1,remora0,8.79,9.01,9.02,9.02,9.02,9.02,9.02,9.02,9.03,9.03,9.45,9.67,9.67,9.67,9.67,9.68,9.68,9.68,9.68,9.68,1.5,1.5,1.5,1.51,1.51,1.51,1.51,1.52,1.52,1.52,6.95,6.96,6.96,6.97,6.98,6.98,6.99,6.99,7,7,78.26,0,1,1,0,0,0,-1,0,None,aggregation
26,160.76,remora1,remora0,9.03,9.03,9.03,9.04,9.04,9.04,9.04,9.05,8.83,8.83,9.68,9.69,9.69,9.69,9.7,9.7,9.7,9.71,9.49,9.49,1.52,1.53,1.53,1.53,1.54,1.54,1.54,1.54,1.55,1.55,7.01,7.02,7.02,7.03,7.04,7.04,7.05,7.05,7.06,7.07,81.96,0,1,1,0,0,0,-1,0,None,aggregation
26,161.76,remora1,remora0,8.83,8.84,8.84,8.85,8.85,8.85,8.85,8.86,8.86,8.87,9.49,9.5,9.5,9.5,9.5,9.51,9.51,9.52,9.52,9.53,1.56,1.56,1.56,1.57,1.57,1.57,1.58,1.58,1.59,1.59,7.07,7.08,7.09,7.09,7.1,7.11,7.11,7.12,7.12,7.13,84.94,0,1,1,0,0,0,-1,0,None,aggregation
26,162.76,remora1,remora0,8.87,8.87,8.64,8.65,8.65,8.66,8.66,8.44,8.44,8.45,9.53,9.53,9.3,9.31,9.31,9.32,9.32,9.11,9.11,9.12,1.6,1.6,1.6,1.61,1.61,1.62,1.62,1.63,1.63,1.64,7.13,7.14,7.15,7.16,7.16,7.17,7.18,7.18,7.19,7.19,87.07,0,1,1,0,0,0,-1,0,None,aggregation
26,163.76,remora1,remora0,8.45,8.22,8.22,8.23,8.23,8.25,8.25,8.03,8.03,7.8,9.12,8.89,8.89,8.9,8.9,8.92,8.92,8.7,8.7,8.48,1.65,1.65,1.66,1.66,1.67,1.68,1.68,1.69,1.7,1.7,7.2,7.2,7.21,7.22,7.22,7.23,7.24,7.24,7.25,7.26,88.26,0,1,1,0,0,0,-1,0,None,aggregation
26,164.76,remora1,remora0,7.8,7.82,7.82,7.83,7.62,7.62,7.62,7.62,7.39,7.41,8.48,8.49,8.49,8.51,8.3,8.3,8.3,8.3,8.07,8.09,1.71,1.72,1.72,1.73,1.74,1.75,1.75,1.76,1.77,1.78,7.26,7.26,7.27,7.27,7.28,7.28,7.29,7.3,7.31,7.31,88.36,0,1,1,0,0,0,-1,0,None,aggregation
26,165.76,remora1,remora0,7.41,7.2,7.2,6.96,6.96,6.98,6.98,6.98,6.53,6.54,8.09,7.89,7.89,7.66,7.66,7.68,7.68,7.68,7.23,7.24,1.79,1.79,1.8,1.81,1.82,1.83,1.84,1.85,1.86,1.87,7.32,6.43,6.44,6.44,6.45,6.45,6.46,6.47,6.48,6.48,87.41,0,1,1,0,0,0,-1,0,None,aggregation
26,166.76,remora1,remora0,6.54,6.57,6.57,6.11,6.11,6.13,6.13,5.91,5.91,5.69,7.24,7.27,7.27,6.82,6.82,6.84,6.84,6.62,6.62,6.41,1.88,1.89,1.9,1.91,1.92,1.93,1.94,1.95,1.97,1.98,6.49,6.49,6.5,6.51,6.51,6.52,6.53,6.53,6.54,6.54,85.27,0,1,1,0,0,0,-1,0,None,aggregation
26,167.76,remora1,remora0,5.69,5.72,5.72,5.72,5.26,5.29,5.07,5.07,5.07,4.86,6.41,6.44,6.44,6.44,5.99,6.01,5.79,5.79,5.79,5.59,1.99,2,2.01,2.03,2.04,2.05,2.07,2.08,2.09,2.11,6.54,6.55,6.56,6.56,6.57,6.57,6.58,6.58,6.59,6.59,81.95,0,1,1,0,0,0,-1,0,None,aggregation
26,168.76,remora1,remora0,4.86,4.9,4.9,4.67,4.67,4.47,4.47,4.24,4.24,4.05,5.59,5.62,5.62,5.4,5.4,5.2,5.2,4.99,4.99,4.79,2.12,2.13,2.15,2.16,2.18,2.19,2.21,2.22,2.24,2.25,6.6,6.61,6.62,6.62,6.63,6.64,6.64,6.65,6.65,6.66,77.76,0,1,1,0,0,0,-1,0,None,aggregation
26,169.76,remora1,remora0,4.05,4.08,4.08,3.86,3.86,3.67,3.67,3.67,3.45,3.49,4.79,4.83,4.83,4.61,4.61,4.42,4.42,4.42,4.2,4.24,2.27,2.28,2.3,2.32,2.33,2.35,2.37,2.39,2.4,2.42,6.66,6.67,6.68,6.68,6.69,6.7,6.7,6.71,6.72,6.72,72.6,0,1,1,0,0,0,-1,0,None,aggregation
26,170.76,remora1,remora0,3.49,3.3,3.3,3.08,3.08,3.13,3.13,3.18,3.18,2.73,4.24,4.06,4.06,3.84,3.84,3.89,3.89,3.94,3.94,3.5,2.44,2.46,2.47,2.49,2.51,2.53,2.55,2.57,2.58,2.6,6.73,6.73,6.74,6.75,6.75,6.76,6.77,6.77,6.78,6.79,66.81,0,1,1,0,0,0,-1,0,None,aggregation
26,171.76,remora1,remora0,2.73,2.78,2.78,2.83,2.83,2.9,2.9,2.44,2.44,2.5,3.5,3.54,3.54,3.6,3.6,3.66,3.66,3.22,3.22,3.27,2.62,2.64,2.66,2.68,2.7,2.72,2.74,2.76,2.78,2.8,6.79,6.8,6.81,6.81,6.82,6.83,6.84,6.84,6.85,6.86,60.73,0,1,1,0,0,0,-1,0,None,aggregation
26,172.76,remora1,remora0,2.5,2.56,2.56,2.63,2.63,0,0,0,0,16.53,3.27,3.33,3.33,3.4,3.4,0,0,0,0,16.01,2.83,2.85,8.1,8.11,8.11,8.11,8.1,8.1,8.09,8.09,6.86,6.87,8.89,8.89,8.89,8.88,8.88,8.87,8.87,8.87,54.87,0,0,1,0,0,0,-1,0,None,aggregation
26,173.76,remora1,remora0,16.53,16.92,16.92,16.96,16.96,16.97,16.97,0,0,0,16.01,16.41,16.41,16.44,16.44,16.46,16.46,0,0,0,8.1,8.11,8.13,8.14,8.15,8.17,8.18,8.19,8.19,8.19,8.88,8.89,8.9,8.92,8.93,8.94,8.95,8.96,8.96,8.96,58.01,0,0,1,0,0,0,-1,0,None,aggregation
26,174.76,remora1,remora0,0,16.56,16.56,16.56,16.16,0,0,30,30,30,0,16.04,16.04,16.04,15.63,0,0,30,30,30,8.19,8.2,8.21,8.22,8.24,8.25,8.25,8.26,8.29,8.31,8.95,8.96,8.97,8.98,8.99,9,9,9.01,9.03,9.06,65.49,0,0,1,0,0,0,-1,0,None,aggregation
26,175.76,remora1,remora0,30,0,14.99,14.99,14.99,0,0,0,0,14.15,30,0,14.44,14.44,14.44,0,0,0,0,13.58,8.34,8.36,8.36,8.36,8.37,8.37,8.37,8.37,8.37,8.37,9.09,9.1,9.1,9.1,9.11,9.11,9.11,9.11,9.11,9.11,66.97,0,0,1,0,0,0,-1,0,None,aggregation
26,176.76,remora1,remora0,14.15,14.11,14.11,13.69,13.69,13.27,13.27,13.24,13.24,12.81,13.58,13.54,13.54,13.11,13.11,12.68,12.68,12.65,12.65,12.21,8.38,8.39,8.4,8.41,2.78,2.77,2.76,2.75,2.74,2.73,9.11,9.12,9.13,9.14,7.03,7.03,7.03,7.03,7.04,7.04,73.72,0,1,1,0,0,0,-1,0,None,aggregation
26,177.76,remora1,remora0,12.81,12.38,12.38,12.36,12.36,11.92,11.92,11.71,11.47,11.47,12.21,11.78,11.78,11.75,11.75,11.31,11.31,11.09,10.84,10.84,2.72,2.71,2.7,2.69,2.69,2.68,2.67,2.66,2.66,2.65,7.05,7.05,7.05,7.05,7.06,7.06,7.06,7.07,7.07,5.61,79.78,0,1,1,0,0,0,-1,0,None,aggregation
26,178.76,remora1,remora0,11.47,11.03,11.03,11.01,11.01,10.57,10.57,10.57,10.56,10.35,10.84,10.4,10.4,10.38,10.38,9.93,9.93,9.93,9.92,9.71,2.65,2.64,2.64,2.63,2.63,2.62,2.62,2.61,2.61,2.61,5.61,5.61,5.62,5.62,5.62,5.62,5.62,5.62,5.62,5.63,85.37,0,1,1,0,0,0,-1,0,None,aggregation
26,179.76,remora1,remora0,10.35,10.1,10.1,10.1,10.1,9.65,9.65,9.64,9.64,9.43,9.71,9.46,9.46,9.45,9.45,8.99,8.99,8.99,8.99,8.77,2.6,2.6,2.6,2.59,2.59,2.59,2.59,2.59,2.58,2.58,5.63,5.63,5.63,5.64,5.64,5.64,5.64,5.64,5.65,5.65,90.76,0,1,1,0,0,0,-1,0,None,aggregation
26,180.76,remora1,remora0,9.43,9.19,9.19,9.19,9.19,9.19,9.19,9.19,8.97,8.97,8.77,8.53,8.53,8.52,8.52,8.52,8.52,8.52,8.3,8.3,2.58,2.58,2.58,2.58,2.58,2.58,2.58,2.57,2.57,2.57,5.65,5.65,5.65,5.66,5.66,5.66,5.67,5.68,5.68,5.69,96.05,0,1,1,0,0,0,-1,0,None,aggregation
26,181.76,remora1,remora0,8.73,8.73,8.73,8.73,8.73,8.73,8.73,8.73,8.73,8.52,8.06,8.06,8.06,8.06,8.06,8.06,8.06,8.06,8.06,7.84,2.57,2.57,2.57,2.57,2.57,2.57,2.57,2.58,2.58,2.58,5.69,5.69,5.7,5.7,5.71,5.71,5.71,5.71,5.72,5.72,101.33,0,1,1,0,0,0,-1,0,None,aggregation
26,182.76,remora1,remora0,8.52,8.52,8.52,8.52,8.52,8.28,8.28,8.29,8.29,8.29,7.84,7.84,7.84,7.85,7.85,7.6,7.6,7.6,7.6,7.61,2.58,2.58,2.58,2.58,2.58,2.58,2.58,2.58,2.58,2.58,5.73,5.73,5.73,5.73,5.74,5.74,5.74,5.74,5.75,5.75,106.29,0,1,1,0,0,0,-1,0,None,aggregation
26,183.76,remora1,remora0,8.29,8.29,8.29,8.29,8.29,8.3,8.3,8.54,8.54,8.54,7.61,7.61,7.61,7.61,7.61,7.62,7.62,7.87,7.87,7.87,2.59,2.59,2.59,2.59,2.59,2.59,2.59,2.59,2.59,2.6,5.75,5.75,5.76,5.76,5.77,5.77,5.78,5.78,5.79,5.79,102.67,0,1,1,0,0,0,-1,0,None,aggregation
26,184.76,remora1,remora0,8.55,8.55,8.55,8.55,8.55,8.77,8.77,8.77,8.77,8.77,7.87,7.87,7.87,7.87,7.87,8.09,8.09,8.09,8.09,8.1,2.6,2.6,2.6,2.6,2.6,2.6,2.61,2.61,2.61,2.61,5.79,5.79,5.8,5.8,5.8,5.81,5.81,5.81,5.82,5.82,95.51,0,1,1,0,0,0,-1,0,None,aggregation
26,185.76,remora1,remora0,8.77,8.77,8.77,8.77,8.78,8.78,8.78,8.78,8.79,8.79,8.1,8.1,8.1,8.1,8.1,8.1,8.1,8.1,8.12,8.12,2.61,2.61,2.61,2.61,2.62,2.62,2.62,2.62,2.62,2.62,5.82,5.83,5.83,5.83,5.84,5.84,5.85,5.86,5.86,5.87,95.15,0,1,1,0,0,0,-1,0,None,aggregation
26,186.76,remora1,remora0,8.79,8.79,9.03,9.03,9.24,9.24,9.24,9.24,9.24,9.25,8.12,8.12,8.36,8.36,8.58,8.58,8.58,8.58,8.58,8.58,2.62,2.62,2.63,2.63,2.63,2.63,2.63,2.63,2.63,2.63,5.87,5.87,5.88,5.88,5.88,5.89,5.89,5.89,5.9,5.9,90.66,0,1,1,0,0,0,-1,0,None,aggregation
26,187.76,remora1,remora0,9.25,9.25,9.26,9.26,9.26,9.26,9.71,9.7,9.7,9.7,8.59,8.59,8.6,8.6,8.6,8.6,9.05,9.05,9.05,9.05,2.63,2.64,2.64,2.64,2.64,2.64,2.64,2.64,2.64,2.64,5.91,5.91,5.91,5.92,5.92,5.93,5.93,5.93,5.94,5.94,88,0,1,1,0,0,0,-1,0,None,aggregation
26,188.76,remora1,remora0,9.7,9.71,9.71,9.71,9.71,9.95,9.95,9.95,10.16,10.15,9.05,9.05,9.05,9.06,9.06,9.3,9.3,9.3,9.51,9.51,2.64,2.64,2.64,2.65,2.65,2.65,2.65,2.65,2.65,2.65,5.94,5.95,5.95,5.96,5.96,5.97,5.97,5.98,5.98,5.99,87.04,0,1,1,0,0,0,-1,0,None,aggregation
26,189.76,remora1,remora0,10.15,10.15,10.15,10.16,10.16,10.16,10.16,10.6,10.6,10.59,9.51,9.51,9.51,9.51,9.51,9.52,9.52,9.96,9.96,9.96,2.65,2.65,2.65,9.36,9.37,9.38,9.39,9.4,9.41,9.42,5.99,6,6,9.36,9.37,9.38,9.39,9.4,9.41,9.42,87.45,0,0,1,0,0,0,-1,0,None,aggregation
26,190.76,remora1,remora0,10.59,10.59,10.59,10.6,10.6,10.6,10.6,11.03,11.03,11.03,9.96,9.96,9.96,9.96,9.96,9.96,9.96,10.4,10.4,10.4,9.43,9.44,9.44,9.45,9.46,9.47,9.48,9.49,9.5,9.52,9.43,9.44,9.44,9.45,9.46,9.47,9.48,9.49,9.5,9.52,89.03,0,0,1,0,0,0,-1,0,None,aggregation
26,191.76,remora1,remora0,11.03,11.03,11.02,11.03,11.26,11.26,11.26,11.45,11.45,11.45,10.4,10.4,10.39,10.4,10.63,10.63,10.63,10.83,10.83,10.83,9.53,9.53,9.54,9.55,9.55,9.56,9.57,9.58,9.59,9.6,9.53,9.53,9.54,9.55,9.55,9.56,9.57,9.58,9.59,9.6,91.56,0,0,1,0,0,0,-1,0,None,aggregation
26,192.76,remora1,remora0,11.45,11.45,11.45,11.45,11.45,11.67,11.67,11.67,11.87,11.86,10.83,10.82,10.82,10.83,10.83,11.05,11.05,11.05,11.25,11.25,9.61,9.62,9.63,9.64,9.65,9.67,9.68,9.7,9.71,9.72,9.61,9.62,9.63,9.64,9.65,9.67,9.68,9.7,9.71,9.72,94.79,0,0,1,0,0,0,-1,0,None,aggregation
26,193.76,remora1,remora0,11.86,11.86,11.86,11.86,11.86,12.28,12.28,12.27,12.27,12.26,11.25,11.24,11.24,11.25,11.25,11.67,11.67,11.66,11.66,11.66,9.73,9.74,9.75,9.76,9.77,9.78,9.8,9.81,9.82,9.83,9.73,9.74,9.75,9.76,9.77,9.78,9.8,9.81,9.82,9.83,98.52,0,0,1,0,0,0,-1,0,None,aggregation
26,185.76,remora1,remora5,0,0,30,30,30,30,30,30,30,30,0,0,30,30,30,30,30,30,30,30,4.3,4.3,4.3,4.3,4.29,4.27,4.24,4.21,4.19,4.18,6.21,6.21,6.21,6.2,6.18,6.15,6.12,6.09,6.06,6.04,170.19,0,0,1,0,0,0,-1,0,None,aggregation
26,186.76,remora1,remora5,30,30,30,30,30,30,30,30,0,0,30,30,30,30,30,30,30,30,0,0,4.17,4.16,4.16,4.15,4.15,4.13,4.11,4.09,4.07,4.08,6.03,6.01,5.99,5.97,5.96,5.93,5.91,5.89,5.89,5.89,185.19,0,0,1,0,0,0,-1,0,None,aggregation
26,187.76,remora1,remora5,30,30,30,30,30,30,30,30,30,30,30,30,30,30,30,30,30,30,30,30,4.08,4.08,4.07,4.07,4.08,4.08,4.07,4.05,4.04,4.03,5.89,5.88,5.86,5.85,5.84,5.82,5.8,5.78,5.76,5.75,194.19,0,0,1,0,0,0,-1,0,None,aggregation
26,188.76,remora1,remora5,0,0,0,0,0,0,18.94,18.94,18.92,18.92,0,0,0,0,0,0,18.47,18.47,18.45,18.45,4.02,4.03,4.04,4.05,4.05,4.06,4.04,4.04,4.04,4.03,5.73,5.73,5.73,5.74,5.75,5.75,5.75,5.74,5.73,5.72,183.67,0,0,1,0,0,0,-1,0,None,aggregation
26,189.76,remora1,remora5,18.92,0,0,0,0,0,0,30,30,30,18.45,0,0,0,0,0,0,30,30,30,4.03,4.04,4.07,4.08,4.08,4.08,4.09,4.1,4.1,4.1,5.7,5.7,5.71,5.72,5.72,5.72,5.73,5.72,5.71,5.69,164.54,0,0,1,0,0,0,-1,0,None,aggregation
26,190.76,remora1,remora5,30,30,30,30,30,30,30,30,30,30,30,30,30,30,30,30,30,30,30,30,4.09,4.1,4.1,4.1,4.1,4.1,4.1,4.09,4.07,4.04,5.68,5.66,5.65,5.64,5.62,5.61,5.59,5.57,5.55,5.53,179.54,0,0,1,0,0,0,-1,0,None,aggregation
26,191.76,remora1,remora5,0,0,0,0,0,0,16.52,16.52,16.47,16.47,0,0,0,0,0,0,16,16,15.94,15.94,4.02,4,3.99,3.99,4,3.98,3.96,3.94,3.92,3.91,5.51,5.5,5.5,5.5,5.51,5.51,5.5,5.49,5.47,5.46,171.03,0,0,1,0,0,0,-1,0,None,aggregation
26,192.76,remora1,remora5,16.47,16.44,16.44,0,30,30,30,0,0,0,15.94,15.91,15.91,0,30,30,30,0,0,0,3.91,3.9,3.9,3.9,3.91,3.9,3.88,3.86,3.85,3.85,5.45,5.44,5.44,5.44,5.44,5.43,5.41,5.39,5.39,5.39,181.89,0,0,1,0,0,0,-1,0,None,aggregation
26,193.76,remora1,remora5,0,30,30,30,30,30,0,0,0,0,0,30,30,30,30,30,0,0,0,0,3.86,3.86,3.83,3.8,3.77,3.77,3.78,3.77,3.76,3.77,5.4,5.39,5.37,5.35,5.32,5.31,5.3,5.3,5.3,5.3,172.89,0,0,1,0,0,0,-1,0,None,aggregation
26,194.76,remora1,remora5,30,30,30,0,0,0,0,30,30,0,30,30,30,0,0,0,0,30,30,0,3.78,3.77,3.76,3.76,3.77,3.78,3.79,3.8,3.8,3.8,5.3,5.29,5.27,5.27,5.27,5.27,5.28,5.27,5.25,5.24,176.7,0,0,1,0,0,0,-1,0,None,aggregation
26,195.76,remora1,remora5,0,0,30,30,0,0,0,0,30,30,0,0,30,30,0,0,0,0,30,30,3.8,3.79,3.77,3.75,3.73,3.72,3.72,3.72,3.72,3.7,5.24,5.24,5.24,5.22,5.2,5.2,5.2,5.21,5.21,5.19,164.7,0,0,1,0,0,0,-1,0,None,aggregation
26,196.76,remora1,remora5,30,30,30,30,30,30,30,30,0,0,30,30,30,30,30,30,30,30,0,0,3.67,3.66,3.67,3.66,3.65,3.64,3.62,3.62,3.63,3.64,5.16,5.14,5.12,5.11,5.09,5.07,5.05,5.04,5.03,5.03,164.7,0,0,1,0,0,0,-1,0,None,aggregation
26,197.76,remora1,remora5,0,0,0,0,30,0,0,0,0,0,0,0,0,0,30,0,0,0,0,0,3.64,3.64,3.64,3.61,3.59,3.57,3.55,3.53,3.51,3.49,5.03,5.03,5.03,5.02,4.99,4.98,4.98,4.97,4.96,4.94,137.7,0,0,1,0,0,0,-1,0,None,aggregation
26,198.76,remora1,remora5,30,30,30,30,30,30,30,30,30,30,30,30,30,30,30,30,30,30,30,30,3.48,3.46,3.45,3.43,3.41,3.4,3.42,3.41,3.39,3.37,4.93,4.91,4.89,4.87,4.84,4.83,4.82,4.8,4.78,4.76,160.22,0,0,1,0,0,0,-1,0,None,aggregation
26,199.76,remora1,remora5,30,30,30,30,30,30,30,0,0,0,30,30,30,30,30,30,30,0,0,0,3.36,3.36,3.35,3.35,3.37,3.35,3.32,3.31,3.3,3.29,4.74,4.72,4.71,4.69,4.68,4.66,4.64,4.63,4.62,4.62,170.35,0,0,1,0,0,0,-1,0,None,aggregation
26,200.76,remora1,remora5,0,30,30,0,0,23.11,6.37,6.37,6.39,6.39,0,30,30,0,0,22.75,5.65,5.65,5.67,5.67,3.28,3.26,3.24,3.22,3.21,3.22,3.24,3.24,3.21,3.19,4.62,4.6,4.58,4.57,4.57,4.56,4.56,4.55,4.54,4.53,151.05,0,0,1,0,0,0,-1,0,None,aggregation
26,201.76,remora1,remora5,6.39,10.27,6.3,6.3,6.29,6.29,6.29,6.28,6.28,6.24,5.67,9.62,5.59,5.59,5.58,5.58,5.58,5.56,5.56,5.52,3.18,3.18,3.17,3.17,3.16,3.15,3.15,3.13,3.11,3.09,4.52,4.51,4.51,4.5,4.5,4.49,4.49,4.48,4.47,4.46,150.89,0,0,1,0,0,0,-1,0,None,aggregation
26,202.76,remora1,remora5,0,0,0,0,17.48,17.48,0,0,0,0,0,0,0,0,16.98,16.98,0,0,0,0,3.09,3.1,3.12,3.13,3.12,3.12,3.12,3.12,3.11,3.11,4.46,4.46,4.46,4.47,4.47,4.46,4.45,4.45,4.46,4.46,140.48,0,0,1,0,0,0,-1,0,None,aggregation
26,203.76,remora1,remora5,5.74,5.74,5.74,5.74,10.14,10.14,5.69,5.69,5.68,5.68,5.01,5.01,5.01,5.01,9.49,9.49,4.96,4.96,4.95,4.95,3.11,3.11,3.11,3.1,3.1,3.09,3.07,3.08,3.1,3.09,4.46,4.46,4.45,4.45,4.45,4.44,4.43,4.43,4.43,4.43,131.72,0,0,1,0,0,0,-1,0,None,aggregation
26,204.76,remora1,remora5,5.68,5.7,5.64,5.64,5.64,5.65,10.27,10.27,10.27,10.27,4.95,4.97,4.91,4.91,4.91,4.92,9.63,9.63,9.63,9.63,3.07,3.05,3.05,3.05,3.06,3.04,3.02,3.01,3.01,3,4.42,4.41,4.41,4.4,4.4,4.4,4.39,4.38,4.38,4.37,123.88,0,0,1,0,0,0,-1,0,None,aggregation
26,205.76,remora1,remora5,17.58,5.56,5.03,5.03,5.03,5.03,5.03,5,17.49,17.49,17.08,4.83,4.29,4.29,4.29,4.29,4.29,4.26,16.99,16.99,2.98,2.97,2.96,2.96,2.96,2.94,2.92,2.92,2.94,2.95,4.35,4.34,4.34,4.34,4.33,4.33,4.32,4.31,4.32,4.31,120.37,0,1,1,0,0,0,-1,0,None,aggregation
26,206.76,remora1,remora5,5,5,5,5,10.15,10.15,5.01,5.01,5.01,17.81,4.26,4.26,4.26,4.26,9.5,9.5,4.27,4.27,4.27,17.31,2.95,2.95,2.95,2.95,2.95,2.95,2.95,2.95,2.95,2.94,4.31,4.3,4.3,4.3,4.3,4.29,4.29,4.29,4.28,4.27,103.34,0,1,1,0,0,0,-1,0,None,aggregation
26,207.76,remora1,remora5,4.99,4.99,4.47,4.47,4.47,4.45,4.41,4.41,4.41,4.41,4.25,4.25,3.72,3.72,3.72,3.7,3.66,3.66,3.66,3.66,2.93,2.92,2.91,2.9,2.88,2.88,2.88,2.88,2.88,2.88,4.25,4.25,4.24,4.24,4.23,4.22,4.22,4.22,4.22,4.22,104.51,0,1,1,0,0,0,-1,0,None,aggregation
26,208.76,remora1,remora5,10.05,10.05,4.4,4.4,4.4,4.37,4.36,4.36,4.36,4.33,9.4,9.4,3.65,3.65,3.65,3.62,3.61,3.61,3.61,3.58,2.88,2.87,2.85,2.85,2.85,2.84,2.83,2.82,2.82,2.82,4.21,4.21,4.2,4.19,4.19,4.19,4.18,4.18,4.18,4.18,79.66,0,1,1,0,0,0,-1,0,None,aggregation
26,209.76,remora1,remora5,4.33,10.2,10.2,4.34,4.34,4.33,4.33,4.3,4.29,4.29,3.58,9.56,9.56,3.59,3.59,3.58,3.58,3.55,3.54,3.54,2.82,2.83,2.83,2.82,2.81,2.8,2.8,2.79,2.78,2.77,4.17,4.17,4.17,4.16,4.15,4.14,4.14,4.13,4.12,4.12,63.79,0,1,1,0,0,0,-1,0,None,aggregation
26,210.76,remora1,remora5,18.26,18.26,3.77,3.77,10.11,10.11,3.74,3.74,3.73,3.73,17.77,17.77,3,3,9.46,9.46,2.98,2.98,2.97,2.97,2.77,2.77,2.76,2.76,2.76,2.75,2.74,2.74,2.74,2.74,4.12,4.11,4.1,4.09,4.09,4.08,4.07,4.07,4.07,4.07,60.66,0,1,1,0,0,0,-1,0,None,aggregation
26,211.76,remora1,remora5,3.73,18.29,18.29,3.19,3.19,3.19,3.19,3.17,18.35,18.35,2.97,17.81,17.81,2.42,2.41,2.41,2.41,2.4,17.86,17.86,2.72,2.72,2.71,2.71,2.7,2.7,2.7,2.7,2.69,2.68,4.06,4.05,4.04,4.04,4.03,4.03,4.03,4.03,4.02,4.01,63.29,0,1,1,0,0,0,-1,0,None,aggregation
26,212.76,remora1,remora5,2.63,2.63,2.63,2.12,2.1,2.1,2.1,2.1,18.23,2.07,1.85,1.85,1.85,1.32,1.31,1.31,1.31,1.31,17.75,1.28,2.67,2.66,2.65,2.65,2.65,2.65,2.64,2.64,2.63,2.63,4,3.99,3.99,3.99,3.99,3.99,3.99,3.98,3.97,3.96,63.34,0,1,1,0,0,0,-1,0,None,aggregation
26,213.76,remora1,remora5,2.07,2.07,2.06,1.81,18.18,18.18,1.51,1.51,1.51,1.51,1.28,1.28,1.27,1.01,17.69,17.69,0.71,0.71,0.7,0.7,2.62,2.62,2.62,2.61,2.61,2.6,2.6,2.6,2.59,2.58,3.96,3.96,3.96,3.96,3.96,3.95,3.94,3.94,3.94,3.94,61.77,0,1,1,0,0,0,-1,0,None,aggregation
26,214.76,remora1,remora5,1.51,1.25,18.49,18.49,18.49,9.31,9.08,9.08,9.08,9.08,0.7,0.44,18.01,18.01,18.01,8.65,8.41,8.41,8.42,8.42,2.58,2.57,2.57,2.56,2.56,2.56,2.56,2.56,2.56,2.56,3.94,3.93,3.92,3.91,3.9,3.89,3.88,3.87,3.87,3.86,64.68,0,1,1,0,0,0,-1,0,None,aggregation
26,215.76,remora1,remora5,17.92,17.92,17.96,17.96,8.63,8.63,8.63,8.66,-1.17,-1.17,17.43,17.43,17.47,17.47,7.95,7.95,7.95,7.98,-1.99,-1.99,2.55,2.56,2.56,2.57,2.57,2.57,2.56,2.56,2.56,2.56,3.85,3.85,3.84,3.84,3.83,3.82,3.81,3.81,3.81,3.81,66.9,0,1,1,0,0,0,-1,0,None,aggregation
26,216.76,remora1,remora5,-1.17,-1.17,-1.18,-1.18,8.58,8.58,-1.19,-1.19,-1.19,18.18,-1.99,-1.99,-2,-2,7.9,7.9,-2.01,-2.01,-2.01,17.69,2.55,2.55,2.55,2.55,2.54,2.54,2.54,2.55,2.55,2.56,3.81,3.81,3.81,3.81,3.81,3.8,3.8,3.81,3.81,3.8,64.49,0,1,1,0,0,0,-1,0,None,aggregation
26,217.76,remora1,remora5,18.18,-0.64,-1.17,-1.17,-1.17,8.82,18.49,18.49,18.49,-1.16,17.69,-1.46,-1.99,-1.99,-1.99,8.15,18.01,18.01,18.01,-1.98,2.56,2.56,2.55,2.55,2.55,2.55,2.55,2.56,2.57,2.57,3.8,3.79,3.79,3.79,3.79,3.79,3.78,3.77,3.76,3.76,69.17,0,1,1,0,0,0,-1,0,None,aggregation
26,218.76,remora1,remora5,-1.16,-1.16,18.8,18.8,-0.61,-0.61,-0.61,15.36,9.41,9.41,-1.98,-1.98,18.33,18.33,-1.43,-1.43,-1.43,14.81,8.75,8.75,2.57,2.57,2.57,2.58,2.58,2.58,2.58,2.58,2.59,2.6,3.76,3.75,3.75,3.75,3.75,3.75,3.75,3.74,3.74,3.74,71.68,0,1,1,0,0,0,-1,0,None,aggregation
26,219.76,remora1,remora5,9.41,19.7,19.72,19.72,19.71,19.71,19.23,19.23,19.35,19.35,8.75,19.24,19.27,19.27,19.25,19.25,18.77,18.77,18.89,18.89,2.61,2.61,2.61,2.62,2.62,2.63,2.64,2.65,2.66,2.67,3.74,3.73,3.73,3.71,3.7,3.7,3.69,3.68,3.68,3.67,84.83,0,1,1,0,0,0,-1,0,None,aggregation
26,220.76,remora1,remora5,19.35,19.35,19.46,19.46,19.7,19.7,19.47,19.47,-2.5,-2.5,18.89,18.89,19.01,19.01,19.25,19.25,19.02,19.02,-3.32,-3.32,2.68,2.68,2.69,2.7,2.71,2.72,2.73,2.74,2.75,2.75,3.66,3.65,3.64,3.64,4.3,4.3,4.29,4.29,4.28,4.28,93.24,0,1,1,0,0,0,-1,0,None,aggregation
26,221.76,remora1,remora5,-2.5,-2.49,-2.49,20.1,20.1,12.62,9.09,9.09,9.09,20.43,-3.32,-3.31,-3.31,19.65,19.65,12.02,8.42,8.42,8.42,20,2.75,2.75,2.75,2.76,2.77,2.78,2.79,2.8,2.81,2.81,4.28,4.27,4.27,4.26,4.25,4.24,4.23,4.23,4.23,4.23,95,0,1,1,0,0,0,-1,0,None,aggregation
26,222.76,remora1,remora5,20.49,20.49,20.83,20.83,-1.24,-1.24,21.37,21.37,21.37,21.44,20.06,20.06,20.4,20.4,-2.06,-2.06,20.96,20.96,20.96,21.03,2.82,2.83,2.84,2.86,2.87,2.87,2.88,2.88,2.89,2.9,4.23,4.23,4.23,4.22,4.22,4.22,4.21,4.21,4.21,4.21,108.5,0,1,1,0,0,0,-1,0,None,aggregation
26,223.76,remora1,remora5,21.51,21.51,9.7,9.7,9.7,21.06,28.73,28.73,22.15,22.15,21.11,21.11,9.04,9.04,9.04,20.64,28.57,28.57,21.76,21.76,2.92,2.93,2.94,2.94,2.95,2.96,2.97,2.98,3,3.01,4.21,4.2,4.19,4.18,4.18,4.18,4.18,4.18,4.17,4.17,123.1,0,1,1,0,0,0,-1,0,None,aggregation
26,224.76,remora1,remora5,21.09,21.09,21.09,24.42,-0.4,-0.4,28.68,28.68,21.35,21.35,20.67,20.67,20.67,24.09,-1.22,-1.22,28.51,28.51,20.94,20.94,3.02,3.03,3.04,3.05,3.06,3.07,3.07,3.08,3.1,3.11,4.16,4.16,4.16,4.15,4.15,4.15,4.14,4.13,4.12,4.12,131.83,0,0,1,0,0,0,-1,0,None,aggregation
26,225.76,remora1,remora5,21.35,24.81,24.81,24.86,9.57,9.57,23.41,23.41,23.41,25.11,20.94,24.49,24.49,24.54,8.91,8.91,23.05,23.05,23.05,24.8,3.12,3.13,3.13,3.11,3.07,3.05,3.04,3.02,3,2.98,4.12,4.12,4.12,4.12,4.1,4.1,4.09,4.08,4.07,4.06,141.95,0,0,1,0,0,0,-1,0,None,aggregation
26,226.76,remora1,remora5,25.11,21.48,29.87,29.87,28.65,28.65,28.65,25.37,25.37,24.27,24.8,21.07,29.92,29.92,28.49,28.49,28.49,25.07,25.07,23.93,2.96,2.94,2.93,2.9,2.86,2.83,2.79,2.77,2.75,2.73,4.06,4.05,4.05,4.05,4.05,4.04,4.04,4.04,4.04,4.03,164.02,0,1,1,0,0,0,-1,0,None,aggregation
26,227.76,remora1,remora5,23.28,23.28,25.66,25.66,25.66,21.62,25.68,25.68,23.28,23.28,22.92,22.92,25.37,25.37,25.37,21.21,25.39,25.39,22.92,22.92,2.7,2.68,2.65,2.62,2.6,2.57,2.55,2.53,2.51,2.49,4.03,4.02,4.01,4,3.99,3.98,3.97,3.97,3.97,3.97,179.31,0,1,1,0,0,0,-1,0,None,aggregation
26,228.76,remora1,remora5,23.28,25.85,28.54,28.54,28.54,27.99,27.99,25.63,27.98,27.98,22.92,25.56,28.38,28.38,28.38,27.8,27.8,25.34,27.79,27.79,2.46,2.44,2.41,2.38,2.36,2.33,2.31,2.28,2.26,2.23,3.97,3.96,3.95,3.95,3.94,3.93,3.92,3.92,3.92,3.92,198.77,0,1,1,0,0,0,-1,0,None,aggregation
26,229.76,remora1,remora5,27.98,21.52,26.1,26.1,21.57,21.57,21.57,21.54,26.46,26.46,27.79,21.12,25.83,25.83,21.17,21.17,21.17,21.13,26.2,26.2,2.2,2.18,2.17,2.14,2.11,2.08,2.06,2.04,2.01,1.99,3.92,3.92,3.91,3.91,3.91,3.9,3.9,3.9,3.89,3.89,204.42,0,1,1,0,0,0,-1,0,None,aggregation
26,230.76,remora1,remora5,27.91,27.91,27.87,27.87,21.65,21.65,21.65,21.65,23.17,28.56,27.71,27.71,27.67,27.67,21.24,21.24,21.24,21.24,22.81,28.4,1.96,1.93,1.9,1.87,1.85,1.83,1.81,1.79,1.76,1.74,3.89,3.88,3.88,3.88,3.87,3.86,3.86,3.85,3.84,3.83,213.27,0,1,1,0,0,0,-1,0,None,aggregation
26,231.76,remora1,remora5,27.81,27.81,29.21,29.21,29.21,29.16,27.69,27.69,0,0,27.61,27.61,29.32,29.32,29.32,29.28,27.48,27.48,0,0,1.71,1.68,1.66,1.63,1.6,1.57,1.54,1.52,1.5,1.49,3.83,3.82,3.82,3.81,3.81,3.81,3.81,3.81,3.8,3.8,225.3,0,1,1,0,0,0,-1,0,None,aggregation
26,232.76,remora1,remora5,0,0,0,0,0,0,0,0,0,0,0,0,0,0,0,0,0,0,0,0,1.49,1.49,1.49,1.49,1.49,1.49,1.49,1.49,1.49,1.5,3.8,3.8,3.8,3.79,3.79,3.78,3.78,3.77,3.76,3.76,208.32,1,0,1,0,0,0,-1,0,None,aggregation
26,233.76,remora1,remora5,0,0,0,0,0,0,0,0,0,0,0,0,0,0,0,0,0,0,0,0,1.5,1.5,1.5,1.49,1.49,1.49,1.49,1.49,1.49,1.5,3.75,3.74,3.74,3.73,3.72,3.72,3.71,3.71,3.7,3.69,189.04,1,0,1,0,0,0,-1,0,None,aggregation
26,234.76,remora1,remora5,0,0,0,0,0,0,0,0,0,0,0,0,0,0,0,0,0,0,0,0,1.5,1.49,1.49,1.5,1.5,1.5,1.5,1.5,1.5,1.5,3.69,3.68,3.67,3.67,3.66,3.66,3.65,3.65,3.64,3.63,170.24,1,0,1,0,0,0,-1,0,None,aggregation
26,235.76,remora1,remora5,0,0,0,0,0,0,0,0,0,0,0,0,0,0,0,0,0,0,0,0,1.5,1.51,1.51,1.5,1.5,1.5,1.5,1.5,1.49,1.49,3.63,3.62,3.62,3.61,3.6,3.6,3.59,3.59,3.58,3.57,149.42,1,1,1,0,0,0,-1,0,None,aggregation
26,236.76,remora1,remora5,0,0,0,0,0,0,0,0,0,0,0,0,0,0,0,0,0,0,0,0,1.49,1.49,1.5,1.5,1.5,1.49,1.49,1.5,1.5,1.5,3.57,3.56,3.56,3.55,3.55,3.54,3.54,3.53,3.53,3.52,122.79,1,1,1,0,0,0,-1,0,None,aggregation
26,237.76,remora1,remora5,0,0,0,0,0,0,0,0,0,0,0,0,0,0,0,0,0,0,0,0,1.5,1.5,1.5,1.5,1.5,1.5,1.5,1.5,1.5,1.51,3.52,3.51,3.51,3.5,3.5,3.49,3.49,3.48,3.48,3.47,98.65,0,1,1,0,0,0,-1,0,None,aggregation
26,238.76,remora1,remora5,0,0,0,0,0,0,0,0,0,0,0,0,0,0,0,0,0,0,0,0,1.51,1.51,1.5,1.5,1.5,1.49,1.49,1.49,1.49,1.49,3.47,3.47,3.47,3.47,3.47,3.47,3.47,3.47,3.47,3.47,71.52,1,1,1,0,0,0,-1,0,None,aggregation
26,239.76,remora1,remora5,0,0,0,0,0,0,0,0,-20.81,-20.81,0,0,0,0,0,0,0,0,-19.99,-19.99,1.49,1.49,1.49,1.49,1.49,1.49,1.48,1.48,1.49,1.5,3.47,3.47,3.47,3.47,3.47,3.47,3.47,3.47,3.47,3.47,51.68,1,1,1,0,0,0,-1,0,None,aggregation
26,240.76,remora1,remora5,-20.81,-20.74,-20.74,-20.67,-26.23,-26.23,-26.23,-17.84,-20.73,-20.73,-19.99,-19.92,-19.92,-19.85,-25.4,-25.4,-25.4,-17.01,-19.91,-19.91,1.52,1.54,1.55,1.57,1.59,1.61,1.64,1.66,1.67,1.69,3.47,3.47,3.47,3.47,3.47,3.47,3.48,3.48,3.48,3.48,48.52,0,1,1,0,0,0,-1,0,None,aggregation
26,241.76,remora1,remora5,-20.73,-26.02,-26.02,-28.29,-20.7,-20.7,-25.94,-25.94,-25.94,-25.94,-19.91,-25.2,-25.2,-27.47,-19.87,-19.87,-25.12,-25.12,-25.12,-25.12,1.71,1.73,1.76,1.79,1.82,1.84,1.86,1.88,1.91,1.94,3.48,3.48,3.48,3.48,3.48,3.49,3.49,3.49,3.48,3.48,49.97,0,1,1,0,0,0,-1,0,None,aggregation
26,242.76,remora1,remora5,-28.45,-28.45,-14.73,-14.73,-25.95,-25.95,-24.45,-24.45,-25.87,-25.87,-29.27,-29.27,-13.91,-13.91,-25.13,-25.13,-23.63,-23.63,-25.04,-25.04,1.95,1.98,2,2.03,2.04,2.07,2.09,2.11,2.14,2.17,3.47,3.47,3.47,3.46,3.46,3.45,3.45,3.45,3.44,3.44,73.62,0,1,1,0,0,0,-1,0,None,aggregation
26,243.76,remora1,remora5,-25.87,-22.98,-22.98,-6.82,-6.82,-10.8,-10.8,-25.69,-25.69,-10.09,-25.04,-22.15,-22.15,-5.99,-5.99,-9.98,-9.98,-24.87,-24.87,-9.27,2.2,2.22,2.24,2.25,2.26,2.27,2.28,2.3,2.32,2.34,3.44,3.43,3.43,3.43,3.42,3.42,3.42,3.42,3.42,3.42,90.06,0,1,1,0,0,0,-1,0,None,aggregation
26,230.76,remora1,remora6,0,0,30,30,30,30,30,30,30,30,0,0,30,30,30,30,30,30,30,30,4.74,4.77,4.79,4.8,4.81,4.82,4.83,4.84,4.85,4.86,6.94,6.95,6.96,6.96,6.95,6.94,6.93,6.92,6.91,6.9,135,0,0,1,0,0,0,-1,0,None,aggregation
26,231.76,remora1,remora6,30,30,0,0,0,0,30,30,0,0,30,30,0,0,0,0,30,30,0,0,4.87,4.88,4.89,4.91,4.93,4.94,4.95,4.96,4.97,4.99,6.89,6.88,6.87,6.88,6.89,6.9,6.91,6.9,6.9,6.9,132,0,0,1,0,0,0,-1,0,None,aggregation
26,232.76,remora1,remora6,0,0,30,30,30,30,30,30,30,30,0,0,30,30,30,30,30,30,30,30,5.01,5.03,5.04,5.06,5.07,5.08,5.09,5.1,5.11,5.12,6.9,6.91,6.91,6.9,6.89,6.87,6.86,6.84,6.83,6.81,153,0,0,1,0,0,0,-1,0,None,aggregation
26,233.76,remora1,remora6,30,30,30,30,30,30,30,30,30,30,30,30,30,30,30,30,30,30,30,30,5.13,5.14,5.14,5.15,5.16,5.17,5.18,5.18,5.19,5.2,6.8,6.79,6.77,6.75,6.74,6.72,6.71,6.7,6.68,6.67,168,0,0,1,0,0,0,-1,0,None,aggregation
26,234.76,remora1,remora6,30,30,30,30,30,30,30,30,30,30,30,30,30,30,30,30,30,30,30,30,5.21,5.22,5.23,5.24,5.25,5.26,5.26,5.28,5.29,5.31,6.65,6.64,6.62,6.61,6.6,6.58,6.57,6.55,6.54,6.53,186,0,0,1,0,0,0,-1,0,None,aggregation
26,235.76,remora1,remora6,30,30,30,30,30,30,30,30,30,30,30,30,30,30,30,30,30,30,30,30,5.32,5.34,5.35,5.36,5.37,5.38,5.39,5.4,5.41,5.42,6.52,6.5,6.49,6.48,6.46,6.45,6.43,6.42,6.41,6.39,195,0,0,1,0,0,0,-1,0,None,aggregation
26,236.76,remora1,remora6,30,30,30,30,30,30,30,30,30,30,30,30,30,30,30,30,30,30,30,30,5.44,5.45,5.46,5.47,5.48,5.49,5.51,5.52,5.53,5.54,6.38,6.37,6.36,6.34,6.33,6.32,6.3,6.29,6.28,6.27,219,0,0,1,0,0,0,-1,0,None,aggregation
26,237.76,remora1,remora6,30,30,30,30,30,30,30,30,30,30,30,30,30,30,30,30,30,30,30,30,5.55,5.57,5.59,5.6,5.61,5.58,5.56,5.54,5.51,5.49,6.25,6.24,6.23,6.22,6.21,6.2,6.18,6.17,6.16,6.15,231,0,0,1,0,0,0,-1,0,None,aggregation
26,238.76,remora1,remora6,30,0.94,0.94,1.16,1.78,1.78,2.42,2.42,2.42,3.08,30,-9.53,-9.53,-9.31,-8.68,-8.68,-8.04,-8.04,-8.04,-7.38,5.47,5.46,5.46,5.46,5.46,5.47,5.47,5.47,5.47,5.47,6.14,6.14,6.14,6.15,6.15,6.16,6.16,6.17,6.17,6.17,222.01,0,0,1,0,0,0,-1,0,None,aggregation
26,239.76,remora1,remora6,3.76,3.76,4.44,4.44,4.44,5.12,5.62,5.62,6.06,6.06,-6.71,-6.71,-6.03,-6.03,-6.03,-5.34,-4.46,-4.46,-3.57,-3.57,5.48,5.48,5.48,5.48,5.48,5.48,5.48,5.48,5.48,5.46,6.17,6.17,6.17,6.17,6.17,6.17,6.17,6.17,6.17,6.17,216.92,0,0,1,0,0,0,-1,0,None,aggregation
26,240.76,remora1,remora6,6.06,6.49,6.89,6.89,7.27,7.27,7.27,7.61,7.93,7.93,-3.57,-2.71,-1.89,-1.89,-1.12,-1.12,-1.12,-0.39,0.29,0.29,5.44,5.42,5.4,5.37,5.35,5.33,5.3,5.27,5.25,5.23,6.16,6.15,6.15,6.14,6.13,6.12,6.11,6.11,6.1,6.09,195.84,0,0,1,0,0,0,-1,0,None,aggregation
26,241.76,remora1,remora6,7.93,8.23,8.23,8.51,0,0,30,30,30,30,0.29,0.94,0.94,1.55,0,0,30,30,30,30,5.21,5.18,5.15,5.12,5.09,5.06,5.04,5,4.95,4.9,6.08,6.07,6.06,6.05,6.04,6.03,6.03,6,5.97,5.93,197.67,0,0,1,0,0,0,-1,0,None,aggregation
26,242.76,remora1,remora6,30,30,30,30,30,30,30,30,30,30,30,30,30,30,30,30,30,30,30,30,4.85,4.79,4.75,4.7,4.66,4.6,4.56,4.5,4.45,4.4,5.9,5.87,5.83,5.8,5.77,5.73,5.7,5.67,5.64,5.6,203.67,0,0,1,0,0,0,-1,0,None,aggregation
26,243.76,remora1,remora6,30,30,30,30,30,0,0,0,0,30,30,30,30,30,30,0,0,0,0,30,4.35,4.3,4.25,4.21,4.18,4.16,4.15,4.13,4.1,4.07,5.57,5.54,5.5,5.47,5.44,5.43,5.42,5.42,5.41,5.39,191.67,0,0,1,0,0,0,-1,0,None,aggregation
26,124.76,remora0,remora8,17.5,18.4,18.4,18.41,21.65,21.65,18.59,18.59,18.94,18.94,17,17.92,17.92,17.93,21.24,21.24,18.11,18.11,18.47,18.47,1.67,1.68,1.68,1.69,1.69,1.7,1.7,1.71,1.72,1.73,4.44,4.44,4.45,4.46,4.46,4.47,4.48,4.49,4.5,4.51,170.36,0,1,1,0,0,0,-1,0,None,aggregation
26,125.76,remora0,remora8,18.94,22.15,19.29,19.29,19.29,19.63,22.53,22.53,22.53,24.8,18.47,21.76,18.83,18.83,18.83,19.18,22.15,22.15,22.15,24.48,1.73,1.74,1.75,1.75,1.76,1.76,1.77,1.78,1.79,1.79,4.52,4.53,4.54,4.55,4.56,4.58,4.59,4.61,4.63,4.65,178.92,0,1,1,0,0,0,-1,0,None,aggregation
26,126.76,remora0,remora8,24.8,22.79,25.19,25.19,25.19,20.95,20.95,21.26,21.26,21.58,24.48,22.41,24.88,24.88,24.88,20.53,20.53,20.85,20.85,21.17,1.8,1.81,1.83,1.84,1.85,1.86,1.87,1.89,1.9,1.92,4.66,4.68,4.7,4.72,4.73,4.75,4.76,4.78,4.79,4.81,188.03,0,1,1,0,0,0,-1,0,None,aggregation
26,127.76,remora0,remora8,21.58,22.17,22.46,22.46,22.75,22.75,22.75,23.03,23.58,23.58,21.17,21.78,22.08,22.08,22.37,22.37,22.37,22.66,23.22,23.22,1.93,1.94,1.95,1.96,1.97,1.99,2.01,2.02,2.04,2.06,4.82,4.83,4.85,4.86,4.88,4.9,4.92,4.93,4.95,4.97,195.73,0,1,1,0,0,0,-1,0,None,aggregation
26,128.76,remora0,remora8,23.85,23.85,23.85,24.36,24.48,24.48,24.85,24.85,25.21,25.21,23.5,23.5,23.5,24.03,24.16,24.16,24.54,24.54,24.9,24.9,2.09,2.11,2.12,2.13,2.15,2.18,2.2,2.23,2.25,2.27,4.99,5,5.01,5.02,5.04,5.06,5.09,5.1,5.12,5.13,203.14,0,1,1,0,0,0,-1,0,None,aggregation
26,129.76,remora0,remora8,25.21,25.55,25.55,25.88,26.2,26.2,26.2,26.5,26.5,26.7,24.9,25.26,25.26,25.6,25.93,25.93,25.93,26.24,26.24,26.45,2.3,2.33,2.36,2.39,2.42,2.45,2.47,2.5,2.52,2.54,5.16,5.18,5.2,5.22,5.24,5.27,5.29,5.31,5.33,5.35,210.23,0,1,1,0,0,0,-1,0,None,aggregation
26,130.76,remora0,remora8,26.7,26.89,26.9,26.9,26.9,27.08,27.08,27.26,27.26,27.44,26.45,26.65,26.65,26.65,26.65,26.85,26.85,27.03,27.03,27.22,2.55,2.57,2.6,2.63,2.65,2.68,2.71,2.75,2.78,2.8,5.37,5.39,5.41,5.44,5.46,5.48,5.51,5.53,5.55,5.58,217.97,0,1,1,0,0,0,-1,0,None,aggregation
26,131.76,remora0,remora8,27.61,27.61,27.61,27.61,27.61,0,0,0,0,0,27.39,27.39,27.39,27.4,27.4,0,0,0,0,0,2.81,2.84,2.87,2.91,2.95,2.97,2.98,2.99,2.99,3.01,5.6,5.62,5.64,5.67,5.7,5.71,5.71,5.71,5.71,5.72,213.85,0,1,1,0,0,0,-1,0,None,aggregation
26,132.76,remora0,remora8,0,0,0,0,-22.55,-22.55,-22.57,-22.57,-22.57,-22.12,0,0,0,0,-21.73,-21.73,-21.75,-21.75,-21.75,-21.3,3.02,3.03,3.04,3.04,3.03,3.01,2.99,2.98,2.97,2.95,5.73,5.73,5.73,5.72,5.71,5.69,5.67,5.66,5.64,5.62,210.17,0,0,1,0,0,0,-1,0,None,aggregation
26,133.76,remora0,remora8,0,0,0,0,0,-21.7,-21.7,-21.7,-20.77,-20.77,0,0,0,0,0,-20.88,-20.88,-20.88,-19.95,-19.95,2.92,2.9,2.89,2.9,2.91,2.9,2.87,2.83,2.81,2.8,5.6,5.6,5.59,5.59,5.59,5.58,5.57,5.55,5.53,5.53,199.65,0,1,1,0,0,0,-1,0,None,aggregation
26,134.76,remora0,remora8,-20.77,-20.8,-20.8,-20.32,-20.08,-20.08,-20.08,-19.88,-19.14,-19.14,-19.95,-19.98,-19.98,-19.5,-19.26,-19.26,-19.26,-19.05,-18.32,-18.32,2.8,2.78,2.75,2.75,2.74,2.71,2.69,2.66,2.63,2.61,5.52,5.5,5.48,5.46,5.45,5.43,5.41,5.39,5.37,5.36,200.47,0,1,1,0,0,0,-1,0,None,aggregation
26,135.76,remora0,remora8,-19.14,-18.67,-18.67,-18.44,-18.18,-18.18,-18.18,-18.18,-26.55,-17.2,-18.32,-17.85,-17.85,-17.62,-17.36,-17.36,-17.36,-17.36,-25.73,-16.38,2.6,2.59,2.59,2.58,2.56,2.53,2.51,2.5,2.5,2.49,5.35,5.34,5.33,5.32,5.3,5.29,5.27,5.26,5.25,5.24,198.31,0,1,1,0,0,0,-1,0,None,aggregation
26,136.76,remora0,remora8,-17.2,-17.2,-16.95,-16.69,-15.95,-15.95,-15.69,-15.69,-15.69,-15.43,-16.38,-16.38,-16.13,-15.87,-15.12,-15.12,-14.87,-14.87,-14.87,-14.61,2.49,2.47,2.45,2.43,2.41,2.41,2.41,2.4,2.4,2.39,5.23,5.22,5.2,5.19,5.17,5.17,5.16,5.16,5.15,5.15,191.41,0,1,1,0,0,0,-1,0,None,aggregation
26,137.76,remora0,remora8,-25.73,-25.73,-25.73,-14.92,-14.92,-14.13,-13.87,-13.87,-13.87,-13.87,-24.91,-24.91,-24.91,-14.1,-14.1,-13.31,-13.05,-13.05,-13.05,-13.05,2.39,2.37,2.35,2.33,2.33,2.33,2.33,2.33,2.34,2.34,5.14,5.12,5.1,5.09,5.08,5.07,5.07,5.07,5.07,5.06,186.14,0,1,1,0,0,0,-1,0,None,aggregation
26,138.76,remora0,remora8,-13.87,-13.86,-25.03,-25.03,-13.04,-13.04,-12.78,-12.78,-19.19,-19.19,-13.05,-13.04,-24.21,-24.21,-12.21,-12.21,-11.96,-11.96,-18.37,-18.37,2.33,2.33,2.32,2.32,2.32,2.32,2.31,2.32,2.32,2.31,5.05,5.05,5.04,5.03,5.02,5.01,5.01,5.01,5.01,5,178.18,0,1,1,0,0,0,-1,0,None,aggregation
26,139.76,remora0,remora8,-19.19,-24.58,-24.58,-24.39,-10.92,-10.92,-10.92,-10.4,-10.4,-10.4,-18.37,-23.76,-23.76,-23.57,-10.1,-10.1,-10.1,-9.58,-9.58,-9.58,2.29,2.27,2.26,2.24,2.22,2.22,2.22,2.22,2.23,2.22,4.98,4.97,4.95,4.94,4.92,4.92,4.92,4.92,4.91,4.9,167.53,0,1,1,0,0,0,-1,0,None,aggregation
26,140.76,remora0,remora8,-23.75,-23.66,-23.66,-9.08,-8.28,-8.28,-8.28,-7.74,-7.74,-22.51,-22.93,-22.84,-22.84,-8.26,-7.46,-7.46,-7.46,-6.92,-6.92,-21.69,2.2,2.18,2.16,2.14,2.13,2.12,2.12,2.12,2.12,2.11,4.89,4.88,4.87,4.86,4.86,4.85,4.85,4.84,4.83,4.82,154.5,0,1,1,0,0,0,-1,0,None,aggregation
26,141.76,remora0,remora8,-22.28,-22.28,-6.7,-6.7,-6.7,-6.16,-14.21,-14.21,-14.21,-21.48,-21.46,-21.46,-5.87,-5.87,-5.87,-5.34,-13.39,-13.39,-13.39,-20.66,2.09,2.08,2.08,2.08,2.08,2.08,2.08,2.08,2.07,2.07,4.81,4.8,4.79,4.78,4.77,4.77,4.76,4.76,4.76,4.75,153.83,0,1,1,0,0,0,-1,0,None,aggregation
26,142.76,remora0,remora8,-21.48,-5.07,-5.07,-5.07,-20.82,-20.59,-3.5,-3.5,-3.5,-12.13,-20.66,-4.25,-4.25,-4.25,-20,-19.76,-2.67,-2.67,-2.67,-11.31,2.06,2.06,2.05,2.04,2.04,2.03,2.03,2.03,2.03,2.02,4.74,4.73,4.72,4.71,4.71,4.7,4.68,4.68,4.68,4.67,150.24,0,1,1,0,0,0,-1,0,None,aggregation
26,143.76,remora0,remora8,-19.94,-19.94,-19.94,-1.93,-1.42,-1.42,-1.42,-18.98,-18.98,-0.89,-19.12,-19.12,-19.12,-1.11,-0.6,-0.6,-0.6,-18.16,-18.16,-0.07,2.01,2,1.99,1.98,1.99,1.99,1.99,1.98,1.97,1.96,4.67,4.66,4.65,4.65,4.65,4.64,4.64,4.64,4.62,4.62,149.85,0,1,1,0,0,0,-1,0,None,aggregation
26,144.76,remora0,remora8,-18.23,-18.23,-17.93,-17.93,1.15,1.15,1.15,-18.67,-18.67,-16.76,-17.41,-17.41,-17.11,-17.11,1.94,1.94,1.94,-17.85,-17.85,-15.94,1.96,1.95,1.94,1.94,1.93,1.93,1.92,1.92,1.91,1.9,4.61,4.61,4.6,4.6,4.6,4.59,4.59,4.58,4.57,4.56,142.98,0,1,1,0,0,0,-1,0,None,aggregation
26,145.76,remora0,remora8,-16.76,2.64,2.64,-15.9,-15.9,3.15,-15.4,-15.4,-15.4,4.14,-15.94,3.41,3.41,-15.08,-15.08,3.91,-14.58,-14.58,-14.58,4.88,1.89,1.89,1.9,1.9,1.9,1.9,1.89,1.89,1.88,1.89,4.54,4.54,4.54,4.54,4.55,4.55,4.55,4.55,4.54,4.54,134.89,0,1,1,0,0,0,-1,0,None,aggregation
26,146.76,remora0,remora8,4.14,-14.56,-14.56,-14.56,-14.91,4.66,-16.35,-16.35,5.17,5.17,4.88,-13.74,-13.74,-13.74,-14.09,5.39,-15.53,-15.53,5.89,5.89,1.89,1.9,1.91,1.91,1.91,1.92,1.93,1.92,1.92,1.91,4.54,4.54,4.53,4.52,4.52,4.52,4.52,4.52,4.52,4.52,130,0,1,1,0,0,0,-1,0,None,aggregation
26,147.76,remora0,remora8,5.17,-13.65,-13.65,-13.62,-13.62,-12.78,-12.78,-3.41,-3.41,-11.97,5.89,-12.83,-12.83,-12.8,-12.8,-11.95,-11.95,-2.59,-2.59,-11.15,1.91,1.9,1.9,1.9,1.9,1.9,1.9,1.89,1.89,1.89,4.53,4.53,4.52,4.52,4.52,4.51,4.51,4.51,4.5,4.5,122.82,0,1,1,0,0,0,-1,0,None,aggregation
26,148.76,remora0,remora8,-14.08,-14.08,-11.12,-11.12,-11.12,-1.72,-10.64,-10.64,-10.64,-1.23,-13.26,-13.26,-10.3,-10.3,-10.3,-0.9,-9.82,-9.82,-9.82,-0.41,1.88,1.88,1.88,1.88,1.89,1.89,1.89,1.89,1.89,1.88,4.5,4.5,4.5,4.5,4.5,4.5,4.5,4.5,4.5,4.51,115.67,0,1,1,0,0,0,-1,0,None,aggregation
26,149.76,remora0,remora8,-1.23,-9.77,-9.4,-9.4,0,0,0,-8.53,-11.29,-11.29,-0.41,-8.94,-8.58,-8.58,0.81,0.81,0.81,-7.71,-10.47,-10.47,1.88,1.87,1.88,1.88,1.88,1.87,1.87,1.87,1.87,1.87,4.51,4.51,4.51,4.5,4.5,4.5,4.51,4.5,4.5,4.51,106.34,0,1,1,0,0,0,-1,0,None,aggregation
26,150.76,remora0,remora8,-11.29,-7.95,-7.95,-10.56,-10.56,12.43,-9.81,-9.81,-9.81,-9.76,-10.47,-7.13,-7.13,-9.74,-9.74,13.02,-8.99,-8.99,-8.99,-8.94,1.87,1.87,1.87,1.87,1.87,1.87,1.86,1.86,1.85,1.85,4.51,4.51,4.51,4.51,4.51,4.52,4.52,4.53,4.53,4.52,102.1,0,1,1,0,0,0,-1,0,None,aggregation
26,151.76,remora0,remora8,-5.54,-5.54,-5.54,14.06,14.06,-4.94,-4.94,-4.51,14.45,14.45,-4.72,-4.72,-4.72,14.62,14.62,-4.12,-4.12,-3.68,15,15,1.85,1.85,1.85,1.85,1.84,1.83,1.83,1.83,1.83,1.84,4.52,4.53,4.53,4.54,4.55,4.55,4.55,4.55,4.55,4.56,97.68,0,1,1,0,0,0,-1,0,None,aggregation
26,152.76,remora0,remora8,14.45,-4.23,-4.23,14.05,-4.27,-4.27,-4.27,-4.19,-4.19,14.45,15,-3.41,-3.41,14.61,-3.45,-3.45,-3.45,-3.37,-3.37,15.01,1.84,1.84,1.85,1.85,1.84,1.84,1.84,1.84,1.84,1.85,4.56,4.57,4.58,4.58,4.59,4.59,4.6,4.61,4.62,4.62,95.08,0,1,1,0,0,0,-1,0,None,aggregation
26,153.76,remora0,remora8,14.45,14.45,-7.34,14.06,14.06,-3.62,-3.62,-3.53,-3.53,4.23,15.01,15.01,-6.52,14.62,14.62,-2.8,-2.8,-2.71,-2.71,4.97,1.85,1.85,1.85,1.85,1.85,1.85,1.84,1.84,1.84,1.84,4.63,4.63,4.64,4.64,4.65,4.65,4.66,4.66,4.66,4.66,93.24,0,1,1,0,0,0,-1,0,None,aggregation
26,154.76,remora0,remora8,-2.57,-2.57,-2.57,14.85,14.85,14.85,-2.5,-2.5,-2.5,-2.4,-1.74,-1.74,-1.74,15.39,15.39,15.39,-1.67,-1.67,-1.67,-1.57,1.84,1.84,1.84,1.84,1.84,1.83,1.83,1.83,1.83,1.83,4.67,4.67,4.68,4.69,4.7,4.71,4.72,4.73,4.73,4.73,86.42,0,1,1,0,0,0,-1,0,None,aggregation
26,155.76,remora0,remora8,-2.4,4.44,-2.49,-2.49,-2.49,14.07,14.07,14.07,-2.5,-2.5,-1.57,5.18,-1.67,-1.67,-1.67,14.63,14.63,14.63,-1.67,-1.67,1.84,1.85,1.86,1.86,1.86,1.86,1.86,1.86,1.86,1.86,4.74,4.75,4.76,4.77,4.78,4.78,4.78,4.79,4.79,4.8,81.81,0,1,1,0,0,0,-1,0,None,aggregation
26,156.76,remora0,remora8,-2.5,-2.5,13.67,13.67,-2.19,-2.19,-2.19,-5.68,13.67,13.67,-1.67,-1.67,14.24,14.24,-1.37,-1.37,-1.37,-4.86,14.24,14.24,1.86,1.87,1.88,1.88,1.88,1.88,1.87,1.87,1.87,1.87,4.8,4.8,4.81,4.81,4.82,4.82,4.82,4.83,4.84,4.85,77.92,0,1,1,0,0,0,-1,0,None,aggregation
26,157.76,remora0,remora8,13.67,13.67,14.07,-5.39,-5.39,-2.06,13.29,13.29,13.29,-1.83,14.24,14.24,14.63,-4.57,-4.57,-1.24,13.86,13.86,13.86,-1,1.86,1.87,1.87,1.88,1.89,1.9,1.91,1.9,1.9,1.89,4.86,4.87,4.88,4.89,4.89,4.9,4.9,4.91,4.92,4.93,77.45,0,1,1,0,0,0,-1,0,None,aggregation
26,158.76,remora0,remora8,-1.83,-1.74,-1.74,13.28,13.28,13.28,13.28,-1.79,-1.71,-1.71,-1,-0.92,-0.92,13.85,13.86,13.86,13.86,-0.96,-0.88,-0.88,1.89,1.89,1.89,1.9,1.91,1.91,1.91,1.91,1.91,1.91,4.93,4.94,4.94,4.94,4.95,4.96,4.97,4.98,4.99,5,74.45,0,1,1,0,0,0,-1,0,None,aggregation
26,159.76,remora0,remora8,-1.71,12.88,13.07,13.07,13.07,3.95,3.95,-1.64,3.66,3.66,-0.88,13.46,13.65,13.65,13.65,4.69,4.69,-0.82,4.41,4.41,1.9,1.9,1.89,1.89,1.9,1.9,1.91,1.92,1.93,1.93,5,5,5.01,5.01,5.02,5.03,5.04,5.04,5.05,5.05,75.78,0,1,1,0,0,0,-1,0,None,aggregation
26,160.76,remora0,remora8,3.66,12.48,12.48,12.49,12.05,12.05,12.05,12.04,-2.09,-2.09,4.41,13.07,13.07,13.08,12.65,12.65,12.65,12.64,-1.27,-1.27,1.94,1.94,1.93,1.93,1.92,1.92,1.91,1.92,1.92,1.92,5.05,5.05,5.06,5.06,5.06,5.06,5.07,5.08,5.09,5.09,75.64,0,1,1,0,0,0,-1,0,None,aggregation
26,161.76,remora0,remora8,-2.09,-2.06,-2.06,11.62,11.62,11.63,11.63,3.22,3.22,2.92,-1.27,-1.24,-1.24,12.23,12.23,12.24,12.24,3.98,3.98,3.69,1.92,1.92,1.93,1.93,1.94,1.94,1.93,1.94,1.96,1.97,5.1,5.1,5.1,5.1,5.1,5.11,5.12,5.13,5.14,5.14,73.29,0,1,1,0,0,0,-1,0,None,aggregation
26,162.76,remora0,remora8,2.92,2.92,-2.27,11.24,11.24,11.24,11.24,11.23,11.23,10.79,3.69,3.69,-1.44,11.86,11.85,11.85,11.85,11.85,11.85,11.42,1.98,1.98,1.98,1.98,1.98,1.97,1.97,1.97,1.96,1.97,5.15,5.15,5.16,5.16,5.17,5.17,5.18,5.18,5.18,5.18,75.12,0,1,1,0,0,0,-1,0,None,aggregation
26,163.76,remora0,remora8,10.79,10.8,10.8,2.44,2.44,10.17,10.17,-3.05,9.98,9.98,11.42,11.42,11.42,3.21,3.21,10.8,10.8,-2.22,10.61,10.61,1.99,2,2.01,2.01,2.02,2.03,2.04,2.04,2.04,2.04,5.19,5.19,5.19,5.2,5.2,5.21,5.22,5.22,5.23,5.24,75.21,0,1,1,0,0,0,-1,0,None,aggregation
26,164.76,remora0,remora8,9.98,9.98,9.98,9.77,9.58,9.58,9.58,9.58,-3.27,9.35,10.62,10.62,10.62,10.41,10.22,10.22,10.22,10.22,-2.45,10,2.05,2.06,2.08,2.09,2.1,2.1,2.1,2.09,2.09,2.09,5.25,5.26,5.26,5.27,5.29,5.3,5.3,5.31,5.32,5.32,78.51,0,1,1,0,0,0,-1,0,None,aggregation
26,165.76,remora0,remora8,9.58,9.58,9.58,9.36,1.77,1.77,1.63,1.63,1.63,9.18,10.23,10.23,10.23,10.01,2.55,2.55,2.41,2.41,2.41,9.84,2.09,2.1,2.11,2.13,2.14,2.14,2.14,2.14,2.14,2.14,5.32,5.32,5.33,5.34,5.35,5.36,5.37,5.37,5.37,5.38,78.42,0,1,1,0,0,0,-1,0,None,aggregation
26,166.76,remora0,remora8,9.18,9.19,9.19,8.96,8.74,8.74,8.74,8.73,8.73,8.75,9.84,9.84,9.84,9.61,9.4,9.4,9.4,9.39,9.39,9.41,2.15,2.15,2.15,2.15,2.15,2.15,2.15,2.16,2.17,2.18,5.38,5.39,5.4,5.4,5.4,5.41,5.41,5.42,5.43,5.44,80.58,0,1,1,0,0,0,-1,0,None,aggregation
26,167.76,remora0,remora8,8.75,8.53,8.32,8.32,8.32,8.33,8.11,8.11,8.11,8.11,9.41,9.19,8.98,8.98,8.98,8.99,8.78,8.78,8.78,8.78,2.19,2.19,2.19,2.2,2.2,2.22,2.23,2.24,2.25,2.25,5.44,5.45,5.45,5.46,5.47,5.48,5.48,5.49,5.5,5.5,79.61,0,1,1,0,0,0,-1,0,None,aggregation
26,168.76,remora0,remora8,-3.98,-3.98,8.15,8.15,8.15,8.16,8.16,8.17,8.17,7.96,-3.16,-3.16,8.82,8.82,8.82,8.83,8.83,8.84,8.84,8.64,2.25,2.25,2.25,2.26,2.27,2.27,2.27,2.28,2.29,2.3,5.51,5.51,5.52,5.53,5.73,5.74,5.74,5.74,5.75,5.76,80.87,0,1,1,0,0,0,-1,0,None,aggregation
26,169.76,remora0,remora8,7.96,1.32,1.32,7.76,7.76,8,7.76,7.76,7.76,7.77,8.64,2.11,2.11,8.44,8.44,8.68,8.44,8.44,8.44,8.45,2.32,2.32,2.32,2.32,2.32,2.32,2.32,2.33,2.34,2.35,5.76,3.65,3.65,3.65,3.66,3.66,3.67,3.67,3.68,3.68,80.49,0,1,1,0,0,0,-1,0,None,aggregation
26,170.76,remora0,remora8,7.77,7.79,7.79,7.59,7.59,7.59,7.59,7.59,7.59,1.23,8.45,8.47,8.47,8.27,8.27,8.27,8.27,8.27,8.27,2.02,2.36,2.36,2.36,2.36,2.36,2.36,2.36,2.37,2.37,2.37,3.68,3.69,3.69,3.69,3.69,3.68,3.68,3.69,3.7,3.71,78.33,0,1,1,0,0,0,-1,0,None,aggregation
26,171.76,remora0,remora8,1.23,1.1,1.1,7.63,7.64,7.64,7.64,7.64,7.4,7.4,2.02,1.89,1.89,8.31,8.32,8.32,8.32,8.33,8.09,8.09,2.39,2.4,2.41,2.41,2.41,2.41,2.41,2.41,2.41,2.41,3.72,3.72,3.72,3.72,3.72,3.72,3.73,3.74,3.75,3.74,78.01,0,1,1,0,0,0,-1,0,None,aggregation
26,172.76,remora0,remora8,7.4,7.4,7.4,7.4,7.4,7.4,7.4,7.42,7.42,7.45,8.09,8.09,8.09,8.09,8.09,8.09,8.09,8.1,8.1,8.13,2.41,2.42,2.42,2.42,2.42,2.43,2.44,2.45,2.46,2.47,3.74,3.74,3.73,3.73,3.73,3.74,3.75,3.77,3.78,3.78,76.88,0,1,1,0,0,0,-1,0,None,aggregation
26,173.76,remora0,remora8,7.48,7.48,7.27,7.27,7.28,7.28,7.3,7.3,7.3,7.06,8.16,8.16,7.96,7.96,7.97,7.97,7.99,7.99,7.99,7.75,2.49,2.49,2.49,2.5,2.51,2.51,2.52,2.52,2.52,2.52,3.79,3.78,3.78,3.8,3.81,3.81,3.8,3.8,3.8,3.81,76.21,0,1,1,0,0,0,-1,0,None,aggregation
26,174.76,remora0,remora8,7.06,7.06,7.07,7.07,7.07,7.09,7.09,7.09,7.09,7.09,7.75,7.75,7.76,7.76,7.76,7.78,7.78,7.78,7.78,7.78,2.52,2.53,2.54,2.54,2.54,2.55,2.55,2.55,2.55,2.55,3.82,3.82,3.82,3.82,3.82,3.82,3.83,3.84,3.85,3.85,74.32,0,1,1,0,0,0,-1,0,None,aggregation
26,175.76,remora0,remora8,7.09,7.09,7.11,7.11,9.7,9.7,9.7,7.16,7.16,7.17,7.78,7.78,7.8,7.8,10.34,10.34,10.34,7.85,7.85,7.86,2.55,2.56,2.57,2.59,2.6,2.6,2.6,2.61,2.61,2.62,3.84,3.84,3.85,3.85,3.85,3.86,3.87,3.88,3.89,3.89,76.63,0,1,1,0,0,0,-1,0,None,aggregation
26,176.76,remora0,remora8,7.17,6.96,6.96,6.98,7,7,7,-3.1,7.26,7.26,7.86,7.65,7.65,7.68,7.69,7.69,7.69,-2.28,7.95,7.95,2.63,2.63,2.64,2.64,2.65,2.67,2.68,2.68,2.68,2.68,3.89,3.89,3.89,3.89,3.89,3.91,3.92,3.93,3.94,3.94,74.34,0,1,1,0,0,0,-1,0,None,aggregation
26,177.76,remora0,remora8,7.26,5.42,5.42,7.27,7.27,7.29,1.78,1.78,2.2,2.2,7.95,6.14,6.14,7.96,7.96,7.98,2.57,2.57,2.97,2.97,2.68,2.69,2.7,2.71,2.71,2.72,2.73,2.73,2.73,2.73,3.93,3.93,3.93,3.93,3.93,3.94,3.95,3.95,3.95,3.95,70.86,0,1,1,0,0,0,-1,0,None,aggregation
26,178.76,remora0,remora8,2.2,7.33,7.33,7.34,7.34,7.35,7.37,7.37,7.37,7.38,2.97,8.02,8.02,8.02,8.02,8.04,8.05,8.05,8.05,8.07,2.74,2.74,2.74,2.75,2.76,2.76,2.76,2.77,2.78,2.79,3.94,3.95,3.95,5.97,5.98,5.97,5.97,5.96,5.96,5.96,70.56,0,1,1,0,0,0,-1,0,None,aggregation
26,124.76,remora0,remora9,-9.72,7.52,7.52,-7.29,-7.29,7.74,7.74,7.74,7.74,7.74,-8.9,8.2,8.2,-6.47,-6.47,8.42,8.42,8.42,8.42,8.42,5.04,5.04,5.04,5.03,5.03,5.03,5.03,5.03,5.04,5.05,5.97,5.97,5.98,5.98,5.97,5.97,5.98,5.99,5.99,6,111.8,0,0,1,0,0,0,-1,0,None,aggregation
26,125.76,remora0,remora9,7.74,7.51,7.27,7.27,7.27,7.27,7.04,7.04,7.04,7.04,8.42,8.19,7.95,7.95,7.95,7.96,7.73,7.73,7.73,7.73,5.05,5.05,5.06,5.06,5.07,5.07,5.07,5.08,5.08,5.09,6.01,6.02,6.03,6.04,6.04,6.05,6.06,6.07,6.08,6.1,104.44,0,0,1,0,0,0,-1,0,None,aggregation
26,126.76,remora0,remora9,7.04,6.8,6.8,6.8,6.8,6.57,6.57,6.08,6.08,6.08,7.73,7.49,7.49,7.49,7.49,7.27,7.27,6.79,6.79,6.79,5.09,5.1,5.1,5.11,5.12,5.12,5.13,5.13,5.14,5.15,6.11,6.12,6.13,6.14,6.15,6.16,6.17,6.18,6.19,6.19,95.89,0,0,1,0,0,0,-1,0,None,aggregation
26,127.76,remora0,remora9,6.08,6.09,6.09,6.09,6.09,6.09,6.09,6.1,6.33,6.33,6.79,6.79,6.8,6.8,6.8,6.8,6.8,6.81,7.04,7.04,5.15,5.16,5.16,5.17,5.17,5.18,5.19,5.19,5.2,5.21,6.2,6.21,6.22,6.23,6.24,6.25,6.26,6.27,6.28,6.28,92.82,0,0,1,0,0,0,-1,0,None,aggregation
26,128.76,remora0,remora9,6.33,6.33,6.33,6.34,6.34,6.34,-10.77,-10.77,-10.77,6.82,7.04,7.04,7.04,7.04,7.04,7.04,-9.95,-9.95,-9.95,7.52,5.21,5.22,5.22,5.23,5.23,5.24,5.25,5.25,5.24,5.24,6.29,6.3,6.31,6.32,6.33,6.34,6.35,6.35,6.34,6.34,86.02,0,0,1,0,0,0,-1,0,None,aggregation
26,129.76,remora0,remora9,6.82,-9.93,-9.93,7.07,7.54,7.54,7.77,7.77,7.77,7.77,7.52,-9.1,-9.1,7.76,8.23,8.23,8.45,8.45,8.45,8.45,5.24,5.24,5.24,5.24,5.25,5.25,5.26,5.27,5.28,5.28,6.35,6.35,6.35,6.35,6.36,6.37,6.38,6.39,6.4,6.41,82.52,0,0,1,0,0,0,-1,0,None,aggregation
26,130.76,remora0,remora9,7.77,7.77,7.77,7.78,7.78,7.78,7.78,8.02,8.02,8.02,8.45,8.45,8.45,8.45,8.45,8.46,8.46,8.69,8.69,8.7,5.29,5.3,5.3,5.31,5.32,5.33,5.34,5.35,5.36,5.36,6.43,6.44,6.45,6.46,6.47,6.49,6.5,6.51,6.52,6.53,80.57,0,0,1,0,0,0,-1,0,None,aggregation
26,131.76,remora0,remora9,8.25,8.25,8.25,-8.63,-8.63,8.03,8.03,8.03,8.49,8.49,8.92,8.92,8.92,-7.8,-7.8,8.7,8.7,8.7,9.16,9.16,5.37,5.38,5.39,5.39,5.38,5.38,5.39,5.4,5.41,5.42,6.54,6.55,6.56,6.57,6.57,6.57,6.57,6.58,6.59,6.6,79.16,0,0,1,0,0,0,-1,0,None,aggregation
26,132.76,remora0,remora9,8.49,8.71,8.71,8.71,-7.56,8.95,8.95,9.41,9.41,9.63,9.16,9.38,9.38,9.38,-6.74,9.61,9.61,10.06,10.06,10.27,5.43,5.44,5.45,5.45,5.45,5.44,5.45,5.46,5.47,5.48,6.61,6.62,6.63,6.63,6.63,6.62,6.63,6.63,6.64,6.65,79.78,0,0,1,0,0,0,-1,0,None,aggregation
26,133.76,remora0,remora9,9.63,9.63,9.63,9.63,9.63,9.63,9.63,9.86,9.86,9.86,10.27,10.27,10.27,10.27,10.27,10.27,10.27,10.5,10.5,10.5,5.49,5.5,5.5,5.51,5.53,5.53,5.54,5.55,5.56,5.57,6.65,6.66,6.67,6.68,6.69,6.7,6.71,6.72,6.73,6.74,80.74,0,0,1,0,0,0,-1,0,None,aggregation
26,134.76,remora0,remora9,9.86,9.86,9.86,10.07,10.07,10.07,10.07,10.07,10.07,10.07,10.5,10.5,10.5,10.71,10.71,10.71,10.71,10.71,10.71,10.71,5.58,5.59,5.6,5.61,5.62,5.63,5.64,5.65,5.66,5.67,6.75,6.76,6.77,6.78,6.79,6.79,6.8,6.81,6.82,6.82,83.15,0,0,1,0,0,0,-1,0,None,aggregation
26,135.76,remora0,remora9,10.07,10.3,10.3,10.3,10.51,10.51,10.51,10.51,10.51,10.51,10.71,10.93,10.93,10.93,11.14,11.14,11.14,11.14,11.14,11.13,5.68,5.69,5.7,5.71,5.72,5.73,5.74,5.75,5.76,5.77,6.83,6.84,6.86,6.87,6.88,6.89,6.9,6.91,6.92,6.93,86.27,0,0,1,0,0,0,-1,0,None,aggregation
26,136.76,remora0,remora9,10.51,10.51,10.73,10.73,10.73,10.94,10.94,10.94,10.94,10.93,11.13,11.13,11.36,11.35,11.35,11.56,11.56,11.56,11.56,11.55,5.78,5.8,5.81,5.82,5.83,5.84,5.85,5.86,5.87,5.88,6.94,6.95,6.96,6.97,6.98,6.99,7,7.02,7.03,7.04,90.46,0,0,1,0,0,0,-1,0,None,aggregation
26,137.76,remora0,remora9,10.93,11.16,11.16,11.15,11.15,11.36,11.36,11.36,11.36,11.35,11.55,11.77,11.77,11.77,11.77,11.97,11.97,11.97,11.97,11.97,5.89,5.91,5.92,5.93,5.94,5.95,5.96,5.98,5.99,6,7.05,7.06,7.06,7.07,7.08,7.1,7.11,7.12,7.14,7.15,95.51,0,0,1,0,0,0,-1,0,None,aggregation
26,138.76,remora0,remora9,11.35,11.57,11.57,11.57,11.57,11.57,11.77,11.77,11.98,11.98,11.97,12.18,12.18,12.18,12.18,12.18,12.38,12.37,12.58,12.58,6.01,6.02,6.04,6.05,6.06,6.07,6.09,6.1,6.11,6.12,7.16,7.17,7.18,7.19,7.2,7.21,7.22,7.24,7.25,7.26,99.65,0,0,1,0,0,0,-1,0,None,aggregation
26,139.76,remora0,remora9,11.98,11.98,11.97,11.97,12.17,12.17,12.17,12.17,12.17,12.17,12.58,12.58,12.57,12.57,12.77,12.77,12.77,12.77,12.77,12.77,6.13,6.15,6.16,6.17,6.18,6.2,6.21,6.22,6.23,6.25,7.27,7.28,7.29,7.3,7.31,7.33,7.34,7.35,7.36,7.38,103.86,0,0,1,0,0,0,-1,0,None,aggregation
26,140.76,remora0,remora9,12.38,12.38,12.38,12.37,0,0,0,0,0,0,12.97,12.97,12.97,12.97,0,0,0,0,0,0,6.26,6.27,6.28,6.3,6.31,6.31,6.31,6.31,6.31,6.31,7.39,7.4,7.41,7.43,7.44,7.45,7.45,7.45,7.45,7.45,100.74,0,0,1,0,0,0,-1,0,None,aggregation
26,141.76,remora0,remora9,0,0,0,0,0,0,0,0,0,0,0,0,0,0,0,0,0,0,0,0,6.31,6.31,6.31,6.31,6.31,6.31,6.31,6.32,6.32,6.32,7.44,7.45,7.45,7.45,7.45,7.45,7.45,7.45,7.45,7.45,92.25,0,0,1,0,0,0,-1,0,None,aggregation
26,142.76,remora0,remora9,0,0,0,0,0,0,0,0,0,0,0,0,0,0,0,0,0,0,0,0,6.32,6.32,6.32,6.32,6.32,6.32,6.32,6.32,6.32,6.32,7.45,7.45,7.45,7.45,7.45,7.45,7.45,7.45,7.45,7.45,83.14,0,0,1,0,0,0,-1,0,None,aggregation
26,143.76,remora0,remora9,0,0,0,0,0,0,0,0,0,0,0,0,0,0,0,0,0,0,0,0,6.32,6.32,6.32,6.32,6.32,6.32,6.32,6.32,6.32,6.32,7.45,7.46,7.46,7.46,7.46,7.46,7.46,7.46,7.45,7.45,73.12,0,0,1,0,0,0,-1,0,None,aggregation
26,144.76,remora0,remora9,0,0,0,0,0,0,0,0,0,0,0,0,0,0,0,0,0,0,0,0,6.32,6.32,6.32,6.32,6.32,6.32,6.32,6.32,6.32,6.32,7.45,7.45,7.46,7.46,7.46,7.46,7.46,7.46,7.46,7.46,62.79,0,0,1,0,0,0,-1,0,None,aggregation
26,145.76,remora0,remora9,0,0,0,0,0,0,0,0,0,0,0,0,0,0,0,0,0,0,0,0,6.32,6.32,6.32,6.32,6.32,6.32,6.32,6.32,6.32,6.32,7.46,7.46,7.46,7.46,7.46,7.46,7.47,7.47,7.47,7.46,52.08,0,0,1,0,0,0,-1,0,None,aggregation
26,146.76,remora0,remora9,0,0,0,0,0,0,0,0,0,0,0,0,0,0,0,0,0,0,0,0,6.32,6.32,6.32,6.32,6.31,6.31,6.31,6.31,6.31,6.31,7.46,7.46,7.46,7.46,7.46,7.46,7.46,7.46,7.46,7.46,40.98,0,0,0,0,0,0,-1,0,None,aggregation
26,147.76,remora0,remora9,4.02,4.02,4.02,4.02,4.02,4.27,4.27,4.27,4.27,4.5,3.26,3.26,3.26,3.26,3.26,3.52,3.52,3.51,3.51,3.76,6.31,6.32,6.32,6.32,6.33,6.33,6.34,6.34,6.34,6.35,7.47,7.47,7.47,7.47,7.48,7.48,7.48,7.49,7.49,7.5,33.22,0,0,0,0,0,0,-1,0,None,aggregation
26,148.76,remora0,remora9,4.5,4.76,4.76,4.75,4.75,4.75,4.99,4.99,4.99,5.23,3.76,4.01,4.01,4.01,4.01,4.01,4.24,4.24,4.24,4.5,6.35,6.36,6.36,6.37,6.37,6.37,6.38,6.38,6.39,6.39,7.5,7.51,7.51,7.52,7.52,7.52,7.53,7.53,7.54,7.55,25.73,0,0,0,0,0,0,-1,0,None,aggregation
26,149.76,remora0,remora9,5.23,5.23,5.47,5.47,5.71,5.71,5.71,5.71,5.71,5.71,4.5,4.49,4.73,4.73,4.99,4.99,4.99,4.98,4.98,4.98,6.4,6.4,6.41,6.41,6.42,6.42,6.43,6.44,6.44,6.45,7.56,7.56,7.56,7.57,7.57,7.58,7.58,7.59,7.59,7.6,18.53,0,0,0,0,0,0,-1,0,None,aggregation
26,150.76,remora0,remora9,5.71,5.94,5.94,6.18,6.18,6.18,6.41,6.41,6.41,6.66,4.98,5.22,5.22,5.46,5.46,5.46,5.7,5.7,5.7,5.94,6.45,6.46,6.46,6.47,6.48,6.48,6.49,6.5,6.51,6.51,7.61,7.61,7.62,7.62,7.63,7.63,7.64,7.65,7.65,7.66,19.31,0,0,0,0,0,0,-1,0,None,aggregation
26,151.76,remora0,remora9,6.65,6.65,6.65,6.65,6.65,7.13,7.13,7.12,7.12,7.12,5.94,5.94,5.94,5.94,5.94,6.42,6.42,6.42,6.42,6.42,6.52,6.53,6.53,6.54,6.55,6.56,6.56,6.57,6.58,6.58,7.66,7.67,7.68,7.69,7.69,7.7,7.7,7.71,7.72,7.72,25.84,0,0,0,0,0,0,-1,0,None,aggregation
26,152.76,remora0,remora9,7.12,7.35,7.35,7.59,7.59,7.58,7.58,7.59,7.59,8.05,6.42,6.65,6.65,6.89,6.89,6.89,6.89,6.89,6.89,7.36,6.59,6.59,6.6,6.6,6.61,6.62,6.63,6.63,6.64,6.65,7.72,7.73,7.73,7.74,7.75,7.75,7.76,7.77,7.78,7.79,33.03,0,0,0,0,0,0,-1,0,None,aggregation
26,153.76,remora0,remora9,8.05,8.05,8.05,8.05,8.05,8.51,8.51,8.51,8.51,8.51,7.36,7.36,7.36,7.36,7.36,7.84,7.84,7.83,7.83,7.83,6.65,6.66,6.66,6.67,6.68,6.69,6.7,6.71,6.72,6.73,7.79,7.8,7.81,7.81,7.82,7.83,7.84,7.84,7.85,7.86,40.97,0,0,0,0,0,0,-1,0,None,aggregation
26,154.76,remora0,remora9,8.51,8.73,8.73,8.96,8.96,8.96,9.18,9.18,9.18,9.42,7.83,8.06,8.06,8.29,8.29,8.29,8.52,8.52,8.52,8.76,6.73,6.74,6.75,6.76,6.76,6.77,6.78,6.79,6.8,6.8,7.86,7.87,7.88,7.89,7.9,7.91,7.91,7.92,7.93,7.94,49.62,0,0,1,0,0,0,-1,0,None,aggregation
26,155.76,remora0,remora9,9.42,9.42,9.64,9.64,9.64,9.87,9.87,9.87,10.09,10.09,8.76,8.76,8.98,8.98,8.98,9.22,9.22,9.21,9.44,9.44,6.81,6.82,6.82,6.83,6.84,6.85,6.85,6.86,6.87,6.88,7.94,7.95,7.96,7.97,7.98,7.99,8,8,8.01,8.02,59.04,0,0,1,0,0,0,-1,0,None,aggregation
26,156.76,remora0,remora9,10.09,10.09,10.32,10.32,10.53,10.53,10.53,10.76,10.76,10.76,9.44,9.44,9.67,9.67,9.89,9.89,9.89,10.12,10.12,10.13,6.89,6.9,6.9,6.91,6.92,6.93,6.94,6.95,6.97,6.98,8.03,8.04,8.04,8.05,8.06,8.07,8.08,8.09,8.1,8.11,69.19,0,0,1,0,0,0,-1,0,None,aggregation
26,157.76,remora0,remora9,10.76,10.76,10.98,11.2,11.2,11.2,11.64,11.64,11.64,11.64,10.13,10.13,10.35,10.57,10.57,10.58,11.02,11.02,11.02,11.02,6.99,6.99,7,7.01,7.01,7.02,7.03,7.04,7.05,7.07,8.13,8.14,8.14,8.15,8.16,8.17,8.18,8.19,8.2,8.22,76.35,0,0,1,0,0,0,-1,0,None,aggregation
26,158.76,remora0,remora9,11.64,11.85,11.85,12.07,12.07,12.08,12.08,12.5,12.5,12.5,11.02,11.24,11.24,11.46,11.46,11.47,11.47,11.9,11.9,11.9,7.08,7.09,7.1,7.11,7.12,7.12,7.13,7.15,7.16,7.17,8.23,8.24,8.25,8.26,8.27,8.28,8.29,8.3,8.31,8.33,83.69,0,0,1,0,0,0,-1,0,None,aggregation
26,159.76,remora0,remora9,12.5,12.71,12.93,12.93,12.93,13.14,13.14,13.35,13.56,13.56,11.9,12.12,12.34,12.34,12.34,12.55,12.55,12.77,12.97,12.97,7.18,7.2,7.21,7.22,7.23,7.24,7.25,7.26,7.27,7.28,8.34,8.35,8.36,8.37,8.38,8.39,8.4,8.41,8.43,8.44,91.27,0,0,1,0,0,0,-1,0,None,aggregation
26,160.76,remora0,remora9,13.56,13.77,13.77,13.97,14.18,14.18,14.18,14.38,14.59,14.59,12.97,13.19,13.19,13.4,13.61,13.61,13.61,13.82,14.03,14.03,7.29,7.31,7.32,7.33,7.35,7.36,7.38,7.39,7.4,7.41,8.45,8.46,8.47,8.48,8.49,8.5,8.51,8.52,8.54,8.07,99.26,0,0,1,0,0,0,-1,0,None,aggregation
26,161.76,remora0,remora9,14.59,14.79,14.79,15,15,15.19,15.19,15.4,15.4,15.79,14.03,14.23,14.23,14.44,14.44,14.65,14.65,14.86,14.86,15.25,7.43,7.44,7.45,7.46,7.48,7.49,7.5,7.52,7.53,7.54,8.08,8.09,8.11,8.12,8.13,8.14,8.15,8.16,8.18,8.19,107.56,0,0,1,0,0,0,-1,0,None,aggregation
26,162.76,remora0,remora9,15.79,15.79,15.98,16.18,16.37,16.37,16.37,16.75,16.75,16.95,15.25,15.25,15.45,15.65,15.85,15.85,15.85,16.24,16.24,16.44,7.55,7.56,7.58,7.59,7.61,7.62,7.64,7.66,7.67,7.68,8.2,8.22,8.23,8.24,8.26,8.27,8.29,8.3,8.31,8.32,116.44,0,0,1,0,0,0,-1,0,None,aggregation
26,163.76,remora0,remora9,16.95,17.13,17.5,17.5,17.5,17.7,17.7,17.88,18.24,18.24,16.44,16.63,17,17,17,17.2,17.2,17.38,17.75,17.75,7.7,7.71,7.72,7.74,7.75,7.76,7.78,7.79,7.81,7.83,8.33,8.34,8.35,8.36,8.38,8.39,8.41,8.42,8.44,8.46,125.89,0,0,1,0,0,0,-1,0,None,aggregation
26,164.76,remora0,remora9,18.24,18.42,18.42,18.6,18.95,18.95,18.95,19.29,19.29,19.48,17.75,17.94,17.94,18.12,18.48,18.48,18.48,18.83,18.83,19.02,7.84,7.85,7.87,7.88,7.9,7.92,7.93,7.95,7.97,7.99,8.47,8.49,8.5,8.51,8.53,8.55,8.56,8.58,8.6,8.62,135.87,0,0,1,0,0,0,-1,0,None,aggregation
26,165.76,remora0,remora9,19.48,19.64,19.64,19.98,19.98,20.31,20.63,20.63,20.63,20.8,19.02,19.19,19.19,19.53,19.53,19.87,20.2,20.2,20.2,20.38,8.01,8.02,8.04,8.05,8.07,8.08,8.1,8.12,8.14,8.16,8.63,8.65,8.66,8.68,8.69,8.71,8.73,8.75,8.77,8.78,146.39,0,0,1,0,0,0,-1,0,None,aggregation
26,166.76,remora0,remora9,20.8,20.96,20.96,21.28,21.58,21.58,21.58,21.89,21.89,22.04,20.38,20.54,20.54,20.86,21.18,21.18,21.18,21.49,21.49,21.65,8.18,8.2,8.22,8.24,8.26,8.28,8.3,8.32,8.33,8.35,8.8,8.82,8.83,8.85,8.87,8.89,8.91,8.92,8.94,8.96,157.5,0,0,1,0,0,0,-1,0,None,aggregation
26,167.76,remora0,remora9,22.04,22.2,22.2,22.2,22.49,22.78,23.06,23.06,23.06,23.2,21.65,21.81,21.81,21.81,22.11,22.4,22.69,22.69,22.69,22.84,8.37,8.39,8.41,8.43,8.45,8.47,8.49,8.51,8.52,8.55,8.98,8.99,9.01,9.03,9.05,9.07,9.09,9.1,9.12,9.14,168.99,0,0,1,0,0,0,-1,0,None,aggregation
26,168.76,remora0,remora9,23.47,23.47,23.47,23.62,23.62,23.88,23.88,24.14,24.14,24.27,23.12,23.12,23.12,23.27,23.27,23.54,23.54,23.81,23.81,23.94,8.57,8.59,8.61,8.63,8.65,8.67,8.69,8.72,8.74,8.76,9.16,9.18,9.21,9.23,9.25,9.27,9.29,9.31,9.33,9.35,180.8,0,0,1,0,0,0,-1,0,None,aggregation
26,169.76,remora0,remora9,24.27,24.52,24.52,24.66,24.66,24.9,24.9,24.9,25.02,25.25,23.94,24.2,24.2,24.33,24.33,24.58,24.58,24.58,24.71,24.95,8.78,8.8,8.82,8.84,8.87,8.89,8.91,8.94,8.96,8.98,9.36,9.07,9.09,9.12,9.15,9.17,9.2,9.22,9.24,9.26,192.62,0,0,1,0,0,0,-1,0,None,aggregation
26,170.76,remora0,remora9,25.25,25.48,25.48,25.6,25.6,25.72,25.72,25.93,25.93,26.05,24.95,25.19,25.19,25.31,25.31,25.43,25.43,25.65,25.65,25.77,9,9.02,9.05,9.07,9.09,9.12,9.14,9.17,9.19,9.21,9.28,9.31,9.34,9.36,9.38,9.4,9.43,9.46,9.48,9.51,204.32,0,0,1,0,0,0,-1,0,None,aggregation
26,171.76,remora0,remora9,26.05,26.15,26.15,26.36,26.56,26.56,26.56,26.57,26.57,26.76,25.77,25.88,25.88,26.09,26.3,26.3,26.3,26.31,26.31,26.51,9.24,9.26,9.28,9.3,9.33,9.35,9.38,9.4,9.43,9.45,9.54,9.56,9.58,9.6,9.63,9.65,9.68,9.4,9.43,9.45,215.78,0,0,1,0,0,0,-1,0,None,aggregation
26,172.76,remora0,remora9,26.76,26.76,26.77,26.96,26.96,27.14,27.14,27.15,27.15,27.32,26.51,26.51,26.52,26.71,26.71,26.9,26.9,26.91,26.91,27.09,9.48,9.51,9.53,9.56,9.58,9.6,9.63,9.65,9.67,9.7,9.48,9.51,9.53,9.56,9.58,9.6,9.63,9.65,9.67,9.7,226.6,0,0,1,0,0,0,-1,0,None,aggregation
26,173.76,remora0,remora9,27.33,27.33,0,0,0,0,0,-19.98,-19.98,-19.48,27.1,27.1,0,0,0,0,0,-19.16,-19.16,-18.65,9.72,9.75,9.77,9.78,9.78,9.78,9.78,9.77,9.75,9.73,9.72,9.75,9.77,9.78,9.78,9.78,9.78,9.77,9.75,9.73,220.48,0,0,1,0,0,0,-1,0,None,aggregation
26,174.76,remora0,remora9,-19.48,-18.97,0,0,0,30,30,0,0,-17.92,-18.65,-18.15,0,0,0,30,30,0,0,-17.1,9.71,9.69,9.67,9.67,9.67,9.68,9.7,9.72,9.72,9.72,9.71,9.69,9.67,9.67,9.67,9.68,9.7,9.72,9.72,9.72,213.36,0,0,1,0,0,0,-1,0,None,aggregation
26,175.76,remora0,remora9,-17.92,-17.42,-16.91,-16.91,-16.91,-16.4,-16.4,-15.88,-15.88,-15.38,-17.1,-16.59,-16.09,-16.09,-16.09,-15.58,-15.58,-15.06,-15.06,-14.55,9.7,9.68,9.66,9.65,9.63,9.61,9.6,9.58,9.57,9.55,9.7,9.68,9.66,9.65,9.63,9.61,9.6,9.58,9.57,9.55,209.6,0,0,1,0,0,0,-1,0,None,aggregation
26,176.76,remora0,remora9,-15.38,-14.86,-14.86,-14.33,-13.24,-13.24,-13.24,-12.72,-12.2,-12.2,-14.55,-14.03,-14.03,-13.51,-12.42,-12.42,-12.42,-11.9,-11.38,-11.38,9.53,9.52,9.5,9.49,9.47,9.45,9.44,9.43,9.42,9.4,9.53,9.52,9.5,9.49,9.47,9.45,9.44,9.43,9.42,9.4,201.56,0,0,1,0,0,0,-1,0,None,aggregation
26,177.76,remora0,remora9,-12.2,-11.66,-11.66,-11.12,-11.12,-10.02,-10.02,-9.49,-8.96,-8.96,-11.38,-10.84,-10.84,-10.3,-10.3,-9.2,-9.2,-8.67,-8.13,-8.13,9.39,9.38,9.36,9.35,9.34,9.33,9.32,9.31,9.3,9.29,9.39,9.38,9.36,9.35,9.34,9.33,9.66,9.65,9.63,9.62,189.23,0,0,1,0,0,0,-1,0,None,aggregation
26,178.76,remora0,remora9,-8.96,-8.42,-8.42,-7.88,-7.88,-7.34,-7.34,-7.34,-6.79,-6.25,-8.13,-7.59,-7.59,-7.05,-7.05,-6.51,-6.51,-6.51,-5.97,-5.43,9.28,9.27,9.26,9.25,9.24,9.24,9.23,9.22,9.21,9.2,9.61,9.61,9.6,9.73,9.72,9.71,9.7,9.69,9.68,9.67,172.86,0,0,1,0,0,0,-1,0,None,aggregation
26,179.76,remora0,remora9,-6.25,-5.71,-5.71,-5.17,-5.17,-4.64,-4.64,-4.1,-4.1,-3.56,-5.43,-4.89,-4.89,-4.35,-4.35,-3.81,-3.81,-3.28,-3.28,-2.74,9.2,9.19,9.19,9.18,9.17,9.16,9.16,9.15,9.15,9.14,9.66,9.66,9.65,9.65,9.64,9.63,9.62,9.62,9.62,9.49,152.75,0,0,1,0,0,0,-1,0,None,aggregation
26,180.76,remora0,remora9,-3.56,-3.02,-3.02,-2.74,-2.74,-2.49,-2.49,-2.49,-1.96,-1.43,-2.74,-2.2,-2.2,-1.92,-1.92,-1.67,-1.67,-1.67,-1.14,-0.61,9.14,9.13,9.13,9.12,9.12,9.12,9.12,9.12,9.12,9.12,9.49,9.48,9.48,9.47,9.47,9.47,9.47,9.47,9.47,9.47,129.4,0,0,1,0,0,0,-1,0,None,aggregation
26,181.76,remora0,remora9,-1.43,-0.9,-0.62,-0.62,-0.62,-0.38,-0.38,0.15,0.15,0.43,-0.61,-0.08,0.2,0.2,0.2,0.44,0.44,0.96,0.96,1.23,9.12,9.12,9.12,9.11,9.11,9.11,9.11,9.11,9.11,9.11,9.47,9.47,9.46,9.46,9.46,9.46,9.46,9.46,9.47,9.46,103.52,0,0,1,0,0,0,-1,0,None,aggregation
26,182.76,remora0,remora9,0.43,0.43,0.67,1.19,1.48,1.48,1.48,1.71,1.71,1.99,1.23,1.23,1.47,1.99,2.26,2.26,2.26,2.5,2.5,2.77,9.11,9.11,9.11,9.11,9.11,9.1,9.1,9.1,9.1,9.1,9.46,9.46,9.46,9.46,9.53,9.46,9.46,9.46,9.46,9.46,78.29,0,0,1,0,0,0,-1,0,None,aggregation
26,183.76,remora0,remora9,1.99,2.23,2.23,2.74,2.74,2.75,2.75,3.25,3.25,3.26,2.77,3.01,3.01,3.51,3.51,3.51,3.51,4.01,4.01,4.02,9.1,9.1,9.11,9.11,9.11,9.12,9.12,9.12,9.13,9.13,9.46,9.47,9.47,9.48,9.48,9.49,9.49,9.49,9.49,9.49,70.13,0,0,1,0,0,0,-1,0,None,aggregation
26,184.76,remora0,remora9,3.26,3.76,3.76,3.76,3.76,4.27,4.27,4.27,4.27,4.77,4.02,4.51,4.51,4.51,4.51,5.01,5.01,5.01,5.01,5.5,9.13,9.13,9.13,9.13,9.14,9.14,9.14,9.14,9.15,9.15,9.49,9.49,9.49,9.5,9.5,9.51,9.52,9.52,9.53,9.53,63,0,0,1,0,0,0,-1,0,None,aggregation
26,185.76,remora0,remora9,4.77,4.77,4.77,5.03,5.26,5.26,5.27,5.27,5.75,5.75,5.5,5.5,5.5,5.76,5.98,5.98,5.99,5.99,6.47,6.47,9.15,9.16,9.16,9.16,9.17,9.17,9.18,9.19,9.2,9.2,9.53,9.53,9.53,9.54,9.54,9.54,9.55,9.56,9.57,9.58,52.36,0,0,1,0,0,0,-1,0,None,aggregation
26,186.76,remora0,remora9,5.75,5.75,5.76,6.02,6.02,6.24,6.24,6.24,6.25,6.73,6.47,6.47,6.47,6.73,6.73,6.95,6.95,6.95,6.95,7.42,9.21,9.21,9.21,9.22,9.22,9.23,9.23,9.24,9.24,9.25,9.59,9.59,9.59,9.6,9.6,9.6,9.61,9.61,9.61,9.62,45.6,0,0,1,0,0,0,-1,0,None,aggregation
26,187.76,remora0,remora9,6.73,6.73,6.73,6.73,7.2,7.2,7.2,7.2,7.46,7.46,7.42,7.42,7.43,7.43,7.89,7.89,7.89,7.89,8.15,8.15,9.25,9.26,9.27,9.27,9.28,9.29,9.29,9.3,9.3,9.31,9.25,9.26,9.27,9.27,9.28,9.29,9.29,9.3,9.3,9.31,42.9,0,0,0,0,0,0,-1,0,None,aggregation
26,188.76,remora0,remora9,7.46,7.68,7.68,7.68,7.68,7.69,7.69,7.69,8.14,8.14,8.15,8.36,8.36,8.36,8.36,8.37,8.37,8.37,8.82,8.82,9.31,9.32,9.33,9.34,9.34,9.35,9.36,9.37,9.37,9.38,9.31,9.32,9.33,9.34,9.34,9.35,9.36,9.37,9.37,9.38,43.75,0,0,0,0,0,0,-1,0,None,aggregation
26,189.76,remora0,remora9,8.14,8.15,8.15,8.61,8.61,8.61,8.61,8.61,8.61,8.61,8.82,8.82,8.82,9.27,9.27,9.27,9.27,9.27,9.27,9.27,9.39,9.4,9.41,9.42,9.43,9.44,9.44,9.45,9.46,9.47,9.39,9.4,9.41,9.42,9.43,9.44,9.44,9.45,9.46,9.47,48.06,0,0,1,0,0,0,-1,0,None,aggregation
26,190.76,remora0,remora9,9.07,9.06,9.06,9.06,9.06,9.31,9.31,9.51,9.51,9.51,9.72,9.72,9.72,9.72,9.72,9.96,9.96,10.16,10.16,10.16,9.48,9.48,9.49,9.5,9.51,9.52,9.53,9.54,9.55,9.56,9.48,9.48,9.49,9.5,9.51,9.52,9.53,9.54,9.55,9.56,55.44,0,0,1,0,0,0,-1,0,None,aggregation
26,191.76,remora0,remora9,9.51,9.51,9.51,9.96,9.95,9.95,9.95,9.95,9.95,10.19,10.16,10.16,10.16,10.6,10.59,10.59,10.59,10.59,10.59,10.82,9.57,9.58,9.58,9.59,9.6,9.61,9.62,9.63,9.64,9.65,9.57,9.58,9.58,9.59,9.6,9.61,9.62,9.63,9.64,9.65,65.19,0,0,1,0,0,0,-1,0,None,aggregation
26,192.76,remora0,remora9,10.19,10.39,10.39,10.39,10.39,10.39,10.39,10.39,10.62,10.82,10.82,11.02,11.02,11.02,11.02,11.02,11.02,11.02,11.24,11.44,9.66,9.67,9.68,9.69,9.7,9.71,9.72,9.74,9.75,9.76,9.66,9.67,9.68,9.69,9.7,9.71,9.72,9.74,9.75,9.76,74.29,0,0,1,0,0,0,-1,0,None,aggregation
26,193.76,remora0,remora9,10.82,10.81,10.81,10.81,11.04,11.04,11.04,11.24,11.23,11.23,11.44,11.44,11.44,11.44,11.66,11.66,11.66,11.85,11.85,11.85,9.77,9.78,9.79,9.8,9.81,9.82,9.83,9.85,9.86,9.87,9.77,9.78,9.79,9.8,9.81,9.82,9.83,9.85,9.86,9.87,82.5,0,0,1,0,0,0,-1,0,None,aggregation
26,194.76,remora0,remora9,11.23,11.23,11.23,11.46,11.65,11.65,11.65,11.64,11.64,11.64,11.85,11.85,11.85,12.07,12.25,12.25,12.25,12.25,12.25,12.25,9.88,9.89,9.91,9.92,9.93,9.94,9.95,9.97,9.98,9.99,9.88,9.89,9.91,9.92,9.93,9.94,9.95,9.97,9.98,9.99,89.92,0,0,1,0,0,0,-1,0,None,aggregation
26,195.76,remora0,remora9,11.64,11.64,11.86,12.05,12.05,12.04,12.04,12.04,12.04,12.26,12.25,12.25,12.46,12.65,12.65,12.64,12.64,12.64,12.64,12.85,10,10,10,10,10,10,10,10,10,10,10,10,10,10,10,10,10,10,10,10,96.64,0,0,1,0,0,0,-1,0,None,aggregation
26,196.76,remora0,remora9,12.26,12.45,12.45,12.44,12.44,12.43,12.43,12.65,12.65,12.84,12.85,13.04,13.04,13.03,13.03,13.03,13.03,13.24,13.24,13.42,10,10,10,10,10,10,10,10,10,10,10,10,10,10,10,10,10,10,10,10,102.98,0,0,1,0,0,0,-1,0,None,aggregation
26,197.76,remora0,remora9,12.83,12.83,12.83,12.83,12.82,13.03,13.03,13.03,13.22,13.22,13.41,13.41,13.41,13.41,13.41,13.61,13.61,13.61,13.8,13.8,10,10,10,10,10,10,10,10,10,10,10,10,10,10,10,10,10,10,10,10,108.83,0,0,1,0,0,0,-1,0,None,aggregation
26,198.76,remora0,remora9,13.21,13.2,13.2,13.19,13.19,13.4,13.4,13.58,13.58,13.58,13.78,13.78,13.78,13.77,13.77,13.97,13.97,14.15,14.15,14.15,10,10,10,10,10,10,10,10,10,10,10,10,10,10,10,10,10,10,10,10,114.37,0,0,1,0,0,0,-1,0,None,aggregation
26,199.76,remora0,remora9,13.56,13.56,13.56,13.56,13.76,13.76,13.76,13.94,13.94,13.93,14.13,14.13,14.13,14.13,14.32,14.32,14.32,14.5,14.5,14.49,10,10,10,10,10,10,10,10,10,10,10,10,10,10,10,10,10,10,10,10,119.59,0,0,1,0,0,0,-1,0,None,aggregation
26,200.76,remora0,remora9,13.93,13.92,13.92,14.12,14.12,14.3,14.3,14.28,14.28,14.27,14.49,14.48,14.48,14.68,14.68,14.85,14.85,14.84,14.84,14.83,10,10,10,10,10,10,10,10,10,10,10,10,10,10,10,10,10,10,10,10,124.44,0,0,1,0,0,0,-1,0,None,aggregation
26,201.76,remora0,remora9,14.27,14.47,14.46,14.46,14.46,14.46,14.64,14.62,14.62,14.61,14.83,15.02,15.01,15.01,15.01,15.01,15.19,15.17,15.17,15.16,10,10,10,10,10,10,10,10,10,10,10,10,10,10,10,10,10,10,10,10,129.06,0,0,1,0,0,0,-1,0,None,aggregation
26,202.76,remora0,remora9,14.61,14.81,14.81,14.79,14.79,14.97,14.96,14.96,14.96,15.15,15.16,15.35,15.35,15.34,15.34,15.51,15.5,15.5,15.5,15.69,10,10,10,10,10,10,10,10,10,10,10,10,10,10,10,10,10,10,10,10,133.46,0,0,1,0,0,0,-1,0,None,aggregation
26,203.76,remora0,remora9,15.13,15.13,15.12,15.12,15.12,15.3,15.28,15.28,15.47,15.47,15.67,15.67,15.66,15.66,15.66,15.83,15.82,15.82,16,16,10,10,10,10,10,10,10,10,10,10,10,10,10,10,10,10,10,10,10,10,137.66,0,0,1,0,0,0,-1,0,None,aggregation
26,204.76,remora0,remora9,15.47,15.46,15.46,15.44,15.44,15.62,15.6,15.6,15.6,15.6,16,15.99,15.99,15.98,15.98,16.15,16.13,16.13,16.13,16.13,10,10,10,10,10,10,10,10,10,10,10,10,10,10,10,10,10,10,10,10,141.65,0,0,1,0,0,0,-1,0,None,aggregation
26,205.76,remora0,remora9,15.79,15.77,15.76,15.76,15.76,15.75,15.75,16.11,16.11,16.1,16.31,16.3,16.29,16.29,16.29,16.27,16.27,16.63,16.63,16.62,10,10,10,10,10,10,10,10,10,10,10,10,10,10,10,10,10,10,10,10,145.51,0,0,1,0,0,0,-1,0,None,aggregation
26,206.76,remora0,remora9,16.1,16.08,16.08,16.07,16.07,16.05,16.05,16.05,16.42,16.4,16.62,16.6,16.6,16.59,16.59,16.58,16.58,16.58,16.93,16.91,10,10,10,10,10,10,10,10,10,10,10,10,10,10,10,10,10,10,10,10,149.11,0,0,1,0,0,0,-1,0,None,aggregation
26,207.76,remora0,remora9,16.4,16.39,16.39,16.37,16.37,16.36,16.36,16.54,16.54,16.7,16.91,16.9,16.9,16.89,16.89,16.87,16.87,17.05,17.05,17.21,10,10,10,10,10,10,10,10,10,10,10,10,10,10,10,10,10,10,10,10,152.55,0,0,1,0,0,0,-1,0,None,aggregation
26,208.76,remora0,remora9,16.7,16.68,16.68,16.67,16.67,16.66,16.83,16.83,16.83,16.81,17.21,17.19,17.19,17.18,17.18,17.16,17.33,17.33,17.33,17.32,10,10,10,10,10,10,10,10,10,10,10,10,10,10,10,10,10,10,10,10,155.9,0,0,1,0,0,0,-1,0,None,aggregation
26,209.76,remora0,remora9,16.81,16.98,16.98,16.96,16.96,16.95,16.95,17.12,17.12,0,17.32,17.48,17.48,17.47,17.47,17.45,17.45,17.62,17.62,0,10,10,10,10,10,10,10,10,10,10,10,10,10,10,10,10,10,10,10,10,157.39,0,0,1,0,0,0,-1,0,None,aggregation
26,210.76,remora0,remora9,0,0,0,0,0,0,0,0,0,0,0,0,0,0,0,0,0,0,0,0,10,10,10,10,10,10,10,10,10,10,10,10,10,10,10,10,10,10,10,10,142.97,0,0,1,0,0,0,-1,0,None,aggregation
26,211.76,remora0,remora9,0,0,0,0,0,0,0,0,0,0,0,0,0,0,0,0,0,0,0,0,10,10,10,10,10,10,10,10,10,10,10,10,10,10,10,10,10,10,10,10,128.18,0,0,1,0,0,0,-1,0,None,aggregation
26,212.76,remora0,remora9,0,0,0,0,0,0,0,0,0,0,0,0,0,0,0,0,0,0,0,0,10,10,10,10,10,10,10,10,10,10,10,10,10,10,10,10,10,10,10,10,113.03,0,0,1,0,0,0,-1,0,None,aggregation
26,213.76,remora0,remora9,0,0,0,0,0,0,0,0,0,0,0,0,0,0,0,0,0,0,0,0,10,10,10,10,10,10,10,10,10,10,10,10,10,10,10,10,10,10,10,10,97.52,0,0,1,0,0,0,-1,0,None,aggregation
26,214.76,remora0,remora9,0,0,0,0,0,0,0,0,0,0,0,0,0,0,0,0,0,0,0,0,10,10,10,10,10,10,10,10,10,10,10,10,10,10,10,10,10,10,10,10,81.72,0,0,1,0,0,0,-1,0,None,aggregation
26,215.76,remora0,remora9,0,0,0,0,0,0,0,0,0,0,0,0,0,0,0,0,0,0,0,0,10,10,10,10,10,10,10,10,10,10,10,10,10,10,10,10,10,10,10,10,65.59,0,0,1,0,0,0,-1,0,None,aggregation
26,216.76,remora0,remora9,0,0,0,0,0,0,-1.15,-0.87,-0.87,-0.87,0,0,0,0,0,0,-1.97,-1.69,-1.69,-1.69,10,10,10,10,10,10,10,10,10,10,10,10,10,10,10,10,10,10,10,10,49.74,0,0,1,0,0,0,-1,0,None,aggregation
26,217.76,remora0,remora9,-0.87,-0.61,-0.61,-0.33,-0.33,-0.07,0.2,0.2,0.2,0.46,-1.69,-1.43,-1.43,-1.15,-1.15,-0.89,-0.62,-0.62,-0.62,-0.36,10,10,10,10,10,10,10,10,10,10,10,10,10,10,10,10,10,10,10,10,33.64,0,0,0,0,0,0,-1,0,None,aggregation
26,218.76,remora0,remora9,0.46,0.73,0.73,0.98,1.25,1.25,1.25,1.5,1.5,1.77,-0.36,-0.09,-0.09,0.17,0.44,0.44,0.44,0.7,0.7,0.97,10,10,10,10,10,10,10,10,10,10,10,10,10,10,10,10,10,10,10,10,17.38,0,0,0,0,0,0,-1,0,None,aggregation
26,219.76,remora0,remora9,1.77,2.02,2.28,2.28,2.79,2.79,2.79,3.04,3.3,3.3,0.97,1.22,1.49,1.49,2.01,2.01,2.01,2.26,2.52,2.52,10,10,10,10,10,10,10,10,10,10,10,10,10,10,10,10,10,10,10,10,4.12,0,0,0,0,0,0,-1,0,None,aggregation
26,220.76,remora0,remora9,3.3,3.3,3.8,4.04,4.04,4.3,4.3,4.79,4.79,5.28,2.52,2.52,3.03,3.28,3.28,3.55,3.55,4.05,4.05,4.55,10,10,10,10,10,10,10,10,10,10,10,10,10,10,10,10,10,10,10,10,7.93,0,0,0,0,0,0,-1,0,None,aggregation
26,221.76,remora0,remora9,5.28,5.52,5.52,6,6,6.49,6.73,6.73,6.73,7.21,4.55,4.79,4.79,5.28,5.28,5.77,6.02,6.02,6.02,6.51,10,10,10,10,10,10,10,10,10,10,10,10,10,10,10,10,10,10,10,10,13.79,0,0,0,0,0,0,-1,0,None,aggregation
26,222.76,remora0,remora9,7.21,7.68,8.15,8.15,8.15,8.62,9.3,9.3,9.3,9.75,6.51,6.99,7.47,7.47,7.47,7.94,8.63,8.63,8.63,9.1,10,10,10,10,10,10,10,10,10,10,10,10,10,10,10,10,10,10,10,10,22.02,0,0,0,0,0,0,-1,0,None,aggregation
26,223.76,remora0,remora9,10.43,10.43,10.88,10.88,10.88,11.53,11.53,11.97,11.97,11.97,9.79,9.79,10.25,10.25,10.25,10.91,10.91,11.36,11.36,11.36,10,10,10,10,10,10,10,10,10,10,10,10,10,10,10,10,10,10,10,10,32.95,0,0,0,0,0,0,-1,0,None,aggregation
26,224.76,remora0,remora9,12.62,13.24,13.24,13.87,13.87,14.48,15.09,15.09,15.09,15.68,12.02,12.66,12.66,13.3,13.3,13.92,14.54,14.54,14.54,15.14,10,10,10,10,10,10,10,10,10,10,10,10,10,10,10,10,10,10,10,10,46.9,0,0,1,0,0,0,-1,0,None,aggregation
26,225.76,remora0,remora9,15.68,16.45,16.45,17.21,17.21,17.58,17.58,18.3,18.3,19.01,15.14,15.93,15.93,16.7,16.7,17.08,17.08,17.82,17.82,18.54,10,10,10,10,10,10,10,10,10,10,10,10,10,10,10,10,10,10,10,10,64.02,0,0,1,0,0,0,-1,0,None,aggregation
26,226.76,remora0,remora9,19.01,19.69,19.69,20.04,20.04,20.69,20.69,21.32,21.32,21.78,18.54,19.24,19.24,19.59,19.59,20.26,20.26,20.91,20.91,21.38,10,10,10,10,10,10,10,10,10,10,10,10,10,10,10,10,10,10,10,10,83.69,0,0,1,0,0,0,-1,0,None,aggregation
26,227.76,remora0,remora9,22.24,22.24,22.82,22.82,22.82,23.24,23.66,23.66,24.05,24.05,21.85,21.85,22.45,22.45,22.45,22.88,23.31,23.31,23.71,23.71,10,10,10,10,10,10,10,10,10,10,10,10,10,10,10,10,10,10,10,10,106.08,0,0,1,0,0,0,-1,0,None,aggregation
26,228.76,remora0,remora9,24.05,24.45,24.45,24.82,24.82,25.18,25.18,25.53,25.76,25.76,23.71,24.12,24.12,24.5,24.5,24.88,24.88,25.23,25.47,25.47,10,10,10,10,10,10,10,10,10,10,10,10,10,10,10,10,10,10,10,10,130.18,0,0,1,0,0,0,-1,0,None,aggregation
26,229.76,remora0,remora9,25.76,25.98,26.2,26.2,26.2,26.6,26.6,26.8,27,27,25.47,25.7,25.93,25.93,25.93,26.35,26.35,26.55,26.76,26.76,10,10,10,10,10,10,10,10,10,10,10,10,10,10,10,10,10,10,10,10,154.24,0,0,1,0,0,0,-1,0,None,aggregation
26,230.76,remora0,remora9,27.18,27.18,27.18,27.37,27.37,27.54,27.54,27.54,0,30,26.95,26.95,26.95,27.14,27.14,27.32,27.32,27.32,0,30,10,10,10,10,10,10,10,10,10,10,10,10,10,10,10,10,10,10,10,10,175.23,0,0,1,0,0,0,-1,0,None,aggregation
26,231.76,remora0,remora9,-15.11,-15.11,-15.07,-15.07,-15.07,-14.92,-14.92,30,0,0,-4.65,-4.65,-4.6,-4.6,-4.6,-4.45,-4.45,30,0,0,10,10,10,10,10,10,10,10,10,10,10,10,10,10,10,10,10,10,10,10,179.23,0,0,1,1,0,1,-1,0,None,aggregation
26,232.76,remora0,remora9,0,-14.56,-14.56,-14.47,-14.19,-14.19,-14.19,30,30,30,0,-4.09,-4.09,-4,-3.72,-3.72,-3.72,30,30,30,10,10,10,10,10,10,10,10,10,10,10,10,10,10,10,10,10,10,10,10,185.48,0,0,1,1,0,1,-1,0,None,aggregation
26,233.76,remora0,remora9,30,-13.6,-13.6,-13.47,-13.06,-13.06,-13.06,-12.62,-12.62,-12.14,30,-3.14,-3.14,-3,-2.6,-2.6,-2.6,-2.15,-2.15,-1.67,10,10,10,10,10,10,10,10,10,10,10,10,10,10,10,10,10,10,10,10,184.56,0,0,1,1,0,1,-1,0,None,aggregation
26,234.76,remora0,remora9,-11.62,-11.62,-11.62,-11.62,-11.08,0,0,8.25,8.25,8.25,-1.16,-1.16,-1.16,-1.16,-0.61,0,0,8.92,8.92,8.92,10,10,10,10,10,10,10,10,10,10,10,10,10,10,10,10,10,10,10,10,176.33,0,0,1,0,0,0,-1,0,None,aggregation
26,235.76,remora0,remora9,8.25,8.23,8.23,-9.99,-9.77,-9.77,-9.77,-9.15,-9.15,0,8.92,8.9,8.9,0.48,0.69,0.69,0.69,1.31,1.31,0,10,10,10,10,10,10,10,10,10,10,10,10,10,10,10,10,10,10,10,10,164.4,0,0,1,0,0,0,-1,0,None,aggregation
26,236.76,remora0,remora9,14.03,14.03,13.98,13.98,13.98,-8.01,-7.75,-7.75,-7.75,-7.08,14.59,14.59,14.54,14.54,14.54,2.45,2.72,2.72,2.72,3.38,10,10,10,10,10,10,10,10,10,10,10,10,10,10,10,10,10,10,10,10,152.54,0,0,1,0,0,0,-1,0,None,aggregation
26,237.76,remora0,remora9,-6.4,-6.4,-5.71,-5.71,-4.96,-4.96,-4.04,-4.04,-3.15,-3.15,4.07,4.07,4.75,4.75,5.37,5.37,5.83,5.83,6.27,6.27,10,10,10,10,10,10,10,10,10,10,10,10,10,10,10,10,10,10,10,10,130.43,0,0,1,0,0,0,-1,0,None,aggregation
26,238.76,remora0,remora9,-3.15,-2.31,-2.31,-1.51,-0.75,-0.75,-0.75,-0.03,-0.03,27.62,6.27,6.69,6.69,7.08,7.44,7.44,7.44,7.78,7.78,27.83,10,10,10,10,10,10,10,10,10,10,10,10,10,10,10,10,10,10,10,10,111.01,0,0,1,0,0,0,-1,0,None,aggregation
26,239.76,remora0,remora9,27.62,27.99,27.99,28.05,28.05,28.12,28.12,28.11,28.11,28.1,27.83,28.18,28.18,28.24,28.24,28.3,28.3,28.29,28.29,28.28,10,10,10,10,10,10,10,10,10,10,10,10,10,10,10,10,10,10,10,10,112.82,0,0,1,0,0,0,-1,0,None,aggregation
26,240.76,remora0,remora9,28.1,28.23,28.22,28.22,28.22,28.28,28.28,0,0,0,28.28,28.4,28.4,28.4,28.4,28.45,28.45,0,0,0,10,10,10,10,10,10,10,10,10,10,10,10,10,10,10,10,10,10,10,10,107.84,0,0,1,0,0,0,-1,0,None,aggregation
26,241.76,remora0,remora9,0,0,0,0,0,0,0,0,0,0,0,0,0,0,0,0,0,0,0,0,10,10,10,10,10,10,10,10,10,10,10,10,10,10,10,10,10,10,10,10,97.97,0,0,1,0,0,0,-1,0,None,aggregation
26,242.76,remora0,remora9,0,0,0,0,0,0,0,0,0,0,0,0,0,0,0,0,0,0,0,0,10,10,10,10,10,10,10,10,10,10,10,10,10,10,10,10,10,10,10,10,83.5,0,0,1,0,0,0,-1,0,None,aggregation
26,243.76,remora0,remora9,0,0,0,0,0,0,0,0,0,0,0,0,0,0,0,0,0,0,0,0,10,10,10,10,10,10,10,10,10,10,10,10,10,10,10,10,10,10,10,10,73.48,0,0,1,0,0,0,-1,0,None,aggregation
26,124.76,remora0,remora1,7.91,7.91,7.91,7.7,9.45,9.45,8.2,8.2,8.45,8.45,8.58,8.58,8.58,8.38,10.1,10.1,8.87,8.87,9.12,9.12,1.56,1.58,1.6,1.61,1.62,1.62,1.62,1.63,1.64,1.64,3.89,3.9,3.91,3.92,3.92,3.92,3.93,3.93,3.93,3.94,110.76,0,1,1,0,0,0,-1,0,None,aggregation
26,125.76,remora0,remora1,8.69,8.69,8.94,8.94,-18.46,-18.46,-18.49,-18.49,-18.56,-18.56,9.35,9.35,9.6,9.6,-17.64,-17.64,-17.67,-17.67,-17.74,-17.74,1.65,1.66,1.68,1.69,1.69,1.7,1.7,1.71,1.72,1.73,3.95,3.95,3.96,3.97,3.97,3.99,4.02,4.04,4.06,4.08,109.35,0,1,1,0,0,0,-1,0,None,aggregation
26,126.76,remora0,remora1,-18.73,-18.73,7.18,7.18,6.96,6.96,-12.45,-12.45,7,7,-17.91,-17.91,7.87,7.87,7.65,7.65,-11.63,-11.63,7.69,7.69,1.75,1.77,1.78,1.79,1.8,1.81,1.82,1.83,1.83,1.84,4.11,4.13,4.15,4.16,4.17,4.17,4.18,4.19,4.2,4.21,106.42,0,1,1,0,0,0,-1,0,None,aggregation
26,127.76,remora0,remora1,7.01,7.01,-12.2,-12.2,-12.2,-12.2,-12.2,7.08,10.46,10.46,7.7,7.7,-11.38,-11.38,-11.37,-11.37,-11.37,7.77,9.14,9.14,1.85,1.86,1.86,1.88,1.9,1.91,1.91,1.92,1.93,1.93,4.21,4.21,4.22,4.24,4.26,4.27,4.28,4.29,4.3,4.29,106.38,0,1,1,0,0,0,-1,0,None,aggregation
26,128.76,remora0,remora1,7.1,7.1,7.12,7.12,-12.63,-12.63,6.94,6.94,6.73,6.73,7.79,7.79,7.81,7.81,-11.81,-11.81,7.64,7.64,7.43,7.43,1.93,1.95,1.96,1.98,2,2.01,2.02,2.02,2.03,2.04,4.29,4.3,4.31,4.31,4.32,4.34,4.35,4.35,4.35,4.35,102.99,0,1,1,0,0,0,-1,0,None,aggregation
26,129.76,remora0,remora1,-12.68,-12.68,3.44,3.44,-12.81,-12.81,7.01,7.01,7.02,7.02,-11.86,-11.86,4.19,4.19,-11.99,-11.99,7.7,7.7,7.71,7.71,2.04,2.05,2.06,2.07,2.07,2.07,2.07,2.08,2.09,2.1,4.35,4.36,4.37,4.37,4.38,4.39,4.4,4.41,4.41,4.42,99.96,0,1,1,0,0,0,-1,0,None,aggregation
26,130.76,remora0,remora1,7.02,-12.59,-12.73,-12.73,6.86,6.86,10.52,10.52,-12.88,-12.88,7.71,-11.76,-11.91,-11.91,7.56,7.56,8.84,8.84,-12.06,-12.06,2.12,2.13,2.14,2.15,2.15,2.16,2.17,2.17,2.18,2.19,4.43,4.45,4.46,4.48,4.49,4.5,4.5,4.5,4.5,4.52,101.03,0,1,1,0,0,0,-1,0,None,aggregation
26,131.76,remora0,remora1,6.66,6.66,-12.91,-12.91,6.69,6.69,6.71,6.71,-12.93,-12.93,7.36,7.36,-12.09,-12.09,7.39,7.39,7.4,7.4,-12.11,-12.11,2.19,2.2,2.2,2.21,2.22,2.22,2.23,2.24,2.24,2.25,4.54,4.54,4.55,4.56,4.56,4.56,4.56,4.56,4.56,4.56,99.32,0,1,1,0,0,0,-1,0,None,aggregation
26,132.76,remora0,remora1,1.6,1.6,-12.85,-12.85,10.54,10.54,10.54,10.54,10.54,6.56,2.38,2.38,-12.02,-12.02,8.68,8.68,8.7,8.7,8.7,7.26,2.26,2.26,2.27,2.27,2.28,2.29,2.29,2.3,2.3,2.31,4.57,4.57,4.57,4.57,4.57,4.57,4.56,4.55,4.54,4.53,97.3,0,1,1,0,0,0,-1,0,None,aggregation
26,133.76,remora0,remora1,6.58,6.58,6.59,6.59,-13.18,-13.18,-13.4,-13.4,-13.46,-13.46,7.28,7.28,7.29,7.29,-12.36,-12.36,-12.58,-12.58,-12.64,-12.64,2.31,2.32,2.32,2.33,2.35,2.37,2.38,2.39,2.4,2.4,4.53,4.53,4.54,4.54,4.54,4.55,4.56,4.57,4.58,4.58,99.17,0,1,1,0,0,0,-1,0,None,aggregation
26,134.76,remora0,remora1,10.55,10.55,10.54,10.54,5.54,5.54,5.57,5.57,5.57,5.84,8.66,8.66,8.69,8.69,6.26,6.26,6.28,6.28,6.28,6.55,2.41,2.42,2.44,2.45,2.47,2.47,2.48,2.48,2.49,2.49,4.58,4.58,4.58,4.57,4.57,4.56,4.56,4.56,4.56,4.56,97.89,0,1,1,0,0,0,-1,0,None,aggregation
26,135.76,remora0,remora1,-13.89,-13.89,-13.89,-13.93,5.66,5.66,5.67,5.67,-13.9,-13.9,-13.07,-13.07,-13.07,-13.11,6.37,6.37,6.39,6.39,-13.07,-13.07,2.5,2.51,2.53,2.54,2.55,2.56,2.56,2.56,2.56,2.57,4.55,4.56,4.56,4.57,4.58,4.59,4.59,4.58,4.57,4.57,93.88,0,1,1,0,0,0,-1,0,None,aggregation
26,136.76,remora0,remora1,5.95,5.95,5.73,5.73,-13.79,-13.79,-13.79,-13.79,-13.79,10.56,6.66,6.66,6.45,6.45,-12.96,-12.96,-12.97,-12.97,-12.97,8.44,2.59,2.6,2.62,2.62,2.63,2.63,2.64,2.65,2.66,2.66,4.57,4.58,4.58,4.58,4.58,4.58,4.58,4.59,4.6,4.6,93.49,0,1,1,0,0,0,-1,0,None,aggregation
26,137.76,remora0,remora1,10.56,10.56,10.55,10.55,-14.56,-14.56,-14.93,-14.93,10.55,10.55,8.45,8.45,8.54,8.54,-13.74,-13.74,-14.11,-14.11,8.6,8.6,2.66,2.66,2.66,2.66,2.67,2.68,2.7,2.71,2.72,2.72,4.59,4.58,4.57,4.56,4.56,4.57,4.57,4.58,4.59,4.58,94.88,0,1,1,0,0,0,-1,0,None,aggregation
26,138.76,remora0,remora1,10.55,10.55,10.54,10.54,-15.82,-15.82,-16,-16,10.53,10.53,8.62,8.62,8.7,8.7,-15,-15,-15.18,-15.18,8.76,8.76,2.72,2.73,2.73,2.73,2.72,2.73,2.73,2.74,2.75,2.76,4.57,4.57,4.56,4.55,4.53,4.54,4.55,4.55,4.56,4.56,98.55,0,1,1,0,0,0,-1,0,None,aggregation
26,139.76,remora0,remora1,10.53,10.53,10.52,10.52,-16.88,-16.88,10.51,10.51,10.51,10.51,8.78,8.78,8.85,8.85,-16.06,-16.06,8.92,8.92,8.94,8.94,2.77,2.78,2.77,2.77,2.77,2.78,2.78,2.79,2.79,2.79,4.56,4.55,4.54,4.53,4.53,4.54,4.54,4.54,4.53,4.52,100.96,0,1,1,0,0,0,-1,0,None,aggregation
26,140.76,remora0,remora1,-17.46,-17.46,-17.42,-17.42,10.5,10.5,10.5,10.5,10.49,10.49,-16.64,-16.64,-16.6,-16.6,8.98,8.98,9,9,9.06,9.06,2.79,2.79,2.79,2.81,2.83,2.83,2.83,2.83,2.83,2.83,4.52,4.53,4.54,4.55,4.57,4.57,4.56,4.55,4.54,4.53,103.33,0,1,1,0,0,0,-1,0,None,aggregation
26,141.76,remora0,remora1,-17.92,-17.92,10.47,10.47,10.47,10.47,-18.74,-18.74,10.46,10.46,-17.1,-17.1,9.12,9.12,9.13,9.13,-17.92,-17.92,9.17,9.17,2.83,2.83,2.83,2.84,2.85,2.86,2.88,2.87,2.87,2.86,4.53,4.53,4.53,4.53,4.52,4.52,4.51,4.52,4.52,4.51,107.16,0,1,1,0,0,0,-1,0,None,aggregation
26,142.76,remora0,remora1,10.45,10.45,-18.76,-18.76,10.44,10.44,10.44,10.44,10.44,-19.28,9.19,9.19,-17.94,-17.94,9.24,9.24,9.24,9.24,9.24,-18.46,2.85,2.85,2.86,2.87,2.88,2.88,2.88,2.87,2.86,2.86,4.5,4.49,4.49,4.5,4.5,4.5,4.48,4.47,4.46,4.47,111.21,0,1,1,0,0,0,-1,0,None,aggregation
26,143.76,remora0,remora1,-19.28,-19.28,10.43,10.43,10.43,10.43,10.41,10.41,10.4,10.4,-18.46,-18.46,9.27,9.27,9.28,9.28,9.32,9.32,9.35,9.35,2.87,2.89,2.9,2.9,2.89,2.89,2.88,2.87,2.87,2.86,4.48,4.49,4.51,4.5,4.49,4.48,4.47,4.47,4.46,4.45,112.34,0,1,1,0,0,0,-1,0,None,aggregation
26,144.76,remora0,remora1,-19.72,-19.72,-19.68,-19.68,10.39,10.39,10.4,10.4,10.38,10.38,-18.9,-18.9,-18.86,-18.86,9.37,9.37,9.37,9.37,9.4,9.4,2.86,2.86,2.87,2.87,2.88,2.88,2.87,2.88,2.88,2.88,4.44,4.45,4.46,4.47,4.48,4.48,4.48,4.47,4.47,4.46,118.57,0,1,1,0,0,0,-1,0,None,aggregation
26,145.76,remora0,remora1,10.37,10.37,-20.11,-20.11,-20.11,-20.13,10.37,10.37,10.37,10.37,9.43,9.43,-19.29,-19.29,-19.29,-19.31,9.44,9.44,9.44,9.44,2.88,2.87,2.87,2.86,2.86,2.86,2.86,2.86,2.85,2.84,4.45,4.44,4.43,4.43,4.44,4.45,4.46,4.46,4.45,4.44,121.89,0,1,1,0,0,0,-1,0,None,aggregation
26,146.76,remora0,remora1,10.35,10.35,10.34,10.34,0.01,0.01,-14.16,-14.16,-14.16,-19.93,9.47,9.47,9.5,9.5,0.83,0.83,-13.34,-13.34,-13.34,-19.11,2.84,2.83,2.83,2.83,2.83,2.83,2.82,2.82,2.82,2.82,4.43,4.42,4.41,4.4,4.39,4.38,4.38,4.38,4.39,4.4,121.9,0,1,1,0,0,0,-1,0,None,aggregation
26,147.76,remora0,remora1,10.35,10.35,10.35,10.35,10.34,10.34,0.22,0.22,0.45,0.45,9.48,9.48,9.47,9.47,9.5,9.5,1.03,1.03,1.25,1.25,2.83,2.82,2.81,2.8,2.79,2.78,2.77,2.78,2.78,2.78,4.42,4.42,4.41,4.4,4.39,4.38,4.37,4.37,4.37,4.37,116.68,0,1,1,0,0,0,-1,0,None,aggregation
26,148.76,remora0,remora1,-19.57,-19.57,10.35,10.35,10.35,10.35,-19.28,-19.28,-19.24,-19.24,-18.75,-18.75,9.47,9.47,9.48,9.48,-18.46,-18.46,-18.42,-18.42,2.77,2.77,2.77,2.76,2.76,2.75,2.74,2.74,2.75,2.75,4.37,4.38,4.39,4.39,4.37,4.37,4.36,4.37,4.38,4.39,120.05,0,1,1,0,0,0,-1,0,None,aggregation
26,149.76,remora0,remora1,-19.24,10.35,10.35,10.35,10.34,10.34,10.34,10.33,-19.35,-19.35,-18.42,9.48,9.48,9.48,9.5,9.5,9.5,9.53,-18.53,-18.53,2.75,2.75,2.75,2.74,2.73,2.72,2.71,2.71,2.7,2.7,4.41,4.41,4.4,4.4,4.39,4.38,4.38,4.37,4.37,4.38,121.61,0,1,1,0,0,0,-1,0,None,aggregation
26,150.76,remora0,remora1,10.32,10.32,10.32,10.32,-22.3,-22.3,10.31,10.31,10.31,10.31,9.55,9.55,9.55,9.55,-21.48,-21.48,9.57,9.57,9.57,9.57,2.69,2.69,2.68,2.67,2.66,2.66,2.66,2.66,2.65,2.64,4.38,4.38,4.37,4.36,4.36,4.37,4.39,4.39,4.38,4.37,121.28,0,1,1,0,0,0,-1,0,None,aggregation
26,151.76,remora0,remora1,-12.66,-12.66,-12.66,-12.66,-12.66,10.31,10.31,10.31,10.3,10.3,-11.84,-11.84,-11.84,-11.84,-11.84,9.57,9.56,9.56,9.58,9.58,2.63,2.63,2.62,2.62,2.62,2.61,2.6,2.6,2.59,2.58,4.37,4.37,4.38,4.39,4.4,4.4,4.4,4.39,4.39,4.38,119.32,0,1,1,0,0,0,-1,0,None,aggregation
26,152.76,remora0,remora1,2.73,2.73,2.98,2.98,-21.51,-21.51,-17.36,-17.36,10.33,10.33,3.5,3.5,3.74,3.74,-20.69,-20.69,-16.54,-16.54,9.53,9.53,2.57,2.56,2.56,2.55,2.54,2.54,2.54,2.54,2.53,2.52,4.37,4.37,4.36,4.36,4.36,4.37,4.39,4.4,4.41,4.4,117.77,0,1,1,0,0,0,-1,0,None,aggregation
26,153.76,remora0,remora1,10.33,10.33,10.31,10.31,-16.92,-16.92,10.3,10.3,10.31,10.31,9.53,9.53,9.56,9.56,-16.09,-16.09,9.58,9.58,9.57,9.57,2.52,2.51,2.5,2.5,2.49,2.48,2.48,2.48,2.48,2.47,4.39,4.39,4.38,4.37,4.37,4.38,4.39,4.39,4.39,4.39,117.36,0,1,1,0,0,0,-1,0,None,aggregation
26,154.76,remora0,remora1,5.07,5.07,-16.04,-16.04,-15.73,-15.73,10.32,10.32,10.32,10.32,5.8,5.8,-15.22,-15.22,-14.91,-14.91,9.55,9.55,9.55,9.55,2.46,2.45,2.45,2.44,2.44,2.44,2.44,2.43,2.42,2.42,4.38,4.38,4.37,4.38,4.39,4.4,4.41,4.41,4.41,4.4,114.96,0,1,1,0,0,0,-1,0,None,aggregation
26,155.76,remora0,remora1,10.32,-15.21,-20.28,-20.28,10.32,10.32,10.31,10.31,10.3,10.3,9.55,-14.39,-19.46,-19.46,9.55,9.55,9.56,9.56,9.58,9.58,2.41,2.41,2.4,2.4,2.4,2.4,2.39,2.39,2.39,2.39,4.39,4.39,4.4,4.41,4.42,4.41,4.41,4.41,4.41,4.4,113.55,0,1,1,0,0,0,-1,0,None,aggregation
26,156.76,remora0,remora1,10.3,10.3,7.83,7.83,8.52,8.52,-13.82,-13.82,-19.53,-19.53,9.58,9.58,8.5,8.5,9.19,9.19,-12.99,-12.99,-18.71,-18.71,2.38,2.38,2.38,2.37,2.37,2.37,2.37,2.37,2.36,2.36,4.4,4.39,4.38,4.38,4.38,4.38,4.37,4.38,4.39,4.41,115.32,0,1,1,0,0,0,-1,0,None,aggregation
26,157.76,remora0,remora1,-6.78,-6.78,10.34,10.34,10.34,10.34,-12.9,-12.9,-12.92,-12.92,-5.96,-5.96,9.5,9.5,9.5,9.5,-12.08,-12.08,-12.1,-12.1,2.36,2.35,2.35,2.35,2.35,2.35,2.35,2.34,2.34,2.34,4.42,4.43,4.43,4.43,4.42,4.41,4.41,4.42,4.43,4.44,119.32,0,1,1,0,0,0,-1,0,None,aggregation
26,158.76,remora0,remora1,10.34,10.34,10.34,10.34,-12.19,-12.19,-18.95,-18.95,10.34,10.34,9.51,9.51,9.51,9.51,-11.36,-11.36,-18.13,-18.13,9.51,9.51,2.34,2.34,2.34,2.34,2.34,2.33,2.33,2.33,2.33,2.33,4.45,4.45,4.44,4.44,4.43,4.44,4.45,4.46,4.47,4.47,116,0,1,1,0,0,0,-1,0,None,aggregation
26,159.76,remora0,remora1,10.34,10.34,10.33,10.33,-11.32,-11.32,-18.54,-18.54,10.33,10.33,9.51,9.51,9.53,9.53,-10.5,-10.5,-17.72,-17.72,9.53,9.53,2.33,2.33,2.33,2.33,2.33,2.33,2.33,2.33,2.32,2.33,4.47,4.47,4.47,4.47,4.47,4.48,4.48,4.49,4.5,4.5,115.15,0,1,1,0,0,0,-1,0,None,aggregation
26,160.76,remora0,remora1,10.33,10.33,10.32,10.32,11.58,11.58,-18.83,-18.83,-11.26,-11.26,9.53,9.53,9.55,9.55,12.19,12.19,-18.01,-18.01,-10.44,-10.44,2.33,2.33,2.33,2.33,2.33,2.33,2.33,2.32,2.32,2.32,4.5,4.5,4.5,4.5,4.5,4.5,4.5,4.51,4.52,4.53,115.02,0,1,1,0,0,0,-1,0,None,aggregation
26,161.76,remora0,remora1,10.33,10.33,10.32,10.32,-11.66,-11.66,-11.67,-11.67,10.33,10.33,9.53,9.53,9.54,9.54,-10.84,-10.84,-10.85,-10.85,9.53,9.53,2.32,2.32,2.32,2.32,2.32,2.32,2.32,2.32,2.32,2.32,4.54,4.54,4.53,4.53,4.53,4.54,4.55,4.56,4.56,4.56,114.39,0,1,1,0,0,0,-1,0,None,aggregation
26,162.76,remora0,remora1,10.33,10.33,-19.06,-19.06,10.32,10.32,10.32,10.31,11.77,11.77,9.53,9.53,-18.23,-18.23,9.55,9.55,9.55,9.56,12.37,12.37,2.32,2.32,2.31,2.31,2.31,2.31,2.31,2.32,2.32,2.32,4.56,4.55,4.55,4.56,4.58,4.58,4.58,4.58,4.58,4.58,115.6,0,1,1,0,0,0,-1,0,None,aggregation
26,163.76,remora0,remora1,11.77,11.77,12.2,12.2,-11.61,-11.61,-11.61,-11.66,-11.79,-11.79,12.38,12.38,12.8,12.8,-10.79,-10.79,-10.79,-10.84,-10.97,-10.97,2.32,2.33,2.33,2.33,2.33,2.33,2.33,2.33,2.33,2.33,4.58,4.57,4.57,4.56,4.56,4.57,4.58,4.59,4.6,4.61,116.02,0,1,1,0,0,0,-1,0,None,aggregation
26,164.76,remora0,remora1,12.2,12.2,-11.24,-11.24,-11.17,-11.17,-11.13,-11.13,10.39,10.39,12.8,12.8,-10.42,-10.42,-10.34,-10.34,-10.31,-10.31,9.38,9.38,2.32,2.32,2.32,2.32,2.31,2.31,2.3,2.3,2.3,2.31,4.61,4.61,4.61,4.61,4.62,4.63,4.64,4.65,4.66,4.67,115.71,0,1,1,0,0,0,-1,0,None,aggregation
26,165.76,remora0,remora1,10.39,10.39,-11.28,-11.28,-11.35,-11.35,10.39,10.39,10.39,10.39,9.38,9.38,-10.46,-10.46,-10.53,-10.53,9.39,9.39,9.39,9.39,2.31,2.31,2.31,2.31,2.3,2.3,2.3,2.3,2.31,2.31,4.67,4.67,4.66,4.67,4.68,4.69,4.7,4.7,4.7,4.7,113.6,0,1,1,0,0,0,-1,0,None,aggregation
26,166.76,remora0,remora1,-11.56,-11.56,12.41,12.41,-11.42,-11.42,-11.42,-11.42,10.4,10.4,-10.74,-10.74,13,13,-10.59,-10.59,-10.59,-10.59,9.35,9.35,2.31,2.31,2.31,2.31,2.31,2.31,2.31,2.31,2.32,2.32,4.7,4.71,4.72,4.72,4.72,4.73,4.75,4.76,4.77,4.77,112.85,0,1,1,0,0,0,-1,0,None,aggregation
26,167.76,remora0,remora1,10.4,10.4,-11.88,-11.88,-11.9,-11.9,10.39,10.39,10.39,10.39,9.36,9.36,-11.06,-11.06,-11.08,-11.08,9.37,9.37,9.38,9.38,2.32,2.33,2.33,2.33,2.34,2.34,2.34,2.34,2.34,2.34,4.77,4.77,4.77,4.78,4.79,4.8,4.81,4.81,4.81,4.81,113.13,0,1,1,0,0,0,-1,0,None,aggregation
26,168.76,remora0,remora1,-19.65,-19.65,-19.7,-19.7,10.39,10.39,10.39,10.39,10.38,10.38,-18.83,-18.83,-18.88,-18.88,9.39,9.39,9.39,9.39,9.42,9.42,2.34,2.35,2.35,2.35,2.91,2.91,2.9,2.88,2.86,2.84,4.81,4.82,4.84,4.85,5.71,5.72,5.72,5.72,5.72,5.71,114.75,0,1,1,0,0,0,-1,0,None,aggregation
26,169.76,remora0,remora1,10.36,10.36,-13.12,-13.12,-13.12,-13.12,10.36,10.36,10.36,10.36,9.45,9.45,-12.3,-12.3,-12.3,-12.3,9.45,9.45,9.46,9.46,2.82,2.81,2.8,2.8,2.82,2.83,2.84,2.83,2.81,2.79,5.71,5.71,5.71,5.73,5.74,5.76,5.78,5.79,5.78,5.78,114.01,0,1,1,0,0,0,-1,0,None,aggregation
26,170.76,remora0,remora1,-13.32,-13.32,10.35,10.35,10.35,10.35,-13.4,-13.4,-13.38,-13.38,-12.49,-12.49,9.49,9.49,9.49,9.49,-12.58,-12.58,-12.56,-12.56,2.77,2.78,2.79,2.78,2.77,2.76,2.76,2.77,2.78,2.78,5.78,5.8,5.81,5.82,5.82,5.82,5.82,5.84,5.86,5.88,113.55,0,1,1,0,0,0,-1,0,None,aggregation
26,171.76,remora0,remora1,10.35,10.35,10.34,10.34,-13.29,-13.29,-13.27,-13.27,10.34,10.34,9.49,9.49,9.49,9.49,-12.47,-12.47,-12.45,-12.45,9.49,9.49,2.78,2.77,2.75,2.73,2.73,2.74,2.75,2.76,2.77,2.77,5.89,5.89,5.89,5.89,5.89,5.91,5.93,3.91,3.92,3.92,114.19,0,1,1,0,0,0,-1,0,None,aggregation
26,172.76,remora0,remora1,10.34,10.34,10.33,10.33,-13.13,-13.13,-13.14,-13.14,10.33,10.33,9.5,9.5,9.52,9.52,-12.31,-12.31,-12.32,-12.32,9.52,9.52,2.76,2.75,2.74,2.73,2.72,2.72,2.72,2.73,2.73,2.71,3.91,3.9,3.9,3.89,3.88,3.89,3.89,3.9,3.91,3.9,113.13,0,1,1,0,0,0,-1,0,None,aggregation
26,173.76,remora0,remora1,10.33,10.33,-13.59,-13.59,10.33,10.33,10.32,10.32,-21.06,-21.06,9.52,9.52,-12.77,-12.77,9.53,9.53,9.54,9.54,-20.24,-20.24,2.69,2.68,2.68,2.68,2.68,2.67,2.66,2.65,2.65,2.66,3.89,3.88,3.88,3.89,3.89,3.89,3.88,3.87,3.87,3.88,114.18,0,1,1,0,0,0,-1,0,None,aggregation
26,174.76,remora0,remora1,10.32,10.32,10.31,10.31,-13.96,-13.96,-13.95,-13.95,10.31,10.31,9.55,9.55,9.56,9.56,-13.14,-13.14,-13.13,-13.13,9.56,9.56,2.68,2.66,2.65,2.63,2.62,2.63,2.65,2.66,2.67,2.66,3.9,3.89,3.88,3.87,3.86,3.87,3.88,3.9,3.91,3.9,114.62,0,1,1,0,0,0,-1,0,None,aggregation
26,175.76,remora0,remora1,10.31,10.31,10.3,10.3,-14.02,-14.02,-21.51,-21.51,10.3,10.3,9.56,9.56,9.58,9.58,-13.19,-13.19,-20.69,-20.69,9.58,9.58,2.65,2.63,2.61,2.59,2.57,2.58,2.59,2.61,2.63,2.61,3.89,3.88,3.87,3.85,3.84,3.85,3.86,3.88,3.9,3.89,117.23,0,1,1,0,0,0,-1,0,None,aggregation
26,176.76,remora0,remora1,10.3,10.3,10.29,10.29,-14.65,-14.65,-22.04,-22.04,10.3,10.3,9.58,9.58,9.6,9.6,-13.83,-13.83,-21.22,-21.22,9.59,9.59,2.6,2.58,2.57,2.55,2.54,2.54,2.54,2.56,2.58,2.57,3.88,3.87,3.86,3.85,3.84,3.84,3.85,3.87,3.89,3.88,119.22,0,1,1,0,0,0,-1,0,None,aggregation
26,177.76,remora0,remora1,10.29,10.29,10.28,10.28,-15.12,-15.12,10.28,10.28,10.27,10.27,9.6,9.6,9.62,9.62,-14.29,-14.29,9.63,9.63,9.63,9.63,2.56,2.54,2.52,2.51,2.5,2.51,2.51,2.5,2.49,2.48,3.87,3.86,3.85,3.83,3.83,3.84,5.89,5.89,5.87,5.86,119.6,0,1,1,0,0,0,-1,0,None,aggregation
26,178.76,remora0,remora1,10.27,-15.61,-15.63,-15.63,10.28,10.28,10.28,10.28,-16.02,-16.02,9.63,-14.79,-14.81,-14.81,9.63,9.63,9.63,9.63,-15.2,-15.2,2.47,2.47,2.48,2.49,2.49,2.48,2.47,2.46,2.44,2.44,5.85,5.85,5.86,5.87,5.87,5.87,5.86,5.84,5.83,5.84,118.63,0,1,1,0,0,0,-1,0,None,aggregation
26,179.76,remora0,remora1,-16.05,-16.05,10.28,10.28,10.28,10.28,10.27,10.27,-16.66,-16.66,-15.23,-15.23,9.62,9.62,9.62,9.62,9.64,9.64,-15.84,-15.84,2.46,2.47,2.49,2.47,2.45,2.44,2.43,2.42,2.4,2.4,5.85,5.86,5.87,5.86,5.85,5.84,5.83,5.82,5.81,6.12,119.95,0,1,1,0,0,0,-1,0,None,aggregation
26,180.76,remora0,remora1,10.26,10.26,10.26,10.26,10.26,-16.87,-17.06,-17.06,-17.06,-17.06,9.65,9.65,9.66,9.66,9.66,-16.05,-16.24,-16.24,-16.24,-16.24,2.41,2.4,2.38,2.37,2.36,2.36,2.38,2.41,2.43,2.43,6.13,6.12,6.11,6.1,6.09,6.09,6.1,6.11,6.13,6.13,121.49,0,1,1,0,0,0,-1,0,None,aggregation
26,181.76,remora0,remora1,10.27,10.27,10.26,10.26,10.26,-17.18,-17.36,-17.36,10.26,10.26,9.65,9.65,9.66,9.66,9.66,-16.36,-16.54,-16.54,9.66,9.66,2.42,2.41,2.4,2.39,2.38,2.38,2.39,2.4,2.41,2.4,6.12,6.11,6.11,6.1,6.09,6.09,6.1,6.11,6.12,6.11,122.43,0,1,1,0,0,0,-1,0,None,aggregation
26,182.76,remora0,remora1,10.26,10.26,10.25,10.25,-18.01,-18.01,10.25,10.25,10.25,10.25,9.66,9.66,9.68,9.68,-17.19,-17.19,9.68,9.68,9.68,9.68,2.39,2.38,2.36,2.35,2.34,2.35,2.35,2.35,2.34,2.32,6.11,6.1,6.09,6.08,5.79,6.08,6.09,6.09,6.08,6.07,122.88,0,1,1,0,0,0,-1,0,None,aggregation
26,183.76,remora0,remora1,-18.22,-18.22,-18.32,-18.32,10.25,10.25,10.26,10.26,10.25,10.25,-17.4,-17.4,-17.49,-17.49,9.67,9.67,9.67,9.67,9.68,9.68,2.3,2.31,2.33,2.35,2.37,2.36,2.35,2.34,2.33,2.31,6.06,6.07,6.08,6.1,6.11,6.11,6.1,6.1,6.09,6.08,123.27,0,1,1,0,0,0,-1,0,None,aggregation
26,184.76,remora0,remora1,10.24,10.24,-18.53,-18.53,-24.59,-24.59,-24.59,10.24,10.25,10.25,9.7,9.7,-17.71,-17.71,-23.77,-23.77,-23.77,9.69,9.68,9.68,2.29,2.28,2.26,2.27,2.28,2.3,2.32,2.32,2.31,2.3,6.07,6.06,6.06,6.07,6.08,6.09,6.11,6.11,6.11,6.1,127.75,0,1,1,0,0,0,-1,0,None,aggregation
26,185.76,remora0,remora1,10.24,10.24,10.23,10.23,10.22,10.22,-19.45,-19.45,-19.28,-19.28,9.69,9.69,9.71,9.71,9.72,9.72,-18.63,-18.63,-18.46,-18.46,2.29,2.27,2.25,2.24,2.23,2.22,2.22,2.24,2.26,2.28,6.1,6.09,6.08,6.08,6.07,6.07,6.07,6.09,6.1,6.12,128.41,0,1,1,0,0,0,-1,0,None,aggregation
26,186.76,remora0,remora1,10.23,10.23,10.23,10.23,10.22,10.22,10.22,10.22,-19.6,-19.6,9.71,9.71,9.7,9.7,9.72,9.72,9.73,9.73,-18.77,-18.77,2.29,2.28,2.26,2.25,2.24,2.23,2.22,2.2,2.18,2.19,6.13,6.12,6.12,6.11,6.11,6.1,6.1,6.09,6.09,6.09,127.09,0,1,1,0,0,0,-1,0,None,aggregation
26,187.76,remora0,remora1,-19.61,-19.61,10.22,10.22,10.22,10.22,10.21,10.21,-19.76,-19.76,-18.79,-18.79,9.72,9.72,9.72,9.72,9.74,9.74,-18.94,-18.94,2.21,2.22,2.24,2.23,2.22,2.2,2.19,2.18,2.16,2.17,2.21,2.22,2.24,2.23,2.22,2.2,2.19,2.18,2.16,2.17,129.88,0,1,1,0,0,0,-1,0,None,aggregation
26,188.76,remora0,remora1,-19.76,-19.76,10.22,10.22,10.22,10.22,10.22,10.22,10.21,10.21,-18.94,-18.94,9.72,9.72,9.72,9.72,9.73,9.73,9.74,9.74,2.18,2.2,2.22,2.21,2.2,2.19,2.18,2.17,2.16,2.15,2.18,2.2,2.22,2.21,2.2,2.19,2.18,2.17,2.16,2.15,129.06,0,1,1,0,0,0,-1,0,None,aggregation
26,189.76,remora0,remora1,-19.6,-19.6,-19.57,-19.57,10.22,10.22,10.22,10.22,10.21,10.21,-18.78,-18.78,-18.74,-18.74,9.73,9.73,9.73,9.72,9.74,9.74,2.15,2.16,2.18,2.2,2.21,2.21,2.2,2.19,2.17,2.16,2.15,2.16,2.18,2.2,2.21,2.21,2.2,2.19,2.17,2.16,130.37,0,1,1,0,0,0,-1,0,None,aggregation
26,190.76,remora0,remora1,10.2,10.2,-19.32,-19.32,-19.31,-19.31,10.21,10.21,10.21,10.21,9.75,9.75,-18.5,-18.5,-18.49,-18.49,9.74,9.74,9.73,9.73,2.15,2.14,2.13,2.14,2.16,2.17,2.19,2.19,2.18,2.17,2.15,2.14,2.13,2.14,2.16,2.17,2.19,2.19,2.18,2.17,130.63,0,1,1,0,0,0,-1,0,None,aggregation
26,191.76,remora0,remora1,10.21,10.21,-25.13,-25.13,10.2,10.2,10.21,10.21,10.2,10.2,9.75,9.75,-24.31,-24.31,9.75,9.75,9.75,9.75,9.76,9.76,2.16,2.14,2.14,2.15,2.17,2.16,2.15,2.14,2.13,2.12,2.16,2.14,2.14,2.15,2.17,2.16,2.15,2.14,2.13,2.12,131.51,0,1,1,0,0,0,-1,0,None,aggregation
26,192.76,remora0,remora1,-19.14,-19.14,10.2,10.2,10.19,10.19,10.19,10.19,-24.99,-24.99,-18.32,-18.32,9.76,9.76,9.76,9.76,9.76,9.76,-24.17,-24.17,2.11,2.12,2.14,2.13,2.12,2.11,2.1,2.11,2.13,2.15,2.11,2.12,2.14,2.13,2.12,2.11,2.1,2.11,2.13,2.15,134.67,0,1,1,0,0,0,-1,0,None,aggregation
26,193.76,remora0,remora1,10.2,10.2,10.2,10.2,10.2,10.2,10.19,10.19,-18.26,-18.26,9.75,9.75,9.75,9.75,9.76,9.76,9.77,9.77,-17.44,-17.44,2.18,2.17,2.16,2.15,2.14,2.13,2.12,2.11,2.1,2.12,2.18,2.17,2.16,2.15,2.14,2.13,2.12,2.11,2.1,2.12,133.11,0,1,1,0,0,0,-1,0,None,aggregation
26,194.76,remora0,remora1,-18.06,-18.06,10.2,10.2,10.2,10.2,10.19,10.19,-17.93,-17.93,-17.24,-17.24,9.76,9.76,9.75,9.75,9.76,9.76,-17.11,-17.11,2.14,2.16,2.18,2.18,2.17,2.16,2.15,2.14,2.13,2.14,2.14,2.16,2.18,2.18,2.17,2.16,2.15,2.14,2.13,2.14,130.27,0,1,1,0,0,0,-1,0,None,aggregation
26,124.76,remora0,remora2,-21.38,-21.38,-21.38,-8.89,-8.89,-0.16,-8.6,-8.6,-8.33,-8.33,-20.56,-20.56,-20.56,-8.06,-8.06,0.66,-7.78,-7.78,-7.51,-7.51,1.56,1.58,1.6,1.61,1.62,1.62,1.62,1.63,1.64,1.64,4.19,4.21,4.22,4.23,4.24,4.25,4.27,4.27,4.28,4.29,80.91,0,1,1,0,0,0,-1,0,None,aggregation
26,125.76,remora0,remora2,-20.59,-20.59,-8.03,-8.03,-7.86,-7.86,-8.02,-8.02,-8.02,-20.78,-19.77,-19.77,-7.2,-7.2,-7.04,-7.04,-7.19,-7.19,-7.19,-19.96,1.65,1.66,1.68,1.69,1.69,1.7,1.7,1.71,1.72,1.73,4.3,4.32,4.33,4.34,4.35,4.36,4.38,4.39,4.4,4.41,82.08,0,1,1,0,0,0,-1,0,None,aggregation
26,126.76,remora0,remora2,-21.49,-21.49,-9,-9,-9.23,-9.23,-8.91,-8.91,-8.99,-8.99,-20.67,-20.67,-8.18,-8.18,-8.41,-8.41,-8.09,-8.09,-8.17,-8.17,1.75,1.77,1.78,1.79,1.8,1.81,1.82,1.83,1.83,1.84,4.43,4.44,4.45,4.46,4.47,4.48,4.49,4.49,4.5,4.5,87.07,0,1,1,0,0,0,-1,0,None,aggregation
26,127.76,remora0,remora2,-8.99,-9.1,-21.87,-21.87,-8.77,-8.77,-9,-9,-0.48,-0.48,-8.17,-8.28,-21.05,-21.05,-7.95,-7.95,-8.17,-8.17,0.34,0.34,1.85,1.86,1.86,1.88,1.9,1.91,1.91,1.92,1.93,1.93,4.51,4.52,4.53,4.54,4.56,4.56,4.57,4.58,4.58,4.59,91.64,0,1,1,0,0,0,-1,0,None,aggregation
26,128.76,remora0,remora2,-22.28,-22.28,-21.81,-21.81,-8.48,-8.48,-8.38,-8.38,-8.47,-8.47,-21.46,-21.46,-20.98,-20.98,-7.65,-7.65,-7.56,-7.56,-7.65,-7.65,1.93,1.95,1.96,1.98,2,2.01,2.02,2.02,2.03,2.04,4.59,4.6,4.61,4.63,4.64,4.64,4.65,4.65,4.65,4.66,99.02,0,1,1,0,0,0,-1,0,None,aggregation
26,129.76,remora0,remora2,-8.26,-8.26,-8.18,-8.18,-0.19,-0.19,-0.19,-8.05,-21.7,-21.7,-7.43,-7.43,-7.36,-7.36,0.63,0.63,0.63,-7.23,-20.88,-20.88,2.04,2.05,2.06,2.07,2.07,2.07,2.07,2.08,2.09,2.1,4.66,4.67,4.67,4.67,4.67,4.68,4.69,4.7,4.7,4.72,97.92,0,1,1,0,0,0,-1,0,None,aggregation
26,130.76,remora0,remora2,-21.7,-7.98,-7.94,-7.94,-8.03,-8.03,-7.98,-7.98,-7.77,-7.77,-20.88,-7.16,-7.11,-7.11,-7.21,-7.21,-7.16,-7.16,-6.95,-6.95,2.12,2.13,2.14,2.15,2.15,2.16,2.17,2.17,2.18,2.19,4.73,4.74,4.75,4.76,4.77,4.78,4.78,4.79,4.8,4.81,99.81,0,1,1,0,0,0,-1,0,None,aggregation
26,131.76,remora0,remora2,-7.61,-7.61,-7.61,-7.61,-7.53,-7.53,-7.45,-7.45,-7.26,-7.26,-6.79,-6.79,-6.79,-6.79,-6.71,-6.71,-6.63,-6.63,-6.44,-6.44,2.19,2.2,2.2,2.21,2.22,2.22,2.23,2.24,2.24,2.25,4.82,4.83,4.84,4.84,4.84,4.84,4.84,4.84,4.85,4.84,97.28,0,1,1,0,0,0,-1,0,None,aggregation
26,132.76,remora0,remora2,-7.19,-7.19,-7.19,-7.19,-7.23,-7.23,-7.19,-7.19,-7.19,-7.01,-6.37,-6.37,-6.37,-6.37,-6.41,-6.41,-6.37,-6.37,-6.37,-6.19,2.26,2.26,2.27,2.27,2.28,2.29,2.29,2.3,2.3,2.31,4.84,4.84,4.85,4.84,4.83,4.83,4.83,4.82,4.81,4.81,96.98,0,1,1,0,0,0,-1,0,None,aggregation
26,133.76,remora0,remora2,-6.86,-6.86,-20.28,-20.28,-20.26,-20.26,-6.5,-6.5,-4,-4,-6.04,-6.04,-19.45,-19.45,-19.44,-19.44,-5.68,-5.68,-3.18,-3.18,2.31,2.32,2.32,2.33,2.35,2.37,2.38,2.39,2.4,2.4,4.81,4.82,4.83,4.83,4.83,4.83,4.84,4.84,4.84,4.84,98.74,0,1,1,0,0,0,-1,0,None,aggregation
26,134.76,remora0,remora2,-20.7,-20.7,-20.68,-20.68,-6.58,-6.58,-6.38,-6.38,-6.3,-6.3,-19.88,-19.88,-19.86,-19.86,-5.76,-5.76,-5.56,-5.56,-5.48,-5.48,2.41,2.42,2.44,2.45,2.47,2.47,2.48,2.48,2.49,2.49,4.83,4.83,4.83,4.83,4.82,4.82,4.83,4.83,4.83,4.83,99.22,0,1,1,0,0,0,-1,0,None,aggregation
26,135.76,remora0,remora2,-20.11,-20.11,-20.11,-6.24,-6.24,-6.24,2.23,2.23,2.23,-20.04,-19.28,-19.28,-19.28,-5.42,-5.42,-5.42,3.01,3.01,3.01,-19.22,2.5,2.51,2.53,2.54,2.55,2.56,2.56,2.56,2.56,2.57,4.83,4.82,4.82,4.82,4.82,4.82,4.83,4.82,4.81,4.81,98.26,0,1,1,0,0,0,-1,0,None,aggregation
26,136.76,remora0,remora2,-20.04,-20.04,-5.98,-5.98,-5.96,-5.96,-5.94,-5.94,-5.94,-5.87,-19.22,-19.22,-5.16,-5.16,-5.14,-5.14,-5.12,-5.12,-5.12,-5.05,2.59,2.6,2.62,2.62,2.63,2.63,2.64,2.65,2.66,2.66,4.8,4.81,4.81,4.81,4.81,4.81,4.81,4.8,4.8,4.8,95.51,0,1,1,0,0,0,-1,0,None,aggregation
26,137.76,remora0,remora2,3.15,3.15,-5.83,-5.83,-19.42,-19.42,-5.51,-5.51,-5.67,-5.67,3.91,3.91,-5.01,-5.01,-18.6,-18.6,-4.69,-4.69,-4.85,-4.85,2.66,2.66,2.66,2.66,2.67,2.68,2.7,2.71,2.72,2.72,4.8,4.79,4.79,4.79,4.79,4.79,4.78,4.78,4.78,4.78,93.75,0,1,1,0,0,0,-1,0,None,aggregation
26,138.76,remora0,remora2,-5.67,-5.62,3.86,3.86,-5.17,-5.17,-5.05,-5.05,-19.32,-19.32,-4.85,-4.8,4.61,4.61,-4.35,-4.35,-4.23,-4.23,-18.5,-18.5,2.72,2.73,2.73,2.73,2.72,2.73,2.73,2.74,2.75,2.76,4.77,4.77,4.77,4.76,4.76,4.75,4.75,4.75,4.75,4.75,87.83,0,1,1,0,0,0,-1,0,None,aggregation
26,139.76,remora0,remora2,1.89,1.89,2.32,2.32,-4.92,-4.92,-4.9,-4.9,-4.62,-4.62,2.67,2.67,3.09,3.09,-4.1,-4.1,-4.08,-4.08,-3.8,-3.8,2.77,2.78,2.77,2.77,2.77,2.78,2.78,2.79,2.79,2.79,4.75,4.75,4.74,4.74,4.74,4.74,4.74,4.73,4.73,4.73,83.26,0,1,1,0,0,0,-1,0,None,aggregation
26,140.76,remora0,remora2,4.96,4.96,-18.2,-18.2,-4.31,-4.31,-4.27,-4.27,-4.25,-4.25,5.69,5.69,-17.38,-17.38,-3.49,-3.49,-3.45,-3.45,-3.42,-3.42,2.79,2.79,2.79,2.81,2.83,2.83,2.83,2.83,2.83,2.83,4.73,4.73,4.73,4.73,4.74,4.74,4.73,4.73,4.73,4.72,81.3,0,1,1,0,0,0,-1,0,None,aggregation
26,141.76,remora0,remora2,5.74,5.74,-17.61,-17.61,-17.6,-17.6,16.25,16.25,16.25,6.14,6.46,6.46,-16.79,-16.79,-16.78,-16.78,16.77,16.77,16.77,6.85,2.83,2.83,2.83,2.84,2.85,2.86,2.88,2.87,2.87,2.86,4.72,4.71,4.71,4.71,4.7,4.7,4.7,4.7,4.69,4.69,87.92,0,1,1,0,0,0,-1,0,None,aggregation
26,142.76,remora0,remora2,-17.04,-17.04,-3.14,-3.14,-3.35,-3.35,6.81,6.81,6.81,-3.11,-16.22,-16.22,-2.32,-2.32,-2.52,-2.52,7.5,7.5,7.5,-2.29,2.85,2.85,2.86,2.87,2.88,2.88,2.88,2.87,2.86,2.86,4.68,4.68,4.68,4.67,4.67,4.66,4.66,4.65,4.65,4.65,88.03,0,1,1,0,0,0,-1,0,None,aggregation
26,143.76,remora0,remora2,-15.92,-15.92,7.37,7.37,7.42,7.42,-2.57,-2.57,7.99,7.99,-15.1,-15.1,8.05,8.05,8.11,8.11,-1.75,-1.75,8.67,8.67,2.87,2.89,2.9,2.9,2.89,2.89,2.88,2.87,2.87,2.86,4.65,4.65,4.65,4.64,4.64,4.64,4.64,4.63,4.63,4.63,85.15,0,1,1,0,0,0,-1,0,None,aggregation
26,144.76,remora0,remora2,-2.09,-2.09,-1.57,-1.57,8.42,8.42,-15.36,-15.36,-1.27,-1.27,-1.27,-1.27,-0.75,-0.75,9.09,9.09,-14.54,-14.54,-0.44,-0.44,2.86,2.86,2.87,2.87,2.88,2.88,2.87,2.88,2.88,2.88,4.63,4.63,4.63,4.62,4.62,4.62,4.62,4.62,4.62,4.61,78.91,0,1,1,0,0,0,-1,0,None,aggregation
26,145.76,remora0,remora2,9.01,9.01,8.3,8.3,9.46,9.46,8.57,8.57,-0.51,-0.51,9.66,9.66,8.97,8.97,10.11,10.11,9.23,9.23,0.31,0.31,2.88,2.87,2.87,2.86,2.86,2.86,2.86,2.86,2.85,2.84,4.61,4.6,4.6,4.6,4.6,4.6,4.6,4.6,4.6,4.6,75.86,0,1,1,0,0,0,-1,0,None,aggregation
26,146.76,remora0,remora2,-0.51,8.99,-13.19,-13.19,9.67,9.67,9.68,9.68,0.47,0.47,0.31,9.65,-12.37,-12.37,10.32,10.32,10.32,10.32,1.27,1.27,2.84,2.83,2.83,2.83,2.83,2.83,2.82,2.82,2.82,2.82,4.59,4.59,4.58,4.58,4.57,4.57,4.57,4.57,4.57,4.57,75.17,0,1,1,0,0,0,-1,0,None,aggregation
26,147.76,remora0,remora2,9.93,9.93,10.84,10.84,11.28,11.28,-11.59,-11.59,10.89,10.89,10.57,10.57,11.46,11.46,11.9,11.9,-10.77,-10.77,11.51,11.51,2.83,2.82,2.81,2.8,2.79,2.78,2.77,2.78,2.78,2.78,4.57,4.57,4.57,4.57,4.57,4.57,4.57,4.56,4.56,4.56,78.59,0,1,1,0,0,0,-1,0,None,aggregation
26,148.76,remora0,remora2,10.89,11.84,2.14,2.14,2.14,12.19,12.19,-10.51,12.69,12.69,11.51,12.45,2.92,2.92,2.92,12.79,12.79,-9.69,13.28,13.28,2.77,2.77,2.77,2.76,2.76,2.75,2.74,2.74,2.75,2.75,4.56,4.57,4.57,4.56,4.56,4.56,4.56,4.56,4.56,4.57,80.23,0,1,1,0,0,0,-1,0,None,aggregation
26,149.76,remora0,remora2,12.69,-10.51,12.97,12.97,13.08,13.08,13.08,3.55,13.71,13.71,13.28,-9.69,13.56,13.56,13.66,13.66,13.66,4.31,14.28,14.28,2.75,2.75,2.75,2.74,2.73,2.72,2.71,2.71,2.7,2.7,4.57,4.57,4.57,4.57,4.57,4.57,4.58,4.58,4.58,4.58,88.75,0,1,1,0,0,0,-1,0,None,aggregation
26,150.76,remora0,remora2,3.98,3.98,14.12,14.12,4.66,4.66,14.49,14.49,5.12,5.12,4.73,4.73,14.68,14.68,5.39,5.39,15.05,15.05,5.85,5.85,2.69,2.69,2.68,2.67,2.66,2.66,2.66,2.66,2.65,2.64,4.58,4.58,4.58,4.59,4.59,4.59,4.6,4.61,4.61,4.61,90.62,0,1,1,0,0,0,-1,0,None,aggregation
26,151.76,remora0,remora2,13.59,13.59,5.76,5.76,5.76,15.4,13.97,13.97,6.63,6.63,14.16,14.16,6.47,6.47,6.47,15.93,14.53,14.53,7.33,7.33,2.63,2.63,2.62,2.62,2.62,2.61,2.6,2.6,2.59,2.58,4.61,4.62,4.62,4.63,4.64,4.64,4.65,4.65,4.65,4.66,87.34,0,1,1,0,0,0,-1,0,None,aggregation
26,152.76,remora0,remora2,14.45,14.45,16.09,16.09,7.49,7.49,16.39,16.39,14.75,14.75,15,15,16.61,16.61,8.18,8.18,16.9,16.9,15.29,15.29,2.57,2.56,2.56,2.55,2.54,2.54,2.54,2.54,2.53,2.52,4.66,4.66,4.67,4.67,4.68,4.69,4.69,4.7,4.71,4.71,94.57,0,1,1,0,0,0,-1,0,None,aggregation
26,153.76,remora0,remora2,8.14,8.14,15.17,15.17,17,17,-2.35,-2.35,17.32,17.32,8.81,8.81,15.71,15.71,17.51,17.51,-1.52,-1.52,17.81,17.81,2.52,2.51,2.5,2.5,2.49,2.48,2.48,2.48,2.48,2.47,4.72,4.72,4.72,4.73,4.74,4.75,4.76,4.76,4.76,4.77,98.41,0,1,1,0,0,0,-1,0,None,aggregation
26,154.76,remora0,remora2,15.71,15.71,9.94,9.94,16.14,16.14,17.9,17.9,16.16,16.16,16.24,16.24,10.58,10.58,16.66,16.66,18.39,18.39,16.68,16.68,2.46,2.45,2.45,2.44,2.44,2.44,2.44,2.43,2.42,2.42,4.78,4.78,4.79,4.8,4.81,4.82,4.83,4.84,4.84,4.85,108.37,0,1,1,0,0,0,-1,0,None,aggregation
26,155.76,remora0,remora2,10.84,10.84,16.62,16.62,1.22,1.22,11.48,11.48,1.97,1.97,11.46,11.46,17.13,17.13,2.02,2.02,12.09,12.09,2.75,2.75,2.41,2.41,2.4,2.4,2.4,2.4,2.39,2.39,2.39,2.39,4.86,4.86,4.86,4.87,4.88,4.88,4.89,4.9,4.91,4.91,109.78,0,1,1,0,0,0,-1,0,None,aggregation
26,156.76,remora0,remora2,18.98,18.98,12.34,12.34,3.73,3.73,3.73,13.1,17.99,17.99,19.44,19.44,12.94,12.94,4.48,4.48,4.48,13.68,18.47,18.47,2.38,2.38,2.38,2.37,2.37,2.37,2.37,2.37,2.36,2.36,4.91,4.92,4.92,4.93,4.94,4.95,4.95,4.96,4.97,4.98,114.69,0,1,1,0,0,0,-1,0,None,aggregation
26,157.76,remora0,remora2,13.36,13.36,4.69,4.69,4.92,4.92,18.36,18.36,14.2,14.2,13.93,13.93,5.43,5.43,5.65,5.65,18.83,18.83,14.76,14.76,2.36,2.35,2.35,2.35,2.35,2.35,2.35,2.34,2.34,2.34,4.99,5,5.01,5.01,5.01,5.02,5.02,5.03,5.05,5.06,115.03,0,1,1,0,0,0,-1,0,None,aggregation
26,158.76,remora0,remora2,6.14,6.14,6.36,6.36,6.36,18.94,7.31,7.31,15.18,15.18,6.84,6.84,7.06,7.06,7.06,19.4,7.99,7.99,15.72,15.72,2.34,2.34,2.34,2.34,2.34,2.33,2.33,2.33,2.33,2.33,5.07,5.07,5.08,5.08,5.09,5.1,5.11,5.12,5.13,5.14,115.68,0,1,1,0,0,0,-1,0,None,aggregation
26,159.76,remora0,remora2,15.18,7.77,21.12,21.12,-4.77,-4.77,-4.76,-4.76,-4.71,-4.71,15.72,8.45,21.53,21.53,-15.23,-15.23,-15.22,-15.22,-15.17,-15.17,2.33,2.33,2.33,2.33,2.33,2.33,2.33,2.33,2.32,2.33,5.15,5.16,5.17,5.19,5.2,5.2,5.2,5.2,5.19,5.19,116.13,0,1,1,0,0,0,-1,0,None,aggregation
26,160.76,remora0,remora2,3.41,3.41,2.9,2.9,3.17,3.17,11.43,11.43,-4.57,-4.57,4.16,4.16,3.67,3.67,3.93,3.93,12.04,12.04,-15.04,-15.04,2.33,2.33,2.33,2.33,2.33,2.33,2.33,2.32,2.32,2.32,5.19,5.2,5.2,5.21,5.22,5.23,5.23,5.24,5.25,3.66,113.75,0,1,1,0,0,0,-1,0,None,aggregation
26,161.76,remora0,remora2,-4.5,-4.5,0.32,0.32,-0.45,-0.45,-0.45,-0.45,-0.46,-0.46,-14.96,-14.96,1.13,1.13,0.37,0.37,0.37,0.37,0.37,0.37,2.32,2.32,2.32,2.32,2.32,2.32,2.32,2.32,2.32,2.32,3.66,3.65,3.65,3.65,3.65,3.65,3.65,3.65,3.65,3.65,105.45,0,1,1,0,0,0,-1,0,None,aggregation
26,162.76,remora0,remora2,12.2,12.2,8.22,8.22,-4.29,-4.29,-4.29,-4.18,-2.86,-2.86,12.79,12.79,8.89,8.89,-14.76,-14.76,-14.76,-14.64,-2.04,-2.04,2.32,2.32,2.31,2.31,2.31,2.31,2.31,2.32,2.32,2.32,3.64,3.65,3.65,3.66,3.66,3.66,3.66,3.66,3.66,3.66,99.83,0,1,1,0,0,0,-1,0,None,aggregation
26,163.76,remora0,remora2,-2.86,-3.65,-3.39,-3.39,-2.85,-2.85,-2.85,-2.84,9.56,9.56,-2.04,-2.83,-2.57,-2.57,-2.02,-2.02,-2.02,-2.02,10.21,10.21,2.32,2.33,2.33,2.33,2.33,2.33,2.33,2.33,2.33,2.33,3.66,3.66,3.66,3.66,3.66,3.66,3.66,3.66,3.65,3.66,91.81,0,1,1,0,0,0,-1,0,None,aggregation
26,164.76,remora0,remora2,5.11,5.11,5.23,5.23,5.49,5.49,-2.34,-2.34,-3.96,-3.96,5.83,5.83,5.95,5.95,6.21,6.21,-1.52,-1.52,-14.43,-14.43,2.32,2.32,2.32,2.32,2.31,2.31,2.3,2.3,2.3,2.31,3.66,3.66,3.66,3.66,3.66,3.67,3.67,3.67,3.67,3.67,81.98,0,1,1,0,0,0,-1,0,None,aggregation
26,165.76,remora0,remora2,4.6,4.6,3.72,3.72,3.87,3.87,-3.77,-3.77,-3.77,-5.31,5.34,5.34,4.47,4.47,4.62,4.62,-14.24,-14.24,-14.24,-4.49,2.31,2.31,2.31,2.31,2.3,2.3,2.3,2.3,2.31,2.31,3.67,3.67,3.67,3.67,3.67,3.67,3.67,3.67,3.67,3.67,79.08,0,1,1,0,0,0,-1,0,None,aggregation
26,166.76,remora0,remora2,1.83,1.83,1.83,1.83,-6.14,-6.14,-6.13,-6.13,-6.13,-6.13,2.61,2.61,2.62,2.62,-5.31,-5.31,-5.31,-5.31,-5.31,-5.31,2.31,2.31,2.31,2.31,2.31,2.31,2.31,2.31,2.32,2.32,3.67,3.67,3.68,3.68,3.68,3.68,3.68,3.68,3.68,3.68,70.81,0,1,1,0,0,0,-1,0,None,aggregation
26,167.76,remora0,remora2,-6.12,-6.12,-5.82,-5.82,-5.81,-5.81,6.44,6.44,-6.09,-6.09,-5.3,-5.3,-5,-5,-4.99,-4.99,7.14,7.14,-5.27,-5.27,2.32,2.33,2.33,2.33,2.34,2.34,2.34,2.34,2.34,2.34,3.68,3.68,3.68,3.68,3.68,3.68,3.68,3.68,3.68,3.68,65.2,0,1,1,0,0,0,-1,0,None,aggregation
26,124.76,remora0,remora3,-25.36,-25.34,-25.34,-8.5,-8.49,-24.74,12.7,12.7,-24.26,-24.26,-26.18,-26.15,-26.15,-9.31,-9.3,-25.55,12.11,12.11,-25.07,-25.07,1.67,1.68,1.68,1.69,1.69,1.7,1.7,1.71,1.72,1.73,3.57,3.58,3.59,3.6,3.6,3.6,3.61,3.62,3.61,3.62,114.81,0,1,1,0,0,0,98.31,1,GradualMotor,aggregation
26,125.76,remora0,remora3,-7.8,-7.79,-6.53,-6.52,-23.42,-23.4,-5.89,-5.89,-5.88,-22.8,-8.61,-8.6,-7.33,-7.33,-24.22,-24.2,-6.7,-6.69,-6.68,-23.6,1.73,1.74,1.75,1.75,1.76,1.76,1.77,1.78,1.79,1.79,3.63,3.64,3.64,3.65,3.65,3.67,3.68,3.69,3.7,3.72,126.8,0,1,1,0,0,0,97.31,1,GradualMotor,aggregation
26,126.76,remora0,remora3,14.55,14.54,-4.51,-4.51,-3.33,-3.32,15.98,15.97,-1.99,-1.99,14.01,14,-5.31,-5.3,-4.12,-4.12,15.48,15.46,-2.78,-2.78,1.8,1.81,1.83,1.84,1.85,1.86,1.87,1.89,1.9,1.92,3.73,3.74,3.74,3.75,3.75,3.76,3.76,3.76,3.76,3.77,135.01,0,1,1,0,0,0,96.31,1,GradualMotor,aggregation
26,127.76,remora0,remora3,-1.98,-0.82,-20.58,-20.55,17.79,17.77,17.76,1.84,28.31,28.28,-2.77,-1.61,-21.36,-21.34,17.34,17.32,17.3,1.08,28.23,28.2,1.93,1.94,1.95,1.96,1.97,1.99,2.01,2.02,2.04,2.06,3.77,3.77,3.77,3.78,3.8,3.8,3.8,3.8,3.81,3.8,150.62,0,1,1,0,0,0,95.31,1,GradualMotor,aggregation
26,128.76,remora0,remora3,-19.72,-19.72,-19.67,4.87,19.85,19.85,19.81,2.86,20.8,20.77,-20.5,-20.5,-20.46,4.17,19.45,19.45,19.41,2.13,20.42,20.4,2.09,2.11,2.12,2.13,2.15,2.18,2.2,2.23,2.25,2.27,3.8,3.8,3.81,3.81,3.82,3.82,3.82,3.82,3.82,3.82,167.36,0,1,1,0,0,0,94.31,1,GradualMotor,aggregation
26,129.76,remora0,remora3,14.03,14.01,21.54,21.51,4.95,4.95,4.94,10.71,-19.01,-18.99,13.5,13.49,21.19,21.16,4.26,4.26,4.25,10.12,-19.77,-19.75,2.3,2.33,2.36,2.39,2.42,2.45,2.47,2.5,2.52,2.54,3.82,3.82,3.82,3.82,3.82,3.82,3.83,3.84,3.84,3.84,165.91,0,1,1,0,0,0,93.31,1,GradualMotor,aggregation
26,130.76,remora0,remora3,-18.97,12.45,6.22,6.22,6.21,13.05,13.69,13.68,13.66,-18.68,-19.73,11.91,5.56,5.56,5.55,12.52,13.17,13.16,13.15,-19.44,2.55,2.57,2.6,2.63,2.65,2.68,2.71,2.75,2.78,2.8,3.85,3.86,3.87,3.88,3.88,3.89,3.89,3.89,3.89,3.9,151.31,0,1,1,0,0,0,92.31,1,GradualMotor,aggregation
26,131.76,remora0,remora3,14.86,14.84,14.83,23.54,7.54,7.54,7.68,7.68,7.67,23.97,14.37,14.36,14.34,23.27,6.92,6.91,7.06,7.06,7.05,23.73,2.81,2.84,2.87,2.91,2.95,2.97,2.98,2.99,2.99,3.01,3.92,3.92,3.92,3.93,3.93,3.93,3.93,3.92,3.92,3.92,148.03,0,1,1,0,0,0,91.31,1,GradualMotor,aggregation
26,132.76,remora0,remora3,7.79,7.79,7.78,7.78,17.41,-18.61,17.33,17.31,17.29,-18.13,7.18,7.17,7.16,7.16,16.99,-19.35,16.91,16.89,16.87,-18.87,3.02,3.03,3.04,3.04,3.03,3.01,2.99,2.98,2.97,2.95,3.92,3.92,3.92,3.92,3.91,3.9,3.9,3.89,3.88,3.88,143.29,0,0,1,0,0,0,90.31,1,GradualMotor,aggregation
26,133.76,remora0,remora3,-18.1,-18.08,23.61,23.59,-17.36,-17.34,-17.01,-16.99,23.44,23.41,-18.85,-18.82,23.37,23.35,-18.1,-18.08,-17.74,-17.72,23.19,23.17,2.92,2.9,2.89,2.9,2.91,2.9,2.87,2.83,2.81,2.8,3.88,3.88,3.89,3.88,3.88,3.88,3.89,3.89,3.9,3.89,143.85,0,1,1,0,0,0,89.31,1,GradualMotor,aggregation
26,134.76,remora0,remora3,-15.91,-15.89,15.48,15.46,-15.51,-15.49,-15.12,-15.1,-15.08,7.85,-16.64,-16.62,15.03,15.01,-16.24,-16.22,-15.85,-15.83,-15.81,7.26,2.8,2.78,2.75,2.75,2.74,2.71,2.69,2.66,2.63,2.61,3.89,3.88,3.88,3.87,3.87,3.86,3.87,3.87,3.87,3.86,139.28,0,1,1,0,0,0,88.31,1,GradualMotor,aggregation
26,135.76,remora0,remora3,13.9,13.89,13.87,-14.24,-13.86,-13.85,22.54,22.54,12.88,12.86,13.43,13.41,13.4,-14.96,-14.58,-14.57,22.29,22.29,12.39,12.38,2.6,2.59,2.59,2.58,2.56,2.53,2.51,2.5,2.5,2.49,3.86,3.86,3.85,3.85,3.86,3.86,3.86,3.86,3.85,3.84,142.7,0,1,1,0,0,0,87.31,1,GradualMotor,aggregation
26,136.76,remora0,remora3,12.85,12.85,-13.22,-12.89,22.12,22.1,7.41,7.4,7.39,12.11,12.36,12.36,-13.93,-13.6,21.87,21.84,6.82,6.82,6.81,11.62,2.49,2.47,2.45,2.43,2.41,2.41,2.41,2.4,2.4,2.39,3.84,3.84,3.84,3.84,3.84,3.84,3.84,3.84,3.84,3.84,147.41,0,1,1,0,0,0,86.31,1,GradualMotor,aggregation
26,137.76,remora0,remora3,12.1,-11.93,-11.91,11.56,11.27,11.26,21.6,21.58,21.55,7.27,11.6,-12.64,-12.62,11.06,10.76,10.75,21.34,21.32,21.29,6.69,2.39,2.37,2.35,2.33,2.33,2.33,2.33,2.33,2.34,2.34,3.83,3.83,3.83,3.82,3.82,3.82,3.82,3.82,3.81,3.81,145.9,0,1,1,0,0,0,85.31,1,GradualMotor,aggregation
26,138.76,remora0,remora3,7.26,7.37,21.55,21.52,7.36,7.35,21.45,21.42,-10.82,-10.81,6.68,6.8,21.29,21.27,6.79,6.78,21.19,21.17,-11.51,-11.5,2.33,2.33,2.32,2.32,2.32,2.32,2.31,2.32,2.32,2.31,3.81,3.8,3.8,3.79,3.78,3.78,3.78,3.78,3.78,3.78,142.76,0,1,1,0,0,0,84.31,1,GradualMotor,aggregation
26,139.76,remora0,remora3,-10.79,10.09,-10.52,-10.51,7.04,7.03,20.79,20.76,-10.2,-10.2,-11.49,9.57,-11.21,-11.2,6.47,6.47,20.53,20.5,-10.89,-10.89,2.29,2.27,2.26,2.24,2.22,2.22,2.22,2.22,2.23,2.22,3.78,3.78,3.78,3.77,3.77,3.78,3.78,3.77,3.77,3.77,141.3,0,1,1,0,0,0,83.31,1,GradualMotor,aggregation
26,140.76,remora0,remora3,-10.18,-9.98,-9.97,-9.92,6.54,6.53,6.52,7.55,-9.48,-9.47,-10.86,-10.66,-10.65,-10.6,5.97,5.96,5.96,7,-10.16,-10.14,2.2,2.18,2.16,2.14,2.13,2.12,2.12,2.12,2.12,2.11,3.77,3.77,3.78,3.78,3.79,3.79,3.78,3.78,3.77,3.77,137.87,0,1,1,0,0,0,82.31,1,GradualMotor,aggregation
26,141.76,remora0,remora3,7.04,7.04,6.84,6.84,6.31,6.3,6.49,6.49,6.48,6.39,6.48,6.48,6.28,6.28,5.74,5.73,5.93,5.93,5.92,5.83,2.09,2.08,2.08,2.08,2.08,2.08,2.08,2.08,2.07,2.07,3.77,3.77,3.77,3.76,3.76,3.75,3.75,3.75,3.75,3.74,131.46,0,1,1,0,0,0,81.31,1,GradualMotor,aggregation
26,142.76,remora0,remora3,-9.02,-9.01,5.73,5.73,6.17,6.16,5.1,5.09,5.09,-8.63,-9.69,-9.67,5.16,5.16,5.61,5.6,4.52,4.52,4.51,-9.29,2.06,2.06,2.05,2.04,2.04,2.03,2.03,2.03,2.03,2.02,3.74,3.74,3.73,3.73,3.73,3.73,3.72,3.72,3.72,3.72,124.34,0,1,1,0,0,0,80.31,1,GradualMotor,aggregation
26,143.76,remora0,remora3,-8.62,-8.61,5.87,5.86,5.74,5.74,-8.32,-8.31,-8.42,-8.41,-9.28,-9.27,5.31,5.3,5.18,5.18,-8.97,-8.96,-9.07,-9.06,2.01,2,1.99,1.98,1.99,1.99,1.99,1.98,1.97,1.96,3.72,3.73,3.73,3.73,3.73,3.72,3.72,3.72,3.71,3.71,111.75,0,1,1,0,0,0,79.31,1,GradualMotor,aggregation
26,144.76,remora0,remora3,-8.4,-8.39,5.51,5.5,-8.36,-8.35,-8.3,-8.29,-8.28,-8.38,-9.05,-9.04,4.95,4.94,-9.01,-9,-8.95,-8.94,-8.93,-9.02,1.96,1.95,1.94,1.94,1.93,1.93,1.92,1.92,1.91,1.9,3.71,3.72,3.72,3.73,3.73,3.73,3.73,3.73,3.73,3.72,104.86,0,1,1,0,0,0,78.31,1,GradualMotor,aggregation
26,145.76,remora0,remora3,17.11,17.08,4.87,4.86,-8.27,-8.26,-8.17,-8.16,16.7,16.68,16.79,16.77,4.31,4.3,-8.91,-8.9,-8.81,-8.8,16.39,16.36,1.89,1.89,1.9,1.9,1.9,1.9,1.89,1.89,1.88,1.89,3.72,3.72,3.71,3.71,3.72,3.72,3.73,3.73,3.73,3.73,100.48,0,1,1,0,0,0,77.31,1,GradualMotor,aggregation
26,146.76,remora0,remora3,16.66,16.63,4.78,4.78,16.8,16.78,-8.06,-8.05,-8.04,-8.04,16.34,16.32,4.23,4.23,16.5,16.48,-8.69,-8.68,-8.66,-8.66,1.89,1.9,1.91,1.91,1.91,1.92,1.93,1.92,1.92,1.91,3.72,3.71,3.71,3.7,3.7,3.69,3.69,3.69,3.7,3.7,98.43,0,1,1,0,0,0,76.31,1,GradualMotor,aggregation
26,147.76,remora0,remora3,-7.98,-7.97,-7.96,4.6,1.3,1.3,0.78,0.78,-8.04,-8.03,-8.6,-8.59,-8.58,4.05,0.7,0.7,0.16,0.16,-8.66,-8.64,1.91,1.9,1.9,1.9,1.9,1.9,1.9,1.89,1.89,1.89,3.71,3.72,3.72,3.72,3.72,3.71,3.71,3.71,3.71,3.72,89.2,0,1,1,0,0,0,75.31,1,GradualMotor,aggregation
26,148.76,remora0,remora3,-8.02,-8.12,15.73,15.71,0.06,0.06,0.06,-8.14,-8.1,-8.09,-8.63,-8.74,15.41,15.39,-0.56,-0.56,-0.56,-8.75,-8.71,-8.7,1.88,1.88,1.88,1.88,1.89,1.89,1.89,1.89,1.89,1.88,3.72,3.73,3.74,3.73,3.73,3.73,3.73,3.73,3.74,3.75,82.99,0,1,1,0,0,0,74.31,1,GradualMotor,aggregation
26,149.76,remora0,remora3,-8.09,3.64,-0.14,-0.14,-7.99,-7.98,-7.98,-0.26,-0.64,-0.64,-8.7,3.09,-0.75,-0.75,-8.6,-8.59,-8.59,-0.87,-1.25,-1.24,1.88,1.87,1.88,1.88,1.88,1.87,1.87,1.87,1.87,1.87,3.76,3.76,3.76,3.76,3.76,3.76,3.77,3.77,3.77,3.78,75.13,0,1,1,0,0,0,73.31,1,GradualMotor,aggregation
26,150.76,remora0,remora3,3.33,3.32,3.32,-8.08,-8.24,-8.23,-8.16,-8.15,-8.06,-8.05,2.78,2.78,2.77,-8.68,-8.84,-8.83,-8.76,-8.75,-8.65,-8.64,1.87,1.87,1.87,1.87,1.87,1.87,1.86,1.86,1.85,1.85,3.78,3.78,3.78,3.78,3.79,3.8,3.81,3.81,3.82,3.82,73.25,0,1,1,0,0,0,72.31,1,GradualMotor,aggregation
26,151.76,remora0,remora3,-1.21,-1.21,-1.2,-8.24,-8.22,-8.16,-8.14,2.87,13.81,13.81,-1.8,-1.8,-1.8,-8.83,-8.81,-8.74,-8.73,2.32,13.49,13.49,1.85,1.85,1.85,1.85,1.84,1.83,1.83,1.83,1.83,1.84,3.82,3.83,3.84,3.84,3.85,3.86,3.86,3.87,3.87,3.86,73.74,0,1,1,0,0,0,71.31,1,GradualMotor,aggregation
26,152.76,remora0,remora3,13.77,13.76,-7.75,-7.74,-0.49,-0.49,-0.24,-0.24,14.2,14.18,13.45,13.43,-8.33,-8.32,-1.07,-1.07,-0.82,-0.82,13.89,13.87,1.84,1.84,1.85,1.85,1.84,1.84,1.84,1.84,1.84,1.85,3.86,3.86,3.85,3.86,3.86,3.87,3.88,3.89,3.9,3.9,74.67,0,1,1,0,0,0,70.31,1,GradualMotor,aggregation
26,153.76,remora0,remora3,3.53,3.53,3.52,0.32,-7.42,-7.41,-7.39,-7.2,-7.19,3.91,3.01,3.01,3,-0.25,-7.99,-7.98,-7.97,-7.77,-7.76,3.4,1.85,1.85,1.85,1.85,1.85,1.85,1.84,1.84,1.84,1.84,3.89,3.89,3.89,3.89,3.9,3.9,3.92,3.92,3.92,3.93,72.35,0,1,1,0,0,0,69.3,1,GradualMotor,aggregation
26,154.76,remora0,remora3,3.83,3.82,0.65,0.65,0.65,0.63,1.42,1.41,1.41,14.72,3.32,3.32,0.09,0.09,0.09,0.07,0.87,0.87,0.87,14.44,1.84,1.84,1.84,1.84,1.84,1.83,1.83,1.83,1.83,1.83,3.93,3.93,3.93,3.94,3.94,3.95,3.96,3.96,3.96,3.96,67.03,0,1,1,0,0,0,68.3,1,GradualMotor,aggregation
26,155.76,remora0,remora3,14.7,14.88,1.92,1.92,1.91,1.9,1.9,2.24,2.54,2.54,14.42,14.61,1.39,1.39,1.38,1.38,1.38,1.72,2.03,2.02,1.84,1.85,1.86,1.86,1.86,1.86,1.86,1.86,1.86,1.86,3.96,3.96,3.96,3.97,3.98,3.98,3.98,3.98,3.98,3.98,60.41,0,1,1,0,0,0,67.3,1,GradualMotor,aggregation
26,156.76,remora0,remora3,2.53,2.53,5.69,5.68,-5.78,-5.78,-5.77,-5.78,-5.77,2.88,2.02,2.02,5.23,5.22,-6.33,-6.32,-6.31,-6.33,-6.32,2.38,1.86,1.87,1.88,1.88,1.88,1.88,1.87,1.87,1.87,1.87,3.98,3.98,3.98,3.98,3.98,3.98,3.98,3.99,4,4.01,54.37,0,1,1,0,0,0,66.3,1,GradualMotor,aggregation
26,157.76,remora0,remora3,2.87,15.37,15.69,15.67,15.65,3.9,-5.26,-5.26,-5.12,-5.11,2.38,15.13,15.46,15.44,15.42,3.43,-5.8,-5.8,-5.66,-5.65,1.86,1.87,1.87,1.88,1.89,1.9,1.91,1.9,1.9,1.89,4.02,4.03,4.03,4.03,4.02,4.02,4.02,4.03,4.04,4.05,58.5,0,1,1,0,0,0,65.3,1,GradualMotor,aggregation
26,158.76,remora0,remora3,-5.1,4.15,15.79,15.76,15.74,6.98,-4.74,-4.73,-4.55,-4.55,-5.64,3.68,15.57,15.55,15.52,6.57,-5.27,-5.26,-5.08,-5.07,1.89,1.89,1.89,1.9,1.91,1.91,1.91,1.91,1.91,1.91,4.06,4.06,4.06,4.06,4.06,4.06,4.07,4.08,4.09,4.09,59.37,0,1,1,0,0,0,64.3,1,GradualMotor,aggregation
26,159.76,remora0,remora3,-4.54,-4.46,4.98,4.98,4.97,16.07,16.04,7.85,5.75,5.75,-5.07,-4.99,4.54,4.54,4.53,15.88,15.85,7.46,5.32,5.32,1.9,1.9,1.89,1.89,1.9,1.9,1.91,1.92,1.93,1.93,4.1,4.1,4.1,4.11,4.11,4.11,4.11,4.11,4.12,4.11,62.82,0,1,1,0,0,0,63.3,1,GradualMotor,aggregation
26,160.76,remora0,remora3,5.73,-3.83,-3.88,-3.87,-3.74,-3.74,8.54,8.53,-3.4,-3.39,5.31,-4.35,-4.39,-4.39,-4.25,-4.25,8.18,8.16,-3.91,-3.9,1.94,1.94,1.93,1.93,1.92,1.92,1.91,1.92,1.92,1.92,4.11,4.11,4.11,4.12,4.12,4.12,4.12,4.13,4.14,4.14,60.99,0,1,1,0,0,0,62.3,1,GradualMotor,aggregation
26,161.76,remora0,remora3,6.99,6.98,6.96,7.08,-3.2,-3.19,16.55,16.52,16.49,16.58,6.6,6.59,6.58,6.69,-3.71,-3.7,16.4,16.37,16.34,16.43,1.92,1.92,1.93,1.93,1.94,1.94,1.93,1.94,1.96,1.97,4.15,4.14,4.14,4.14,4.14,4.14,4.15,4.15,4.15,4.15,64.15,0,1,1,0,0,0,61.3,1,GradualMotor,aggregation
26,162.76,remora0,remora3,-2.78,-2.78,-2.85,-2.84,-2.73,-2.73,-2.72,-2.64,16.64,16.62,-3.28,-3.28,-3.35,-3.34,-3.23,-3.22,-3.22,-3.13,16.51,16.48,1.98,1.98,1.98,1.98,1.98,1.97,1.97,1.97,1.96,1.97,4.15,4.15,4.16,4.17,4.18,4.18,4.18,4.18,4.18,4.18,62.47,0,1,1,0,0,0,60.3,1,GradualMotor,aggregation
26,163.76,remora0,remora3,16.59,9.73,9.71,8.38,8.53,8.51,8.5,-2.23,8.73,8.72,16.46,9.41,9.4,8.03,8.19,8.17,8.16,-2.72,8.4,8.39,1.99,2,2.01,2.01,2.02,2.03,2.04,2.04,2.04,2.04,4.17,4.17,4.17,4.17,4.16,4.17,4.17,4.18,4.19,4.19,66.17,0,1,1,0,0,0,59.3,1,GradualMotor,aggregation
26,164.76,remora0,remora3,16.71,16.69,8.99,8.98,-1.9,-1.9,-1.9,-1.9,-1.74,-1.73,16.6,16.58,8.67,8.66,-2.39,-2.39,-2.38,-2.38,-2.22,-2.21,2.05,2.06,2.08,2.09,2.1,2.1,2.1,2.09,2.09,2.09,4.2,4.2,4.19,4.2,4.2,4.21,4.22,4.23,4.23,4.24,69.85,0,1,1,0,0,0,58.3,1,GradualMotor,aggregation
26,165.76,remora0,remora3,16.69,16.67,16.64,16.64,-1.54,-1.54,-1.54,-1.54,-1.54,9.91,16.6,16.57,16.54,16.55,-2.02,-2.02,-2.01,-2.01,-2.01,9.62,2.09,2.1,2.11,2.13,2.14,2.14,2.14,2.14,2.14,2.14,4.24,4.24,4.24,4.24,4.24,4.25,4.26,4.26,4.27,4.27,73.96,0,1,1,0,0,0,57.3,1,GradualMotor,aggregation
26,166.76,remora0,remora3,-1.33,-1.33,-1.3,-1.3,-1.21,-1.21,10.3,10.28,10.43,10.42,-1.8,-1.8,-1.77,-1.76,-1.67,-1.67,10.03,10.01,10.16,10.15,2.15,2.15,2.15,2.15,2.15,2.15,2.15,2.16,2.17,2.18,4.27,4.27,4.28,4.28,4.29,4.29,4.3,4.31,4.31,4.31,74.12,0,1,1,0,0,0,56.3,1,GradualMotor,aggregation
26,167.76,remora0,remora3,-1,-1,10.62,10.62,11.21,11.19,10.64,10.62,10.6,10.6,-1.47,-1.46,10.36,10.36,10.96,10.94,10.38,10.36,10.34,10.34,2.19,2.19,2.19,2.2,2.2,2.22,2.23,2.24,2.25,2.25,4.31,4.31,4.32,4.32,4.33,4.33,4.34,4.34,4.34,4.34,73.87,0,1,1,0,0,0,55.3,1,GradualMotor,aggregation
26,168.76,remora0,remora3,-0.73,-0.73,10.8,10.78,-0.42,-0.41,10.91,10.89,10.91,10.89,-1.18,-1.18,10.55,10.53,-0.87,-0.86,10.67,10.65,10.67,10.65,2.25,2.25,2.25,2.26,2.27,2.27,2.27,2.28,2.29,2.3,4.35,4.35,4.36,4.37,4.61,4.62,4.62,4.63,4.63,4.63,72.36,0,1,1,0,0,0,54.3,1,GradualMotor,aggregation
26,169.76,remora0,remora3,-0.39,-0.39,-0.39,-0.48,-0.43,-0.43,11.01,11.01,10.97,11.06,-0.83,-0.83,-0.83,-0.92,-0.87,-0.87,10.77,10.77,10.73,10.83,2.32,2.32,2.32,2.32,2.32,2.32,2.32,2.33,2.34,2.35,4.64,4.64,4.65,4.66,4.67,4.68,4.69,4.7,4.7,4.71,69.66,0,1,1,0,0,0,53.3,1,GradualMotor,aggregation
26,170.76,remora0,remora3,-0.22,-0.22,-0.26,-0.26,-0.22,-0.22,-0.25,-0.25,11.33,11.31,-0.65,-0.65,-0.69,-0.69,-0.66,-0.66,-0.68,-0.68,11.12,11.1,2.36,2.36,2.36,2.36,2.36,2.36,2.36,2.37,2.37,2.37,4.71,4.72,4.73,4.74,4.74,4.75,4.75,4.77,4.78,4.79,67.28,0,1,1,0,0,0,52.3,1,GradualMotor,aggregation
26,171.76,remora0,remora3,11.4,11.38,-0.05,-0.05,-0.11,-0.11,-0.11,-0.1,0.06,0.06,11.19,11.17,-0.48,-0.48,-0.53,-0.53,-0.53,-0.53,-0.36,-0.36,2.39,2.4,2.41,2.41,2.41,2.41,2.41,2.41,2.41,2.41,4.8,4.81,4.81,4.82,4.82,4.83,4.85,4.86,4.87,4.88,59.75,0,1,1,0,0,0,51.3,1,GradualMotor,aggregation
26,172.76,remora0,remora3,0.04,0.04,0.04,0.04,11.51,11.49,11.57,11.55,11.62,11.59,-0.38,-0.38,-0.38,-0.38,11.32,11.29,11.38,11.36,11.43,11.41,2.41,2.42,2.42,2.42,2.42,2.43,2.44,2.45,2.46,2.47,4.88,4.89,4.89,4.9,4.91,4.92,4.93,4.94,4.95,4.96,60.97,0,1,1,0,0,0,50.3,1,GradualMotor,aggregation
26,173.76,remora0,remora3,0.12,0.12,11.45,11.43,0.17,0.17,0.13,0.12,0.1,0.1,-0.29,-0.29,11.27,11.24,-0.24,-0.24,-0.28,-0.28,-0.31,-0.31,2.49,2.49,2.49,2.5,2.51,2.51,2.52,2.52,2.52,2.52,4.97,4.97,4.98,4.99,4.99,4.99,4.98,4.98,4.97,4.97,54.45,0,1,1,0,0,0,49.3,1,GradualMotor,aggregation
26,174.76,remora0,remora3,11.52,11.49,0.34,0.34,0.25,0.25,0.24,0.24,0.29,0.29,11.34,11.32,-0.06,-0.06,-0.15,-0.15,-0.16,-0.16,-0.11,-0.11,2.52,2.53,2.54,2.54,2.54,2.55,2.55,2.55,2.55,2.55,4.97,4.96,4.95,4.95,4.95,4.95,4.97,4.98,4.98,4.98,50.45,0,1,1,0,0,0,48.3,1,GradualMotor,aggregation
26,175.76,remora0,remora3,11.8,11.78,11.63,11.61,0.32,0.32,0.26,0.26,11.49,11.47,11.64,11.62,11.47,11.45,-0.07,-0.07,-0.13,-0.13,11.33,11.31,2.55,2.56,2.57,2.59,2.57,2.58,2.59,2.61,2.61,2.61,4.97,4.96,4.95,4.94,4.93,4.93,4.93,4.93,4.93,4.93,48.91,0,1,1,0,0,0,47.3,1,GradualMotor,aggregation
26,176.76,remora0,remora3,11.44,0.45,0.45,11.44,11.46,11.44,0.45,0.45,0.47,0.47,11.29,0.07,0.07,11.29,11.31,11.29,0.07,0.07,0.09,0.09,2.6,2.58,2.57,2.55,2.54,2.54,2.54,2.56,2.58,2.57,4.92,4.91,4.9,4.89,4.89,4.89,4.89,4.89,4.89,4.88,48.63,0,1,1,0,0,0,46.3,1,GradualMotor,aggregation
26,177.76,remora0,remora3,11.29,11.27,11.25,0.61,0.61,11.08,11.05,0.68,0.61,0.61,11.14,11.12,11.1,0.24,0.24,10.92,10.9,0.32,0.25,0.25,2.56,2.54,2.52,2.51,2.5,2.51,2.51,2.5,2.49,2.48,4.88,4.87,4.86,4.86,4.85,4.85,4.85,4.85,4.84,4.83,45.65,0,1,1,0,0,0,45.3,1,GradualMotor,aggregation
26,178.76,remora0,remora3,0.59,0.59,10.94,10.92,0.8,0.8,10.94,10.94,0.85,0.85,0.22,0.22,10.79,10.77,0.44,0.44,10.79,10.79,0.5,0.5,2.47,2.47,2.48,2.49,2.49,2.48,2.47,2.46,2.44,2.44,4.83,4.83,4.83,4.83,4.83,4.83,4.82,4.82,4.81,4.81,43.57,0,1,0,0,0,0,44.3,1,GradualMotor,aggregation
26,179.76,remora0,remora3,0.79,0.79,10.88,10.85,10.83,1.01,1.01,10.72,1.05,1.05,0.44,0.43,10.73,10.71,10.69,0.67,0.67,10.58,0.71,0.7,2.46,2.47,2.49,2.47,2.45,2.44,2.43,2.42,2.4,2.4,4.81,4.82,4.82,4.82,4.81,4.81,4.8,4.8,4.79,5.77,43.6,0,1,0,0,0,0,43.3,1,GradualMotor,aggregation
26,180.76,remora0,remora3,1.04,10.34,1.19,1.18,1.18,1.12,-9.7,-9.7,-9.65,-9.65,0.7,10.2,0.85,0.85,0.85,0.79,-10.05,-10.05,-10,-10,2.41,2.4,2.38,2.37,2.36,2.36,2.38,2.41,2.43,2.43,5.78,5.77,5.76,5.75,5.74,5.74,5.75,5.76,5.77,5.77,46.45,0,1,1,0,0,0,42.3,1,GradualMotor,aggregation
26,181.76,remora0,remora3,1.33,1.32,1.31,1.3,1.3,10.36,1.36,1.36,1.42,1.41,1,1,0.98,0.98,0.98,10.23,1.04,1.04,1.1,1.09,2.42,2.41,2.4,2.39,2.38,2.38,2.39,2.4,2.41,2.4,5.77,5.76,5.76,5.75,5.75,5.75,5.75,5.75,5.76,5.76,46.07,0,1,1,0,0,0,41.3,1,GradualMotor,aggregation
26,182.76,remora0,remora3,1.41,1.41,1.49,1.49,10.21,10.18,10.16,1.54,10.01,9.99,1.09,1.09,1.18,1.18,10.08,10.05,10.03,1.23,9.88,9.86,2.39,2.38,2.36,2.35,2.34,2.35,2.35,2.35,2.34,2.32,5.75,5.74,5.73,5.73,4.78,5.73,5.73,5.73,5.72,5.71,44.81,0,1,0,0,0,0,40.3,1,GradualMotor,aggregation
26,183.76,remora0,remora3,1.68,1.67,-5.73,-5.71,1.66,1.65,1.67,1.66,9.95,9.93,1.38,1.37,-6.05,-6.04,1.36,1.35,1.37,1.37,9.83,9.81,2.3,2.31,2.33,2.35,2.37,2.36,2.35,2.34,2.33,2.31,5.7,5.71,5.72,5.73,5.74,5.74,5.74,5.73,5.73,5.72,46.54,0,1,1,0,0,0,39.3,1,GradualMotor,aggregation
26,184.76,remora0,remora3,9.79,9.77,9.74,1.67,9.62,9.59,9.59,1.78,1.82,1.81,9.67,9.64,9.62,1.37,9.49,9.47,9.47,1.49,1.53,1.53,2.29,2.28,2.26,2.27,2.28,2.3,2.32,2.32,2.31,2.3,5.71,5.7,5.69,5.7,5.71,5.72,5.73,5.73,5.73,5.72,50.62,0,1,1,0,0,0,38.3,1,GradualMotor,aggregation
26,185.76,remora0,remora3,9.45,9.42,1.88,1.88,-7.94,-7.92,-7.9,-7.9,9.07,9.04,9.33,9.3,1.6,1.6,-8.25,-8.23,-8.21,-8.21,8.94,8.92,2.29,2.27,2.25,2.24,2.23,2.22,2.22,2.24,2.26,2.28,5.72,5.71,5.71,5.7,5.7,5.7,5.7,5.72,5.73,5.74,50.9,0,1,1,0,0,0,37.3,1,GradualMotor,aggregation
26,186.76,remora0,remora3,9.1,9.1,9.05,9.05,1.92,1.91,8.9,8.9,2.01,2,8.98,8.98,8.93,8.93,1.65,1.64,8.78,8.78,1.74,1.74,2.29,2.28,2.26,2.25,2.24,2.23,2.22,2.2,2.18,2.19,5.75,5.74,5.74,5.73,5.73,5.73,5.73,5.72,5.71,5.72,52.29,0,1,1,0,0,0,36.3,1,GradualMotor,aggregation
26,187.76,remora0,remora3,1.98,1.98,2.04,2.03,2.01,2.01,8.58,8.56,8.38,8.36,1.72,1.71,1.78,1.77,1.75,1.75,8.46,8.44,8.26,8.23,2.21,2.22,2.24,2.23,2.22,2.2,2.19,2.18,2.16,2.17,5.73,5.74,5.75,5.75,5.75,5.75,5.74,5.74,5.73,5.74,51,0,1,1,0,0,0,35.3,1,GradualMotor,aggregation
26,188.76,remora0,remora3,-4.19,-4.18,2.02,2.02,2.01,2.01,2.01,2.01,-4.05,-4.04,-4.48,-4.47,1.77,1.76,1.76,1.76,1.76,1.76,-4.34,-4.32,2.18,2.2,2.22,2.21,2.2,2.19,2.18,2.17,2.16,2.15,5.75,5.76,5.77,5.78,5.77,5.77,5.77,5.77,5.77,5.77,49.16,0,1,1,0,0,0,34.3,1,GradualMotor,aggregation
26,189.76,remora0,remora3,-4.03,1.93,1.92,1.94,1.94,1.94,1.94,1.94,1.88,1.88,-4.31,1.68,1.67,1.69,1.7,1.69,1.69,1.7,1.64,1.64,2.15,2.16,2.18,2.2,2.21,2.21,2.2,2.19,2.17,2.16,5.77,5.78,5.79,5.81,5.82,5.82,5.82,5.82,5.82,5.82,46.43,0,1,1,0,0,0,33.3,1,GradualMotor,aggregation
26,190.76,remora0,remora3,1.89,1.88,1.8,1.8,1.8,1.8,1.79,-3.74,-3.73,1.77,1.65,1.64,1.56,1.56,1.56,1.56,1.55,-4.01,-4,1.54,2.15,2.14,2.13,2.14,2.16,2.17,2.19,2.19,2.18,2.17,5.81,5.81,5.81,5.82,5.83,5.85,5.86,5.86,5.86,5.87,43.11,0,1,0,0,0,0,32.3,1,GradualMotor,aggregation
26,191.76,remora0,remora3,1.77,1.77,7.87,7.72,1.79,1.79,1.78,1.82,1.81,-3.54,1.53,1.53,7.77,7.61,1.56,1.56,1.55,1.59,1.58,-3.8,2.16,2.14,2.14,2.15,2.17,2.16,2.15,2.14,2.13,2.12,5.86,5.86,5.86,5.87,5.88,5.88,5.88,5.88,5.88,5.88,44.1,0,1,0,0,0,0,31.3,1,GradualMotor,aggregation
26,192.76,remora0,remora3,1.78,1.78,1.77,1.78,-3.45,-3.44,-3.43,-3.43,1.66,1.66,1.56,1.55,1.55,1.55,-3.7,-3.69,-3.68,-3.68,1.44,1.44,2.11,2.12,2.14,2.13,2.12,2.11,2.1,2.11,2.13,2.15,5.89,5.9,5.91,5.91,5.91,5.91,5.91,5.92,5.94,5.96,40.82,0,1,0,0,0,0,30.3,1,GradualMotor,aggregation
26,193.76,remora0,remora3,1.7,1.69,1.69,1.69,-3.41,-3.4,1.7,1.7,-5.4,-5.38,1.48,1.47,1.47,1.47,-3.66,-3.64,1.48,1.48,-5.64,-5.62,2.18,2.17,2.16,2.15,2.14,2.13,2.12,2.11,2.1,2.12,5.97,5.97,5.97,5.97,5.97,5.98,5.98,5.98,5.98,5.99,39.52,0,1,0,0,0,0,29.3,1,GradualMotor,aggregation
26,194.76,remora0,remora3,-5.36,-5.35,1.55,1.54,1.56,1.55,1.55,-3.3,1.51,1.51,-5.6,-5.58,1.34,1.33,1.35,1.34,1.34,-3.53,1.31,1.3,2.14,2.16,2.18,2.18,2.17,2.16,2.15,2.14,2.13,2.14,6.01,6.03,6.04,6.05,6.05,6.05,6.05,6.05,6.05,6.06,35.54,0,1,0,0,0,0,28.3,1,GradualMotor,aggregation
26,195.76,remora0,remora3,6.65,6.65,6.63,6.61,6.48,6.45,6.43,1.57,1.57,1.56,6.55,6.55,6.53,6.51,6.38,6.35,6.33,1.37,1.37,1.36,2.15,2.17,10,10,10,10,10,10,10,10,2.15,2.17,10,10,10,10,10,10,10,10,33.28,0,0,0,0,0,0,27.3,1,GradualMotor,aggregation
26,196.76,remora0,remora3,1.56,1.55,6.01,5.99,6,5.98,5.96,-2.86,1.62,1.61,1.36,1.36,5.9,5.88,5.9,5.88,5.85,-3.08,1.43,1.42,10,10,10,10,10,10,10,10,10,10,10,10,10,10,10,10,10,10,10,10,31.04,0,0,0,0,0,0,26.3,1,GradualMotor,aggregation
